phase,layer_id,rank,expert_id,selection_count,total_selections,probability,cumulative_probability
prefill,0,1,4,1,18,0.0555555555555556,0.0555555555555556
prefill,0,2,17,1,18,0.0555555555555556,0.111111111111111
prefill,0,3,23,1,18,0.0555555555555556,0.166666666666667
prefill,0,4,57,1,18,0.0555555555555556,0.222222222222222
prefill,0,5,109,1,18,0.0555555555555556,0.277777777777778
prefill,0,6,115,1,18,0.0555555555555556,0.333333333333333
prefill,0,7,122,1,18,0.0555555555555556,0.388888888888889
prefill,0,8,182,1,18,0.0555555555555556,0.444444444444445
prefill,0,9,185,1,18,0.0555555555555556,0.5
prefill,0,10,187,1,18,0.0555555555555556,0.555555555555556
prefill,0,11,191,1,18,0.0555555555555556,0.611111111111111
prefill,0,12,202,1,18,0.0555555555555556,0.666666666666667
prefill,0,13,213,1,18,0.0555555555555556,0.722222222222222
prefill,0,14,223,1,18,0.0555555555555556,0.777777777777778
prefill,0,15,225,1,18,0.0555555555555556,0.833333333333334
prefill,0,16,239,1,18,0.0555555555555556,0.888888888888889
prefill,0,17,244,1,18,0.0555555555555556,0.944444444444445
prefill,0,18,245,1,18,0.0555555555555556,1
prefill,0,19,0,0,18,0,1
prefill,0,20,1,0,18,0,1
prefill,0,21,2,0,18,0,1
prefill,0,22,3,0,18,0,1
prefill,0,23,5,0,18,0,1
prefill,0,24,6,0,18,0,1
prefill,0,25,7,0,18,0,1
prefill,0,26,8,0,18,0,1
prefill,0,27,9,0,18,0,1
prefill,0,28,10,0,18,0,1
prefill,0,29,11,0,18,0,1
prefill,0,30,12,0,18,0,1
prefill,0,31,13,0,18,0,1
prefill,0,32,14,0,18,0,1
prefill,0,33,15,0,18,0,1
prefill,0,34,16,0,18,0,1
prefill,0,35,18,0,18,0,1
prefill,0,36,19,0,18,0,1
prefill,0,37,20,0,18,0,1
prefill,0,38,21,0,18,0,1
prefill,0,39,22,0,18,0,1
prefill,0,40,24,0,18,0,1
prefill,0,41,25,0,18,0,1
prefill,0,42,26,0,18,0,1
prefill,0,43,27,0,18,0,1
prefill,0,44,28,0,18,0,1
prefill,0,45,29,0,18,0,1
prefill,0,46,30,0,18,0,1
prefill,0,47,31,0,18,0,1
prefill,0,48,32,0,18,0,1
prefill,0,49,33,0,18,0,1
prefill,0,50,34,0,18,0,1
prefill,0,51,35,0,18,0,1
prefill,0,52,36,0,18,0,1
prefill,0,53,37,0,18,0,1
prefill,0,54,38,0,18,0,1
prefill,0,55,39,0,18,0,1
prefill,0,56,40,0,18,0,1
prefill,0,57,41,0,18,0,1
prefill,0,58,42,0,18,0,1
prefill,0,59,43,0,18,0,1
prefill,0,60,44,0,18,0,1
prefill,0,61,45,0,18,0,1
prefill,0,62,46,0,18,0,1
prefill,0,63,47,0,18,0,1
prefill,0,64,48,0,18,0,1
prefill,0,65,49,0,18,0,1
prefill,0,66,50,0,18,0,1
prefill,0,67,51,0,18,0,1
prefill,0,68,52,0,18,0,1
prefill,0,69,53,0,18,0,1
prefill,0,70,54,0,18,0,1
prefill,0,71,55,0,18,0,1
prefill,0,72,56,0,18,0,1
prefill,0,73,58,0,18,0,1
prefill,0,74,59,0,18,0,1
prefill,0,75,60,0,18,0,1
prefill,0,76,61,0,18,0,1
prefill,0,77,62,0,18,0,1
prefill,0,78,63,0,18,0,1
prefill,0,79,64,0,18,0,1
prefill,0,80,65,0,18,0,1
prefill,0,81,66,0,18,0,1
prefill,0,82,67,0,18,0,1
prefill,0,83,68,0,18,0,1
prefill,0,84,69,0,18,0,1
prefill,0,85,70,0,18,0,1
prefill,0,86,71,0,18,0,1
prefill,0,87,72,0,18,0,1
prefill,0,88,73,0,18,0,1
prefill,0,89,74,0,18,0,1
prefill,0,90,75,0,18,0,1
prefill,0,91,76,0,18,0,1
prefill,0,92,77,0,18,0,1
prefill,0,93,78,0,18,0,1
prefill,0,94,79,0,18,0,1
prefill,0,95,80,0,18,0,1
prefill,0,96,81,0,18,0,1
prefill,0,97,82,0,18,0,1
prefill,0,98,83,0,18,0,1
prefill,0,99,84,0,18,0,1
prefill,0,100,85,0,18,0,1
prefill,0,101,86,0,18,0,1
prefill,0,102,87,0,18,0,1
prefill,0,103,88,0,18,0,1
prefill,0,104,89,0,18,0,1
prefill,0,105,90,0,18,0,1
prefill,0,106,91,0,18,0,1
prefill,0,107,92,0,18,0,1
prefill,0,108,93,0,18,0,1
prefill,0,109,94,0,18,0,1
prefill,0,110,95,0,18,0,1
prefill,0,111,96,0,18,0,1
prefill,0,112,97,0,18,0,1
prefill,0,113,98,0,18,0,1
prefill,0,114,99,0,18,0,1
prefill,0,115,100,0,18,0,1
prefill,0,116,101,0,18,0,1
prefill,0,117,102,0,18,0,1
prefill,0,118,103,0,18,0,1
prefill,0,119,104,0,18,0,1
prefill,0,120,105,0,18,0,1
prefill,0,121,106,0,18,0,1
prefill,0,122,107,0,18,0,1
prefill,0,123,108,0,18,0,1
prefill,0,124,110,0,18,0,1
prefill,0,125,111,0,18,0,1
prefill,0,126,112,0,18,0,1
prefill,0,127,113,0,18,0,1
prefill,0,128,114,0,18,0,1
prefill,0,129,116,0,18,0,1
prefill,0,130,117,0,18,0,1
prefill,0,131,118,0,18,0,1
prefill,0,132,119,0,18,0,1
prefill,0,133,120,0,18,0,1
prefill,0,134,121,0,18,0,1
prefill,0,135,123,0,18,0,1
prefill,0,136,124,0,18,0,1
prefill,0,137,125,0,18,0,1
prefill,0,138,126,0,18,0,1
prefill,0,139,127,0,18,0,1
prefill,0,140,128,0,18,0,1
prefill,0,141,129,0,18,0,1
prefill,0,142,130,0,18,0,1
prefill,0,143,131,0,18,0,1
prefill,0,144,132,0,18,0,1
prefill,0,145,133,0,18,0,1
prefill,0,146,134,0,18,0,1
prefill,0,147,135,0,18,0,1
prefill,0,148,136,0,18,0,1
prefill,0,149,137,0,18,0,1
prefill,0,150,138,0,18,0,1
prefill,0,151,139,0,18,0,1
prefill,0,152,140,0,18,0,1
prefill,0,153,141,0,18,0,1
prefill,0,154,142,0,18,0,1
prefill,0,155,143,0,18,0,1
prefill,0,156,144,0,18,0,1
prefill,0,157,145,0,18,0,1
prefill,0,158,146,0,18,0,1
prefill,0,159,147,0,18,0,1
prefill,0,160,148,0,18,0,1
prefill,0,161,149,0,18,0,1
prefill,0,162,150,0,18,0,1
prefill,0,163,151,0,18,0,1
prefill,0,164,152,0,18,0,1
prefill,0,165,153,0,18,0,1
prefill,0,166,154,0,18,0,1
prefill,0,167,155,0,18,0,1
prefill,0,168,156,0,18,0,1
prefill,0,169,157,0,18,0,1
prefill,0,170,158,0,18,0,1
prefill,0,171,159,0,18,0,1
prefill,0,172,160,0,18,0,1
prefill,0,173,161,0,18,0,1
prefill,0,174,162,0,18,0,1
prefill,0,175,163,0,18,0,1
prefill,0,176,164,0,18,0,1
prefill,0,177,165,0,18,0,1
prefill,0,178,166,0,18,0,1
prefill,0,179,167,0,18,0,1
prefill,0,180,168,0,18,0,1
prefill,0,181,169,0,18,0,1
prefill,0,182,170,0,18,0,1
prefill,0,183,171,0,18,0,1
prefill,0,184,172,0,18,0,1
prefill,0,185,173,0,18,0,1
prefill,0,186,174,0,18,0,1
prefill,0,187,175,0,18,0,1
prefill,0,188,176,0,18,0,1
prefill,0,189,177,0,18,0,1
prefill,0,190,178,0,18,0,1
prefill,0,191,179,0,18,0,1
prefill,0,192,180,0,18,0,1
prefill,0,193,181,0,18,0,1
prefill,0,194,183,0,18,0,1
prefill,0,195,184,0,18,0,1
prefill,0,196,186,0,18,0,1
prefill,0,197,188,0,18,0,1
prefill,0,198,189,0,18,0,1
prefill,0,199,190,0,18,0,1
prefill,0,200,192,0,18,0,1
prefill,0,201,193,0,18,0,1
prefill,0,202,194,0,18,0,1
prefill,0,203,195,0,18,0,1
prefill,0,204,196,0,18,0,1
prefill,0,205,197,0,18,0,1
prefill,0,206,198,0,18,0,1
prefill,0,207,199,0,18,0,1
prefill,0,208,200,0,18,0,1
prefill,0,209,201,0,18,0,1
prefill,0,210,203,0,18,0,1
prefill,0,211,204,0,18,0,1
prefill,0,212,205,0,18,0,1
prefill,0,213,206,0,18,0,1
prefill,0,214,207,0,18,0,1
prefill,0,215,208,0,18,0,1
prefill,0,216,209,0,18,0,1
prefill,0,217,210,0,18,0,1
prefill,0,218,211,0,18,0,1
prefill,0,219,212,0,18,0,1
prefill,0,220,214,0,18,0,1
prefill,0,221,215,0,18,0,1
prefill,0,222,216,0,18,0,1
prefill,0,223,217,0,18,0,1
prefill,0,224,218,0,18,0,1
prefill,0,225,219,0,18,0,1
prefill,0,226,220,0,18,0,1
prefill,0,227,221,0,18,0,1
prefill,0,228,222,0,18,0,1
prefill,0,229,224,0,18,0,1
prefill,0,230,226,0,18,0,1
prefill,0,231,227,0,18,0,1
prefill,0,232,228,0,18,0,1
prefill,0,233,229,0,18,0,1
prefill,0,234,230,0,18,0,1
prefill,0,235,231,0,18,0,1
prefill,0,236,232,0,18,0,1
prefill,0,237,233,0,18,0,1
prefill,0,238,234,0,18,0,1
prefill,0,239,235,0,18,0,1
prefill,0,240,236,0,18,0,1
prefill,0,241,237,0,18,0,1
prefill,0,242,238,0,18,0,1
prefill,0,243,240,0,18,0,1
prefill,0,244,241,0,18,0,1
prefill,0,245,242,0,18,0,1
prefill,0,246,243,0,18,0,1
prefill,0,247,246,0,18,0,1
prefill,0,248,247,0,18,0,1
prefill,0,249,248,0,18,0,1
prefill,0,250,249,0,18,0,1
prefill,0,251,250,0,18,0,1
prefill,0,252,251,0,18,0,1
prefill,0,253,252,0,18,0,1
prefill,0,254,253,0,18,0,1
prefill,0,255,254,0,18,0,1
prefill,0,256,255,0,18,0,1
prefill,1,1,21,1,18,0.0555555555555556,0.0555555555555556
prefill,1,2,22,1,18,0.0555555555555556,0.111111111111111
prefill,1,3,53,1,18,0.0555555555555556,0.166666666666667
prefill,1,4,63,1,18,0.0555555555555556,0.222222222222222
prefill,1,5,78,1,18,0.0555555555555556,0.277777777777778
prefill,1,6,95,1,18,0.0555555555555556,0.333333333333333
prefill,1,7,112,1,18,0.0555555555555556,0.388888888888889
prefill,1,8,126,1,18,0.0555555555555556,0.444444444444445
prefill,1,9,130,1,18,0.0555555555555556,0.5
prefill,1,10,142,1,18,0.0555555555555556,0.555555555555556
prefill,1,11,150,1,18,0.0555555555555556,0.611111111111111
prefill,1,12,162,1,18,0.0555555555555556,0.666666666666667
prefill,1,13,166,1,18,0.0555555555555556,0.722222222222222
prefill,1,14,170,1,18,0.0555555555555556,0.777777777777778
prefill,1,15,172,1,18,0.0555555555555556,0.833333333333334
prefill,1,16,219,1,18,0.0555555555555556,0.888888888888889
prefill,1,17,232,1,18,0.0555555555555556,0.944444444444445
prefill,1,18,237,1,18,0.0555555555555556,1
prefill,1,19,0,0,18,0,1
prefill,1,20,1,0,18,0,1
prefill,1,21,2,0,18,0,1
prefill,1,22,3,0,18,0,1
prefill,1,23,4,0,18,0,1
prefill,1,24,5,0,18,0,1
prefill,1,25,6,0,18,0,1
prefill,1,26,7,0,18,0,1
prefill,1,27,8,0,18,0,1
prefill,1,28,9,0,18,0,1
prefill,1,29,10,0,18,0,1
prefill,1,30,11,0,18,0,1
prefill,1,31,12,0,18,0,1
prefill,1,32,13,0,18,0,1
prefill,1,33,14,0,18,0,1
prefill,1,34,15,0,18,0,1
prefill,1,35,16,0,18,0,1
prefill,1,36,17,0,18,0,1
prefill,1,37,18,0,18,0,1
prefill,1,38,19,0,18,0,1
prefill,1,39,20,0,18,0,1
prefill,1,40,23,0,18,0,1
prefill,1,41,24,0,18,0,1
prefill,1,42,25,0,18,0,1
prefill,1,43,26,0,18,0,1
prefill,1,44,27,0,18,0,1
prefill,1,45,28,0,18,0,1
prefill,1,46,29,0,18,0,1
prefill,1,47,30,0,18,0,1
prefill,1,48,31,0,18,0,1
prefill,1,49,32,0,18,0,1
prefill,1,50,33,0,18,0,1
prefill,1,51,34,0,18,0,1
prefill,1,52,35,0,18,0,1
prefill,1,53,36,0,18,0,1
prefill,1,54,37,0,18,0,1
prefill,1,55,38,0,18,0,1
prefill,1,56,39,0,18,0,1
prefill,1,57,40,0,18,0,1
prefill,1,58,41,0,18,0,1
prefill,1,59,42,0,18,0,1
prefill,1,60,43,0,18,0,1
prefill,1,61,44,0,18,0,1
prefill,1,62,45,0,18,0,1
prefill,1,63,46,0,18,0,1
prefill,1,64,47,0,18,0,1
prefill,1,65,48,0,18,0,1
prefill,1,66,49,0,18,0,1
prefill,1,67,50,0,18,0,1
prefill,1,68,51,0,18,0,1
prefill,1,69,52,0,18,0,1
prefill,1,70,54,0,18,0,1
prefill,1,71,55,0,18,0,1
prefill,1,72,56,0,18,0,1
prefill,1,73,57,0,18,0,1
prefill,1,74,58,0,18,0,1
prefill,1,75,59,0,18,0,1
prefill,1,76,60,0,18,0,1
prefill,1,77,61,0,18,0,1
prefill,1,78,62,0,18,0,1
prefill,1,79,64,0,18,0,1
prefill,1,80,65,0,18,0,1
prefill,1,81,66,0,18,0,1
prefill,1,82,67,0,18,0,1
prefill,1,83,68,0,18,0,1
prefill,1,84,69,0,18,0,1
prefill,1,85,70,0,18,0,1
prefill,1,86,71,0,18,0,1
prefill,1,87,72,0,18,0,1
prefill,1,88,73,0,18,0,1
prefill,1,89,74,0,18,0,1
prefill,1,90,75,0,18,0,1
prefill,1,91,76,0,18,0,1
prefill,1,92,77,0,18,0,1
prefill,1,93,79,0,18,0,1
prefill,1,94,80,0,18,0,1
prefill,1,95,81,0,18,0,1
prefill,1,96,82,0,18,0,1
prefill,1,97,83,0,18,0,1
prefill,1,98,84,0,18,0,1
prefill,1,99,85,0,18,0,1
prefill,1,100,86,0,18,0,1
prefill,1,101,87,0,18,0,1
prefill,1,102,88,0,18,0,1
prefill,1,103,89,0,18,0,1
prefill,1,104,90,0,18,0,1
prefill,1,105,91,0,18,0,1
prefill,1,106,92,0,18,0,1
prefill,1,107,93,0,18,0,1
prefill,1,108,94,0,18,0,1
prefill,1,109,96,0,18,0,1
prefill,1,110,97,0,18,0,1
prefill,1,111,98,0,18,0,1
prefill,1,112,99,0,18,0,1
prefill,1,113,100,0,18,0,1
prefill,1,114,101,0,18,0,1
prefill,1,115,102,0,18,0,1
prefill,1,116,103,0,18,0,1
prefill,1,117,104,0,18,0,1
prefill,1,118,105,0,18,0,1
prefill,1,119,106,0,18,0,1
prefill,1,120,107,0,18,0,1
prefill,1,121,108,0,18,0,1
prefill,1,122,109,0,18,0,1
prefill,1,123,110,0,18,0,1
prefill,1,124,111,0,18,0,1
prefill,1,125,113,0,18,0,1
prefill,1,126,114,0,18,0,1
prefill,1,127,115,0,18,0,1
prefill,1,128,116,0,18,0,1
prefill,1,129,117,0,18,0,1
prefill,1,130,118,0,18,0,1
prefill,1,131,119,0,18,0,1
prefill,1,132,120,0,18,0,1
prefill,1,133,121,0,18,0,1
prefill,1,134,122,0,18,0,1
prefill,1,135,123,0,18,0,1
prefill,1,136,124,0,18,0,1
prefill,1,137,125,0,18,0,1
prefill,1,138,127,0,18,0,1
prefill,1,139,128,0,18,0,1
prefill,1,140,129,0,18,0,1
prefill,1,141,131,0,18,0,1
prefill,1,142,132,0,18,0,1
prefill,1,143,133,0,18,0,1
prefill,1,144,134,0,18,0,1
prefill,1,145,135,0,18,0,1
prefill,1,146,136,0,18,0,1
prefill,1,147,137,0,18,0,1
prefill,1,148,138,0,18,0,1
prefill,1,149,139,0,18,0,1
prefill,1,150,140,0,18,0,1
prefill,1,151,141,0,18,0,1
prefill,1,152,143,0,18,0,1
prefill,1,153,144,0,18,0,1
prefill,1,154,145,0,18,0,1
prefill,1,155,146,0,18,0,1
prefill,1,156,147,0,18,0,1
prefill,1,157,148,0,18,0,1
prefill,1,158,149,0,18,0,1
prefill,1,159,151,0,18,0,1
prefill,1,160,152,0,18,0,1
prefill,1,161,153,0,18,0,1
prefill,1,162,154,0,18,0,1
prefill,1,163,155,0,18,0,1
prefill,1,164,156,0,18,0,1
prefill,1,165,157,0,18,0,1
prefill,1,166,158,0,18,0,1
prefill,1,167,159,0,18,0,1
prefill,1,168,160,0,18,0,1
prefill,1,169,161,0,18,0,1
prefill,1,170,163,0,18,0,1
prefill,1,171,164,0,18,0,1
prefill,1,172,165,0,18,0,1
prefill,1,173,167,0,18,0,1
prefill,1,174,168,0,18,0,1
prefill,1,175,169,0,18,0,1
prefill,1,176,171,0,18,0,1
prefill,1,177,173,0,18,0,1
prefill,1,178,174,0,18,0,1
prefill,1,179,175,0,18,0,1
prefill,1,180,176,0,18,0,1
prefill,1,181,177,0,18,0,1
prefill,1,182,178,0,18,0,1
prefill,1,183,179,0,18,0,1
prefill,1,184,180,0,18,0,1
prefill,1,185,181,0,18,0,1
prefill,1,186,182,0,18,0,1
prefill,1,187,183,0,18,0,1
prefill,1,188,184,0,18,0,1
prefill,1,189,185,0,18,0,1
prefill,1,190,186,0,18,0,1
prefill,1,191,187,0,18,0,1
prefill,1,192,188,0,18,0,1
prefill,1,193,189,0,18,0,1
prefill,1,194,190,0,18,0,1
prefill,1,195,191,0,18,0,1
prefill,1,196,192,0,18,0,1
prefill,1,197,193,0,18,0,1
prefill,1,198,194,0,18,0,1
prefill,1,199,195,0,18,0,1
prefill,1,200,196,0,18,0,1
prefill,1,201,197,0,18,0,1
prefill,1,202,198,0,18,0,1
prefill,1,203,199,0,18,0,1
prefill,1,204,200,0,18,0,1
prefill,1,205,201,0,18,0,1
prefill,1,206,202,0,18,0,1
prefill,1,207,203,0,18,0,1
prefill,1,208,204,0,18,0,1
prefill,1,209,205,0,18,0,1
prefill,1,210,206,0,18,0,1
prefill,1,211,207,0,18,0,1
prefill,1,212,208,0,18,0,1
prefill,1,213,209,0,18,0,1
prefill,1,214,210,0,18,0,1
prefill,1,215,211,0,18,0,1
prefill,1,216,212,0,18,0,1
prefill,1,217,213,0,18,0,1
prefill,1,218,214,0,18,0,1
prefill,1,219,215,0,18,0,1
prefill,1,220,216,0,18,0,1
prefill,1,221,217,0,18,0,1
prefill,1,222,218,0,18,0,1
prefill,1,223,220,0,18,0,1
prefill,1,224,221,0,18,0,1
prefill,1,225,222,0,18,0,1
prefill,1,226,223,0,18,0,1
prefill,1,227,224,0,18,0,1
prefill,1,228,225,0,18,0,1
prefill,1,229,226,0,18,0,1
prefill,1,230,227,0,18,0,1
prefill,1,231,228,0,18,0,1
prefill,1,232,229,0,18,0,1
prefill,1,233,230,0,18,0,1
prefill,1,234,231,0,18,0,1
prefill,1,235,233,0,18,0,1
prefill,1,236,234,0,18,0,1
prefill,1,237,235,0,18,0,1
prefill,1,238,236,0,18,0,1
prefill,1,239,238,0,18,0,1
prefill,1,240,239,0,18,0,1
prefill,1,241,240,0,18,0,1
prefill,1,242,241,0,18,0,1
prefill,1,243,242,0,18,0,1
prefill,1,244,243,0,18,0,1
prefill,1,245,244,0,18,0,1
prefill,1,246,245,0,18,0,1
prefill,1,247,246,0,18,0,1
prefill,1,248,247,0,18,0,1
prefill,1,249,248,0,18,0,1
prefill,1,250,249,0,18,0,1
prefill,1,251,250,0,18,0,1
prefill,1,252,251,0,18,0,1
prefill,1,253,252,0,18,0,1
prefill,1,254,253,0,18,0,1
prefill,1,255,254,0,18,0,1
prefill,1,256,255,0,18,0,1
prefill,2,1,10,1,18,0.0555555555555556,0.0555555555555556
prefill,2,2,26,1,18,0.0555555555555556,0.111111111111111
prefill,2,3,39,1,18,0.0555555555555556,0.166666666666667
prefill,2,4,66,1,18,0.0555555555555556,0.222222222222222
prefill,2,5,67,1,18,0.0555555555555556,0.277777777777778
prefill,2,6,92,1,18,0.0555555555555556,0.333333333333333
prefill,2,7,126,1,18,0.0555555555555556,0.388888888888889
prefill,2,8,131,1,18,0.0555555555555556,0.444444444444445
prefill,2,9,149,1,18,0.0555555555555556,0.5
prefill,2,10,172,1,18,0.0555555555555556,0.555555555555556
prefill,2,11,182,1,18,0.0555555555555556,0.611111111111111
prefill,2,12,192,1,18,0.0555555555555556,0.666666666666667
prefill,2,13,200,1,18,0.0555555555555556,0.722222222222222
prefill,2,14,217,1,18,0.0555555555555556,0.777777777777778
prefill,2,15,221,1,18,0.0555555555555556,0.833333333333334
prefill,2,16,229,1,18,0.0555555555555556,0.888888888888889
prefill,2,17,240,1,18,0.0555555555555556,0.944444444444445
prefill,2,18,247,1,18,0.0555555555555556,1
prefill,2,19,0,0,18,0,1
prefill,2,20,1,0,18,0,1
prefill,2,21,2,0,18,0,1
prefill,2,22,3,0,18,0,1
prefill,2,23,4,0,18,0,1
prefill,2,24,5,0,18,0,1
prefill,2,25,6,0,18,0,1
prefill,2,26,7,0,18,0,1
prefill,2,27,8,0,18,0,1
prefill,2,28,9,0,18,0,1
prefill,2,29,11,0,18,0,1
prefill,2,30,12,0,18,0,1
prefill,2,31,13,0,18,0,1
prefill,2,32,14,0,18,0,1
prefill,2,33,15,0,18,0,1
prefill,2,34,16,0,18,0,1
prefill,2,35,17,0,18,0,1
prefill,2,36,18,0,18,0,1
prefill,2,37,19,0,18,0,1
prefill,2,38,20,0,18,0,1
prefill,2,39,21,0,18,0,1
prefill,2,40,22,0,18,0,1
prefill,2,41,23,0,18,0,1
prefill,2,42,24,0,18,0,1
prefill,2,43,25,0,18,0,1
prefill,2,44,27,0,18,0,1
prefill,2,45,28,0,18,0,1
prefill,2,46,29,0,18,0,1
prefill,2,47,30,0,18,0,1
prefill,2,48,31,0,18,0,1
prefill,2,49,32,0,18,0,1
prefill,2,50,33,0,18,0,1
prefill,2,51,34,0,18,0,1
prefill,2,52,35,0,18,0,1
prefill,2,53,36,0,18,0,1
prefill,2,54,37,0,18,0,1
prefill,2,55,38,0,18,0,1
prefill,2,56,40,0,18,0,1
prefill,2,57,41,0,18,0,1
prefill,2,58,42,0,18,0,1
prefill,2,59,43,0,18,0,1
prefill,2,60,44,0,18,0,1
prefill,2,61,45,0,18,0,1
prefill,2,62,46,0,18,0,1
prefill,2,63,47,0,18,0,1
prefill,2,64,48,0,18,0,1
prefill,2,65,49,0,18,0,1
prefill,2,66,50,0,18,0,1
prefill,2,67,51,0,18,0,1
prefill,2,68,52,0,18,0,1
prefill,2,69,53,0,18,0,1
prefill,2,70,54,0,18,0,1
prefill,2,71,55,0,18,0,1
prefill,2,72,56,0,18,0,1
prefill,2,73,57,0,18,0,1
prefill,2,74,58,0,18,0,1
prefill,2,75,59,0,18,0,1
prefill,2,76,60,0,18,0,1
prefill,2,77,61,0,18,0,1
prefill,2,78,62,0,18,0,1
prefill,2,79,63,0,18,0,1
prefill,2,80,64,0,18,0,1
prefill,2,81,65,0,18,0,1
prefill,2,82,68,0,18,0,1
prefill,2,83,69,0,18,0,1
prefill,2,84,70,0,18,0,1
prefill,2,85,71,0,18,0,1
prefill,2,86,72,0,18,0,1
prefill,2,87,73,0,18,0,1
prefill,2,88,74,0,18,0,1
prefill,2,89,75,0,18,0,1
prefill,2,90,76,0,18,0,1
prefill,2,91,77,0,18,0,1
prefill,2,92,78,0,18,0,1
prefill,2,93,79,0,18,0,1
prefill,2,94,80,0,18,0,1
prefill,2,95,81,0,18,0,1
prefill,2,96,82,0,18,0,1
prefill,2,97,83,0,18,0,1
prefill,2,98,84,0,18,0,1
prefill,2,99,85,0,18,0,1
prefill,2,100,86,0,18,0,1
prefill,2,101,87,0,18,0,1
prefill,2,102,88,0,18,0,1
prefill,2,103,89,0,18,0,1
prefill,2,104,90,0,18,0,1
prefill,2,105,91,0,18,0,1
prefill,2,106,93,0,18,0,1
prefill,2,107,94,0,18,0,1
prefill,2,108,95,0,18,0,1
prefill,2,109,96,0,18,0,1
prefill,2,110,97,0,18,0,1
prefill,2,111,98,0,18,0,1
prefill,2,112,99,0,18,0,1
prefill,2,113,100,0,18,0,1
prefill,2,114,101,0,18,0,1
prefill,2,115,102,0,18,0,1
prefill,2,116,103,0,18,0,1
prefill,2,117,104,0,18,0,1
prefill,2,118,105,0,18,0,1
prefill,2,119,106,0,18,0,1
prefill,2,120,107,0,18,0,1
prefill,2,121,108,0,18,0,1
prefill,2,122,109,0,18,0,1
prefill,2,123,110,0,18,0,1
prefill,2,124,111,0,18,0,1
prefill,2,125,112,0,18,0,1
prefill,2,126,113,0,18,0,1
prefill,2,127,114,0,18,0,1
prefill,2,128,115,0,18,0,1
prefill,2,129,116,0,18,0,1
prefill,2,130,117,0,18,0,1
prefill,2,131,118,0,18,0,1
prefill,2,132,119,0,18,0,1
prefill,2,133,120,0,18,0,1
prefill,2,134,121,0,18,0,1
prefill,2,135,122,0,18,0,1
prefill,2,136,123,0,18,0,1
prefill,2,137,124,0,18,0,1
prefill,2,138,125,0,18,0,1
prefill,2,139,127,0,18,0,1
prefill,2,140,128,0,18,0,1
prefill,2,141,129,0,18,0,1
prefill,2,142,130,0,18,0,1
prefill,2,143,132,0,18,0,1
prefill,2,144,133,0,18,0,1
prefill,2,145,134,0,18,0,1
prefill,2,146,135,0,18,0,1
prefill,2,147,136,0,18,0,1
prefill,2,148,137,0,18,0,1
prefill,2,149,138,0,18,0,1
prefill,2,150,139,0,18,0,1
prefill,2,151,140,0,18,0,1
prefill,2,152,141,0,18,0,1
prefill,2,153,142,0,18,0,1
prefill,2,154,143,0,18,0,1
prefill,2,155,144,0,18,0,1
prefill,2,156,145,0,18,0,1
prefill,2,157,146,0,18,0,1
prefill,2,158,147,0,18,0,1
prefill,2,159,148,0,18,0,1
prefill,2,160,150,0,18,0,1
prefill,2,161,151,0,18,0,1
prefill,2,162,152,0,18,0,1
prefill,2,163,153,0,18,0,1
prefill,2,164,154,0,18,0,1
prefill,2,165,155,0,18,0,1
prefill,2,166,156,0,18,0,1
prefill,2,167,157,0,18,0,1
prefill,2,168,158,0,18,0,1
prefill,2,169,159,0,18,0,1
prefill,2,170,160,0,18,0,1
prefill,2,171,161,0,18,0,1
prefill,2,172,162,0,18,0,1
prefill,2,173,163,0,18,0,1
prefill,2,174,164,0,18,0,1
prefill,2,175,165,0,18,0,1
prefill,2,176,166,0,18,0,1
prefill,2,177,167,0,18,0,1
prefill,2,178,168,0,18,0,1
prefill,2,179,169,0,18,0,1
prefill,2,180,170,0,18,0,1
prefill,2,181,171,0,18,0,1
prefill,2,182,173,0,18,0,1
prefill,2,183,174,0,18,0,1
prefill,2,184,175,0,18,0,1
prefill,2,185,176,0,18,0,1
prefill,2,186,177,0,18,0,1
prefill,2,187,178,0,18,0,1
prefill,2,188,179,0,18,0,1
prefill,2,189,180,0,18,0,1
prefill,2,190,181,0,18,0,1
prefill,2,191,183,0,18,0,1
prefill,2,192,184,0,18,0,1
prefill,2,193,185,0,18,0,1
prefill,2,194,186,0,18,0,1
prefill,2,195,187,0,18,0,1
prefill,2,196,188,0,18,0,1
prefill,2,197,189,0,18,0,1
prefill,2,198,190,0,18,0,1
prefill,2,199,191,0,18,0,1
prefill,2,200,193,0,18,0,1
prefill,2,201,194,0,18,0,1
prefill,2,202,195,0,18,0,1
prefill,2,203,196,0,18,0,1
prefill,2,204,197,0,18,0,1
prefill,2,205,198,0,18,0,1
prefill,2,206,199,0,18,0,1
prefill,2,207,201,0,18,0,1
prefill,2,208,202,0,18,0,1
prefill,2,209,203,0,18,0,1
prefill,2,210,204,0,18,0,1
prefill,2,211,205,0,18,0,1
prefill,2,212,206,0,18,0,1
prefill,2,213,207,0,18,0,1
prefill,2,214,208,0,18,0,1
prefill,2,215,209,0,18,0,1
prefill,2,216,210,0,18,0,1
prefill,2,217,211,0,18,0,1
prefill,2,218,212,0,18,0,1
prefill,2,219,213,0,18,0,1
prefill,2,220,214,0,18,0,1
prefill,2,221,215,0,18,0,1
prefill,2,222,216,0,18,0,1
prefill,2,223,218,0,18,0,1
prefill,2,224,219,0,18,0,1
prefill,2,225,220,0,18,0,1
prefill,2,226,222,0,18,0,1
prefill,2,227,223,0,18,0,1
prefill,2,228,224,0,18,0,1
prefill,2,229,225,0,18,0,1
prefill,2,230,226,0,18,0,1
prefill,2,231,227,0,18,0,1
prefill,2,232,228,0,18,0,1
prefill,2,233,230,0,18,0,1
prefill,2,234,231,0,18,0,1
prefill,2,235,232,0,18,0,1
prefill,2,236,233,0,18,0,1
prefill,2,237,234,0,18,0,1
prefill,2,238,235,0,18,0,1
prefill,2,239,236,0,18,0,1
prefill,2,240,237,0,18,0,1
prefill,2,241,238,0,18,0,1
prefill,2,242,239,0,18,0,1
prefill,2,243,241,0,18,0,1
prefill,2,244,242,0,18,0,1
prefill,2,245,243,0,18,0,1
prefill,2,246,244,0,18,0,1
prefill,2,247,245,0,18,0,1
prefill,2,248,246,0,18,0,1
prefill,2,249,248,0,18,0,1
prefill,2,250,249,0,18,0,1
prefill,2,251,250,0,18,0,1
prefill,2,252,251,0,18,0,1
prefill,2,253,252,0,18,0,1
prefill,2,254,253,0,18,0,1
prefill,2,255,254,0,18,0,1
prefill,2,256,255,0,18,0,1
prefill,3,1,111,2,18,0.111111111111111,0.111111111111111
prefill,3,2,117,2,18,0.111111111111111,0.222222222222222
prefill,3,3,143,2,18,0.111111111111111,0.333333333333333
prefill,3,4,235,2,18,0.111111111111111,0.444444444444444
prefill,3,5,6,1,18,0.0555555555555556,0.5
prefill,3,6,45,1,18,0.0555555555555556,0.555555555555556
prefill,3,7,64,1,18,0.0555555555555556,0.611111111111111
prefill,3,8,78,1,18,0.0555555555555556,0.666666666666667
prefill,3,9,107,1,18,0.0555555555555556,0.722222222222222
prefill,3,10,118,1,18,0.0555555555555556,0.777777777777778
prefill,3,11,122,1,18,0.0555555555555556,0.833333333333333
prefill,3,12,124,1,18,0.0555555555555556,0.888888888888889
prefill,3,13,153,1,18,0.0555555555555556,0.944444444444445
prefill,3,14,253,1,18,0.0555555555555556,1
prefill,3,15,0,0,18,0,1
prefill,3,16,1,0,18,0,1
prefill,3,17,2,0,18,0,1
prefill,3,18,3,0,18,0,1
prefill,3,19,4,0,18,0,1
prefill,3,20,5,0,18,0,1
prefill,3,21,7,0,18,0,1
prefill,3,22,8,0,18,0,1
prefill,3,23,9,0,18,0,1
prefill,3,24,10,0,18,0,1
prefill,3,25,11,0,18,0,1
prefill,3,26,12,0,18,0,1
prefill,3,27,13,0,18,0,1
prefill,3,28,14,0,18,0,1
prefill,3,29,15,0,18,0,1
prefill,3,30,16,0,18,0,1
prefill,3,31,17,0,18,0,1
prefill,3,32,18,0,18,0,1
prefill,3,33,19,0,18,0,1
prefill,3,34,20,0,18,0,1
prefill,3,35,21,0,18,0,1
prefill,3,36,22,0,18,0,1
prefill,3,37,23,0,18,0,1
prefill,3,38,24,0,18,0,1
prefill,3,39,25,0,18,0,1
prefill,3,40,26,0,18,0,1
prefill,3,41,27,0,18,0,1
prefill,3,42,28,0,18,0,1
prefill,3,43,29,0,18,0,1
prefill,3,44,30,0,18,0,1
prefill,3,45,31,0,18,0,1
prefill,3,46,32,0,18,0,1
prefill,3,47,33,0,18,0,1
prefill,3,48,34,0,18,0,1
prefill,3,49,35,0,18,0,1
prefill,3,50,36,0,18,0,1
prefill,3,51,37,0,18,0,1
prefill,3,52,38,0,18,0,1
prefill,3,53,39,0,18,0,1
prefill,3,54,40,0,18,0,1
prefill,3,55,41,0,18,0,1
prefill,3,56,42,0,18,0,1
prefill,3,57,43,0,18,0,1
prefill,3,58,44,0,18,0,1
prefill,3,59,46,0,18,0,1
prefill,3,60,47,0,18,0,1
prefill,3,61,48,0,18,0,1
prefill,3,62,49,0,18,0,1
prefill,3,63,50,0,18,0,1
prefill,3,64,51,0,18,0,1
prefill,3,65,52,0,18,0,1
prefill,3,66,53,0,18,0,1
prefill,3,67,54,0,18,0,1
prefill,3,68,55,0,18,0,1
prefill,3,69,56,0,18,0,1
prefill,3,70,57,0,18,0,1
prefill,3,71,58,0,18,0,1
prefill,3,72,59,0,18,0,1
prefill,3,73,60,0,18,0,1
prefill,3,74,61,0,18,0,1
prefill,3,75,62,0,18,0,1
prefill,3,76,63,0,18,0,1
prefill,3,77,65,0,18,0,1
prefill,3,78,66,0,18,0,1
prefill,3,79,67,0,18,0,1
prefill,3,80,68,0,18,0,1
prefill,3,81,69,0,18,0,1
prefill,3,82,70,0,18,0,1
prefill,3,83,71,0,18,0,1
prefill,3,84,72,0,18,0,1
prefill,3,85,73,0,18,0,1
prefill,3,86,74,0,18,0,1
prefill,3,87,75,0,18,0,1
prefill,3,88,76,0,18,0,1
prefill,3,89,77,0,18,0,1
prefill,3,90,79,0,18,0,1
prefill,3,91,80,0,18,0,1
prefill,3,92,81,0,18,0,1
prefill,3,93,82,0,18,0,1
prefill,3,94,83,0,18,0,1
prefill,3,95,84,0,18,0,1
prefill,3,96,85,0,18,0,1
prefill,3,97,86,0,18,0,1
prefill,3,98,87,0,18,0,1
prefill,3,99,88,0,18,0,1
prefill,3,100,89,0,18,0,1
prefill,3,101,90,0,18,0,1
prefill,3,102,91,0,18,0,1
prefill,3,103,92,0,18,0,1
prefill,3,104,93,0,18,0,1
prefill,3,105,94,0,18,0,1
prefill,3,106,95,0,18,0,1
prefill,3,107,96,0,18,0,1
prefill,3,108,97,0,18,0,1
prefill,3,109,98,0,18,0,1
prefill,3,110,99,0,18,0,1
prefill,3,111,100,0,18,0,1
prefill,3,112,101,0,18,0,1
prefill,3,113,102,0,18,0,1
prefill,3,114,103,0,18,0,1
prefill,3,115,104,0,18,0,1
prefill,3,116,105,0,18,0,1
prefill,3,117,106,0,18,0,1
prefill,3,118,108,0,18,0,1
prefill,3,119,109,0,18,0,1
prefill,3,120,110,0,18,0,1
prefill,3,121,112,0,18,0,1
prefill,3,122,113,0,18,0,1
prefill,3,123,114,0,18,0,1
prefill,3,124,115,0,18,0,1
prefill,3,125,116,0,18,0,1
prefill,3,126,119,0,18,0,1
prefill,3,127,120,0,18,0,1
prefill,3,128,121,0,18,0,1
prefill,3,129,123,0,18,0,1
prefill,3,130,125,0,18,0,1
prefill,3,131,126,0,18,0,1
prefill,3,132,127,0,18,0,1
prefill,3,133,128,0,18,0,1
prefill,3,134,129,0,18,0,1
prefill,3,135,130,0,18,0,1
prefill,3,136,131,0,18,0,1
prefill,3,137,132,0,18,0,1
prefill,3,138,133,0,18,0,1
prefill,3,139,134,0,18,0,1
prefill,3,140,135,0,18,0,1
prefill,3,141,136,0,18,0,1
prefill,3,142,137,0,18,0,1
prefill,3,143,138,0,18,0,1
prefill,3,144,139,0,18,0,1
prefill,3,145,140,0,18,0,1
prefill,3,146,141,0,18,0,1
prefill,3,147,142,0,18,0,1
prefill,3,148,144,0,18,0,1
prefill,3,149,145,0,18,0,1
prefill,3,150,146,0,18,0,1
prefill,3,151,147,0,18,0,1
prefill,3,152,148,0,18,0,1
prefill,3,153,149,0,18,0,1
prefill,3,154,150,0,18,0,1
prefill,3,155,151,0,18,0,1
prefill,3,156,152,0,18,0,1
prefill,3,157,154,0,18,0,1
prefill,3,158,155,0,18,0,1
prefill,3,159,156,0,18,0,1
prefill,3,160,157,0,18,0,1
prefill,3,161,158,0,18,0,1
prefill,3,162,159,0,18,0,1
prefill,3,163,160,0,18,0,1
prefill,3,164,161,0,18,0,1
prefill,3,165,162,0,18,0,1
prefill,3,166,163,0,18,0,1
prefill,3,167,164,0,18,0,1
prefill,3,168,165,0,18,0,1
prefill,3,169,166,0,18,0,1
prefill,3,170,167,0,18,0,1
prefill,3,171,168,0,18,0,1
prefill,3,172,169,0,18,0,1
prefill,3,173,170,0,18,0,1
prefill,3,174,171,0,18,0,1
prefill,3,175,172,0,18,0,1
prefill,3,176,173,0,18,0,1
prefill,3,177,174,0,18,0,1
prefill,3,178,175,0,18,0,1
prefill,3,179,176,0,18,0,1
prefill,3,180,177,0,18,0,1
prefill,3,181,178,0,18,0,1
prefill,3,182,179,0,18,0,1
prefill,3,183,180,0,18,0,1
prefill,3,184,181,0,18,0,1
prefill,3,185,182,0,18,0,1
prefill,3,186,183,0,18,0,1
prefill,3,187,184,0,18,0,1
prefill,3,188,185,0,18,0,1
prefill,3,189,186,0,18,0,1
prefill,3,190,187,0,18,0,1
prefill,3,191,188,0,18,0,1
prefill,3,192,189,0,18,0,1
prefill,3,193,190,0,18,0,1
prefill,3,194,191,0,18,0,1
prefill,3,195,192,0,18,0,1
prefill,3,196,193,0,18,0,1
prefill,3,197,194,0,18,0,1
prefill,3,198,195,0,18,0,1
prefill,3,199,196,0,18,0,1
prefill,3,200,197,0,18,0,1
prefill,3,201,198,0,18,0,1
prefill,3,202,199,0,18,0,1
prefill,3,203,200,0,18,0,1
prefill,3,204,201,0,18,0,1
prefill,3,205,202,0,18,0,1
prefill,3,206,203,0,18,0,1
prefill,3,207,204,0,18,0,1
prefill,3,208,205,0,18,0,1
prefill,3,209,206,0,18,0,1
prefill,3,210,207,0,18,0,1
prefill,3,211,208,0,18,0,1
prefill,3,212,209,0,18,0,1
prefill,3,213,210,0,18,0,1
prefill,3,214,211,0,18,0,1
prefill,3,215,212,0,18,0,1
prefill,3,216,213,0,18,0,1
prefill,3,217,214,0,18,0,1
prefill,3,218,215,0,18,0,1
prefill,3,219,216,0,18,0,1
prefill,3,220,217,0,18,0,1
prefill,3,221,218,0,18,0,1
prefill,3,222,219,0,18,0,1
prefill,3,223,220,0,18,0,1
prefill,3,224,221,0,18,0,1
prefill,3,225,222,0,18,0,1
prefill,3,226,223,0,18,0,1
prefill,3,227,224,0,18,0,1
prefill,3,228,225,0,18,0,1
prefill,3,229,226,0,18,0,1
prefill,3,230,227,0,18,0,1
prefill,3,231,228,0,18,0,1
prefill,3,232,229,0,18,0,1
prefill,3,233,230,0,18,0,1
prefill,3,234,231,0,18,0,1
prefill,3,235,232,0,18,0,1
prefill,3,236,233,0,18,0,1
prefill,3,237,234,0,18,0,1
prefill,3,238,236,0,18,0,1
prefill,3,239,237,0,18,0,1
prefill,3,240,238,0,18,0,1
prefill,3,241,239,0,18,0,1
prefill,3,242,240,0,18,0,1
prefill,3,243,241,0,18,0,1
prefill,3,244,242,0,18,0,1
prefill,3,245,243,0,18,0,1
prefill,3,246,244,0,18,0,1
prefill,3,247,245,0,18,0,1
prefill,3,248,246,0,18,0,1
prefill,3,249,247,0,18,0,1
prefill,3,250,248,0,18,0,1
prefill,3,251,249,0,18,0,1
prefill,3,252,250,0,18,0,1
prefill,3,253,251,0,18,0,1
prefill,3,254,252,0,18,0,1
prefill,3,255,254,0,18,0,1
prefill,3,256,255,0,18,0,1
prefill,4,1,5,2,18,0.111111111111111,0.111111111111111
prefill,4,2,88,2,18,0.111111111111111,0.222222222222222
prefill,4,3,170,2,18,0.111111111111111,0.333333333333333
prefill,4,4,3,1,18,0.0555555555555556,0.388888888888889
prefill,4,5,14,1,18,0.0555555555555556,0.444444444444444
prefill,4,6,21,1,18,0.0555555555555556,0.5
prefill,4,7,58,1,18,0.0555555555555556,0.555555555555556
prefill,4,8,63,1,18,0.0555555555555556,0.611111111111111
prefill,4,9,87,1,18,0.0555555555555556,0.666666666666667
prefill,4,10,113,1,18,0.0555555555555556,0.722222222222222
prefill,4,11,145,1,18,0.0555555555555556,0.777777777777778
prefill,4,12,153,1,18,0.0555555555555556,0.833333333333333
prefill,4,13,230,1,18,0.0555555555555556,0.888888888888889
prefill,4,14,242,1,18,0.0555555555555556,0.944444444444445
prefill,4,15,253,1,18,0.0555555555555556,1
prefill,4,16,0,0,18,0,1
prefill,4,17,1,0,18,0,1
prefill,4,18,2,0,18,0,1
prefill,4,19,4,0,18,0,1
prefill,4,20,6,0,18,0,1
prefill,4,21,7,0,18,0,1
prefill,4,22,8,0,18,0,1
prefill,4,23,9,0,18,0,1
prefill,4,24,10,0,18,0,1
prefill,4,25,11,0,18,0,1
prefill,4,26,12,0,18,0,1
prefill,4,27,13,0,18,0,1
prefill,4,28,15,0,18,0,1
prefill,4,29,16,0,18,0,1
prefill,4,30,17,0,18,0,1
prefill,4,31,18,0,18,0,1
prefill,4,32,19,0,18,0,1
prefill,4,33,20,0,18,0,1
prefill,4,34,22,0,18,0,1
prefill,4,35,23,0,18,0,1
prefill,4,36,24,0,18,0,1
prefill,4,37,25,0,18,0,1
prefill,4,38,26,0,18,0,1
prefill,4,39,27,0,18,0,1
prefill,4,40,28,0,18,0,1
prefill,4,41,29,0,18,0,1
prefill,4,42,30,0,18,0,1
prefill,4,43,31,0,18,0,1
prefill,4,44,32,0,18,0,1
prefill,4,45,33,0,18,0,1
prefill,4,46,34,0,18,0,1
prefill,4,47,35,0,18,0,1
prefill,4,48,36,0,18,0,1
prefill,4,49,37,0,18,0,1
prefill,4,50,38,0,18,0,1
prefill,4,51,39,0,18,0,1
prefill,4,52,40,0,18,0,1
prefill,4,53,41,0,18,0,1
prefill,4,54,42,0,18,0,1
prefill,4,55,43,0,18,0,1
prefill,4,56,44,0,18,0,1
prefill,4,57,45,0,18,0,1
prefill,4,58,46,0,18,0,1
prefill,4,59,47,0,18,0,1
prefill,4,60,48,0,18,0,1
prefill,4,61,49,0,18,0,1
prefill,4,62,50,0,18,0,1
prefill,4,63,51,0,18,0,1
prefill,4,64,52,0,18,0,1
prefill,4,65,53,0,18,0,1
prefill,4,66,54,0,18,0,1
prefill,4,67,55,0,18,0,1
prefill,4,68,56,0,18,0,1
prefill,4,69,57,0,18,0,1
prefill,4,70,59,0,18,0,1
prefill,4,71,60,0,18,0,1
prefill,4,72,61,0,18,0,1
prefill,4,73,62,0,18,0,1
prefill,4,74,64,0,18,0,1
prefill,4,75,65,0,18,0,1
prefill,4,76,66,0,18,0,1
prefill,4,77,67,0,18,0,1
prefill,4,78,68,0,18,0,1
prefill,4,79,69,0,18,0,1
prefill,4,80,70,0,18,0,1
prefill,4,81,71,0,18,0,1
prefill,4,82,72,0,18,0,1
prefill,4,83,73,0,18,0,1
prefill,4,84,74,0,18,0,1
prefill,4,85,75,0,18,0,1
prefill,4,86,76,0,18,0,1
prefill,4,87,77,0,18,0,1
prefill,4,88,78,0,18,0,1
prefill,4,89,79,0,18,0,1
prefill,4,90,80,0,18,0,1
prefill,4,91,81,0,18,0,1
prefill,4,92,82,0,18,0,1
prefill,4,93,83,0,18,0,1
prefill,4,94,84,0,18,0,1
prefill,4,95,85,0,18,0,1
prefill,4,96,86,0,18,0,1
prefill,4,97,89,0,18,0,1
prefill,4,98,90,0,18,0,1
prefill,4,99,91,0,18,0,1
prefill,4,100,92,0,18,0,1
prefill,4,101,93,0,18,0,1
prefill,4,102,94,0,18,0,1
prefill,4,103,95,0,18,0,1
prefill,4,104,96,0,18,0,1
prefill,4,105,97,0,18,0,1
prefill,4,106,98,0,18,0,1
prefill,4,107,99,0,18,0,1
prefill,4,108,100,0,18,0,1
prefill,4,109,101,0,18,0,1
prefill,4,110,102,0,18,0,1
prefill,4,111,103,0,18,0,1
prefill,4,112,104,0,18,0,1
prefill,4,113,105,0,18,0,1
prefill,4,114,106,0,18,0,1
prefill,4,115,107,0,18,0,1
prefill,4,116,108,0,18,0,1
prefill,4,117,109,0,18,0,1
prefill,4,118,110,0,18,0,1
prefill,4,119,111,0,18,0,1
prefill,4,120,112,0,18,0,1
prefill,4,121,114,0,18,0,1
prefill,4,122,115,0,18,0,1
prefill,4,123,116,0,18,0,1
prefill,4,124,117,0,18,0,1
prefill,4,125,118,0,18,0,1
prefill,4,126,119,0,18,0,1
prefill,4,127,120,0,18,0,1
prefill,4,128,121,0,18,0,1
prefill,4,129,122,0,18,0,1
prefill,4,130,123,0,18,0,1
prefill,4,131,124,0,18,0,1
prefill,4,132,125,0,18,0,1
prefill,4,133,126,0,18,0,1
prefill,4,134,127,0,18,0,1
prefill,4,135,128,0,18,0,1
prefill,4,136,129,0,18,0,1
prefill,4,137,130,0,18,0,1
prefill,4,138,131,0,18,0,1
prefill,4,139,132,0,18,0,1
prefill,4,140,133,0,18,0,1
prefill,4,141,134,0,18,0,1
prefill,4,142,135,0,18,0,1
prefill,4,143,136,0,18,0,1
prefill,4,144,137,0,18,0,1
prefill,4,145,138,0,18,0,1
prefill,4,146,139,0,18,0,1
prefill,4,147,140,0,18,0,1
prefill,4,148,141,0,18,0,1
prefill,4,149,142,0,18,0,1
prefill,4,150,143,0,18,0,1
prefill,4,151,144,0,18,0,1
prefill,4,152,146,0,18,0,1
prefill,4,153,147,0,18,0,1
prefill,4,154,148,0,18,0,1
prefill,4,155,149,0,18,0,1
prefill,4,156,150,0,18,0,1
prefill,4,157,151,0,18,0,1
prefill,4,158,152,0,18,0,1
prefill,4,159,154,0,18,0,1
prefill,4,160,155,0,18,0,1
prefill,4,161,156,0,18,0,1
prefill,4,162,157,0,18,0,1
prefill,4,163,158,0,18,0,1
prefill,4,164,159,0,18,0,1
prefill,4,165,160,0,18,0,1
prefill,4,166,161,0,18,0,1
prefill,4,167,162,0,18,0,1
prefill,4,168,163,0,18,0,1
prefill,4,169,164,0,18,0,1
prefill,4,170,165,0,18,0,1
prefill,4,171,166,0,18,0,1
prefill,4,172,167,0,18,0,1
prefill,4,173,168,0,18,0,1
prefill,4,174,169,0,18,0,1
prefill,4,175,171,0,18,0,1
prefill,4,176,172,0,18,0,1
prefill,4,177,173,0,18,0,1
prefill,4,178,174,0,18,0,1
prefill,4,179,175,0,18,0,1
prefill,4,180,176,0,18,0,1
prefill,4,181,177,0,18,0,1
prefill,4,182,178,0,18,0,1
prefill,4,183,179,0,18,0,1
prefill,4,184,180,0,18,0,1
prefill,4,185,181,0,18,0,1
prefill,4,186,182,0,18,0,1
prefill,4,187,183,0,18,0,1
prefill,4,188,184,0,18,0,1
prefill,4,189,185,0,18,0,1
prefill,4,190,186,0,18,0,1
prefill,4,191,187,0,18,0,1
prefill,4,192,188,0,18,0,1
prefill,4,193,189,0,18,0,1
prefill,4,194,190,0,18,0,1
prefill,4,195,191,0,18,0,1
prefill,4,196,192,0,18,0,1
prefill,4,197,193,0,18,0,1
prefill,4,198,194,0,18,0,1
prefill,4,199,195,0,18,0,1
prefill,4,200,196,0,18,0,1
prefill,4,201,197,0,18,0,1
prefill,4,202,198,0,18,0,1
prefill,4,203,199,0,18,0,1
prefill,4,204,200,0,18,0,1
prefill,4,205,201,0,18,0,1
prefill,4,206,202,0,18,0,1
prefill,4,207,203,0,18,0,1
prefill,4,208,204,0,18,0,1
prefill,4,209,205,0,18,0,1
prefill,4,210,206,0,18,0,1
prefill,4,211,207,0,18,0,1
prefill,4,212,208,0,18,0,1
prefill,4,213,209,0,18,0,1
prefill,4,214,210,0,18,0,1
prefill,4,215,211,0,18,0,1
prefill,4,216,212,0,18,0,1
prefill,4,217,213,0,18,0,1
prefill,4,218,214,0,18,0,1
prefill,4,219,215,0,18,0,1
prefill,4,220,216,0,18,0,1
prefill,4,221,217,0,18,0,1
prefill,4,222,218,0,18,0,1
prefill,4,223,219,0,18,0,1
prefill,4,224,220,0,18,0,1
prefill,4,225,221,0,18,0,1
prefill,4,226,222,0,18,0,1
prefill,4,227,223,0,18,0,1
prefill,4,228,224,0,18,0,1
prefill,4,229,225,0,18,0,1
prefill,4,230,226,0,18,0,1
prefill,4,231,227,0,18,0,1
prefill,4,232,228,0,18,0,1
prefill,4,233,229,0,18,0,1
prefill,4,234,231,0,18,0,1
prefill,4,235,232,0,18,0,1
prefill,4,236,233,0,18,0,1
prefill,4,237,234,0,18,0,1
prefill,4,238,235,0,18,0,1
prefill,4,239,236,0,18,0,1
prefill,4,240,237,0,18,0,1
prefill,4,241,238,0,18,0,1
prefill,4,242,239,0,18,0,1
prefill,4,243,240,0,18,0,1
prefill,4,244,241,0,18,0,1
prefill,4,245,243,0,18,0,1
prefill,4,246,244,0,18,0,1
prefill,4,247,245,0,18,0,1
prefill,4,248,246,0,18,0,1
prefill,4,249,247,0,18,0,1
prefill,4,250,248,0,18,0,1
prefill,4,251,249,0,18,0,1
prefill,4,252,250,0,18,0,1
prefill,4,253,251,0,18,0,1
prefill,4,254,252,0,18,0,1
prefill,4,255,254,0,18,0,1
prefill,4,256,255,0,18,0,1
prefill,5,1,35,2,18,0.111111111111111,0.111111111111111
prefill,5,2,91,2,18,0.111111111111111,0.222222222222222
prefill,5,3,249,2,18,0.111111111111111,0.333333333333333
prefill,5,4,1,1,18,0.0555555555555556,0.388888888888889
prefill,5,5,9,1,18,0.0555555555555556,0.444444444444444
prefill,5,6,17,1,18,0.0555555555555556,0.5
prefill,5,7,56,1,18,0.0555555555555556,0.555555555555556
prefill,5,8,59,1,18,0.0555555555555556,0.611111111111111
prefill,5,9,60,1,18,0.0555555555555556,0.666666666666667
prefill,5,10,80,1,18,0.0555555555555556,0.722222222222222
prefill,5,11,109,1,18,0.0555555555555556,0.777777777777778
prefill,5,12,110,1,18,0.0555555555555556,0.833333333333333
prefill,5,13,167,1,18,0.0555555555555556,0.888888888888889
prefill,5,14,206,1,18,0.0555555555555556,0.944444444444445
prefill,5,15,240,1,18,0.0555555555555556,1
prefill,5,16,0,0,18,0,1
prefill,5,17,2,0,18,0,1
prefill,5,18,3,0,18,0,1
prefill,5,19,4,0,18,0,1
prefill,5,20,5,0,18,0,1
prefill,5,21,6,0,18,0,1
prefill,5,22,7,0,18,0,1
prefill,5,23,8,0,18,0,1
prefill,5,24,10,0,18,0,1
prefill,5,25,11,0,18,0,1
prefill,5,26,12,0,18,0,1
prefill,5,27,13,0,18,0,1
prefill,5,28,14,0,18,0,1
prefill,5,29,15,0,18,0,1
prefill,5,30,16,0,18,0,1
prefill,5,31,18,0,18,0,1
prefill,5,32,19,0,18,0,1
prefill,5,33,20,0,18,0,1
prefill,5,34,21,0,18,0,1
prefill,5,35,22,0,18,0,1
prefill,5,36,23,0,18,0,1
prefill,5,37,24,0,18,0,1
prefill,5,38,25,0,18,0,1
prefill,5,39,26,0,18,0,1
prefill,5,40,27,0,18,0,1
prefill,5,41,28,0,18,0,1
prefill,5,42,29,0,18,0,1
prefill,5,43,30,0,18,0,1
prefill,5,44,31,0,18,0,1
prefill,5,45,32,0,18,0,1
prefill,5,46,33,0,18,0,1
prefill,5,47,34,0,18,0,1
prefill,5,48,36,0,18,0,1
prefill,5,49,37,0,18,0,1
prefill,5,50,38,0,18,0,1
prefill,5,51,39,0,18,0,1
prefill,5,52,40,0,18,0,1
prefill,5,53,41,0,18,0,1
prefill,5,54,42,0,18,0,1
prefill,5,55,43,0,18,0,1
prefill,5,56,44,0,18,0,1
prefill,5,57,45,0,18,0,1
prefill,5,58,46,0,18,0,1
prefill,5,59,47,0,18,0,1
prefill,5,60,48,0,18,0,1
prefill,5,61,49,0,18,0,1
prefill,5,62,50,0,18,0,1
prefill,5,63,51,0,18,0,1
prefill,5,64,52,0,18,0,1
prefill,5,65,53,0,18,0,1
prefill,5,66,54,0,18,0,1
prefill,5,67,55,0,18,0,1
prefill,5,68,57,0,18,0,1
prefill,5,69,58,0,18,0,1
prefill,5,70,61,0,18,0,1
prefill,5,71,62,0,18,0,1
prefill,5,72,63,0,18,0,1
prefill,5,73,64,0,18,0,1
prefill,5,74,65,0,18,0,1
prefill,5,75,66,0,18,0,1
prefill,5,76,67,0,18,0,1
prefill,5,77,68,0,18,0,1
prefill,5,78,69,0,18,0,1
prefill,5,79,70,0,18,0,1
prefill,5,80,71,0,18,0,1
prefill,5,81,72,0,18,0,1
prefill,5,82,73,0,18,0,1
prefill,5,83,74,0,18,0,1
prefill,5,84,75,0,18,0,1
prefill,5,85,76,0,18,0,1
prefill,5,86,77,0,18,0,1
prefill,5,87,78,0,18,0,1
prefill,5,88,79,0,18,0,1
prefill,5,89,81,0,18,0,1
prefill,5,90,82,0,18,0,1
prefill,5,91,83,0,18,0,1
prefill,5,92,84,0,18,0,1
prefill,5,93,85,0,18,0,1
prefill,5,94,86,0,18,0,1
prefill,5,95,87,0,18,0,1
prefill,5,96,88,0,18,0,1
prefill,5,97,89,0,18,0,1
prefill,5,98,90,0,18,0,1
prefill,5,99,92,0,18,0,1
prefill,5,100,93,0,18,0,1
prefill,5,101,94,0,18,0,1
prefill,5,102,95,0,18,0,1
prefill,5,103,96,0,18,0,1
prefill,5,104,97,0,18,0,1
prefill,5,105,98,0,18,0,1
prefill,5,106,99,0,18,0,1
prefill,5,107,100,0,18,0,1
prefill,5,108,101,0,18,0,1
prefill,5,109,102,0,18,0,1
prefill,5,110,103,0,18,0,1
prefill,5,111,104,0,18,0,1
prefill,5,112,105,0,18,0,1
prefill,5,113,106,0,18,0,1
prefill,5,114,107,0,18,0,1
prefill,5,115,108,0,18,0,1
prefill,5,116,111,0,18,0,1
prefill,5,117,112,0,18,0,1
prefill,5,118,113,0,18,0,1
prefill,5,119,114,0,18,0,1
prefill,5,120,115,0,18,0,1
prefill,5,121,116,0,18,0,1
prefill,5,122,117,0,18,0,1
prefill,5,123,118,0,18,0,1
prefill,5,124,119,0,18,0,1
prefill,5,125,120,0,18,0,1
prefill,5,126,121,0,18,0,1
prefill,5,127,122,0,18,0,1
prefill,5,128,123,0,18,0,1
prefill,5,129,124,0,18,0,1
prefill,5,130,125,0,18,0,1
prefill,5,131,126,0,18,0,1
prefill,5,132,127,0,18,0,1
prefill,5,133,128,0,18,0,1
prefill,5,134,129,0,18,0,1
prefill,5,135,130,0,18,0,1
prefill,5,136,131,0,18,0,1
prefill,5,137,132,0,18,0,1
prefill,5,138,133,0,18,0,1
prefill,5,139,134,0,18,0,1
prefill,5,140,135,0,18,0,1
prefill,5,141,136,0,18,0,1
prefill,5,142,137,0,18,0,1
prefill,5,143,138,0,18,0,1
prefill,5,144,139,0,18,0,1
prefill,5,145,140,0,18,0,1
prefill,5,146,141,0,18,0,1
prefill,5,147,142,0,18,0,1
prefill,5,148,143,0,18,0,1
prefill,5,149,144,0,18,0,1
prefill,5,150,145,0,18,0,1
prefill,5,151,146,0,18,0,1
prefill,5,152,147,0,18,0,1
prefill,5,153,148,0,18,0,1
prefill,5,154,149,0,18,0,1
prefill,5,155,150,0,18,0,1
prefill,5,156,151,0,18,0,1
prefill,5,157,152,0,18,0,1
prefill,5,158,153,0,18,0,1
prefill,5,159,154,0,18,0,1
prefill,5,160,155,0,18,0,1
prefill,5,161,156,0,18,0,1
prefill,5,162,157,0,18,0,1
prefill,5,163,158,0,18,0,1
prefill,5,164,159,0,18,0,1
prefill,5,165,160,0,18,0,1
prefill,5,166,161,0,18,0,1
prefill,5,167,162,0,18,0,1
prefill,5,168,163,0,18,0,1
prefill,5,169,164,0,18,0,1
prefill,5,170,165,0,18,0,1
prefill,5,171,166,0,18,0,1
prefill,5,172,168,0,18,0,1
prefill,5,173,169,0,18,0,1
prefill,5,174,170,0,18,0,1
prefill,5,175,171,0,18,0,1
prefill,5,176,172,0,18,0,1
prefill,5,177,173,0,18,0,1
prefill,5,178,174,0,18,0,1
prefill,5,179,175,0,18,0,1
prefill,5,180,176,0,18,0,1
prefill,5,181,177,0,18,0,1
prefill,5,182,178,0,18,0,1
prefill,5,183,179,0,18,0,1
prefill,5,184,180,0,18,0,1
prefill,5,185,181,0,18,0,1
prefill,5,186,182,0,18,0,1
prefill,5,187,183,0,18,0,1
prefill,5,188,184,0,18,0,1
prefill,5,189,185,0,18,0,1
prefill,5,190,186,0,18,0,1
prefill,5,191,187,0,18,0,1
prefill,5,192,188,0,18,0,1
prefill,5,193,189,0,18,0,1
prefill,5,194,190,0,18,0,1
prefill,5,195,191,0,18,0,1
prefill,5,196,192,0,18,0,1
prefill,5,197,193,0,18,0,1
prefill,5,198,194,0,18,0,1
prefill,5,199,195,0,18,0,1
prefill,5,200,196,0,18,0,1
prefill,5,201,197,0,18,0,1
prefill,5,202,198,0,18,0,1
prefill,5,203,199,0,18,0,1
prefill,5,204,200,0,18,0,1
prefill,5,205,201,0,18,0,1
prefill,5,206,202,0,18,0,1
prefill,5,207,203,0,18,0,1
prefill,5,208,204,0,18,0,1
prefill,5,209,205,0,18,0,1
prefill,5,210,207,0,18,0,1
prefill,5,211,208,0,18,0,1
prefill,5,212,209,0,18,0,1
prefill,5,213,210,0,18,0,1
prefill,5,214,211,0,18,0,1
prefill,5,215,212,0,18,0,1
prefill,5,216,213,0,18,0,1
prefill,5,217,214,0,18,0,1
prefill,5,218,215,0,18,0,1
prefill,5,219,216,0,18,0,1
prefill,5,220,217,0,18,0,1
prefill,5,221,218,0,18,0,1
prefill,5,222,219,0,18,0,1
prefill,5,223,220,0,18,0,1
prefill,5,224,221,0,18,0,1
prefill,5,225,222,0,18,0,1
prefill,5,226,223,0,18,0,1
prefill,5,227,224,0,18,0,1
prefill,5,228,225,0,18,0,1
prefill,5,229,226,0,18,0,1
prefill,5,230,227,0,18,0,1
prefill,5,231,228,0,18,0,1
prefill,5,232,229,0,18,0,1
prefill,5,233,230,0,18,0,1
prefill,5,234,231,0,18,0,1
prefill,5,235,232,0,18,0,1
prefill,5,236,233,0,18,0,1
prefill,5,237,234,0,18,0,1
prefill,5,238,235,0,18,0,1
prefill,5,239,236,0,18,0,1
prefill,5,240,237,0,18,0,1
prefill,5,241,238,0,18,0,1
prefill,5,242,239,0,18,0,1
prefill,5,243,241,0,18,0,1
prefill,5,244,242,0,18,0,1
prefill,5,245,243,0,18,0,1
prefill,5,246,244,0,18,0,1
prefill,5,247,245,0,18,0,1
prefill,5,248,246,0,18,0,1
prefill,5,249,247,0,18,0,1
prefill,5,250,248,0,18,0,1
prefill,5,251,250,0,18,0,1
prefill,5,252,251,0,18,0,1
prefill,5,253,252,0,18,0,1
prefill,5,254,253,0,18,0,1
prefill,5,255,254,0,18,0,1
prefill,5,256,255,0,18,0,1
prefill,6,1,56,2,18,0.111111111111111,0.111111111111111
prefill,6,2,70,2,18,0.111111111111111,0.222222222222222
prefill,6,3,108,2,18,0.111111111111111,0.333333333333333
prefill,6,4,236,2,18,0.111111111111111,0.444444444444444
prefill,6,5,1,1,18,0.0555555555555556,0.5
prefill,6,6,26,1,18,0.0555555555555556,0.555555555555556
prefill,6,7,38,1,18,0.0555555555555556,0.611111111111111
prefill,6,8,90,1,18,0.0555555555555556,0.666666666666667
prefill,6,9,149,1,18,0.0555555555555556,0.722222222222222
prefill,6,10,181,1,18,0.0555555555555556,0.777777777777778
prefill,6,11,186,1,18,0.0555555555555556,0.833333333333333
prefill,6,12,199,1,18,0.0555555555555556,0.888888888888889
prefill,6,13,203,1,18,0.0555555555555556,0.944444444444445
prefill,6,14,232,1,18,0.0555555555555556,1
prefill,6,15,0,0,18,0,1
prefill,6,16,2,0,18,0,1
prefill,6,17,3,0,18,0,1
prefill,6,18,4,0,18,0,1
prefill,6,19,5,0,18,0,1
prefill,6,20,6,0,18,0,1
prefill,6,21,7,0,18,0,1
prefill,6,22,8,0,18,0,1
prefill,6,23,9,0,18,0,1
prefill,6,24,10,0,18,0,1
prefill,6,25,11,0,18,0,1
prefill,6,26,12,0,18,0,1
prefill,6,27,13,0,18,0,1
prefill,6,28,14,0,18,0,1
prefill,6,29,15,0,18,0,1
prefill,6,30,16,0,18,0,1
prefill,6,31,17,0,18,0,1
prefill,6,32,18,0,18,0,1
prefill,6,33,19,0,18,0,1
prefill,6,34,20,0,18,0,1
prefill,6,35,21,0,18,0,1
prefill,6,36,22,0,18,0,1
prefill,6,37,23,0,18,0,1
prefill,6,38,24,0,18,0,1
prefill,6,39,25,0,18,0,1
prefill,6,40,27,0,18,0,1
prefill,6,41,28,0,18,0,1
prefill,6,42,29,0,18,0,1
prefill,6,43,30,0,18,0,1
prefill,6,44,31,0,18,0,1
prefill,6,45,32,0,18,0,1
prefill,6,46,33,0,18,0,1
prefill,6,47,34,0,18,0,1
prefill,6,48,35,0,18,0,1
prefill,6,49,36,0,18,0,1
prefill,6,50,37,0,18,0,1
prefill,6,51,39,0,18,0,1
prefill,6,52,40,0,18,0,1
prefill,6,53,41,0,18,0,1
prefill,6,54,42,0,18,0,1
prefill,6,55,43,0,18,0,1
prefill,6,56,44,0,18,0,1
prefill,6,57,45,0,18,0,1
prefill,6,58,46,0,18,0,1
prefill,6,59,47,0,18,0,1
prefill,6,60,48,0,18,0,1
prefill,6,61,49,0,18,0,1
prefill,6,62,50,0,18,0,1
prefill,6,63,51,0,18,0,1
prefill,6,64,52,0,18,0,1
prefill,6,65,53,0,18,0,1
prefill,6,66,54,0,18,0,1
prefill,6,67,55,0,18,0,1
prefill,6,68,57,0,18,0,1
prefill,6,69,58,0,18,0,1
prefill,6,70,59,0,18,0,1
prefill,6,71,60,0,18,0,1
prefill,6,72,61,0,18,0,1
prefill,6,73,62,0,18,0,1
prefill,6,74,63,0,18,0,1
prefill,6,75,64,0,18,0,1
prefill,6,76,65,0,18,0,1
prefill,6,77,66,0,18,0,1
prefill,6,78,67,0,18,0,1
prefill,6,79,68,0,18,0,1
prefill,6,80,69,0,18,0,1
prefill,6,81,71,0,18,0,1
prefill,6,82,72,0,18,0,1
prefill,6,83,73,0,18,0,1
prefill,6,84,74,0,18,0,1
prefill,6,85,75,0,18,0,1
prefill,6,86,76,0,18,0,1
prefill,6,87,77,0,18,0,1
prefill,6,88,78,0,18,0,1
prefill,6,89,79,0,18,0,1
prefill,6,90,80,0,18,0,1
prefill,6,91,81,0,18,0,1
prefill,6,92,82,0,18,0,1
prefill,6,93,83,0,18,0,1
prefill,6,94,84,0,18,0,1
prefill,6,95,85,0,18,0,1
prefill,6,96,86,0,18,0,1
prefill,6,97,87,0,18,0,1
prefill,6,98,88,0,18,0,1
prefill,6,99,89,0,18,0,1
prefill,6,100,91,0,18,0,1
prefill,6,101,92,0,18,0,1
prefill,6,102,93,0,18,0,1
prefill,6,103,94,0,18,0,1
prefill,6,104,95,0,18,0,1
prefill,6,105,96,0,18,0,1
prefill,6,106,97,0,18,0,1
prefill,6,107,98,0,18,0,1
prefill,6,108,99,0,18,0,1
prefill,6,109,100,0,18,0,1
prefill,6,110,101,0,18,0,1
prefill,6,111,102,0,18,0,1
prefill,6,112,103,0,18,0,1
prefill,6,113,104,0,18,0,1
prefill,6,114,105,0,18,0,1
prefill,6,115,106,0,18,0,1
prefill,6,116,107,0,18,0,1
prefill,6,117,109,0,18,0,1
prefill,6,118,110,0,18,0,1
prefill,6,119,111,0,18,0,1
prefill,6,120,112,0,18,0,1
prefill,6,121,113,0,18,0,1
prefill,6,122,114,0,18,0,1
prefill,6,123,115,0,18,0,1
prefill,6,124,116,0,18,0,1
prefill,6,125,117,0,18,0,1
prefill,6,126,118,0,18,0,1
prefill,6,127,119,0,18,0,1
prefill,6,128,120,0,18,0,1
prefill,6,129,121,0,18,0,1
prefill,6,130,122,0,18,0,1
prefill,6,131,123,0,18,0,1
prefill,6,132,124,0,18,0,1
prefill,6,133,125,0,18,0,1
prefill,6,134,126,0,18,0,1
prefill,6,135,127,0,18,0,1
prefill,6,136,128,0,18,0,1
prefill,6,137,129,0,18,0,1
prefill,6,138,130,0,18,0,1
prefill,6,139,131,0,18,0,1
prefill,6,140,132,0,18,0,1
prefill,6,141,133,0,18,0,1
prefill,6,142,134,0,18,0,1
prefill,6,143,135,0,18,0,1
prefill,6,144,136,0,18,0,1
prefill,6,145,137,0,18,0,1
prefill,6,146,138,0,18,0,1
prefill,6,147,139,0,18,0,1
prefill,6,148,140,0,18,0,1
prefill,6,149,141,0,18,0,1
prefill,6,150,142,0,18,0,1
prefill,6,151,143,0,18,0,1
prefill,6,152,144,0,18,0,1
prefill,6,153,145,0,18,0,1
prefill,6,154,146,0,18,0,1
prefill,6,155,147,0,18,0,1
prefill,6,156,148,0,18,0,1
prefill,6,157,150,0,18,0,1
prefill,6,158,151,0,18,0,1
prefill,6,159,152,0,18,0,1
prefill,6,160,153,0,18,0,1
prefill,6,161,154,0,18,0,1
prefill,6,162,155,0,18,0,1
prefill,6,163,156,0,18,0,1
prefill,6,164,157,0,18,0,1
prefill,6,165,158,0,18,0,1
prefill,6,166,159,0,18,0,1
prefill,6,167,160,0,18,0,1
prefill,6,168,161,0,18,0,1
prefill,6,169,162,0,18,0,1
prefill,6,170,163,0,18,0,1
prefill,6,171,164,0,18,0,1
prefill,6,172,165,0,18,0,1
prefill,6,173,166,0,18,0,1
prefill,6,174,167,0,18,0,1
prefill,6,175,168,0,18,0,1
prefill,6,176,169,0,18,0,1
prefill,6,177,170,0,18,0,1
prefill,6,178,171,0,18,0,1
prefill,6,179,172,0,18,0,1
prefill,6,180,173,0,18,0,1
prefill,6,181,174,0,18,0,1
prefill,6,182,175,0,18,0,1
prefill,6,183,176,0,18,0,1
prefill,6,184,177,0,18,0,1
prefill,6,185,178,0,18,0,1
prefill,6,186,179,0,18,0,1
prefill,6,187,180,0,18,0,1
prefill,6,188,182,0,18,0,1
prefill,6,189,183,0,18,0,1
prefill,6,190,184,0,18,0,1
prefill,6,191,185,0,18,0,1
prefill,6,192,187,0,18,0,1
prefill,6,193,188,0,18,0,1
prefill,6,194,189,0,18,0,1
prefill,6,195,190,0,18,0,1
prefill,6,196,191,0,18,0,1
prefill,6,197,192,0,18,0,1
prefill,6,198,193,0,18,0,1
prefill,6,199,194,0,18,0,1
prefill,6,200,195,0,18,0,1
prefill,6,201,196,0,18,0,1
prefill,6,202,197,0,18,0,1
prefill,6,203,198,0,18,0,1
prefill,6,204,200,0,18,0,1
prefill,6,205,201,0,18,0,1
prefill,6,206,202,0,18,0,1
prefill,6,207,204,0,18,0,1
prefill,6,208,205,0,18,0,1
prefill,6,209,206,0,18,0,1
prefill,6,210,207,0,18,0,1
prefill,6,211,208,0,18,0,1
prefill,6,212,209,0,18,0,1
prefill,6,213,210,0,18,0,1
prefill,6,214,211,0,18,0,1
prefill,6,215,212,0,18,0,1
prefill,6,216,213,0,18,0,1
prefill,6,217,214,0,18,0,1
prefill,6,218,215,0,18,0,1
prefill,6,219,216,0,18,0,1
prefill,6,220,217,0,18,0,1
prefill,6,221,218,0,18,0,1
prefill,6,222,219,0,18,0,1
prefill,6,223,220,0,18,0,1
prefill,6,224,221,0,18,0,1
prefill,6,225,222,0,18,0,1
prefill,6,226,223,0,18,0,1
prefill,6,227,224,0,18,0,1
prefill,6,228,225,0,18,0,1
prefill,6,229,226,0,18,0,1
prefill,6,230,227,0,18,0,1
prefill,6,231,228,0,18,0,1
prefill,6,232,229,0,18,0,1
prefill,6,233,230,0,18,0,1
prefill,6,234,231,0,18,0,1
prefill,6,235,233,0,18,0,1
prefill,6,236,234,0,18,0,1
prefill,6,237,235,0,18,0,1
prefill,6,238,237,0,18,0,1
prefill,6,239,238,0,18,0,1
prefill,6,240,239,0,18,0,1
prefill,6,241,240,0,18,0,1
prefill,6,242,241,0,18,0,1
prefill,6,243,242,0,18,0,1
prefill,6,244,243,0,18,0,1
prefill,6,245,244,0,18,0,1
prefill,6,246,245,0,18,0,1
prefill,6,247,246,0,18,0,1
prefill,6,248,247,0,18,0,1
prefill,6,249,248,0,18,0,1
prefill,6,250,249,0,18,0,1
prefill,6,251,250,0,18,0,1
prefill,6,252,251,0,18,0,1
prefill,6,253,252,0,18,0,1
prefill,6,254,253,0,18,0,1
prefill,6,255,254,0,18,0,1
prefill,6,256,255,0,18,0,1
prefill,7,1,123,2,18,0.111111111111111,0.111111111111111
prefill,7,2,223,2,18,0.111111111111111,0.222222222222222
prefill,7,3,2,1,18,0.0555555555555556,0.277777777777778
prefill,7,4,8,1,18,0.0555555555555556,0.333333333333333
prefill,7,5,14,1,18,0.0555555555555556,0.388888888888889
prefill,7,6,15,1,18,0.0555555555555556,0.444444444444445
prefill,7,7,56,1,18,0.0555555555555556,0.5
prefill,7,8,97,1,18,0.0555555555555556,0.555555555555556
prefill,7,9,122,1,18,0.0555555555555556,0.611111111111111
prefill,7,10,147,1,18,0.0555555555555556,0.666666666666667
prefill,7,11,169,1,18,0.0555555555555556,0.722222222222222
prefill,7,12,179,1,18,0.0555555555555556,0.777777777777778
prefill,7,13,188,1,18,0.0555555555555556,0.833333333333334
prefill,7,14,197,1,18,0.0555555555555556,0.888888888888889
prefill,7,15,213,1,18,0.0555555555555556,0.944444444444445
prefill,7,16,240,1,18,0.0555555555555556,1
prefill,7,17,0,0,18,0,1
prefill,7,18,1,0,18,0,1
prefill,7,19,3,0,18,0,1
prefill,7,20,4,0,18,0,1
prefill,7,21,5,0,18,0,1
prefill,7,22,6,0,18,0,1
prefill,7,23,7,0,18,0,1
prefill,7,24,9,0,18,0,1
prefill,7,25,10,0,18,0,1
prefill,7,26,11,0,18,0,1
prefill,7,27,12,0,18,0,1
prefill,7,28,13,0,18,0,1
prefill,7,29,16,0,18,0,1
prefill,7,30,17,0,18,0,1
prefill,7,31,18,0,18,0,1
prefill,7,32,19,0,18,0,1
prefill,7,33,20,0,18,0,1
prefill,7,34,21,0,18,0,1
prefill,7,35,22,0,18,0,1
prefill,7,36,23,0,18,0,1
prefill,7,37,24,0,18,0,1
prefill,7,38,25,0,18,0,1
prefill,7,39,26,0,18,0,1
prefill,7,40,27,0,18,0,1
prefill,7,41,28,0,18,0,1
prefill,7,42,29,0,18,0,1
prefill,7,43,30,0,18,0,1
prefill,7,44,31,0,18,0,1
prefill,7,45,32,0,18,0,1
prefill,7,46,33,0,18,0,1
prefill,7,47,34,0,18,0,1
prefill,7,48,35,0,18,0,1
prefill,7,49,36,0,18,0,1
prefill,7,50,37,0,18,0,1
prefill,7,51,38,0,18,0,1
prefill,7,52,39,0,18,0,1
prefill,7,53,40,0,18,0,1
prefill,7,54,41,0,18,0,1
prefill,7,55,42,0,18,0,1
prefill,7,56,43,0,18,0,1
prefill,7,57,44,0,18,0,1
prefill,7,58,45,0,18,0,1
prefill,7,59,46,0,18,0,1
prefill,7,60,47,0,18,0,1
prefill,7,61,48,0,18,0,1
prefill,7,62,49,0,18,0,1
prefill,7,63,50,0,18,0,1
prefill,7,64,51,0,18,0,1
prefill,7,65,52,0,18,0,1
prefill,7,66,53,0,18,0,1
prefill,7,67,54,0,18,0,1
prefill,7,68,55,0,18,0,1
prefill,7,69,57,0,18,0,1
prefill,7,70,58,0,18,0,1
prefill,7,71,59,0,18,0,1
prefill,7,72,60,0,18,0,1
prefill,7,73,61,0,18,0,1
prefill,7,74,62,0,18,0,1
prefill,7,75,63,0,18,0,1
prefill,7,76,64,0,18,0,1
prefill,7,77,65,0,18,0,1
prefill,7,78,66,0,18,0,1
prefill,7,79,67,0,18,0,1
prefill,7,80,68,0,18,0,1
prefill,7,81,69,0,18,0,1
prefill,7,82,70,0,18,0,1
prefill,7,83,71,0,18,0,1
prefill,7,84,72,0,18,0,1
prefill,7,85,73,0,18,0,1
prefill,7,86,74,0,18,0,1
prefill,7,87,75,0,18,0,1
prefill,7,88,76,0,18,0,1
prefill,7,89,77,0,18,0,1
prefill,7,90,78,0,18,0,1
prefill,7,91,79,0,18,0,1
prefill,7,92,80,0,18,0,1
prefill,7,93,81,0,18,0,1
prefill,7,94,82,0,18,0,1
prefill,7,95,83,0,18,0,1
prefill,7,96,84,0,18,0,1
prefill,7,97,85,0,18,0,1
prefill,7,98,86,0,18,0,1
prefill,7,99,87,0,18,0,1
prefill,7,100,88,0,18,0,1
prefill,7,101,89,0,18,0,1
prefill,7,102,90,0,18,0,1
prefill,7,103,91,0,18,0,1
prefill,7,104,92,0,18,0,1
prefill,7,105,93,0,18,0,1
prefill,7,106,94,0,18,0,1
prefill,7,107,95,0,18,0,1
prefill,7,108,96,0,18,0,1
prefill,7,109,98,0,18,0,1
prefill,7,110,99,0,18,0,1
prefill,7,111,100,0,18,0,1
prefill,7,112,101,0,18,0,1
prefill,7,113,102,0,18,0,1
prefill,7,114,103,0,18,0,1
prefill,7,115,104,0,18,0,1
prefill,7,116,105,0,18,0,1
prefill,7,117,106,0,18,0,1
prefill,7,118,107,0,18,0,1
prefill,7,119,108,0,18,0,1
prefill,7,120,109,0,18,0,1
prefill,7,121,110,0,18,0,1
prefill,7,122,111,0,18,0,1
prefill,7,123,112,0,18,0,1
prefill,7,124,113,0,18,0,1
prefill,7,125,114,0,18,0,1
prefill,7,126,115,0,18,0,1
prefill,7,127,116,0,18,0,1
prefill,7,128,117,0,18,0,1
prefill,7,129,118,0,18,0,1
prefill,7,130,119,0,18,0,1
prefill,7,131,120,0,18,0,1
prefill,7,132,121,0,18,0,1
prefill,7,133,124,0,18,0,1
prefill,7,134,125,0,18,0,1
prefill,7,135,126,0,18,0,1
prefill,7,136,127,0,18,0,1
prefill,7,137,128,0,18,0,1
prefill,7,138,129,0,18,0,1
prefill,7,139,130,0,18,0,1
prefill,7,140,131,0,18,0,1
prefill,7,141,132,0,18,0,1
prefill,7,142,133,0,18,0,1
prefill,7,143,134,0,18,0,1
prefill,7,144,135,0,18,0,1
prefill,7,145,136,0,18,0,1
prefill,7,146,137,0,18,0,1
prefill,7,147,138,0,18,0,1
prefill,7,148,139,0,18,0,1
prefill,7,149,140,0,18,0,1
prefill,7,150,141,0,18,0,1
prefill,7,151,142,0,18,0,1
prefill,7,152,143,0,18,0,1
prefill,7,153,144,0,18,0,1
prefill,7,154,145,0,18,0,1
prefill,7,155,146,0,18,0,1
prefill,7,156,148,0,18,0,1
prefill,7,157,149,0,18,0,1
prefill,7,158,150,0,18,0,1
prefill,7,159,151,0,18,0,1
prefill,7,160,152,0,18,0,1
prefill,7,161,153,0,18,0,1
prefill,7,162,154,0,18,0,1
prefill,7,163,155,0,18,0,1
prefill,7,164,156,0,18,0,1
prefill,7,165,157,0,18,0,1
prefill,7,166,158,0,18,0,1
prefill,7,167,159,0,18,0,1
prefill,7,168,160,0,18,0,1
prefill,7,169,161,0,18,0,1
prefill,7,170,162,0,18,0,1
prefill,7,171,163,0,18,0,1
prefill,7,172,164,0,18,0,1
prefill,7,173,165,0,18,0,1
prefill,7,174,166,0,18,0,1
prefill,7,175,167,0,18,0,1
prefill,7,176,168,0,18,0,1
prefill,7,177,170,0,18,0,1
prefill,7,178,171,0,18,0,1
prefill,7,179,172,0,18,0,1
prefill,7,180,173,0,18,0,1
prefill,7,181,174,0,18,0,1
prefill,7,182,175,0,18,0,1
prefill,7,183,176,0,18,0,1
prefill,7,184,177,0,18,0,1
prefill,7,185,178,0,18,0,1
prefill,7,186,180,0,18,0,1
prefill,7,187,181,0,18,0,1
prefill,7,188,182,0,18,0,1
prefill,7,189,183,0,18,0,1
prefill,7,190,184,0,18,0,1
prefill,7,191,185,0,18,0,1
prefill,7,192,186,0,18,0,1
prefill,7,193,187,0,18,0,1
prefill,7,194,189,0,18,0,1
prefill,7,195,190,0,18,0,1
prefill,7,196,191,0,18,0,1
prefill,7,197,192,0,18,0,1
prefill,7,198,193,0,18,0,1
prefill,7,199,194,0,18,0,1
prefill,7,200,195,0,18,0,1
prefill,7,201,196,0,18,0,1
prefill,7,202,198,0,18,0,1
prefill,7,203,199,0,18,0,1
prefill,7,204,200,0,18,0,1
prefill,7,205,201,0,18,0,1
prefill,7,206,202,0,18,0,1
prefill,7,207,203,0,18,0,1
prefill,7,208,204,0,18,0,1
prefill,7,209,205,0,18,0,1
prefill,7,210,206,0,18,0,1
prefill,7,211,207,0,18,0,1
prefill,7,212,208,0,18,0,1
prefill,7,213,209,0,18,0,1
prefill,7,214,210,0,18,0,1
prefill,7,215,211,0,18,0,1
prefill,7,216,212,0,18,0,1
prefill,7,217,214,0,18,0,1
prefill,7,218,215,0,18,0,1
prefill,7,219,216,0,18,0,1
prefill,7,220,217,0,18,0,1
prefill,7,221,218,0,18,0,1
prefill,7,222,219,0,18,0,1
prefill,7,223,220,0,18,0,1
prefill,7,224,221,0,18,0,1
prefill,7,225,222,0,18,0,1
prefill,7,226,224,0,18,0,1
prefill,7,227,225,0,18,0,1
prefill,7,228,226,0,18,0,1
prefill,7,229,227,0,18,0,1
prefill,7,230,228,0,18,0,1
prefill,7,231,229,0,18,0,1
prefill,7,232,230,0,18,0,1
prefill,7,233,231,0,18,0,1
prefill,7,234,232,0,18,0,1
prefill,7,235,233,0,18,0,1
prefill,7,236,234,0,18,0,1
prefill,7,237,235,0,18,0,1
prefill,7,238,236,0,18,0,1
prefill,7,239,237,0,18,0,1
prefill,7,240,238,0,18,0,1
prefill,7,241,239,0,18,0,1
prefill,7,242,241,0,18,0,1
prefill,7,243,242,0,18,0,1
prefill,7,244,243,0,18,0,1
prefill,7,245,244,0,18,0,1
prefill,7,246,245,0,18,0,1
prefill,7,247,246,0,18,0,1
prefill,7,248,247,0,18,0,1
prefill,7,249,248,0,18,0,1
prefill,7,250,249,0,18,0,1
prefill,7,251,250,0,18,0,1
prefill,7,252,251,0,18,0,1
prefill,7,253,252,0,18,0,1
prefill,7,254,253,0,18,0,1
prefill,7,255,254,0,18,0,1
prefill,7,256,255,0,18,0,1
prefill,8,1,20,2,18,0.111111111111111,0.111111111111111
prefill,8,2,28,2,18,0.111111111111111,0.222222222222222
prefill,8,3,3,1,18,0.0555555555555556,0.277777777777778
prefill,8,4,91,1,18,0.0555555555555556,0.333333333333333
prefill,8,5,120,1,18,0.0555555555555556,0.388888888888889
prefill,8,6,141,1,18,0.0555555555555556,0.444444444444445
prefill,8,7,142,1,18,0.0555555555555556,0.5
prefill,8,8,158,1,18,0.0555555555555556,0.555555555555556
prefill,8,9,186,1,18,0.0555555555555556,0.611111111111111
prefill,8,10,192,1,18,0.0555555555555556,0.666666666666667
prefill,8,11,194,1,18,0.0555555555555556,0.722222222222222
prefill,8,12,208,1,18,0.0555555555555556,0.777777777777778
prefill,8,13,209,1,18,0.0555555555555556,0.833333333333334
prefill,8,14,219,1,18,0.0555555555555556,0.888888888888889
prefill,8,15,241,1,18,0.0555555555555556,0.944444444444445
prefill,8,16,254,1,18,0.0555555555555556,1
prefill,8,17,0,0,18,0,1
prefill,8,18,1,0,18,0,1
prefill,8,19,2,0,18,0,1
prefill,8,20,4,0,18,0,1
prefill,8,21,5,0,18,0,1
prefill,8,22,6,0,18,0,1
prefill,8,23,7,0,18,0,1
prefill,8,24,8,0,18,0,1
prefill,8,25,9,0,18,0,1
prefill,8,26,10,0,18,0,1
prefill,8,27,11,0,18,0,1
prefill,8,28,12,0,18,0,1
prefill,8,29,13,0,18,0,1
prefill,8,30,14,0,18,0,1
prefill,8,31,15,0,18,0,1
prefill,8,32,16,0,18,0,1
prefill,8,33,17,0,18,0,1
prefill,8,34,18,0,18,0,1
prefill,8,35,19,0,18,0,1
prefill,8,36,21,0,18,0,1
prefill,8,37,22,0,18,0,1
prefill,8,38,23,0,18,0,1
prefill,8,39,24,0,18,0,1
prefill,8,40,25,0,18,0,1
prefill,8,41,26,0,18,0,1
prefill,8,42,27,0,18,0,1
prefill,8,43,29,0,18,0,1
prefill,8,44,30,0,18,0,1
prefill,8,45,31,0,18,0,1
prefill,8,46,32,0,18,0,1
prefill,8,47,33,0,18,0,1
prefill,8,48,34,0,18,0,1
prefill,8,49,35,0,18,0,1
prefill,8,50,36,0,18,0,1
prefill,8,51,37,0,18,0,1
prefill,8,52,38,0,18,0,1
prefill,8,53,39,0,18,0,1
prefill,8,54,40,0,18,0,1
prefill,8,55,41,0,18,0,1
prefill,8,56,42,0,18,0,1
prefill,8,57,43,0,18,0,1
prefill,8,58,44,0,18,0,1
prefill,8,59,45,0,18,0,1
prefill,8,60,46,0,18,0,1
prefill,8,61,47,0,18,0,1
prefill,8,62,48,0,18,0,1
prefill,8,63,49,0,18,0,1
prefill,8,64,50,0,18,0,1
prefill,8,65,51,0,18,0,1
prefill,8,66,52,0,18,0,1
prefill,8,67,53,0,18,0,1
prefill,8,68,54,0,18,0,1
prefill,8,69,55,0,18,0,1
prefill,8,70,56,0,18,0,1
prefill,8,71,57,0,18,0,1
prefill,8,72,58,0,18,0,1
prefill,8,73,59,0,18,0,1
prefill,8,74,60,0,18,0,1
prefill,8,75,61,0,18,0,1
prefill,8,76,62,0,18,0,1
prefill,8,77,63,0,18,0,1
prefill,8,78,64,0,18,0,1
prefill,8,79,65,0,18,0,1
prefill,8,80,66,0,18,0,1
prefill,8,81,67,0,18,0,1
prefill,8,82,68,0,18,0,1
prefill,8,83,69,0,18,0,1
prefill,8,84,70,0,18,0,1
prefill,8,85,71,0,18,0,1
prefill,8,86,72,0,18,0,1
prefill,8,87,73,0,18,0,1
prefill,8,88,74,0,18,0,1
prefill,8,89,75,0,18,0,1
prefill,8,90,76,0,18,0,1
prefill,8,91,77,0,18,0,1
prefill,8,92,78,0,18,0,1
prefill,8,93,79,0,18,0,1
prefill,8,94,80,0,18,0,1
prefill,8,95,81,0,18,0,1
prefill,8,96,82,0,18,0,1
prefill,8,97,83,0,18,0,1
prefill,8,98,84,0,18,0,1
prefill,8,99,85,0,18,0,1
prefill,8,100,86,0,18,0,1
prefill,8,101,87,0,18,0,1
prefill,8,102,88,0,18,0,1
prefill,8,103,89,0,18,0,1
prefill,8,104,90,0,18,0,1
prefill,8,105,92,0,18,0,1
prefill,8,106,93,0,18,0,1
prefill,8,107,94,0,18,0,1
prefill,8,108,95,0,18,0,1
prefill,8,109,96,0,18,0,1
prefill,8,110,97,0,18,0,1
prefill,8,111,98,0,18,0,1
prefill,8,112,99,0,18,0,1
prefill,8,113,100,0,18,0,1
prefill,8,114,101,0,18,0,1
prefill,8,115,102,0,18,0,1
prefill,8,116,103,0,18,0,1
prefill,8,117,104,0,18,0,1
prefill,8,118,105,0,18,0,1
prefill,8,119,106,0,18,0,1
prefill,8,120,107,0,18,0,1
prefill,8,121,108,0,18,0,1
prefill,8,122,109,0,18,0,1
prefill,8,123,110,0,18,0,1
prefill,8,124,111,0,18,0,1
prefill,8,125,112,0,18,0,1
prefill,8,126,113,0,18,0,1
prefill,8,127,114,0,18,0,1
prefill,8,128,115,0,18,0,1
prefill,8,129,116,0,18,0,1
prefill,8,130,117,0,18,0,1
prefill,8,131,118,0,18,0,1
prefill,8,132,119,0,18,0,1
prefill,8,133,121,0,18,0,1
prefill,8,134,122,0,18,0,1
prefill,8,135,123,0,18,0,1
prefill,8,136,124,0,18,0,1
prefill,8,137,125,0,18,0,1
prefill,8,138,126,0,18,0,1
prefill,8,139,127,0,18,0,1
prefill,8,140,128,0,18,0,1
prefill,8,141,129,0,18,0,1
prefill,8,142,130,0,18,0,1
prefill,8,143,131,0,18,0,1
prefill,8,144,132,0,18,0,1
prefill,8,145,133,0,18,0,1
prefill,8,146,134,0,18,0,1
prefill,8,147,135,0,18,0,1
prefill,8,148,136,0,18,0,1
prefill,8,149,137,0,18,0,1
prefill,8,150,138,0,18,0,1
prefill,8,151,139,0,18,0,1
prefill,8,152,140,0,18,0,1
prefill,8,153,143,0,18,0,1
prefill,8,154,144,0,18,0,1
prefill,8,155,145,0,18,0,1
prefill,8,156,146,0,18,0,1
prefill,8,157,147,0,18,0,1
prefill,8,158,148,0,18,0,1
prefill,8,159,149,0,18,0,1
prefill,8,160,150,0,18,0,1
prefill,8,161,151,0,18,0,1
prefill,8,162,152,0,18,0,1
prefill,8,163,153,0,18,0,1
prefill,8,164,154,0,18,0,1
prefill,8,165,155,0,18,0,1
prefill,8,166,156,0,18,0,1
prefill,8,167,157,0,18,0,1
prefill,8,168,159,0,18,0,1
prefill,8,169,160,0,18,0,1
prefill,8,170,161,0,18,0,1
prefill,8,171,162,0,18,0,1
prefill,8,172,163,0,18,0,1
prefill,8,173,164,0,18,0,1
prefill,8,174,165,0,18,0,1
prefill,8,175,166,0,18,0,1
prefill,8,176,167,0,18,0,1
prefill,8,177,168,0,18,0,1
prefill,8,178,169,0,18,0,1
prefill,8,179,170,0,18,0,1
prefill,8,180,171,0,18,0,1
prefill,8,181,172,0,18,0,1
prefill,8,182,173,0,18,0,1
prefill,8,183,174,0,18,0,1
prefill,8,184,175,0,18,0,1
prefill,8,185,176,0,18,0,1
prefill,8,186,177,0,18,0,1
prefill,8,187,178,0,18,0,1
prefill,8,188,179,0,18,0,1
prefill,8,189,180,0,18,0,1
prefill,8,190,181,0,18,0,1
prefill,8,191,182,0,18,0,1
prefill,8,192,183,0,18,0,1
prefill,8,193,184,0,18,0,1
prefill,8,194,185,0,18,0,1
prefill,8,195,187,0,18,0,1
prefill,8,196,188,0,18,0,1
prefill,8,197,189,0,18,0,1
prefill,8,198,190,0,18,0,1
prefill,8,199,191,0,18,0,1
prefill,8,200,193,0,18,0,1
prefill,8,201,195,0,18,0,1
prefill,8,202,196,0,18,0,1
prefill,8,203,197,0,18,0,1
prefill,8,204,198,0,18,0,1
prefill,8,205,199,0,18,0,1
prefill,8,206,200,0,18,0,1
prefill,8,207,201,0,18,0,1
prefill,8,208,202,0,18,0,1
prefill,8,209,203,0,18,0,1
prefill,8,210,204,0,18,0,1
prefill,8,211,205,0,18,0,1
prefill,8,212,206,0,18,0,1
prefill,8,213,207,0,18,0,1
prefill,8,214,210,0,18,0,1
prefill,8,215,211,0,18,0,1
prefill,8,216,212,0,18,0,1
prefill,8,217,213,0,18,0,1
prefill,8,218,214,0,18,0,1
prefill,8,219,215,0,18,0,1
prefill,8,220,216,0,18,0,1
prefill,8,221,217,0,18,0,1
prefill,8,222,218,0,18,0,1
prefill,8,223,220,0,18,0,1
prefill,8,224,221,0,18,0,1
prefill,8,225,222,0,18,0,1
prefill,8,226,223,0,18,0,1
prefill,8,227,224,0,18,0,1
prefill,8,228,225,0,18,0,1
prefill,8,229,226,0,18,0,1
prefill,8,230,227,0,18,0,1
prefill,8,231,228,0,18,0,1
prefill,8,232,229,0,18,0,1
prefill,8,233,230,0,18,0,1
prefill,8,234,231,0,18,0,1
prefill,8,235,232,0,18,0,1
prefill,8,236,233,0,18,0,1
prefill,8,237,234,0,18,0,1
prefill,8,238,235,0,18,0,1
prefill,8,239,236,0,18,0,1
prefill,8,240,237,0,18,0,1
prefill,8,241,238,0,18,0,1
prefill,8,242,239,0,18,0,1
prefill,8,243,240,0,18,0,1
prefill,8,244,242,0,18,0,1
prefill,8,245,243,0,18,0,1
prefill,8,246,244,0,18,0,1
prefill,8,247,245,0,18,0,1
prefill,8,248,246,0,18,0,1
prefill,8,249,247,0,18,0,1
prefill,8,250,248,0,18,0,1
prefill,8,251,249,0,18,0,1
prefill,8,252,250,0,18,0,1
prefill,8,253,251,0,18,0,1
prefill,8,254,252,0,18,0,1
prefill,8,255,253,0,18,0,1
prefill,8,256,255,0,18,0,1
prefill,9,1,15,1,18,0.0555555555555556,0.0555555555555556
prefill,9,2,20,1,18,0.0555555555555556,0.111111111111111
prefill,9,3,27,1,18,0.0555555555555556,0.166666666666667
prefill,9,4,34,1,18,0.0555555555555556,0.222222222222222
prefill,9,5,40,1,18,0.0555555555555556,0.277777777777778
prefill,9,6,68,1,18,0.0555555555555556,0.333333333333333
prefill,9,7,72,1,18,0.0555555555555556,0.388888888888889
prefill,9,8,101,1,18,0.0555555555555556,0.444444444444445
prefill,9,9,105,1,18,0.0555555555555556,0.5
prefill,9,10,114,1,18,0.0555555555555556,0.555555555555556
prefill,9,11,132,1,18,0.0555555555555556,0.611111111111111
prefill,9,12,150,1,18,0.0555555555555556,0.666666666666667
prefill,9,13,197,1,18,0.0555555555555556,0.722222222222222
prefill,9,14,198,1,18,0.0555555555555556,0.777777777777778
prefill,9,15,211,1,18,0.0555555555555556,0.833333333333334
prefill,9,16,228,1,18,0.0555555555555556,0.888888888888889
prefill,9,17,232,1,18,0.0555555555555556,0.944444444444445
prefill,9,18,237,1,18,0.0555555555555556,1
prefill,9,19,0,0,18,0,1
prefill,9,20,1,0,18,0,1
prefill,9,21,2,0,18,0,1
prefill,9,22,3,0,18,0,1
prefill,9,23,4,0,18,0,1
prefill,9,24,5,0,18,0,1
prefill,9,25,6,0,18,0,1
prefill,9,26,7,0,18,0,1
prefill,9,27,8,0,18,0,1
prefill,9,28,9,0,18,0,1
prefill,9,29,10,0,18,0,1
prefill,9,30,11,0,18,0,1
prefill,9,31,12,0,18,0,1
prefill,9,32,13,0,18,0,1
prefill,9,33,14,0,18,0,1
prefill,9,34,16,0,18,0,1
prefill,9,35,17,0,18,0,1
prefill,9,36,18,0,18,0,1
prefill,9,37,19,0,18,0,1
prefill,9,38,21,0,18,0,1
prefill,9,39,22,0,18,0,1
prefill,9,40,23,0,18,0,1
prefill,9,41,24,0,18,0,1
prefill,9,42,25,0,18,0,1
prefill,9,43,26,0,18,0,1
prefill,9,44,28,0,18,0,1
prefill,9,45,29,0,18,0,1
prefill,9,46,30,0,18,0,1
prefill,9,47,31,0,18,0,1
prefill,9,48,32,0,18,0,1
prefill,9,49,33,0,18,0,1
prefill,9,50,35,0,18,0,1
prefill,9,51,36,0,18,0,1
prefill,9,52,37,0,18,0,1
prefill,9,53,38,0,18,0,1
prefill,9,54,39,0,18,0,1
prefill,9,55,41,0,18,0,1
prefill,9,56,42,0,18,0,1
prefill,9,57,43,0,18,0,1
prefill,9,58,44,0,18,0,1
prefill,9,59,45,0,18,0,1
prefill,9,60,46,0,18,0,1
prefill,9,61,47,0,18,0,1
prefill,9,62,48,0,18,0,1
prefill,9,63,49,0,18,0,1
prefill,9,64,50,0,18,0,1
prefill,9,65,51,0,18,0,1
prefill,9,66,52,0,18,0,1
prefill,9,67,53,0,18,0,1
prefill,9,68,54,0,18,0,1
prefill,9,69,55,0,18,0,1
prefill,9,70,56,0,18,0,1
prefill,9,71,57,0,18,0,1
prefill,9,72,58,0,18,0,1
prefill,9,73,59,0,18,0,1
prefill,9,74,60,0,18,0,1
prefill,9,75,61,0,18,0,1
prefill,9,76,62,0,18,0,1
prefill,9,77,63,0,18,0,1
prefill,9,78,64,0,18,0,1
prefill,9,79,65,0,18,0,1
prefill,9,80,66,0,18,0,1
prefill,9,81,67,0,18,0,1
prefill,9,82,69,0,18,0,1
prefill,9,83,70,0,18,0,1
prefill,9,84,71,0,18,0,1
prefill,9,85,73,0,18,0,1
prefill,9,86,74,0,18,0,1
prefill,9,87,75,0,18,0,1
prefill,9,88,76,0,18,0,1
prefill,9,89,77,0,18,0,1
prefill,9,90,78,0,18,0,1
prefill,9,91,79,0,18,0,1
prefill,9,92,80,0,18,0,1
prefill,9,93,81,0,18,0,1
prefill,9,94,82,0,18,0,1
prefill,9,95,83,0,18,0,1
prefill,9,96,84,0,18,0,1
prefill,9,97,85,0,18,0,1
prefill,9,98,86,0,18,0,1
prefill,9,99,87,0,18,0,1
prefill,9,100,88,0,18,0,1
prefill,9,101,89,0,18,0,1
prefill,9,102,90,0,18,0,1
prefill,9,103,91,0,18,0,1
prefill,9,104,92,0,18,0,1
prefill,9,105,93,0,18,0,1
prefill,9,106,94,0,18,0,1
prefill,9,107,95,0,18,0,1
prefill,9,108,96,0,18,0,1
prefill,9,109,97,0,18,0,1
prefill,9,110,98,0,18,0,1
prefill,9,111,99,0,18,0,1
prefill,9,112,100,0,18,0,1
prefill,9,113,102,0,18,0,1
prefill,9,114,103,0,18,0,1
prefill,9,115,104,0,18,0,1
prefill,9,116,106,0,18,0,1
prefill,9,117,107,0,18,0,1
prefill,9,118,108,0,18,0,1
prefill,9,119,109,0,18,0,1
prefill,9,120,110,0,18,0,1
prefill,9,121,111,0,18,0,1
prefill,9,122,112,0,18,0,1
prefill,9,123,113,0,18,0,1
prefill,9,124,115,0,18,0,1
prefill,9,125,116,0,18,0,1
prefill,9,126,117,0,18,0,1
prefill,9,127,118,0,18,0,1
prefill,9,128,119,0,18,0,1
prefill,9,129,120,0,18,0,1
prefill,9,130,121,0,18,0,1
prefill,9,131,122,0,18,0,1
prefill,9,132,123,0,18,0,1
prefill,9,133,124,0,18,0,1
prefill,9,134,125,0,18,0,1
prefill,9,135,126,0,18,0,1
prefill,9,136,127,0,18,0,1
prefill,9,137,128,0,18,0,1
prefill,9,138,129,0,18,0,1
prefill,9,139,130,0,18,0,1
prefill,9,140,131,0,18,0,1
prefill,9,141,133,0,18,0,1
prefill,9,142,134,0,18,0,1
prefill,9,143,135,0,18,0,1
prefill,9,144,136,0,18,0,1
prefill,9,145,137,0,18,0,1
prefill,9,146,138,0,18,0,1
prefill,9,147,139,0,18,0,1
prefill,9,148,140,0,18,0,1
prefill,9,149,141,0,18,0,1
prefill,9,150,142,0,18,0,1
prefill,9,151,143,0,18,0,1
prefill,9,152,144,0,18,0,1
prefill,9,153,145,0,18,0,1
prefill,9,154,146,0,18,0,1
prefill,9,155,147,0,18,0,1
prefill,9,156,148,0,18,0,1
prefill,9,157,149,0,18,0,1
prefill,9,158,151,0,18,0,1
prefill,9,159,152,0,18,0,1
prefill,9,160,153,0,18,0,1
prefill,9,161,154,0,18,0,1
prefill,9,162,155,0,18,0,1
prefill,9,163,156,0,18,0,1
prefill,9,164,157,0,18,0,1
prefill,9,165,158,0,18,0,1
prefill,9,166,159,0,18,0,1
prefill,9,167,160,0,18,0,1
prefill,9,168,161,0,18,0,1
prefill,9,169,162,0,18,0,1
prefill,9,170,163,0,18,0,1
prefill,9,171,164,0,18,0,1
prefill,9,172,165,0,18,0,1
prefill,9,173,166,0,18,0,1
prefill,9,174,167,0,18,0,1
prefill,9,175,168,0,18,0,1
prefill,9,176,169,0,18,0,1
prefill,9,177,170,0,18,0,1
prefill,9,178,171,0,18,0,1
prefill,9,179,172,0,18,0,1
prefill,9,180,173,0,18,0,1
prefill,9,181,174,0,18,0,1
prefill,9,182,175,0,18,0,1
prefill,9,183,176,0,18,0,1
prefill,9,184,177,0,18,0,1
prefill,9,185,178,0,18,0,1
prefill,9,186,179,0,18,0,1
prefill,9,187,180,0,18,0,1
prefill,9,188,181,0,18,0,1
prefill,9,189,182,0,18,0,1
prefill,9,190,183,0,18,0,1
prefill,9,191,184,0,18,0,1
prefill,9,192,185,0,18,0,1
prefill,9,193,186,0,18,0,1
prefill,9,194,187,0,18,0,1
prefill,9,195,188,0,18,0,1
prefill,9,196,189,0,18,0,1
prefill,9,197,190,0,18,0,1
prefill,9,198,191,0,18,0,1
prefill,9,199,192,0,18,0,1
prefill,9,200,193,0,18,0,1
prefill,9,201,194,0,18,0,1
prefill,9,202,195,0,18,0,1
prefill,9,203,196,0,18,0,1
prefill,9,204,199,0,18,0,1
prefill,9,205,200,0,18,0,1
prefill,9,206,201,0,18,0,1
prefill,9,207,202,0,18,0,1
prefill,9,208,203,0,18,0,1
prefill,9,209,204,0,18,0,1
prefill,9,210,205,0,18,0,1
prefill,9,211,206,0,18,0,1
prefill,9,212,207,0,18,0,1
prefill,9,213,208,0,18,0,1
prefill,9,214,209,0,18,0,1
prefill,9,215,210,0,18,0,1
prefill,9,216,212,0,18,0,1
prefill,9,217,213,0,18,0,1
prefill,9,218,214,0,18,0,1
prefill,9,219,215,0,18,0,1
prefill,9,220,216,0,18,0,1
prefill,9,221,217,0,18,0,1
prefill,9,222,218,0,18,0,1
prefill,9,223,219,0,18,0,1
prefill,9,224,220,0,18,0,1
prefill,9,225,221,0,18,0,1
prefill,9,226,222,0,18,0,1
prefill,9,227,223,0,18,0,1
prefill,9,228,224,0,18,0,1
prefill,9,229,225,0,18,0,1
prefill,9,230,226,0,18,0,1
prefill,9,231,227,0,18,0,1
prefill,9,232,229,0,18,0,1
prefill,9,233,230,0,18,0,1
prefill,9,234,231,0,18,0,1
prefill,9,235,233,0,18,0,1
prefill,9,236,234,0,18,0,1
prefill,9,237,235,0,18,0,1
prefill,9,238,236,0,18,0,1
prefill,9,239,238,0,18,0,1
prefill,9,240,239,0,18,0,1
prefill,9,241,240,0,18,0,1
prefill,9,242,241,0,18,0,1
prefill,9,243,242,0,18,0,1
prefill,9,244,243,0,18,0,1
prefill,9,245,244,0,18,0,1
prefill,9,246,245,0,18,0,1
prefill,9,247,246,0,18,0,1
prefill,9,248,247,0,18,0,1
prefill,9,249,248,0,18,0,1
prefill,9,250,249,0,18,0,1
prefill,9,251,250,0,18,0,1
prefill,9,252,251,0,18,0,1
prefill,9,253,252,0,18,0,1
prefill,9,254,253,0,18,0,1
prefill,9,255,254,0,18,0,1
prefill,9,256,255,0,18,0,1
prefill,10,1,89,2,18,0.111111111111111,0.111111111111111
prefill,10,2,241,2,18,0.111111111111111,0.222222222222222
prefill,10,3,8,1,18,0.0555555555555556,0.277777777777778
prefill,10,4,14,1,18,0.0555555555555556,0.333333333333333
prefill,10,5,16,1,18,0.0555555555555556,0.388888888888889
prefill,10,6,32,1,18,0.0555555555555556,0.444444444444445
prefill,10,7,62,1,18,0.0555555555555556,0.5
prefill,10,8,66,1,18,0.0555555555555556,0.555555555555556
prefill,10,9,80,1,18,0.0555555555555556,0.611111111111111
prefill,10,10,92,1,18,0.0555555555555556,0.666666666666667
prefill,10,11,93,1,18,0.0555555555555556,0.722222222222222
prefill,10,12,100,1,18,0.0555555555555556,0.777777777777778
prefill,10,13,116,1,18,0.0555555555555556,0.833333333333334
prefill,10,14,186,1,18,0.0555555555555556,0.888888888888889
prefill,10,15,218,1,18,0.0555555555555556,0.944444444444445
prefill,10,16,244,1,18,0.0555555555555556,1
prefill,10,17,0,0,18,0,1
prefill,10,18,1,0,18,0,1
prefill,10,19,2,0,18,0,1
prefill,10,20,3,0,18,0,1
prefill,10,21,4,0,18,0,1
prefill,10,22,5,0,18,0,1
prefill,10,23,6,0,18,0,1
prefill,10,24,7,0,18,0,1
prefill,10,25,9,0,18,0,1
prefill,10,26,10,0,18,0,1
prefill,10,27,11,0,18,0,1
prefill,10,28,12,0,18,0,1
prefill,10,29,13,0,18,0,1
prefill,10,30,15,0,18,0,1
prefill,10,31,17,0,18,0,1
prefill,10,32,18,0,18,0,1
prefill,10,33,19,0,18,0,1
prefill,10,34,20,0,18,0,1
prefill,10,35,21,0,18,0,1
prefill,10,36,22,0,18,0,1
prefill,10,37,23,0,18,0,1
prefill,10,38,24,0,18,0,1
prefill,10,39,25,0,18,0,1
prefill,10,40,26,0,18,0,1
prefill,10,41,27,0,18,0,1
prefill,10,42,28,0,18,0,1
prefill,10,43,29,0,18,0,1
prefill,10,44,30,0,18,0,1
prefill,10,45,31,0,18,0,1
prefill,10,46,33,0,18,0,1
prefill,10,47,34,0,18,0,1
prefill,10,48,35,0,18,0,1
prefill,10,49,36,0,18,0,1
prefill,10,50,37,0,18,0,1
prefill,10,51,38,0,18,0,1
prefill,10,52,39,0,18,0,1
prefill,10,53,40,0,18,0,1
prefill,10,54,41,0,18,0,1
prefill,10,55,42,0,18,0,1
prefill,10,56,43,0,18,0,1
prefill,10,57,44,0,18,0,1
prefill,10,58,45,0,18,0,1
prefill,10,59,46,0,18,0,1
prefill,10,60,47,0,18,0,1
prefill,10,61,48,0,18,0,1
prefill,10,62,49,0,18,0,1
prefill,10,63,50,0,18,0,1
prefill,10,64,51,0,18,0,1
prefill,10,65,52,0,18,0,1
prefill,10,66,53,0,18,0,1
prefill,10,67,54,0,18,0,1
prefill,10,68,55,0,18,0,1
prefill,10,69,56,0,18,0,1
prefill,10,70,57,0,18,0,1
prefill,10,71,58,0,18,0,1
prefill,10,72,59,0,18,0,1
prefill,10,73,60,0,18,0,1
prefill,10,74,61,0,18,0,1
prefill,10,75,63,0,18,0,1
prefill,10,76,64,0,18,0,1
prefill,10,77,65,0,18,0,1
prefill,10,78,67,0,18,0,1
prefill,10,79,68,0,18,0,1
prefill,10,80,69,0,18,0,1
prefill,10,81,70,0,18,0,1
prefill,10,82,71,0,18,0,1
prefill,10,83,72,0,18,0,1
prefill,10,84,73,0,18,0,1
prefill,10,85,74,0,18,0,1
prefill,10,86,75,0,18,0,1
prefill,10,87,76,0,18,0,1
prefill,10,88,77,0,18,0,1
prefill,10,89,78,0,18,0,1
prefill,10,90,79,0,18,0,1
prefill,10,91,81,0,18,0,1
prefill,10,92,82,0,18,0,1
prefill,10,93,83,0,18,0,1
prefill,10,94,84,0,18,0,1
prefill,10,95,85,0,18,0,1
prefill,10,96,86,0,18,0,1
prefill,10,97,87,0,18,0,1
prefill,10,98,88,0,18,0,1
prefill,10,99,90,0,18,0,1
prefill,10,100,91,0,18,0,1
prefill,10,101,94,0,18,0,1
prefill,10,102,95,0,18,0,1
prefill,10,103,96,0,18,0,1
prefill,10,104,97,0,18,0,1
prefill,10,105,98,0,18,0,1
prefill,10,106,99,0,18,0,1
prefill,10,107,101,0,18,0,1
prefill,10,108,102,0,18,0,1
prefill,10,109,103,0,18,0,1
prefill,10,110,104,0,18,0,1
prefill,10,111,105,0,18,0,1
prefill,10,112,106,0,18,0,1
prefill,10,113,107,0,18,0,1
prefill,10,114,108,0,18,0,1
prefill,10,115,109,0,18,0,1
prefill,10,116,110,0,18,0,1
prefill,10,117,111,0,18,0,1
prefill,10,118,112,0,18,0,1
prefill,10,119,113,0,18,0,1
prefill,10,120,114,0,18,0,1
prefill,10,121,115,0,18,0,1
prefill,10,122,117,0,18,0,1
prefill,10,123,118,0,18,0,1
prefill,10,124,119,0,18,0,1
prefill,10,125,120,0,18,0,1
prefill,10,126,121,0,18,0,1
prefill,10,127,122,0,18,0,1
prefill,10,128,123,0,18,0,1
prefill,10,129,124,0,18,0,1
prefill,10,130,125,0,18,0,1
prefill,10,131,126,0,18,0,1
prefill,10,132,127,0,18,0,1
prefill,10,133,128,0,18,0,1
prefill,10,134,129,0,18,0,1
prefill,10,135,130,0,18,0,1
prefill,10,136,131,0,18,0,1
prefill,10,137,132,0,18,0,1
prefill,10,138,133,0,18,0,1
prefill,10,139,134,0,18,0,1
prefill,10,140,135,0,18,0,1
prefill,10,141,136,0,18,0,1
prefill,10,142,137,0,18,0,1
prefill,10,143,138,0,18,0,1
prefill,10,144,139,0,18,0,1
prefill,10,145,140,0,18,0,1
prefill,10,146,141,0,18,0,1
prefill,10,147,142,0,18,0,1
prefill,10,148,143,0,18,0,1
prefill,10,149,144,0,18,0,1
prefill,10,150,145,0,18,0,1
prefill,10,151,146,0,18,0,1
prefill,10,152,147,0,18,0,1
prefill,10,153,148,0,18,0,1
prefill,10,154,149,0,18,0,1
prefill,10,155,150,0,18,0,1
prefill,10,156,151,0,18,0,1
prefill,10,157,152,0,18,0,1
prefill,10,158,153,0,18,0,1
prefill,10,159,154,0,18,0,1
prefill,10,160,155,0,18,0,1
prefill,10,161,156,0,18,0,1
prefill,10,162,157,0,18,0,1
prefill,10,163,158,0,18,0,1
prefill,10,164,159,0,18,0,1
prefill,10,165,160,0,18,0,1
prefill,10,166,161,0,18,0,1
prefill,10,167,162,0,18,0,1
prefill,10,168,163,0,18,0,1
prefill,10,169,164,0,18,0,1
prefill,10,170,165,0,18,0,1
prefill,10,171,166,0,18,0,1
prefill,10,172,167,0,18,0,1
prefill,10,173,168,0,18,0,1
prefill,10,174,169,0,18,0,1
prefill,10,175,170,0,18,0,1
prefill,10,176,171,0,18,0,1
prefill,10,177,172,0,18,0,1
prefill,10,178,173,0,18,0,1
prefill,10,179,174,0,18,0,1
prefill,10,180,175,0,18,0,1
prefill,10,181,176,0,18,0,1
prefill,10,182,177,0,18,0,1
prefill,10,183,178,0,18,0,1
prefill,10,184,179,0,18,0,1
prefill,10,185,180,0,18,0,1
prefill,10,186,181,0,18,0,1
prefill,10,187,182,0,18,0,1
prefill,10,188,183,0,18,0,1
prefill,10,189,184,0,18,0,1
prefill,10,190,185,0,18,0,1
prefill,10,191,187,0,18,0,1
prefill,10,192,188,0,18,0,1
prefill,10,193,189,0,18,0,1
prefill,10,194,190,0,18,0,1
prefill,10,195,191,0,18,0,1
prefill,10,196,192,0,18,0,1
prefill,10,197,193,0,18,0,1
prefill,10,198,194,0,18,0,1
prefill,10,199,195,0,18,0,1
prefill,10,200,196,0,18,0,1
prefill,10,201,197,0,18,0,1
prefill,10,202,198,0,18,0,1
prefill,10,203,199,0,18,0,1
prefill,10,204,200,0,18,0,1
prefill,10,205,201,0,18,0,1
prefill,10,206,202,0,18,0,1
prefill,10,207,203,0,18,0,1
prefill,10,208,204,0,18,0,1
prefill,10,209,205,0,18,0,1
prefill,10,210,206,0,18,0,1
prefill,10,211,207,0,18,0,1
prefill,10,212,208,0,18,0,1
prefill,10,213,209,0,18,0,1
prefill,10,214,210,0,18,0,1
prefill,10,215,211,0,18,0,1
prefill,10,216,212,0,18,0,1
prefill,10,217,213,0,18,0,1
prefill,10,218,214,0,18,0,1
prefill,10,219,215,0,18,0,1
prefill,10,220,216,0,18,0,1
prefill,10,221,217,0,18,0,1
prefill,10,222,219,0,18,0,1
prefill,10,223,220,0,18,0,1
prefill,10,224,221,0,18,0,1
prefill,10,225,222,0,18,0,1
prefill,10,226,223,0,18,0,1
prefill,10,227,224,0,18,0,1
prefill,10,228,225,0,18,0,1
prefill,10,229,226,0,18,0,1
prefill,10,230,227,0,18,0,1
prefill,10,231,228,0,18,0,1
prefill,10,232,229,0,18,0,1
prefill,10,233,230,0,18,0,1
prefill,10,234,231,0,18,0,1
prefill,10,235,232,0,18,0,1
prefill,10,236,233,0,18,0,1
prefill,10,237,234,0,18,0,1
prefill,10,238,235,0,18,0,1
prefill,10,239,236,0,18,0,1
prefill,10,240,237,0,18,0,1
prefill,10,241,238,0,18,0,1
prefill,10,242,239,0,18,0,1
prefill,10,243,240,0,18,0,1
prefill,10,244,242,0,18,0,1
prefill,10,245,243,0,18,0,1
prefill,10,246,245,0,18,0,1
prefill,10,247,246,0,18,0,1
prefill,10,248,247,0,18,0,1
prefill,10,249,248,0,18,0,1
prefill,10,250,249,0,18,0,1
prefill,10,251,250,0,18,0,1
prefill,10,252,251,0,18,0,1
prefill,10,253,252,0,18,0,1
prefill,10,254,253,0,18,0,1
prefill,10,255,254,0,18,0,1
prefill,10,256,255,0,18,0,1
prefill,11,1,18,1,18,0.0555555555555556,0.0555555555555556
prefill,11,2,22,1,18,0.0555555555555556,0.111111111111111
prefill,11,3,35,1,18,0.0555555555555556,0.166666666666667
prefill,11,4,36,1,18,0.0555555555555556,0.222222222222222
prefill,11,5,53,1,18,0.0555555555555556,0.277777777777778
prefill,11,6,55,1,18,0.0555555555555556,0.333333333333333
prefill,11,7,78,1,18,0.0555555555555556,0.388888888888889
prefill,11,8,118,1,18,0.0555555555555556,0.444444444444445
prefill,11,9,136,1,18,0.0555555555555556,0.5
prefill,11,10,147,1,18,0.0555555555555556,0.555555555555556
prefill,11,11,157,1,18,0.0555555555555556,0.611111111111111
prefill,11,12,161,1,18,0.0555555555555556,0.666666666666667
prefill,11,13,176,1,18,0.0555555555555556,0.722222222222222
prefill,11,14,185,1,18,0.0555555555555556,0.777777777777778
prefill,11,15,194,1,18,0.0555555555555556,0.833333333333334
prefill,11,16,218,1,18,0.0555555555555556,0.888888888888889
prefill,11,17,222,1,18,0.0555555555555556,0.944444444444445
prefill,11,18,240,1,18,0.0555555555555556,1
prefill,11,19,0,0,18,0,1
prefill,11,20,1,0,18,0,1
prefill,11,21,2,0,18,0,1
prefill,11,22,3,0,18,0,1
prefill,11,23,4,0,18,0,1
prefill,11,24,5,0,18,0,1
prefill,11,25,6,0,18,0,1
prefill,11,26,7,0,18,0,1
prefill,11,27,8,0,18,0,1
prefill,11,28,9,0,18,0,1
prefill,11,29,10,0,18,0,1
prefill,11,30,11,0,18,0,1
prefill,11,31,12,0,18,0,1
prefill,11,32,13,0,18,0,1
prefill,11,33,14,0,18,0,1
prefill,11,34,15,0,18,0,1
prefill,11,35,16,0,18,0,1
prefill,11,36,17,0,18,0,1
prefill,11,37,19,0,18,0,1
prefill,11,38,20,0,18,0,1
prefill,11,39,21,0,18,0,1
prefill,11,40,23,0,18,0,1
prefill,11,41,24,0,18,0,1
prefill,11,42,25,0,18,0,1
prefill,11,43,26,0,18,0,1
prefill,11,44,27,0,18,0,1
prefill,11,45,28,0,18,0,1
prefill,11,46,29,0,18,0,1
prefill,11,47,30,0,18,0,1
prefill,11,48,31,0,18,0,1
prefill,11,49,32,0,18,0,1
prefill,11,50,33,0,18,0,1
prefill,11,51,34,0,18,0,1
prefill,11,52,37,0,18,0,1
prefill,11,53,38,0,18,0,1
prefill,11,54,39,0,18,0,1
prefill,11,55,40,0,18,0,1
prefill,11,56,41,0,18,0,1
prefill,11,57,42,0,18,0,1
prefill,11,58,43,0,18,0,1
prefill,11,59,44,0,18,0,1
prefill,11,60,45,0,18,0,1
prefill,11,61,46,0,18,0,1
prefill,11,62,47,0,18,0,1
prefill,11,63,48,0,18,0,1
prefill,11,64,49,0,18,0,1
prefill,11,65,50,0,18,0,1
prefill,11,66,51,0,18,0,1
prefill,11,67,52,0,18,0,1
prefill,11,68,54,0,18,0,1
prefill,11,69,56,0,18,0,1
prefill,11,70,57,0,18,0,1
prefill,11,71,58,0,18,0,1
prefill,11,72,59,0,18,0,1
prefill,11,73,60,0,18,0,1
prefill,11,74,61,0,18,0,1
prefill,11,75,62,0,18,0,1
prefill,11,76,63,0,18,0,1
prefill,11,77,64,0,18,0,1
prefill,11,78,65,0,18,0,1
prefill,11,79,66,0,18,0,1
prefill,11,80,67,0,18,0,1
prefill,11,81,68,0,18,0,1
prefill,11,82,69,0,18,0,1
prefill,11,83,70,0,18,0,1
prefill,11,84,71,0,18,0,1
prefill,11,85,72,0,18,0,1
prefill,11,86,73,0,18,0,1
prefill,11,87,74,0,18,0,1
prefill,11,88,75,0,18,0,1
prefill,11,89,76,0,18,0,1
prefill,11,90,77,0,18,0,1
prefill,11,91,79,0,18,0,1
prefill,11,92,80,0,18,0,1
prefill,11,93,81,0,18,0,1
prefill,11,94,82,0,18,0,1
prefill,11,95,83,0,18,0,1
prefill,11,96,84,0,18,0,1
prefill,11,97,85,0,18,0,1
prefill,11,98,86,0,18,0,1
prefill,11,99,87,0,18,0,1
prefill,11,100,88,0,18,0,1
prefill,11,101,89,0,18,0,1
prefill,11,102,90,0,18,0,1
prefill,11,103,91,0,18,0,1
prefill,11,104,92,0,18,0,1
prefill,11,105,93,0,18,0,1
prefill,11,106,94,0,18,0,1
prefill,11,107,95,0,18,0,1
prefill,11,108,96,0,18,0,1
prefill,11,109,97,0,18,0,1
prefill,11,110,98,0,18,0,1
prefill,11,111,99,0,18,0,1
prefill,11,112,100,0,18,0,1
prefill,11,113,101,0,18,0,1
prefill,11,114,102,0,18,0,1
prefill,11,115,103,0,18,0,1
prefill,11,116,104,0,18,0,1
prefill,11,117,105,0,18,0,1
prefill,11,118,106,0,18,0,1
prefill,11,119,107,0,18,0,1
prefill,11,120,108,0,18,0,1
prefill,11,121,109,0,18,0,1
prefill,11,122,110,0,18,0,1
prefill,11,123,111,0,18,0,1
prefill,11,124,112,0,18,0,1
prefill,11,125,113,0,18,0,1
prefill,11,126,114,0,18,0,1
prefill,11,127,115,0,18,0,1
prefill,11,128,116,0,18,0,1
prefill,11,129,117,0,18,0,1
prefill,11,130,119,0,18,0,1
prefill,11,131,120,0,18,0,1
prefill,11,132,121,0,18,0,1
prefill,11,133,122,0,18,0,1
prefill,11,134,123,0,18,0,1
prefill,11,135,124,0,18,0,1
prefill,11,136,125,0,18,0,1
prefill,11,137,126,0,18,0,1
prefill,11,138,127,0,18,0,1
prefill,11,139,128,0,18,0,1
prefill,11,140,129,0,18,0,1
prefill,11,141,130,0,18,0,1
prefill,11,142,131,0,18,0,1
prefill,11,143,132,0,18,0,1
prefill,11,144,133,0,18,0,1
prefill,11,145,134,0,18,0,1
prefill,11,146,135,0,18,0,1
prefill,11,147,137,0,18,0,1
prefill,11,148,138,0,18,0,1
prefill,11,149,139,0,18,0,1
prefill,11,150,140,0,18,0,1
prefill,11,151,141,0,18,0,1
prefill,11,152,142,0,18,0,1
prefill,11,153,143,0,18,0,1
prefill,11,154,144,0,18,0,1
prefill,11,155,145,0,18,0,1
prefill,11,156,146,0,18,0,1
prefill,11,157,148,0,18,0,1
prefill,11,158,149,0,18,0,1
prefill,11,159,150,0,18,0,1
prefill,11,160,151,0,18,0,1
prefill,11,161,152,0,18,0,1
prefill,11,162,153,0,18,0,1
prefill,11,163,154,0,18,0,1
prefill,11,164,155,0,18,0,1
prefill,11,165,156,0,18,0,1
prefill,11,166,158,0,18,0,1
prefill,11,167,159,0,18,0,1
prefill,11,168,160,0,18,0,1
prefill,11,169,162,0,18,0,1
prefill,11,170,163,0,18,0,1
prefill,11,171,164,0,18,0,1
prefill,11,172,165,0,18,0,1
prefill,11,173,166,0,18,0,1
prefill,11,174,167,0,18,0,1
prefill,11,175,168,0,18,0,1
prefill,11,176,169,0,18,0,1
prefill,11,177,170,0,18,0,1
prefill,11,178,171,0,18,0,1
prefill,11,179,172,0,18,0,1
prefill,11,180,173,0,18,0,1
prefill,11,181,174,0,18,0,1
prefill,11,182,175,0,18,0,1
prefill,11,183,177,0,18,0,1
prefill,11,184,178,0,18,0,1
prefill,11,185,179,0,18,0,1
prefill,11,186,180,0,18,0,1
prefill,11,187,181,0,18,0,1
prefill,11,188,182,0,18,0,1
prefill,11,189,183,0,18,0,1
prefill,11,190,184,0,18,0,1
prefill,11,191,186,0,18,0,1
prefill,11,192,187,0,18,0,1
prefill,11,193,188,0,18,0,1
prefill,11,194,189,0,18,0,1
prefill,11,195,190,0,18,0,1
prefill,11,196,191,0,18,0,1
prefill,11,197,192,0,18,0,1
prefill,11,198,193,0,18,0,1
prefill,11,199,195,0,18,0,1
prefill,11,200,196,0,18,0,1
prefill,11,201,197,0,18,0,1
prefill,11,202,198,0,18,0,1
prefill,11,203,199,0,18,0,1
prefill,11,204,200,0,18,0,1
prefill,11,205,201,0,18,0,1
prefill,11,206,202,0,18,0,1
prefill,11,207,203,0,18,0,1
prefill,11,208,204,0,18,0,1
prefill,11,209,205,0,18,0,1
prefill,11,210,206,0,18,0,1
prefill,11,211,207,0,18,0,1
prefill,11,212,208,0,18,0,1
prefill,11,213,209,0,18,0,1
prefill,11,214,210,0,18,0,1
prefill,11,215,211,0,18,0,1
prefill,11,216,212,0,18,0,1
prefill,11,217,213,0,18,0,1
prefill,11,218,214,0,18,0,1
prefill,11,219,215,0,18,0,1
prefill,11,220,216,0,18,0,1
prefill,11,221,217,0,18,0,1
prefill,11,222,219,0,18,0,1
prefill,11,223,220,0,18,0,1
prefill,11,224,221,0,18,0,1
prefill,11,225,223,0,18,0,1
prefill,11,226,224,0,18,0,1
prefill,11,227,225,0,18,0,1
prefill,11,228,226,0,18,0,1
prefill,11,229,227,0,18,0,1
prefill,11,230,228,0,18,0,1
prefill,11,231,229,0,18,0,1
prefill,11,232,230,0,18,0,1
prefill,11,233,231,0,18,0,1
prefill,11,234,232,0,18,0,1
prefill,11,235,233,0,18,0,1
prefill,11,236,234,0,18,0,1
prefill,11,237,235,0,18,0,1
prefill,11,238,236,0,18,0,1
prefill,11,239,237,0,18,0,1
prefill,11,240,238,0,18,0,1
prefill,11,241,239,0,18,0,1
prefill,11,242,241,0,18,0,1
prefill,11,243,242,0,18,0,1
prefill,11,244,243,0,18,0,1
prefill,11,245,244,0,18,0,1
prefill,11,246,245,0,18,0,1
prefill,11,247,246,0,18,0,1
prefill,11,248,247,0,18,0,1
prefill,11,249,248,0,18,0,1
prefill,11,250,249,0,18,0,1
prefill,11,251,250,0,18,0,1
prefill,11,252,251,0,18,0,1
prefill,11,253,252,0,18,0,1
prefill,11,254,253,0,18,0,1
prefill,11,255,254,0,18,0,1
prefill,11,256,255,0,18,0,1
prefill,12,1,154,2,18,0.111111111111111,0.111111111111111
prefill,12,2,19,1,18,0.0555555555555556,0.166666666666667
prefill,12,3,35,1,18,0.0555555555555556,0.222222222222222
prefill,12,4,43,1,18,0.0555555555555556,0.277777777777778
prefill,12,5,45,1,18,0.0555555555555556,0.333333333333333
prefill,12,6,47,1,18,0.0555555555555556,0.388888888888889
prefill,12,7,53,1,18,0.0555555555555556,0.444444444444445
prefill,12,8,80,1,18,0.0555555555555556,0.5
prefill,12,9,96,1,18,0.0555555555555556,0.555555555555556
prefill,12,10,119,1,18,0.0555555555555556,0.611111111111111
prefill,12,11,127,1,18,0.0555555555555556,0.666666666666667
prefill,12,12,151,1,18,0.0555555555555556,0.722222222222222
prefill,12,13,169,1,18,0.0555555555555556,0.777777777777778
prefill,12,14,229,1,18,0.0555555555555556,0.833333333333334
prefill,12,15,232,1,18,0.0555555555555556,0.888888888888889
prefill,12,16,238,1,18,0.0555555555555556,0.944444444444445
prefill,12,17,255,1,18,0.0555555555555556,1
prefill,12,18,0,0,18,0,1
prefill,12,19,1,0,18,0,1
prefill,12,20,2,0,18,0,1
prefill,12,21,3,0,18,0,1
prefill,12,22,4,0,18,0,1
prefill,12,23,5,0,18,0,1
prefill,12,24,6,0,18,0,1
prefill,12,25,7,0,18,0,1
prefill,12,26,8,0,18,0,1
prefill,12,27,9,0,18,0,1
prefill,12,28,10,0,18,0,1
prefill,12,29,11,0,18,0,1
prefill,12,30,12,0,18,0,1
prefill,12,31,13,0,18,0,1
prefill,12,32,14,0,18,0,1
prefill,12,33,15,0,18,0,1
prefill,12,34,16,0,18,0,1
prefill,12,35,17,0,18,0,1
prefill,12,36,18,0,18,0,1
prefill,12,37,20,0,18,0,1
prefill,12,38,21,0,18,0,1
prefill,12,39,22,0,18,0,1
prefill,12,40,23,0,18,0,1
prefill,12,41,24,0,18,0,1
prefill,12,42,25,0,18,0,1
prefill,12,43,26,0,18,0,1
prefill,12,44,27,0,18,0,1
prefill,12,45,28,0,18,0,1
prefill,12,46,29,0,18,0,1
prefill,12,47,30,0,18,0,1
prefill,12,48,31,0,18,0,1
prefill,12,49,32,0,18,0,1
prefill,12,50,33,0,18,0,1
prefill,12,51,34,0,18,0,1
prefill,12,52,36,0,18,0,1
prefill,12,53,37,0,18,0,1
prefill,12,54,38,0,18,0,1
prefill,12,55,39,0,18,0,1
prefill,12,56,40,0,18,0,1
prefill,12,57,41,0,18,0,1
prefill,12,58,42,0,18,0,1
prefill,12,59,44,0,18,0,1
prefill,12,60,46,0,18,0,1
prefill,12,61,48,0,18,0,1
prefill,12,62,49,0,18,0,1
prefill,12,63,50,0,18,0,1
prefill,12,64,51,0,18,0,1
prefill,12,65,52,0,18,0,1
prefill,12,66,54,0,18,0,1
prefill,12,67,55,0,18,0,1
prefill,12,68,56,0,18,0,1
prefill,12,69,57,0,18,0,1
prefill,12,70,58,0,18,0,1
prefill,12,71,59,0,18,0,1
prefill,12,72,60,0,18,0,1
prefill,12,73,61,0,18,0,1
prefill,12,74,62,0,18,0,1
prefill,12,75,63,0,18,0,1
prefill,12,76,64,0,18,0,1
prefill,12,77,65,0,18,0,1
prefill,12,78,66,0,18,0,1
prefill,12,79,67,0,18,0,1
prefill,12,80,68,0,18,0,1
prefill,12,81,69,0,18,0,1
prefill,12,82,70,0,18,0,1
prefill,12,83,71,0,18,0,1
prefill,12,84,72,0,18,0,1
prefill,12,85,73,0,18,0,1
prefill,12,86,74,0,18,0,1
prefill,12,87,75,0,18,0,1
prefill,12,88,76,0,18,0,1
prefill,12,89,77,0,18,0,1
prefill,12,90,78,0,18,0,1
prefill,12,91,79,0,18,0,1
prefill,12,92,81,0,18,0,1
prefill,12,93,82,0,18,0,1
prefill,12,94,83,0,18,0,1
prefill,12,95,84,0,18,0,1
prefill,12,96,85,0,18,0,1
prefill,12,97,86,0,18,0,1
prefill,12,98,87,0,18,0,1
prefill,12,99,88,0,18,0,1
prefill,12,100,89,0,18,0,1
prefill,12,101,90,0,18,0,1
prefill,12,102,91,0,18,0,1
prefill,12,103,92,0,18,0,1
prefill,12,104,93,0,18,0,1
prefill,12,105,94,0,18,0,1
prefill,12,106,95,0,18,0,1
prefill,12,107,97,0,18,0,1
prefill,12,108,98,0,18,0,1
prefill,12,109,99,0,18,0,1
prefill,12,110,100,0,18,0,1
prefill,12,111,101,0,18,0,1
prefill,12,112,102,0,18,0,1
prefill,12,113,103,0,18,0,1
prefill,12,114,104,0,18,0,1
prefill,12,115,105,0,18,0,1
prefill,12,116,106,0,18,0,1
prefill,12,117,107,0,18,0,1
prefill,12,118,108,0,18,0,1
prefill,12,119,109,0,18,0,1
prefill,12,120,110,0,18,0,1
prefill,12,121,111,0,18,0,1
prefill,12,122,112,0,18,0,1
prefill,12,123,113,0,18,0,1
prefill,12,124,114,0,18,0,1
prefill,12,125,115,0,18,0,1
prefill,12,126,116,0,18,0,1
prefill,12,127,117,0,18,0,1
prefill,12,128,118,0,18,0,1
prefill,12,129,120,0,18,0,1
prefill,12,130,121,0,18,0,1
prefill,12,131,122,0,18,0,1
prefill,12,132,123,0,18,0,1
prefill,12,133,124,0,18,0,1
prefill,12,134,125,0,18,0,1
prefill,12,135,126,0,18,0,1
prefill,12,136,128,0,18,0,1
prefill,12,137,129,0,18,0,1
prefill,12,138,130,0,18,0,1
prefill,12,139,131,0,18,0,1
prefill,12,140,132,0,18,0,1
prefill,12,141,133,0,18,0,1
prefill,12,142,134,0,18,0,1
prefill,12,143,135,0,18,0,1
prefill,12,144,136,0,18,0,1
prefill,12,145,137,0,18,0,1
prefill,12,146,138,0,18,0,1
prefill,12,147,139,0,18,0,1
prefill,12,148,140,0,18,0,1
prefill,12,149,141,0,18,0,1
prefill,12,150,142,0,18,0,1
prefill,12,151,143,0,18,0,1
prefill,12,152,144,0,18,0,1
prefill,12,153,145,0,18,0,1
prefill,12,154,146,0,18,0,1
prefill,12,155,147,0,18,0,1
prefill,12,156,148,0,18,0,1
prefill,12,157,149,0,18,0,1
prefill,12,158,150,0,18,0,1
prefill,12,159,152,0,18,0,1
prefill,12,160,153,0,18,0,1
prefill,12,161,155,0,18,0,1
prefill,12,162,156,0,18,0,1
prefill,12,163,157,0,18,0,1
prefill,12,164,158,0,18,0,1
prefill,12,165,159,0,18,0,1
prefill,12,166,160,0,18,0,1
prefill,12,167,161,0,18,0,1
prefill,12,168,162,0,18,0,1
prefill,12,169,163,0,18,0,1
prefill,12,170,164,0,18,0,1
prefill,12,171,165,0,18,0,1
prefill,12,172,166,0,18,0,1
prefill,12,173,167,0,18,0,1
prefill,12,174,168,0,18,0,1
prefill,12,175,170,0,18,0,1
prefill,12,176,171,0,18,0,1
prefill,12,177,172,0,18,0,1
prefill,12,178,173,0,18,0,1
prefill,12,179,174,0,18,0,1
prefill,12,180,175,0,18,0,1
prefill,12,181,176,0,18,0,1
prefill,12,182,177,0,18,0,1
prefill,12,183,178,0,18,0,1
prefill,12,184,179,0,18,0,1
prefill,12,185,180,0,18,0,1
prefill,12,186,181,0,18,0,1
prefill,12,187,182,0,18,0,1
prefill,12,188,183,0,18,0,1
prefill,12,189,184,0,18,0,1
prefill,12,190,185,0,18,0,1
prefill,12,191,186,0,18,0,1
prefill,12,192,187,0,18,0,1
prefill,12,193,188,0,18,0,1
prefill,12,194,189,0,18,0,1
prefill,12,195,190,0,18,0,1
prefill,12,196,191,0,18,0,1
prefill,12,197,192,0,18,0,1
prefill,12,198,193,0,18,0,1
prefill,12,199,194,0,18,0,1
prefill,12,200,195,0,18,0,1
prefill,12,201,196,0,18,0,1
prefill,12,202,197,0,18,0,1
prefill,12,203,198,0,18,0,1
prefill,12,204,199,0,18,0,1
prefill,12,205,200,0,18,0,1
prefill,12,206,201,0,18,0,1
prefill,12,207,202,0,18,0,1
prefill,12,208,203,0,18,0,1
prefill,12,209,204,0,18,0,1
prefill,12,210,205,0,18,0,1
prefill,12,211,206,0,18,0,1
prefill,12,212,207,0,18,0,1
prefill,12,213,208,0,18,0,1
prefill,12,214,209,0,18,0,1
prefill,12,215,210,0,18,0,1
prefill,12,216,211,0,18,0,1
prefill,12,217,212,0,18,0,1
prefill,12,218,213,0,18,0,1
prefill,12,219,214,0,18,0,1
prefill,12,220,215,0,18,0,1
prefill,12,221,216,0,18,0,1
prefill,12,222,217,0,18,0,1
prefill,12,223,218,0,18,0,1
prefill,12,224,219,0,18,0,1
prefill,12,225,220,0,18,0,1
prefill,12,226,221,0,18,0,1
prefill,12,227,222,0,18,0,1
prefill,12,228,223,0,18,0,1
prefill,12,229,224,0,18,0,1
prefill,12,230,225,0,18,0,1
prefill,12,231,226,0,18,0,1
prefill,12,232,227,0,18,0,1
prefill,12,233,228,0,18,0,1
prefill,12,234,230,0,18,0,1
prefill,12,235,231,0,18,0,1
prefill,12,236,233,0,18,0,1
prefill,12,237,234,0,18,0,1
prefill,12,238,235,0,18,0,1
prefill,12,239,236,0,18,0,1
prefill,12,240,237,0,18,0,1
prefill,12,241,239,0,18,0,1
prefill,12,242,240,0,18,0,1
prefill,12,243,241,0,18,0,1
prefill,12,244,242,0,18,0,1
prefill,12,245,243,0,18,0,1
prefill,12,246,244,0,18,0,1
prefill,12,247,245,0,18,0,1
prefill,12,248,246,0,18,0,1
prefill,12,249,247,0,18,0,1
prefill,12,250,248,0,18,0,1
prefill,12,251,249,0,18,0,1
prefill,12,252,250,0,18,0,1
prefill,12,253,251,0,18,0,1
prefill,12,254,252,0,18,0,1
prefill,12,255,253,0,18,0,1
prefill,12,256,254,0,18,0,1
prefill,13,1,62,2,18,0.111111111111111,0.111111111111111
prefill,13,2,4,1,18,0.0555555555555556,0.166666666666667
prefill,13,3,33,1,18,0.0555555555555556,0.222222222222222
prefill,13,4,39,1,18,0.0555555555555556,0.277777777777778
prefill,13,5,44,1,18,0.0555555555555556,0.333333333333333
prefill,13,6,72,1,18,0.0555555555555556,0.388888888888889
prefill,13,7,100,1,18,0.0555555555555556,0.444444444444445
prefill,13,8,107,1,18,0.0555555555555556,0.5
prefill,13,9,113,1,18,0.0555555555555556,0.555555555555556
prefill,13,10,129,1,18,0.0555555555555556,0.611111111111111
prefill,13,11,148,1,18,0.0555555555555556,0.666666666666667
prefill,13,12,165,1,18,0.0555555555555556,0.722222222222222
prefill,13,13,183,1,18,0.0555555555555556,0.777777777777778
prefill,13,14,206,1,18,0.0555555555555556,0.833333333333334
prefill,13,15,220,1,18,0.0555555555555556,0.888888888888889
prefill,13,16,228,1,18,0.0555555555555556,0.944444444444445
prefill,13,17,235,1,18,0.0555555555555556,1
prefill,13,18,0,0,18,0,1
prefill,13,19,1,0,18,0,1
prefill,13,20,2,0,18,0,1
prefill,13,21,3,0,18,0,1
prefill,13,22,5,0,18,0,1
prefill,13,23,6,0,18,0,1
prefill,13,24,7,0,18,0,1
prefill,13,25,8,0,18,0,1
prefill,13,26,9,0,18,0,1
prefill,13,27,10,0,18,0,1
prefill,13,28,11,0,18,0,1
prefill,13,29,12,0,18,0,1
prefill,13,30,13,0,18,0,1
prefill,13,31,14,0,18,0,1
prefill,13,32,15,0,18,0,1
prefill,13,33,16,0,18,0,1
prefill,13,34,17,0,18,0,1
prefill,13,35,18,0,18,0,1
prefill,13,36,19,0,18,0,1
prefill,13,37,20,0,18,0,1
prefill,13,38,21,0,18,0,1
prefill,13,39,22,0,18,0,1
prefill,13,40,23,0,18,0,1
prefill,13,41,24,0,18,0,1
prefill,13,42,25,0,18,0,1
prefill,13,43,26,0,18,0,1
prefill,13,44,27,0,18,0,1
prefill,13,45,28,0,18,0,1
prefill,13,46,29,0,18,0,1
prefill,13,47,30,0,18,0,1
prefill,13,48,31,0,18,0,1
prefill,13,49,32,0,18,0,1
prefill,13,50,34,0,18,0,1
prefill,13,51,35,0,18,0,1
prefill,13,52,36,0,18,0,1
prefill,13,53,37,0,18,0,1
prefill,13,54,38,0,18,0,1
prefill,13,55,40,0,18,0,1
prefill,13,56,41,0,18,0,1
prefill,13,57,42,0,18,0,1
prefill,13,58,43,0,18,0,1
prefill,13,59,45,0,18,0,1
prefill,13,60,46,0,18,0,1
prefill,13,61,47,0,18,0,1
prefill,13,62,48,0,18,0,1
prefill,13,63,49,0,18,0,1
prefill,13,64,50,0,18,0,1
prefill,13,65,51,0,18,0,1
prefill,13,66,52,0,18,0,1
prefill,13,67,53,0,18,0,1
prefill,13,68,54,0,18,0,1
prefill,13,69,55,0,18,0,1
prefill,13,70,56,0,18,0,1
prefill,13,71,57,0,18,0,1
prefill,13,72,58,0,18,0,1
prefill,13,73,59,0,18,0,1
prefill,13,74,60,0,18,0,1
prefill,13,75,61,0,18,0,1
prefill,13,76,63,0,18,0,1
prefill,13,77,64,0,18,0,1
prefill,13,78,65,0,18,0,1
prefill,13,79,66,0,18,0,1
prefill,13,80,67,0,18,0,1
prefill,13,81,68,0,18,0,1
prefill,13,82,69,0,18,0,1
prefill,13,83,70,0,18,0,1
prefill,13,84,71,0,18,0,1
prefill,13,85,73,0,18,0,1
prefill,13,86,74,0,18,0,1
prefill,13,87,75,0,18,0,1
prefill,13,88,76,0,18,0,1
prefill,13,89,77,0,18,0,1
prefill,13,90,78,0,18,0,1
prefill,13,91,79,0,18,0,1
prefill,13,92,80,0,18,0,1
prefill,13,93,81,0,18,0,1
prefill,13,94,82,0,18,0,1
prefill,13,95,83,0,18,0,1
prefill,13,96,84,0,18,0,1
prefill,13,97,85,0,18,0,1
prefill,13,98,86,0,18,0,1
prefill,13,99,87,0,18,0,1
prefill,13,100,88,0,18,0,1
prefill,13,101,89,0,18,0,1
prefill,13,102,90,0,18,0,1
prefill,13,103,91,0,18,0,1
prefill,13,104,92,0,18,0,1
prefill,13,105,93,0,18,0,1
prefill,13,106,94,0,18,0,1
prefill,13,107,95,0,18,0,1
prefill,13,108,96,0,18,0,1
prefill,13,109,97,0,18,0,1
prefill,13,110,98,0,18,0,1
prefill,13,111,99,0,18,0,1
prefill,13,112,101,0,18,0,1
prefill,13,113,102,0,18,0,1
prefill,13,114,103,0,18,0,1
prefill,13,115,104,0,18,0,1
prefill,13,116,105,0,18,0,1
prefill,13,117,106,0,18,0,1
prefill,13,118,108,0,18,0,1
prefill,13,119,109,0,18,0,1
prefill,13,120,110,0,18,0,1
prefill,13,121,111,0,18,0,1
prefill,13,122,112,0,18,0,1
prefill,13,123,114,0,18,0,1
prefill,13,124,115,0,18,0,1
prefill,13,125,116,0,18,0,1
prefill,13,126,117,0,18,0,1
prefill,13,127,118,0,18,0,1
prefill,13,128,119,0,18,0,1
prefill,13,129,120,0,18,0,1
prefill,13,130,121,0,18,0,1
prefill,13,131,122,0,18,0,1
prefill,13,132,123,0,18,0,1
prefill,13,133,124,0,18,0,1
prefill,13,134,125,0,18,0,1
prefill,13,135,126,0,18,0,1
prefill,13,136,127,0,18,0,1
prefill,13,137,128,0,18,0,1
prefill,13,138,130,0,18,0,1
prefill,13,139,131,0,18,0,1
prefill,13,140,132,0,18,0,1
prefill,13,141,133,0,18,0,1
prefill,13,142,134,0,18,0,1
prefill,13,143,135,0,18,0,1
prefill,13,144,136,0,18,0,1
prefill,13,145,137,0,18,0,1
prefill,13,146,138,0,18,0,1
prefill,13,147,139,0,18,0,1
prefill,13,148,140,0,18,0,1
prefill,13,149,141,0,18,0,1
prefill,13,150,142,0,18,0,1
prefill,13,151,143,0,18,0,1
prefill,13,152,144,0,18,0,1
prefill,13,153,145,0,18,0,1
prefill,13,154,146,0,18,0,1
prefill,13,155,147,0,18,0,1
prefill,13,156,149,0,18,0,1
prefill,13,157,150,0,18,0,1
prefill,13,158,151,0,18,0,1
prefill,13,159,152,0,18,0,1
prefill,13,160,153,0,18,0,1
prefill,13,161,154,0,18,0,1
prefill,13,162,155,0,18,0,1
prefill,13,163,156,0,18,0,1
prefill,13,164,157,0,18,0,1
prefill,13,165,158,0,18,0,1
prefill,13,166,159,0,18,0,1
prefill,13,167,160,0,18,0,1
prefill,13,168,161,0,18,0,1
prefill,13,169,162,0,18,0,1
prefill,13,170,163,0,18,0,1
prefill,13,171,164,0,18,0,1
prefill,13,172,166,0,18,0,1
prefill,13,173,167,0,18,0,1
prefill,13,174,168,0,18,0,1
prefill,13,175,169,0,18,0,1
prefill,13,176,170,0,18,0,1
prefill,13,177,171,0,18,0,1
prefill,13,178,172,0,18,0,1
prefill,13,179,173,0,18,0,1
prefill,13,180,174,0,18,0,1
prefill,13,181,175,0,18,0,1
prefill,13,182,176,0,18,0,1
prefill,13,183,177,0,18,0,1
prefill,13,184,178,0,18,0,1
prefill,13,185,179,0,18,0,1
prefill,13,186,180,0,18,0,1
prefill,13,187,181,0,18,0,1
prefill,13,188,182,0,18,0,1
prefill,13,189,184,0,18,0,1
prefill,13,190,185,0,18,0,1
prefill,13,191,186,0,18,0,1
prefill,13,192,187,0,18,0,1
prefill,13,193,188,0,18,0,1
prefill,13,194,189,0,18,0,1
prefill,13,195,190,0,18,0,1
prefill,13,196,191,0,18,0,1
prefill,13,197,192,0,18,0,1
prefill,13,198,193,0,18,0,1
prefill,13,199,194,0,18,0,1
prefill,13,200,195,0,18,0,1
prefill,13,201,196,0,18,0,1
prefill,13,202,197,0,18,0,1
prefill,13,203,198,0,18,0,1
prefill,13,204,199,0,18,0,1
prefill,13,205,200,0,18,0,1
prefill,13,206,201,0,18,0,1
prefill,13,207,202,0,18,0,1
prefill,13,208,203,0,18,0,1
prefill,13,209,204,0,18,0,1
prefill,13,210,205,0,18,0,1
prefill,13,211,207,0,18,0,1
prefill,13,212,208,0,18,0,1
prefill,13,213,209,0,18,0,1
prefill,13,214,210,0,18,0,1
prefill,13,215,211,0,18,0,1
prefill,13,216,212,0,18,0,1
prefill,13,217,213,0,18,0,1
prefill,13,218,214,0,18,0,1
prefill,13,219,215,0,18,0,1
prefill,13,220,216,0,18,0,1
prefill,13,221,217,0,18,0,1
prefill,13,222,218,0,18,0,1
prefill,13,223,219,0,18,0,1
prefill,13,224,221,0,18,0,1
prefill,13,225,222,0,18,0,1
prefill,13,226,223,0,18,0,1
prefill,13,227,224,0,18,0,1
prefill,13,228,225,0,18,0,1
prefill,13,229,226,0,18,0,1
prefill,13,230,227,0,18,0,1
prefill,13,231,229,0,18,0,1
prefill,13,232,230,0,18,0,1
prefill,13,233,231,0,18,0,1
prefill,13,234,232,0,18,0,1
prefill,13,235,233,0,18,0,1
prefill,13,236,234,0,18,0,1
prefill,13,237,236,0,18,0,1
prefill,13,238,237,0,18,0,1
prefill,13,239,238,0,18,0,1
prefill,13,240,239,0,18,0,1
prefill,13,241,240,0,18,0,1
prefill,13,242,241,0,18,0,1
prefill,13,243,242,0,18,0,1
prefill,13,244,243,0,18,0,1
prefill,13,245,244,0,18,0,1
prefill,13,246,245,0,18,0,1
prefill,13,247,246,0,18,0,1
prefill,13,248,247,0,18,0,1
prefill,13,249,248,0,18,0,1
prefill,13,250,249,0,18,0,1
prefill,13,251,250,0,18,0,1
prefill,13,252,251,0,18,0,1
prefill,13,253,252,0,18,0,1
prefill,13,254,253,0,18,0,1
prefill,13,255,254,0,18,0,1
prefill,13,256,255,0,18,0,1
prefill,14,1,21,2,18,0.111111111111111,0.111111111111111
prefill,14,2,14,1,18,0.0555555555555556,0.166666666666667
prefill,14,3,19,1,18,0.0555555555555556,0.222222222222222
prefill,14,4,22,1,18,0.0555555555555556,0.277777777777778
prefill,14,5,33,1,18,0.0555555555555556,0.333333333333333
prefill,14,6,39,1,18,0.0555555555555556,0.388888888888889
prefill,14,7,70,1,18,0.0555555555555556,0.444444444444445
prefill,14,8,128,1,18,0.0555555555555556,0.5
prefill,14,9,147,1,18,0.0555555555555556,0.555555555555556
prefill,14,10,164,1,18,0.0555555555555556,0.611111111111111
prefill,14,11,188,1,18,0.0555555555555556,0.666666666666667
prefill,14,12,189,1,18,0.0555555555555556,0.722222222222222
prefill,14,13,197,1,18,0.0555555555555556,0.777777777777778
prefill,14,14,224,1,18,0.0555555555555556,0.833333333333334
prefill,14,15,225,1,18,0.0555555555555556,0.888888888888889
prefill,14,16,229,1,18,0.0555555555555556,0.944444444444445
prefill,14,17,230,1,18,0.0555555555555556,1
prefill,14,18,0,0,18,0,1
prefill,14,19,1,0,18,0,1
prefill,14,20,2,0,18,0,1
prefill,14,21,3,0,18,0,1
prefill,14,22,4,0,18,0,1
prefill,14,23,5,0,18,0,1
prefill,14,24,6,0,18,0,1
prefill,14,25,7,0,18,0,1
prefill,14,26,8,0,18,0,1
prefill,14,27,9,0,18,0,1
prefill,14,28,10,0,18,0,1
prefill,14,29,11,0,18,0,1
prefill,14,30,12,0,18,0,1
prefill,14,31,13,0,18,0,1
prefill,14,32,15,0,18,0,1
prefill,14,33,16,0,18,0,1
prefill,14,34,17,0,18,0,1
prefill,14,35,18,0,18,0,1
prefill,14,36,20,0,18,0,1
prefill,14,37,23,0,18,0,1
prefill,14,38,24,0,18,0,1
prefill,14,39,25,0,18,0,1
prefill,14,40,26,0,18,0,1
prefill,14,41,27,0,18,0,1
prefill,14,42,28,0,18,0,1
prefill,14,43,29,0,18,0,1
prefill,14,44,30,0,18,0,1
prefill,14,45,31,0,18,0,1
prefill,14,46,32,0,18,0,1
prefill,14,47,34,0,18,0,1
prefill,14,48,35,0,18,0,1
prefill,14,49,36,0,18,0,1
prefill,14,50,37,0,18,0,1
prefill,14,51,38,0,18,0,1
prefill,14,52,40,0,18,0,1
prefill,14,53,41,0,18,0,1
prefill,14,54,42,0,18,0,1
prefill,14,55,43,0,18,0,1
prefill,14,56,44,0,18,0,1
prefill,14,57,45,0,18,0,1
prefill,14,58,46,0,18,0,1
prefill,14,59,47,0,18,0,1
prefill,14,60,48,0,18,0,1
prefill,14,61,49,0,18,0,1
prefill,14,62,50,0,18,0,1
prefill,14,63,51,0,18,0,1
prefill,14,64,52,0,18,0,1
prefill,14,65,53,0,18,0,1
prefill,14,66,54,0,18,0,1
prefill,14,67,55,0,18,0,1
prefill,14,68,56,0,18,0,1
prefill,14,69,57,0,18,0,1
prefill,14,70,58,0,18,0,1
prefill,14,71,59,0,18,0,1
prefill,14,72,60,0,18,0,1
prefill,14,73,61,0,18,0,1
prefill,14,74,62,0,18,0,1
prefill,14,75,63,0,18,0,1
prefill,14,76,64,0,18,0,1
prefill,14,77,65,0,18,0,1
prefill,14,78,66,0,18,0,1
prefill,14,79,67,0,18,0,1
prefill,14,80,68,0,18,0,1
prefill,14,81,69,0,18,0,1
prefill,14,82,71,0,18,0,1
prefill,14,83,72,0,18,0,1
prefill,14,84,73,0,18,0,1
prefill,14,85,74,0,18,0,1
prefill,14,86,75,0,18,0,1
prefill,14,87,76,0,18,0,1
prefill,14,88,77,0,18,0,1
prefill,14,89,78,0,18,0,1
prefill,14,90,79,0,18,0,1
prefill,14,91,80,0,18,0,1
prefill,14,92,81,0,18,0,1
prefill,14,93,82,0,18,0,1
prefill,14,94,83,0,18,0,1
prefill,14,95,84,0,18,0,1
prefill,14,96,85,0,18,0,1
prefill,14,97,86,0,18,0,1
prefill,14,98,87,0,18,0,1
prefill,14,99,88,0,18,0,1
prefill,14,100,89,0,18,0,1
prefill,14,101,90,0,18,0,1
prefill,14,102,91,0,18,0,1
prefill,14,103,92,0,18,0,1
prefill,14,104,93,0,18,0,1
prefill,14,105,94,0,18,0,1
prefill,14,106,95,0,18,0,1
prefill,14,107,96,0,18,0,1
prefill,14,108,97,0,18,0,1
prefill,14,109,98,0,18,0,1
prefill,14,110,99,0,18,0,1
prefill,14,111,100,0,18,0,1
prefill,14,112,101,0,18,0,1
prefill,14,113,102,0,18,0,1
prefill,14,114,103,0,18,0,1
prefill,14,115,104,0,18,0,1
prefill,14,116,105,0,18,0,1
prefill,14,117,106,0,18,0,1
prefill,14,118,107,0,18,0,1
prefill,14,119,108,0,18,0,1
prefill,14,120,109,0,18,0,1
prefill,14,121,110,0,18,0,1
prefill,14,122,111,0,18,0,1
prefill,14,123,112,0,18,0,1
prefill,14,124,113,0,18,0,1
prefill,14,125,114,0,18,0,1
prefill,14,126,115,0,18,0,1
prefill,14,127,116,0,18,0,1
prefill,14,128,117,0,18,0,1
prefill,14,129,118,0,18,0,1
prefill,14,130,119,0,18,0,1
prefill,14,131,120,0,18,0,1
prefill,14,132,121,0,18,0,1
prefill,14,133,122,0,18,0,1
prefill,14,134,123,0,18,0,1
prefill,14,135,124,0,18,0,1
prefill,14,136,125,0,18,0,1
prefill,14,137,126,0,18,0,1
prefill,14,138,127,0,18,0,1
prefill,14,139,129,0,18,0,1
prefill,14,140,130,0,18,0,1
prefill,14,141,131,0,18,0,1
prefill,14,142,132,0,18,0,1
prefill,14,143,133,0,18,0,1
prefill,14,144,134,0,18,0,1
prefill,14,145,135,0,18,0,1
prefill,14,146,136,0,18,0,1
prefill,14,147,137,0,18,0,1
prefill,14,148,138,0,18,0,1
prefill,14,149,139,0,18,0,1
prefill,14,150,140,0,18,0,1
prefill,14,151,141,0,18,0,1
prefill,14,152,142,0,18,0,1
prefill,14,153,143,0,18,0,1
prefill,14,154,144,0,18,0,1
prefill,14,155,145,0,18,0,1
prefill,14,156,146,0,18,0,1
prefill,14,157,148,0,18,0,1
prefill,14,158,149,0,18,0,1
prefill,14,159,150,0,18,0,1
prefill,14,160,151,0,18,0,1
prefill,14,161,152,0,18,0,1
prefill,14,162,153,0,18,0,1
prefill,14,163,154,0,18,0,1
prefill,14,164,155,0,18,0,1
prefill,14,165,156,0,18,0,1
prefill,14,166,157,0,18,0,1
prefill,14,167,158,0,18,0,1
prefill,14,168,159,0,18,0,1
prefill,14,169,160,0,18,0,1
prefill,14,170,161,0,18,0,1
prefill,14,171,162,0,18,0,1
prefill,14,172,163,0,18,0,1
prefill,14,173,165,0,18,0,1
prefill,14,174,166,0,18,0,1
prefill,14,175,167,0,18,0,1
prefill,14,176,168,0,18,0,1
prefill,14,177,169,0,18,0,1
prefill,14,178,170,0,18,0,1
prefill,14,179,171,0,18,0,1
prefill,14,180,172,0,18,0,1
prefill,14,181,173,0,18,0,1
prefill,14,182,174,0,18,0,1
prefill,14,183,175,0,18,0,1
prefill,14,184,176,0,18,0,1
prefill,14,185,177,0,18,0,1
prefill,14,186,178,0,18,0,1
prefill,14,187,179,0,18,0,1
prefill,14,188,180,0,18,0,1
prefill,14,189,181,0,18,0,1
prefill,14,190,182,0,18,0,1
prefill,14,191,183,0,18,0,1
prefill,14,192,184,0,18,0,1
prefill,14,193,185,0,18,0,1
prefill,14,194,186,0,18,0,1
prefill,14,195,187,0,18,0,1
prefill,14,196,190,0,18,0,1
prefill,14,197,191,0,18,0,1
prefill,14,198,192,0,18,0,1
prefill,14,199,193,0,18,0,1
prefill,14,200,194,0,18,0,1
prefill,14,201,195,0,18,0,1
prefill,14,202,196,0,18,0,1
prefill,14,203,198,0,18,0,1
prefill,14,204,199,0,18,0,1
prefill,14,205,200,0,18,0,1
prefill,14,206,201,0,18,0,1
prefill,14,207,202,0,18,0,1
prefill,14,208,203,0,18,0,1
prefill,14,209,204,0,18,0,1
prefill,14,210,205,0,18,0,1
prefill,14,211,206,0,18,0,1
prefill,14,212,207,0,18,0,1
prefill,14,213,208,0,18,0,1
prefill,14,214,209,0,18,0,1
prefill,14,215,210,0,18,0,1
prefill,14,216,211,0,18,0,1
prefill,14,217,212,0,18,0,1
prefill,14,218,213,0,18,0,1
prefill,14,219,214,0,18,0,1
prefill,14,220,215,0,18,0,1
prefill,14,221,216,0,18,0,1
prefill,14,222,217,0,18,0,1
prefill,14,223,218,0,18,0,1
prefill,14,224,219,0,18,0,1
prefill,14,225,220,0,18,0,1
prefill,14,226,221,0,18,0,1
prefill,14,227,222,0,18,0,1
prefill,14,228,223,0,18,0,1
prefill,14,229,226,0,18,0,1
prefill,14,230,227,0,18,0,1
prefill,14,231,228,0,18,0,1
prefill,14,232,231,0,18,0,1
prefill,14,233,232,0,18,0,1
prefill,14,234,233,0,18,0,1
prefill,14,235,234,0,18,0,1
prefill,14,236,235,0,18,0,1
prefill,14,237,236,0,18,0,1
prefill,14,238,237,0,18,0,1
prefill,14,239,238,0,18,0,1
prefill,14,240,239,0,18,0,1
prefill,14,241,240,0,18,0,1
prefill,14,242,241,0,18,0,1
prefill,14,243,242,0,18,0,1
prefill,14,244,243,0,18,0,1
prefill,14,245,244,0,18,0,1
prefill,14,246,245,0,18,0,1
prefill,14,247,246,0,18,0,1
prefill,14,248,247,0,18,0,1
prefill,14,249,248,0,18,0,1
prefill,14,250,249,0,18,0,1
prefill,14,251,250,0,18,0,1
prefill,14,252,251,0,18,0,1
prefill,14,253,252,0,18,0,1
prefill,14,254,253,0,18,0,1
prefill,14,255,254,0,18,0,1
prefill,14,256,255,0,18,0,1
prefill,15,1,242,2,18,0.111111111111111,0.111111111111111
prefill,15,2,4,1,18,0.0555555555555556,0.166666666666667
prefill,15,3,6,1,18,0.0555555555555556,0.222222222222222
prefill,15,4,42,1,18,0.0555555555555556,0.277777777777778
prefill,15,5,57,1,18,0.0555555555555556,0.333333333333333
prefill,15,6,88,1,18,0.0555555555555556,0.388888888888889
prefill,15,7,90,1,18,0.0555555555555556,0.444444444444445
prefill,15,8,121,1,18,0.0555555555555556,0.5
prefill,15,9,136,1,18,0.0555555555555556,0.555555555555556
prefill,15,10,157,1,18,0.0555555555555556,0.611111111111111
prefill,15,11,158,1,18,0.0555555555555556,0.666666666666667
prefill,15,12,172,1,18,0.0555555555555556,0.722222222222222
prefill,15,13,186,1,18,0.0555555555555556,0.777777777777778
prefill,15,14,207,1,18,0.0555555555555556,0.833333333333334
prefill,15,15,210,1,18,0.0555555555555556,0.888888888888889
prefill,15,16,240,1,18,0.0555555555555556,0.944444444444445
prefill,15,17,246,1,18,0.0555555555555556,1
prefill,15,18,0,0,18,0,1
prefill,15,19,1,0,18,0,1
prefill,15,20,2,0,18,0,1
prefill,15,21,3,0,18,0,1
prefill,15,22,5,0,18,0,1
prefill,15,23,7,0,18,0,1
prefill,15,24,8,0,18,0,1
prefill,15,25,9,0,18,0,1
prefill,15,26,10,0,18,0,1
prefill,15,27,11,0,18,0,1
prefill,15,28,12,0,18,0,1
prefill,15,29,13,0,18,0,1
prefill,15,30,14,0,18,0,1
prefill,15,31,15,0,18,0,1
prefill,15,32,16,0,18,0,1
prefill,15,33,17,0,18,0,1
prefill,15,34,18,0,18,0,1
prefill,15,35,19,0,18,0,1
prefill,15,36,20,0,18,0,1
prefill,15,37,21,0,18,0,1
prefill,15,38,22,0,18,0,1
prefill,15,39,23,0,18,0,1
prefill,15,40,24,0,18,0,1
prefill,15,41,25,0,18,0,1
prefill,15,42,26,0,18,0,1
prefill,15,43,27,0,18,0,1
prefill,15,44,28,0,18,0,1
prefill,15,45,29,0,18,0,1
prefill,15,46,30,0,18,0,1
prefill,15,47,31,0,18,0,1
prefill,15,48,32,0,18,0,1
prefill,15,49,33,0,18,0,1
prefill,15,50,34,0,18,0,1
prefill,15,51,35,0,18,0,1
prefill,15,52,36,0,18,0,1
prefill,15,53,37,0,18,0,1
prefill,15,54,38,0,18,0,1
prefill,15,55,39,0,18,0,1
prefill,15,56,40,0,18,0,1
prefill,15,57,41,0,18,0,1
prefill,15,58,43,0,18,0,1
prefill,15,59,44,0,18,0,1
prefill,15,60,45,0,18,0,1
prefill,15,61,46,0,18,0,1
prefill,15,62,47,0,18,0,1
prefill,15,63,48,0,18,0,1
prefill,15,64,49,0,18,0,1
prefill,15,65,50,0,18,0,1
prefill,15,66,51,0,18,0,1
prefill,15,67,52,0,18,0,1
prefill,15,68,53,0,18,0,1
prefill,15,69,54,0,18,0,1
prefill,15,70,55,0,18,0,1
prefill,15,71,56,0,18,0,1
prefill,15,72,58,0,18,0,1
prefill,15,73,59,0,18,0,1
prefill,15,74,60,0,18,0,1
prefill,15,75,61,0,18,0,1
prefill,15,76,62,0,18,0,1
prefill,15,77,63,0,18,0,1
prefill,15,78,64,0,18,0,1
prefill,15,79,65,0,18,0,1
prefill,15,80,66,0,18,0,1
prefill,15,81,67,0,18,0,1
prefill,15,82,68,0,18,0,1
prefill,15,83,69,0,18,0,1
prefill,15,84,70,0,18,0,1
prefill,15,85,71,0,18,0,1
prefill,15,86,72,0,18,0,1
prefill,15,87,73,0,18,0,1
prefill,15,88,74,0,18,0,1
prefill,15,89,75,0,18,0,1
prefill,15,90,76,0,18,0,1
prefill,15,91,77,0,18,0,1
prefill,15,92,78,0,18,0,1
prefill,15,93,79,0,18,0,1
prefill,15,94,80,0,18,0,1
prefill,15,95,81,0,18,0,1
prefill,15,96,82,0,18,0,1
prefill,15,97,83,0,18,0,1
prefill,15,98,84,0,18,0,1
prefill,15,99,85,0,18,0,1
prefill,15,100,86,0,18,0,1
prefill,15,101,87,0,18,0,1
prefill,15,102,89,0,18,0,1
prefill,15,103,91,0,18,0,1
prefill,15,104,92,0,18,0,1
prefill,15,105,93,0,18,0,1
prefill,15,106,94,0,18,0,1
prefill,15,107,95,0,18,0,1
prefill,15,108,96,0,18,0,1
prefill,15,109,97,0,18,0,1
prefill,15,110,98,0,18,0,1
prefill,15,111,99,0,18,0,1
prefill,15,112,100,0,18,0,1
prefill,15,113,101,0,18,0,1
prefill,15,114,102,0,18,0,1
prefill,15,115,103,0,18,0,1
prefill,15,116,104,0,18,0,1
prefill,15,117,105,0,18,0,1
prefill,15,118,106,0,18,0,1
prefill,15,119,107,0,18,0,1
prefill,15,120,108,0,18,0,1
prefill,15,121,109,0,18,0,1
prefill,15,122,110,0,18,0,1
prefill,15,123,111,0,18,0,1
prefill,15,124,112,0,18,0,1
prefill,15,125,113,0,18,0,1
prefill,15,126,114,0,18,0,1
prefill,15,127,115,0,18,0,1
prefill,15,128,116,0,18,0,1
prefill,15,129,117,0,18,0,1
prefill,15,130,118,0,18,0,1
prefill,15,131,119,0,18,0,1
prefill,15,132,120,0,18,0,1
prefill,15,133,122,0,18,0,1
prefill,15,134,123,0,18,0,1
prefill,15,135,124,0,18,0,1
prefill,15,136,125,0,18,0,1
prefill,15,137,126,0,18,0,1
prefill,15,138,127,0,18,0,1
prefill,15,139,128,0,18,0,1
prefill,15,140,129,0,18,0,1
prefill,15,141,130,0,18,0,1
prefill,15,142,131,0,18,0,1
prefill,15,143,132,0,18,0,1
prefill,15,144,133,0,18,0,1
prefill,15,145,134,0,18,0,1
prefill,15,146,135,0,18,0,1
prefill,15,147,137,0,18,0,1
prefill,15,148,138,0,18,0,1
prefill,15,149,139,0,18,0,1
prefill,15,150,140,0,18,0,1
prefill,15,151,141,0,18,0,1
prefill,15,152,142,0,18,0,1
prefill,15,153,143,0,18,0,1
prefill,15,154,144,0,18,0,1
prefill,15,155,145,0,18,0,1
prefill,15,156,146,0,18,0,1
prefill,15,157,147,0,18,0,1
prefill,15,158,148,0,18,0,1
prefill,15,159,149,0,18,0,1
prefill,15,160,150,0,18,0,1
prefill,15,161,151,0,18,0,1
prefill,15,162,152,0,18,0,1
prefill,15,163,153,0,18,0,1
prefill,15,164,154,0,18,0,1
prefill,15,165,155,0,18,0,1
prefill,15,166,156,0,18,0,1
prefill,15,167,159,0,18,0,1
prefill,15,168,160,0,18,0,1
prefill,15,169,161,0,18,0,1
prefill,15,170,162,0,18,0,1
prefill,15,171,163,0,18,0,1
prefill,15,172,164,0,18,0,1
prefill,15,173,165,0,18,0,1
prefill,15,174,166,0,18,0,1
prefill,15,175,167,0,18,0,1
prefill,15,176,168,0,18,0,1
prefill,15,177,169,0,18,0,1
prefill,15,178,170,0,18,0,1
prefill,15,179,171,0,18,0,1
prefill,15,180,173,0,18,0,1
prefill,15,181,174,0,18,0,1
prefill,15,182,175,0,18,0,1
prefill,15,183,176,0,18,0,1
prefill,15,184,177,0,18,0,1
prefill,15,185,178,0,18,0,1
prefill,15,186,179,0,18,0,1
prefill,15,187,180,0,18,0,1
prefill,15,188,181,0,18,0,1
prefill,15,189,182,0,18,0,1
prefill,15,190,183,0,18,0,1
prefill,15,191,184,0,18,0,1
prefill,15,192,185,0,18,0,1
prefill,15,193,187,0,18,0,1
prefill,15,194,188,0,18,0,1
prefill,15,195,189,0,18,0,1
prefill,15,196,190,0,18,0,1
prefill,15,197,191,0,18,0,1
prefill,15,198,192,0,18,0,1
prefill,15,199,193,0,18,0,1
prefill,15,200,194,0,18,0,1
prefill,15,201,195,0,18,0,1
prefill,15,202,196,0,18,0,1
prefill,15,203,197,0,18,0,1
prefill,15,204,198,0,18,0,1
prefill,15,205,199,0,18,0,1
prefill,15,206,200,0,18,0,1
prefill,15,207,201,0,18,0,1
prefill,15,208,202,0,18,0,1
prefill,15,209,203,0,18,0,1
prefill,15,210,204,0,18,0,1
prefill,15,211,205,0,18,0,1
prefill,15,212,206,0,18,0,1
prefill,15,213,208,0,18,0,1
prefill,15,214,209,0,18,0,1
prefill,15,215,211,0,18,0,1
prefill,15,216,212,0,18,0,1
prefill,15,217,213,0,18,0,1
prefill,15,218,214,0,18,0,1
prefill,15,219,215,0,18,0,1
prefill,15,220,216,0,18,0,1
prefill,15,221,217,0,18,0,1
prefill,15,222,218,0,18,0,1
prefill,15,223,219,0,18,0,1
prefill,15,224,220,0,18,0,1
prefill,15,225,221,0,18,0,1
prefill,15,226,222,0,18,0,1
prefill,15,227,223,0,18,0,1
prefill,15,228,224,0,18,0,1
prefill,15,229,225,0,18,0,1
prefill,15,230,226,0,18,0,1
prefill,15,231,227,0,18,0,1
prefill,15,232,228,0,18,0,1
prefill,15,233,229,0,18,0,1
prefill,15,234,230,0,18,0,1
prefill,15,235,231,0,18,0,1
prefill,15,236,232,0,18,0,1
prefill,15,237,233,0,18,0,1
prefill,15,238,234,0,18,0,1
prefill,15,239,235,0,18,0,1
prefill,15,240,236,0,18,0,1
prefill,15,241,237,0,18,0,1
prefill,15,242,238,0,18,0,1
prefill,15,243,239,0,18,0,1
prefill,15,244,241,0,18,0,1
prefill,15,245,243,0,18,0,1
prefill,15,246,244,0,18,0,1
prefill,15,247,245,0,18,0,1
prefill,15,248,247,0,18,0,1
prefill,15,249,248,0,18,0,1
prefill,15,250,249,0,18,0,1
prefill,15,251,250,0,18,0,1
prefill,15,252,251,0,18,0,1
prefill,15,253,252,0,18,0,1
prefill,15,254,253,0,18,0,1
prefill,15,255,254,0,18,0,1
prefill,15,256,255,0,18,0,1
prefill,16,1,205,2,18,0.111111111111111,0.111111111111111
prefill,16,2,2,1,18,0.0555555555555556,0.166666666666667
prefill,16,3,15,1,18,0.0555555555555556,0.222222222222222
prefill,16,4,32,1,18,0.0555555555555556,0.277777777777778
prefill,16,5,34,1,18,0.0555555555555556,0.333333333333333
prefill,16,6,51,1,18,0.0555555555555556,0.388888888888889
prefill,16,7,57,1,18,0.0555555555555556,0.444444444444445
prefill,16,8,76,1,18,0.0555555555555556,0.5
prefill,16,9,86,1,18,0.0555555555555556,0.555555555555556
prefill,16,10,155,1,18,0.0555555555555556,0.611111111111111
prefill,16,11,161,1,18,0.0555555555555556,0.666666666666667
prefill,16,12,165,1,18,0.0555555555555556,0.722222222222222
prefill,16,13,172,1,18,0.0555555555555556,0.777777777777778
prefill,16,14,175,1,18,0.0555555555555556,0.833333333333334
prefill,16,15,248,1,18,0.0555555555555556,0.888888888888889
prefill,16,16,250,1,18,0.0555555555555556,0.944444444444445
prefill,16,17,251,1,18,0.0555555555555556,1
prefill,16,18,0,0,18,0,1
prefill,16,19,1,0,18,0,1
prefill,16,20,3,0,18,0,1
prefill,16,21,4,0,18,0,1
prefill,16,22,5,0,18,0,1
prefill,16,23,6,0,18,0,1
prefill,16,24,7,0,18,0,1
prefill,16,25,8,0,18,0,1
prefill,16,26,9,0,18,0,1
prefill,16,27,10,0,18,0,1
prefill,16,28,11,0,18,0,1
prefill,16,29,12,0,18,0,1
prefill,16,30,13,0,18,0,1
prefill,16,31,14,0,18,0,1
prefill,16,32,16,0,18,0,1
prefill,16,33,17,0,18,0,1
prefill,16,34,18,0,18,0,1
prefill,16,35,19,0,18,0,1
prefill,16,36,20,0,18,0,1
prefill,16,37,21,0,18,0,1
prefill,16,38,22,0,18,0,1
prefill,16,39,23,0,18,0,1
prefill,16,40,24,0,18,0,1
prefill,16,41,25,0,18,0,1
prefill,16,42,26,0,18,0,1
prefill,16,43,27,0,18,0,1
prefill,16,44,28,0,18,0,1
prefill,16,45,29,0,18,0,1
prefill,16,46,30,0,18,0,1
prefill,16,47,31,0,18,0,1
prefill,16,48,33,0,18,0,1
prefill,16,49,35,0,18,0,1
prefill,16,50,36,0,18,0,1
prefill,16,51,37,0,18,0,1
prefill,16,52,38,0,18,0,1
prefill,16,53,39,0,18,0,1
prefill,16,54,40,0,18,0,1
prefill,16,55,41,0,18,0,1
prefill,16,56,42,0,18,0,1
prefill,16,57,43,0,18,0,1
prefill,16,58,44,0,18,0,1
prefill,16,59,45,0,18,0,1
prefill,16,60,46,0,18,0,1
prefill,16,61,47,0,18,0,1
prefill,16,62,48,0,18,0,1
prefill,16,63,49,0,18,0,1
prefill,16,64,50,0,18,0,1
prefill,16,65,52,0,18,0,1
prefill,16,66,53,0,18,0,1
prefill,16,67,54,0,18,0,1
prefill,16,68,55,0,18,0,1
prefill,16,69,56,0,18,0,1
prefill,16,70,58,0,18,0,1
prefill,16,71,59,0,18,0,1
prefill,16,72,60,0,18,0,1
prefill,16,73,61,0,18,0,1
prefill,16,74,62,0,18,0,1
prefill,16,75,63,0,18,0,1
prefill,16,76,64,0,18,0,1
prefill,16,77,65,0,18,0,1
prefill,16,78,66,0,18,0,1
prefill,16,79,67,0,18,0,1
prefill,16,80,68,0,18,0,1
prefill,16,81,69,0,18,0,1
prefill,16,82,70,0,18,0,1
prefill,16,83,71,0,18,0,1
prefill,16,84,72,0,18,0,1
prefill,16,85,73,0,18,0,1
prefill,16,86,74,0,18,0,1
prefill,16,87,75,0,18,0,1
prefill,16,88,77,0,18,0,1
prefill,16,89,78,0,18,0,1
prefill,16,90,79,0,18,0,1
prefill,16,91,80,0,18,0,1
prefill,16,92,81,0,18,0,1
prefill,16,93,82,0,18,0,1
prefill,16,94,83,0,18,0,1
prefill,16,95,84,0,18,0,1
prefill,16,96,85,0,18,0,1
prefill,16,97,87,0,18,0,1
prefill,16,98,88,0,18,0,1
prefill,16,99,89,0,18,0,1
prefill,16,100,90,0,18,0,1
prefill,16,101,91,0,18,0,1
prefill,16,102,92,0,18,0,1
prefill,16,103,93,0,18,0,1
prefill,16,104,94,0,18,0,1
prefill,16,105,95,0,18,0,1
prefill,16,106,96,0,18,0,1
prefill,16,107,97,0,18,0,1
prefill,16,108,98,0,18,0,1
prefill,16,109,99,0,18,0,1
prefill,16,110,100,0,18,0,1
prefill,16,111,101,0,18,0,1
prefill,16,112,102,0,18,0,1
prefill,16,113,103,0,18,0,1
prefill,16,114,104,0,18,0,1
prefill,16,115,105,0,18,0,1
prefill,16,116,106,0,18,0,1
prefill,16,117,107,0,18,0,1
prefill,16,118,108,0,18,0,1
prefill,16,119,109,0,18,0,1
prefill,16,120,110,0,18,0,1
prefill,16,121,111,0,18,0,1
prefill,16,122,112,0,18,0,1
prefill,16,123,113,0,18,0,1
prefill,16,124,114,0,18,0,1
prefill,16,125,115,0,18,0,1
prefill,16,126,116,0,18,0,1
prefill,16,127,117,0,18,0,1
prefill,16,128,118,0,18,0,1
prefill,16,129,119,0,18,0,1
prefill,16,130,120,0,18,0,1
prefill,16,131,121,0,18,0,1
prefill,16,132,122,0,18,0,1
prefill,16,133,123,0,18,0,1
prefill,16,134,124,0,18,0,1
prefill,16,135,125,0,18,0,1
prefill,16,136,126,0,18,0,1
prefill,16,137,127,0,18,0,1
prefill,16,138,128,0,18,0,1
prefill,16,139,129,0,18,0,1
prefill,16,140,130,0,18,0,1
prefill,16,141,131,0,18,0,1
prefill,16,142,132,0,18,0,1
prefill,16,143,133,0,18,0,1
prefill,16,144,134,0,18,0,1
prefill,16,145,135,0,18,0,1
prefill,16,146,136,0,18,0,1
prefill,16,147,137,0,18,0,1
prefill,16,148,138,0,18,0,1
prefill,16,149,139,0,18,0,1
prefill,16,150,140,0,18,0,1
prefill,16,151,141,0,18,0,1
prefill,16,152,142,0,18,0,1
prefill,16,153,143,0,18,0,1
prefill,16,154,144,0,18,0,1
prefill,16,155,145,0,18,0,1
prefill,16,156,146,0,18,0,1
prefill,16,157,147,0,18,0,1
prefill,16,158,148,0,18,0,1
prefill,16,159,149,0,18,0,1
prefill,16,160,150,0,18,0,1
prefill,16,161,151,0,18,0,1
prefill,16,162,152,0,18,0,1
prefill,16,163,153,0,18,0,1
prefill,16,164,154,0,18,0,1
prefill,16,165,156,0,18,0,1
prefill,16,166,157,0,18,0,1
prefill,16,167,158,0,18,0,1
prefill,16,168,159,0,18,0,1
prefill,16,169,160,0,18,0,1
prefill,16,170,162,0,18,0,1
prefill,16,171,163,0,18,0,1
prefill,16,172,164,0,18,0,1
prefill,16,173,166,0,18,0,1
prefill,16,174,167,0,18,0,1
prefill,16,175,168,0,18,0,1
prefill,16,176,169,0,18,0,1
prefill,16,177,170,0,18,0,1
prefill,16,178,171,0,18,0,1
prefill,16,179,173,0,18,0,1
prefill,16,180,174,0,18,0,1
prefill,16,181,176,0,18,0,1
prefill,16,182,177,0,18,0,1
prefill,16,183,178,0,18,0,1
prefill,16,184,179,0,18,0,1
prefill,16,185,180,0,18,0,1
prefill,16,186,181,0,18,0,1
prefill,16,187,182,0,18,0,1
prefill,16,188,183,0,18,0,1
prefill,16,189,184,0,18,0,1
prefill,16,190,185,0,18,0,1
prefill,16,191,186,0,18,0,1
prefill,16,192,187,0,18,0,1
prefill,16,193,188,0,18,0,1
prefill,16,194,189,0,18,0,1
prefill,16,195,190,0,18,0,1
prefill,16,196,191,0,18,0,1
prefill,16,197,192,0,18,0,1
prefill,16,198,193,0,18,0,1
prefill,16,199,194,0,18,0,1
prefill,16,200,195,0,18,0,1
prefill,16,201,196,0,18,0,1
prefill,16,202,197,0,18,0,1
prefill,16,203,198,0,18,0,1
prefill,16,204,199,0,18,0,1
prefill,16,205,200,0,18,0,1
prefill,16,206,201,0,18,0,1
prefill,16,207,202,0,18,0,1
prefill,16,208,203,0,18,0,1
prefill,16,209,204,0,18,0,1
prefill,16,210,206,0,18,0,1
prefill,16,211,207,0,18,0,1
prefill,16,212,208,0,18,0,1
prefill,16,213,209,0,18,0,1
prefill,16,214,210,0,18,0,1
prefill,16,215,211,0,18,0,1
prefill,16,216,212,0,18,0,1
prefill,16,217,213,0,18,0,1
prefill,16,218,214,0,18,0,1
prefill,16,219,215,0,18,0,1
prefill,16,220,216,0,18,0,1
prefill,16,221,217,0,18,0,1
prefill,16,222,218,0,18,0,1
prefill,16,223,219,0,18,0,1
prefill,16,224,220,0,18,0,1
prefill,16,225,221,0,18,0,1
prefill,16,226,222,0,18,0,1
prefill,16,227,223,0,18,0,1
prefill,16,228,224,0,18,0,1
prefill,16,229,225,0,18,0,1
prefill,16,230,226,0,18,0,1
prefill,16,231,227,0,18,0,1
prefill,16,232,228,0,18,0,1
prefill,16,233,229,0,18,0,1
prefill,16,234,230,0,18,0,1
prefill,16,235,231,0,18,0,1
prefill,16,236,232,0,18,0,1
prefill,16,237,233,0,18,0,1
prefill,16,238,234,0,18,0,1
prefill,16,239,235,0,18,0,1
prefill,16,240,236,0,18,0,1
prefill,16,241,237,0,18,0,1
prefill,16,242,238,0,18,0,1
prefill,16,243,239,0,18,0,1
prefill,16,244,240,0,18,0,1
prefill,16,245,241,0,18,0,1
prefill,16,246,242,0,18,0,1
prefill,16,247,243,0,18,0,1
prefill,16,248,244,0,18,0,1
prefill,16,249,245,0,18,0,1
prefill,16,250,246,0,18,0,1
prefill,16,251,247,0,18,0,1
prefill,16,252,249,0,18,0,1
prefill,16,253,252,0,18,0,1
prefill,16,254,253,0,18,0,1
prefill,16,255,254,0,18,0,1
prefill,16,256,255,0,18,0,1
prefill,17,1,68,2,18,0.111111111111111,0.111111111111111
prefill,17,2,113,2,18,0.111111111111111,0.222222222222222
prefill,17,3,146,2,18,0.111111111111111,0.333333333333333
prefill,17,4,181,2,18,0.111111111111111,0.444444444444444
prefill,17,5,5,1,18,0.0555555555555556,0.5
prefill,17,6,22,1,18,0.0555555555555556,0.555555555555556
prefill,17,7,29,1,18,0.0555555555555556,0.611111111111111
prefill,17,8,33,1,18,0.0555555555555556,0.666666666666667
prefill,17,9,53,1,18,0.0555555555555556,0.722222222222222
prefill,17,10,81,1,18,0.0555555555555556,0.777777777777778
prefill,17,11,182,1,18,0.0555555555555556,0.833333333333333
prefill,17,12,213,1,18,0.0555555555555556,0.888888888888889
prefill,17,13,228,1,18,0.0555555555555556,0.944444444444445
prefill,17,14,236,1,18,0.0555555555555556,1
prefill,17,15,0,0,18,0,1
prefill,17,16,1,0,18,0,1
prefill,17,17,2,0,18,0,1
prefill,17,18,3,0,18,0,1
prefill,17,19,4,0,18,0,1
prefill,17,20,6,0,18,0,1
prefill,17,21,7,0,18,0,1
prefill,17,22,8,0,18,0,1
prefill,17,23,9,0,18,0,1
prefill,17,24,10,0,18,0,1
prefill,17,25,11,0,18,0,1
prefill,17,26,12,0,18,0,1
prefill,17,27,13,0,18,0,1
prefill,17,28,14,0,18,0,1
prefill,17,29,15,0,18,0,1
prefill,17,30,16,0,18,0,1
prefill,17,31,17,0,18,0,1
prefill,17,32,18,0,18,0,1
prefill,17,33,19,0,18,0,1
prefill,17,34,20,0,18,0,1
prefill,17,35,21,0,18,0,1
prefill,17,36,23,0,18,0,1
prefill,17,37,24,0,18,0,1
prefill,17,38,25,0,18,0,1
prefill,17,39,26,0,18,0,1
prefill,17,40,27,0,18,0,1
prefill,17,41,28,0,18,0,1
prefill,17,42,30,0,18,0,1
prefill,17,43,31,0,18,0,1
prefill,17,44,32,0,18,0,1
prefill,17,45,34,0,18,0,1
prefill,17,46,35,0,18,0,1
prefill,17,47,36,0,18,0,1
prefill,17,48,37,0,18,0,1
prefill,17,49,38,0,18,0,1
prefill,17,50,39,0,18,0,1
prefill,17,51,40,0,18,0,1
prefill,17,52,41,0,18,0,1
prefill,17,53,42,0,18,0,1
prefill,17,54,43,0,18,0,1
prefill,17,55,44,0,18,0,1
prefill,17,56,45,0,18,0,1
prefill,17,57,46,0,18,0,1
prefill,17,58,47,0,18,0,1
prefill,17,59,48,0,18,0,1
prefill,17,60,49,0,18,0,1
prefill,17,61,50,0,18,0,1
prefill,17,62,51,0,18,0,1
prefill,17,63,52,0,18,0,1
prefill,17,64,54,0,18,0,1
prefill,17,65,55,0,18,0,1
prefill,17,66,56,0,18,0,1
prefill,17,67,57,0,18,0,1
prefill,17,68,58,0,18,0,1
prefill,17,69,59,0,18,0,1
prefill,17,70,60,0,18,0,1
prefill,17,71,61,0,18,0,1
prefill,17,72,62,0,18,0,1
prefill,17,73,63,0,18,0,1
prefill,17,74,64,0,18,0,1
prefill,17,75,65,0,18,0,1
prefill,17,76,66,0,18,0,1
prefill,17,77,67,0,18,0,1
prefill,17,78,69,0,18,0,1
prefill,17,79,70,0,18,0,1
prefill,17,80,71,0,18,0,1
prefill,17,81,72,0,18,0,1
prefill,17,82,73,0,18,0,1
prefill,17,83,74,0,18,0,1
prefill,17,84,75,0,18,0,1
prefill,17,85,76,0,18,0,1
prefill,17,86,77,0,18,0,1
prefill,17,87,78,0,18,0,1
prefill,17,88,79,0,18,0,1
prefill,17,89,80,0,18,0,1
prefill,17,90,82,0,18,0,1
prefill,17,91,83,0,18,0,1
prefill,17,92,84,0,18,0,1
prefill,17,93,85,0,18,0,1
prefill,17,94,86,0,18,0,1
prefill,17,95,87,0,18,0,1
prefill,17,96,88,0,18,0,1
prefill,17,97,89,0,18,0,1
prefill,17,98,90,0,18,0,1
prefill,17,99,91,0,18,0,1
prefill,17,100,92,0,18,0,1
prefill,17,101,93,0,18,0,1
prefill,17,102,94,0,18,0,1
prefill,17,103,95,0,18,0,1
prefill,17,104,96,0,18,0,1
prefill,17,105,97,0,18,0,1
prefill,17,106,98,0,18,0,1
prefill,17,107,99,0,18,0,1
prefill,17,108,100,0,18,0,1
prefill,17,109,101,0,18,0,1
prefill,17,110,102,0,18,0,1
prefill,17,111,103,0,18,0,1
prefill,17,112,104,0,18,0,1
prefill,17,113,105,0,18,0,1
prefill,17,114,106,0,18,0,1
prefill,17,115,107,0,18,0,1
prefill,17,116,108,0,18,0,1
prefill,17,117,109,0,18,0,1
prefill,17,118,110,0,18,0,1
prefill,17,119,111,0,18,0,1
prefill,17,120,112,0,18,0,1
prefill,17,121,114,0,18,0,1
prefill,17,122,115,0,18,0,1
prefill,17,123,116,0,18,0,1
prefill,17,124,117,0,18,0,1
prefill,17,125,118,0,18,0,1
prefill,17,126,119,0,18,0,1
prefill,17,127,120,0,18,0,1
prefill,17,128,121,0,18,0,1
prefill,17,129,122,0,18,0,1
prefill,17,130,123,0,18,0,1
prefill,17,131,124,0,18,0,1
prefill,17,132,125,0,18,0,1
prefill,17,133,126,0,18,0,1
prefill,17,134,127,0,18,0,1
prefill,17,135,128,0,18,0,1
prefill,17,136,129,0,18,0,1
prefill,17,137,130,0,18,0,1
prefill,17,138,131,0,18,0,1
prefill,17,139,132,0,18,0,1
prefill,17,140,133,0,18,0,1
prefill,17,141,134,0,18,0,1
prefill,17,142,135,0,18,0,1
prefill,17,143,136,0,18,0,1
prefill,17,144,137,0,18,0,1
prefill,17,145,138,0,18,0,1
prefill,17,146,139,0,18,0,1
prefill,17,147,140,0,18,0,1
prefill,17,148,141,0,18,0,1
prefill,17,149,142,0,18,0,1
prefill,17,150,143,0,18,0,1
prefill,17,151,144,0,18,0,1
prefill,17,152,145,0,18,0,1
prefill,17,153,147,0,18,0,1
prefill,17,154,148,0,18,0,1
prefill,17,155,149,0,18,0,1
prefill,17,156,150,0,18,0,1
prefill,17,157,151,0,18,0,1
prefill,17,158,152,0,18,0,1
prefill,17,159,153,0,18,0,1
prefill,17,160,154,0,18,0,1
prefill,17,161,155,0,18,0,1
prefill,17,162,156,0,18,0,1
prefill,17,163,157,0,18,0,1
prefill,17,164,158,0,18,0,1
prefill,17,165,159,0,18,0,1
prefill,17,166,160,0,18,0,1
prefill,17,167,161,0,18,0,1
prefill,17,168,162,0,18,0,1
prefill,17,169,163,0,18,0,1
prefill,17,170,164,0,18,0,1
prefill,17,171,165,0,18,0,1
prefill,17,172,166,0,18,0,1
prefill,17,173,167,0,18,0,1
prefill,17,174,168,0,18,0,1
prefill,17,175,169,0,18,0,1
prefill,17,176,170,0,18,0,1
prefill,17,177,171,0,18,0,1
prefill,17,178,172,0,18,0,1
prefill,17,179,173,0,18,0,1
prefill,17,180,174,0,18,0,1
prefill,17,181,175,0,18,0,1
prefill,17,182,176,0,18,0,1
prefill,17,183,177,0,18,0,1
prefill,17,184,178,0,18,0,1
prefill,17,185,179,0,18,0,1
prefill,17,186,180,0,18,0,1
prefill,17,187,183,0,18,0,1
prefill,17,188,184,0,18,0,1
prefill,17,189,185,0,18,0,1
prefill,17,190,186,0,18,0,1
prefill,17,191,187,0,18,0,1
prefill,17,192,188,0,18,0,1
prefill,17,193,189,0,18,0,1
prefill,17,194,190,0,18,0,1
prefill,17,195,191,0,18,0,1
prefill,17,196,192,0,18,0,1
prefill,17,197,193,0,18,0,1
prefill,17,198,194,0,18,0,1
prefill,17,199,195,0,18,0,1
prefill,17,200,196,0,18,0,1
prefill,17,201,197,0,18,0,1
prefill,17,202,198,0,18,0,1
prefill,17,203,199,0,18,0,1
prefill,17,204,200,0,18,0,1
prefill,17,205,201,0,18,0,1
prefill,17,206,202,0,18,0,1
prefill,17,207,203,0,18,0,1
prefill,17,208,204,0,18,0,1
prefill,17,209,205,0,18,0,1
prefill,17,210,206,0,18,0,1
prefill,17,211,207,0,18,0,1
prefill,17,212,208,0,18,0,1
prefill,17,213,209,0,18,0,1
prefill,17,214,210,0,18,0,1
prefill,17,215,211,0,18,0,1
prefill,17,216,212,0,18,0,1
prefill,17,217,214,0,18,0,1
prefill,17,218,215,0,18,0,1
prefill,17,219,216,0,18,0,1
prefill,17,220,217,0,18,0,1
prefill,17,221,218,0,18,0,1
prefill,17,222,219,0,18,0,1
prefill,17,223,220,0,18,0,1
prefill,17,224,221,0,18,0,1
prefill,17,225,222,0,18,0,1
prefill,17,226,223,0,18,0,1
prefill,17,227,224,0,18,0,1
prefill,17,228,225,0,18,0,1
prefill,17,229,226,0,18,0,1
prefill,17,230,227,0,18,0,1
prefill,17,231,229,0,18,0,1
prefill,17,232,230,0,18,0,1
prefill,17,233,231,0,18,0,1
prefill,17,234,232,0,18,0,1
prefill,17,235,233,0,18,0,1
prefill,17,236,234,0,18,0,1
prefill,17,237,235,0,18,0,1
prefill,17,238,237,0,18,0,1
prefill,17,239,238,0,18,0,1
prefill,17,240,239,0,18,0,1
prefill,17,241,240,0,18,0,1
prefill,17,242,241,0,18,0,1
prefill,17,243,242,0,18,0,1
prefill,17,244,243,0,18,0,1
prefill,17,245,244,0,18,0,1
prefill,17,246,245,0,18,0,1
prefill,17,247,246,0,18,0,1
prefill,17,248,247,0,18,0,1
prefill,17,249,248,0,18,0,1
prefill,17,250,249,0,18,0,1
prefill,17,251,250,0,18,0,1
prefill,17,252,251,0,18,0,1
prefill,17,253,252,0,18,0,1
prefill,17,254,253,0,18,0,1
prefill,17,255,254,0,18,0,1
prefill,17,256,255,0,18,0,1
prefill,18,1,193,3,18,0.166666666666667,0.166666666666667
prefill,18,2,156,2,18,0.111111111111111,0.277777777777778
prefill,18,3,43,1,18,0.0555555555555556,0.333333333333333
prefill,18,4,74,1,18,0.0555555555555556,0.388888888888889
prefill,18,5,83,1,18,0.0555555555555556,0.444444444444445
prefill,18,6,92,1,18,0.0555555555555556,0.5
prefill,18,7,96,1,18,0.0555555555555556,0.555555555555556
prefill,18,8,99,1,18,0.0555555555555556,0.611111111111111
prefill,18,9,133,1,18,0.0555555555555556,0.666666666666667
prefill,18,10,137,1,18,0.0555555555555556,0.722222222222222
prefill,18,11,152,1,18,0.0555555555555556,0.777777777777778
prefill,18,12,161,1,18,0.0555555555555556,0.833333333333334
prefill,18,13,183,1,18,0.0555555555555556,0.888888888888889
prefill,18,14,186,1,18,0.0555555555555556,0.944444444444445
prefill,18,15,209,1,18,0.0555555555555556,1
prefill,18,16,0,0,18,0,1
prefill,18,17,1,0,18,0,1
prefill,18,18,2,0,18,0,1
prefill,18,19,3,0,18,0,1
prefill,18,20,4,0,18,0,1
prefill,18,21,5,0,18,0,1
prefill,18,22,6,0,18,0,1
prefill,18,23,7,0,18,0,1
prefill,18,24,8,0,18,0,1
prefill,18,25,9,0,18,0,1
prefill,18,26,10,0,18,0,1
prefill,18,27,11,0,18,0,1
prefill,18,28,12,0,18,0,1
prefill,18,29,13,0,18,0,1
prefill,18,30,14,0,18,0,1
prefill,18,31,15,0,18,0,1
prefill,18,32,16,0,18,0,1
prefill,18,33,17,0,18,0,1
prefill,18,34,18,0,18,0,1
prefill,18,35,19,0,18,0,1
prefill,18,36,20,0,18,0,1
prefill,18,37,21,0,18,0,1
prefill,18,38,22,0,18,0,1
prefill,18,39,23,0,18,0,1
prefill,18,40,24,0,18,0,1
prefill,18,41,25,0,18,0,1
prefill,18,42,26,0,18,0,1
prefill,18,43,27,0,18,0,1
prefill,18,44,28,0,18,0,1
prefill,18,45,29,0,18,0,1
prefill,18,46,30,0,18,0,1
prefill,18,47,31,0,18,0,1
prefill,18,48,32,0,18,0,1
prefill,18,49,33,0,18,0,1
prefill,18,50,34,0,18,0,1
prefill,18,51,35,0,18,0,1
prefill,18,52,36,0,18,0,1
prefill,18,53,37,0,18,0,1
prefill,18,54,38,0,18,0,1
prefill,18,55,39,0,18,0,1
prefill,18,56,40,0,18,0,1
prefill,18,57,41,0,18,0,1
prefill,18,58,42,0,18,0,1
prefill,18,59,44,0,18,0,1
prefill,18,60,45,0,18,0,1
prefill,18,61,46,0,18,0,1
prefill,18,62,47,0,18,0,1
prefill,18,63,48,0,18,0,1
prefill,18,64,49,0,18,0,1
prefill,18,65,50,0,18,0,1
prefill,18,66,51,0,18,0,1
prefill,18,67,52,0,18,0,1
prefill,18,68,53,0,18,0,1
prefill,18,69,54,0,18,0,1
prefill,18,70,55,0,18,0,1
prefill,18,71,56,0,18,0,1
prefill,18,72,57,0,18,0,1
prefill,18,73,58,0,18,0,1
prefill,18,74,59,0,18,0,1
prefill,18,75,60,0,18,0,1
prefill,18,76,61,0,18,0,1
prefill,18,77,62,0,18,0,1
prefill,18,78,63,0,18,0,1
prefill,18,79,64,0,18,0,1
prefill,18,80,65,0,18,0,1
prefill,18,81,66,0,18,0,1
prefill,18,82,67,0,18,0,1
prefill,18,83,68,0,18,0,1
prefill,18,84,69,0,18,0,1
prefill,18,85,70,0,18,0,1
prefill,18,86,71,0,18,0,1
prefill,18,87,72,0,18,0,1
prefill,18,88,73,0,18,0,1
prefill,18,89,75,0,18,0,1
prefill,18,90,76,0,18,0,1
prefill,18,91,77,0,18,0,1
prefill,18,92,78,0,18,0,1
prefill,18,93,79,0,18,0,1
prefill,18,94,80,0,18,0,1
prefill,18,95,81,0,18,0,1
prefill,18,96,82,0,18,0,1
prefill,18,97,84,0,18,0,1
prefill,18,98,85,0,18,0,1
prefill,18,99,86,0,18,0,1
prefill,18,100,87,0,18,0,1
prefill,18,101,88,0,18,0,1
prefill,18,102,89,0,18,0,1
prefill,18,103,90,0,18,0,1
prefill,18,104,91,0,18,0,1
prefill,18,105,93,0,18,0,1
prefill,18,106,94,0,18,0,1
prefill,18,107,95,0,18,0,1
prefill,18,108,97,0,18,0,1
prefill,18,109,98,0,18,0,1
prefill,18,110,100,0,18,0,1
prefill,18,111,101,0,18,0,1
prefill,18,112,102,0,18,0,1
prefill,18,113,103,0,18,0,1
prefill,18,114,104,0,18,0,1
prefill,18,115,105,0,18,0,1
prefill,18,116,106,0,18,0,1
prefill,18,117,107,0,18,0,1
prefill,18,118,108,0,18,0,1
prefill,18,119,109,0,18,0,1
prefill,18,120,110,0,18,0,1
prefill,18,121,111,0,18,0,1
prefill,18,122,112,0,18,0,1
prefill,18,123,113,0,18,0,1
prefill,18,124,114,0,18,0,1
prefill,18,125,115,0,18,0,1
prefill,18,126,116,0,18,0,1
prefill,18,127,117,0,18,0,1
prefill,18,128,118,0,18,0,1
prefill,18,129,119,0,18,0,1
prefill,18,130,120,0,18,0,1
prefill,18,131,121,0,18,0,1
prefill,18,132,122,0,18,0,1
prefill,18,133,123,0,18,0,1
prefill,18,134,124,0,18,0,1
prefill,18,135,125,0,18,0,1
prefill,18,136,126,0,18,0,1
prefill,18,137,127,0,18,0,1
prefill,18,138,128,0,18,0,1
prefill,18,139,129,0,18,0,1
prefill,18,140,130,0,18,0,1
prefill,18,141,131,0,18,0,1
prefill,18,142,132,0,18,0,1
prefill,18,143,134,0,18,0,1
prefill,18,144,135,0,18,0,1
prefill,18,145,136,0,18,0,1
prefill,18,146,138,0,18,0,1
prefill,18,147,139,0,18,0,1
prefill,18,148,140,0,18,0,1
prefill,18,149,141,0,18,0,1
prefill,18,150,142,0,18,0,1
prefill,18,151,143,0,18,0,1
prefill,18,152,144,0,18,0,1
prefill,18,153,145,0,18,0,1
prefill,18,154,146,0,18,0,1
prefill,18,155,147,0,18,0,1
prefill,18,156,148,0,18,0,1
prefill,18,157,149,0,18,0,1
prefill,18,158,150,0,18,0,1
prefill,18,159,151,0,18,0,1
prefill,18,160,153,0,18,0,1
prefill,18,161,154,0,18,0,1
prefill,18,162,155,0,18,0,1
prefill,18,163,157,0,18,0,1
prefill,18,164,158,0,18,0,1
prefill,18,165,159,0,18,0,1
prefill,18,166,160,0,18,0,1
prefill,18,167,162,0,18,0,1
prefill,18,168,163,0,18,0,1
prefill,18,169,164,0,18,0,1
prefill,18,170,165,0,18,0,1
prefill,18,171,166,0,18,0,1
prefill,18,172,167,0,18,0,1
prefill,18,173,168,0,18,0,1
prefill,18,174,169,0,18,0,1
prefill,18,175,170,0,18,0,1
prefill,18,176,171,0,18,0,1
prefill,18,177,172,0,18,0,1
prefill,18,178,173,0,18,0,1
prefill,18,179,174,0,18,0,1
prefill,18,180,175,0,18,0,1
prefill,18,181,176,0,18,0,1
prefill,18,182,177,0,18,0,1
prefill,18,183,178,0,18,0,1
prefill,18,184,179,0,18,0,1
prefill,18,185,180,0,18,0,1
prefill,18,186,181,0,18,0,1
prefill,18,187,182,0,18,0,1
prefill,18,188,184,0,18,0,1
prefill,18,189,185,0,18,0,1
prefill,18,190,187,0,18,0,1
prefill,18,191,188,0,18,0,1
prefill,18,192,189,0,18,0,1
prefill,18,193,190,0,18,0,1
prefill,18,194,191,0,18,0,1
prefill,18,195,192,0,18,0,1
prefill,18,196,194,0,18,0,1
prefill,18,197,195,0,18,0,1
prefill,18,198,196,0,18,0,1
prefill,18,199,197,0,18,0,1
prefill,18,200,198,0,18,0,1
prefill,18,201,199,0,18,0,1
prefill,18,202,200,0,18,0,1
prefill,18,203,201,0,18,0,1
prefill,18,204,202,0,18,0,1
prefill,18,205,203,0,18,0,1
prefill,18,206,204,0,18,0,1
prefill,18,207,205,0,18,0,1
prefill,18,208,206,0,18,0,1
prefill,18,209,207,0,18,0,1
prefill,18,210,208,0,18,0,1
prefill,18,211,210,0,18,0,1
prefill,18,212,211,0,18,0,1
prefill,18,213,212,0,18,0,1
prefill,18,214,213,0,18,0,1
prefill,18,215,214,0,18,0,1
prefill,18,216,215,0,18,0,1
prefill,18,217,216,0,18,0,1
prefill,18,218,217,0,18,0,1
prefill,18,219,218,0,18,0,1
prefill,18,220,219,0,18,0,1
prefill,18,221,220,0,18,0,1
prefill,18,222,221,0,18,0,1
prefill,18,223,222,0,18,0,1
prefill,18,224,223,0,18,0,1
prefill,18,225,224,0,18,0,1
prefill,18,226,225,0,18,0,1
prefill,18,227,226,0,18,0,1
prefill,18,228,227,0,18,0,1
prefill,18,229,228,0,18,0,1
prefill,18,230,229,0,18,0,1
prefill,18,231,230,0,18,0,1
prefill,18,232,231,0,18,0,1
prefill,18,233,232,0,18,0,1
prefill,18,234,233,0,18,0,1
prefill,18,235,234,0,18,0,1
prefill,18,236,235,0,18,0,1
prefill,18,237,236,0,18,0,1
prefill,18,238,237,0,18,0,1
prefill,18,239,238,0,18,0,1
prefill,18,240,239,0,18,0,1
prefill,18,241,240,0,18,0,1
prefill,18,242,241,0,18,0,1
prefill,18,243,242,0,18,0,1
prefill,18,244,243,0,18,0,1
prefill,18,245,244,0,18,0,1
prefill,18,246,245,0,18,0,1
prefill,18,247,246,0,18,0,1
prefill,18,248,247,0,18,0,1
prefill,18,249,248,0,18,0,1
prefill,18,250,249,0,18,0,1
prefill,18,251,250,0,18,0,1
prefill,18,252,251,0,18,0,1
prefill,18,253,252,0,18,0,1
prefill,18,254,253,0,18,0,1
prefill,18,255,254,0,18,0,1
prefill,18,256,255,0,18,0,1
prefill,19,1,4,2,18,0.111111111111111,0.111111111111111
prefill,19,2,38,2,18,0.111111111111111,0.222222222222222
prefill,19,3,176,2,18,0.111111111111111,0.333333333333333
prefill,19,4,186,2,18,0.111111111111111,0.444444444444444
prefill,19,5,254,2,18,0.111111111111111,0.555555555555556
prefill,19,6,55,1,18,0.0555555555555556,0.611111111111111
prefill,19,7,77,1,18,0.0555555555555556,0.666666666666667
prefill,19,8,110,1,18,0.0555555555555556,0.722222222222222
prefill,19,9,117,1,18,0.0555555555555556,0.777777777777778
prefill,19,10,120,1,18,0.0555555555555556,0.833333333333333
prefill,19,11,163,1,18,0.0555555555555556,0.888888888888889
prefill,19,12,187,1,18,0.0555555555555556,0.944444444444445
prefill,19,13,249,1,18,0.0555555555555556,1
prefill,19,14,0,0,18,0,1
prefill,19,15,1,0,18,0,1
prefill,19,16,2,0,18,0,1
prefill,19,17,3,0,18,0,1
prefill,19,18,5,0,18,0,1
prefill,19,19,6,0,18,0,1
prefill,19,20,7,0,18,0,1
prefill,19,21,8,0,18,0,1
prefill,19,22,9,0,18,0,1
prefill,19,23,10,0,18,0,1
prefill,19,24,11,0,18,0,1
prefill,19,25,12,0,18,0,1
prefill,19,26,13,0,18,0,1
prefill,19,27,14,0,18,0,1
prefill,19,28,15,0,18,0,1
prefill,19,29,16,0,18,0,1
prefill,19,30,17,0,18,0,1
prefill,19,31,18,0,18,0,1
prefill,19,32,19,0,18,0,1
prefill,19,33,20,0,18,0,1
prefill,19,34,21,0,18,0,1
prefill,19,35,22,0,18,0,1
prefill,19,36,23,0,18,0,1
prefill,19,37,24,0,18,0,1
prefill,19,38,25,0,18,0,1
prefill,19,39,26,0,18,0,1
prefill,19,40,27,0,18,0,1
prefill,19,41,28,0,18,0,1
prefill,19,42,29,0,18,0,1
prefill,19,43,30,0,18,0,1
prefill,19,44,31,0,18,0,1
prefill,19,45,32,0,18,0,1
prefill,19,46,33,0,18,0,1
prefill,19,47,34,0,18,0,1
prefill,19,48,35,0,18,0,1
prefill,19,49,36,0,18,0,1
prefill,19,50,37,0,18,0,1
prefill,19,51,39,0,18,0,1
prefill,19,52,40,0,18,0,1
prefill,19,53,41,0,18,0,1
prefill,19,54,42,0,18,0,1
prefill,19,55,43,0,18,0,1
prefill,19,56,44,0,18,0,1
prefill,19,57,45,0,18,0,1
prefill,19,58,46,0,18,0,1
prefill,19,59,47,0,18,0,1
prefill,19,60,48,0,18,0,1
prefill,19,61,49,0,18,0,1
prefill,19,62,50,0,18,0,1
prefill,19,63,51,0,18,0,1
prefill,19,64,52,0,18,0,1
prefill,19,65,53,0,18,0,1
prefill,19,66,54,0,18,0,1
prefill,19,67,56,0,18,0,1
prefill,19,68,57,0,18,0,1
prefill,19,69,58,0,18,0,1
prefill,19,70,59,0,18,0,1
prefill,19,71,60,0,18,0,1
prefill,19,72,61,0,18,0,1
prefill,19,73,62,0,18,0,1
prefill,19,74,63,0,18,0,1
prefill,19,75,64,0,18,0,1
prefill,19,76,65,0,18,0,1
prefill,19,77,66,0,18,0,1
prefill,19,78,67,0,18,0,1
prefill,19,79,68,0,18,0,1
prefill,19,80,69,0,18,0,1
prefill,19,81,70,0,18,0,1
prefill,19,82,71,0,18,0,1
prefill,19,83,72,0,18,0,1
prefill,19,84,73,0,18,0,1
prefill,19,85,74,0,18,0,1
prefill,19,86,75,0,18,0,1
prefill,19,87,76,0,18,0,1
prefill,19,88,78,0,18,0,1
prefill,19,89,79,0,18,0,1
prefill,19,90,80,0,18,0,1
prefill,19,91,81,0,18,0,1
prefill,19,92,82,0,18,0,1
prefill,19,93,83,0,18,0,1
prefill,19,94,84,0,18,0,1
prefill,19,95,85,0,18,0,1
prefill,19,96,86,0,18,0,1
prefill,19,97,87,0,18,0,1
prefill,19,98,88,0,18,0,1
prefill,19,99,89,0,18,0,1
prefill,19,100,90,0,18,0,1
prefill,19,101,91,0,18,0,1
prefill,19,102,92,0,18,0,1
prefill,19,103,93,0,18,0,1
prefill,19,104,94,0,18,0,1
prefill,19,105,95,0,18,0,1
prefill,19,106,96,0,18,0,1
prefill,19,107,97,0,18,0,1
prefill,19,108,98,0,18,0,1
prefill,19,109,99,0,18,0,1
prefill,19,110,100,0,18,0,1
prefill,19,111,101,0,18,0,1
prefill,19,112,102,0,18,0,1
prefill,19,113,103,0,18,0,1
prefill,19,114,104,0,18,0,1
prefill,19,115,105,0,18,0,1
prefill,19,116,106,0,18,0,1
prefill,19,117,107,0,18,0,1
prefill,19,118,108,0,18,0,1
prefill,19,119,109,0,18,0,1
prefill,19,120,111,0,18,0,1
prefill,19,121,112,0,18,0,1
prefill,19,122,113,0,18,0,1
prefill,19,123,114,0,18,0,1
prefill,19,124,115,0,18,0,1
prefill,19,125,116,0,18,0,1
prefill,19,126,118,0,18,0,1
prefill,19,127,119,0,18,0,1
prefill,19,128,121,0,18,0,1
prefill,19,129,122,0,18,0,1
prefill,19,130,123,0,18,0,1
prefill,19,131,124,0,18,0,1
prefill,19,132,125,0,18,0,1
prefill,19,133,126,0,18,0,1
prefill,19,134,127,0,18,0,1
prefill,19,135,128,0,18,0,1
prefill,19,136,129,0,18,0,1
prefill,19,137,130,0,18,0,1
prefill,19,138,131,0,18,0,1
prefill,19,139,132,0,18,0,1
prefill,19,140,133,0,18,0,1
prefill,19,141,134,0,18,0,1
prefill,19,142,135,0,18,0,1
prefill,19,143,136,0,18,0,1
prefill,19,144,137,0,18,0,1
prefill,19,145,138,0,18,0,1
prefill,19,146,139,0,18,0,1
prefill,19,147,140,0,18,0,1
prefill,19,148,141,0,18,0,1
prefill,19,149,142,0,18,0,1
prefill,19,150,143,0,18,0,1
prefill,19,151,144,0,18,0,1
prefill,19,152,145,0,18,0,1
prefill,19,153,146,0,18,0,1
prefill,19,154,147,0,18,0,1
prefill,19,155,148,0,18,0,1
prefill,19,156,149,0,18,0,1
prefill,19,157,150,0,18,0,1
prefill,19,158,151,0,18,0,1
prefill,19,159,152,0,18,0,1
prefill,19,160,153,0,18,0,1
prefill,19,161,154,0,18,0,1
prefill,19,162,155,0,18,0,1
prefill,19,163,156,0,18,0,1
prefill,19,164,157,0,18,0,1
prefill,19,165,158,0,18,0,1
prefill,19,166,159,0,18,0,1
prefill,19,167,160,0,18,0,1
prefill,19,168,161,0,18,0,1
prefill,19,169,162,0,18,0,1
prefill,19,170,164,0,18,0,1
prefill,19,171,165,0,18,0,1
prefill,19,172,166,0,18,0,1
prefill,19,173,167,0,18,0,1
prefill,19,174,168,0,18,0,1
prefill,19,175,169,0,18,0,1
prefill,19,176,170,0,18,0,1
prefill,19,177,171,0,18,0,1
prefill,19,178,172,0,18,0,1
prefill,19,179,173,0,18,0,1
prefill,19,180,174,0,18,0,1
prefill,19,181,175,0,18,0,1
prefill,19,182,177,0,18,0,1
prefill,19,183,178,0,18,0,1
prefill,19,184,179,0,18,0,1
prefill,19,185,180,0,18,0,1
prefill,19,186,181,0,18,0,1
prefill,19,187,182,0,18,0,1
prefill,19,188,183,0,18,0,1
prefill,19,189,184,0,18,0,1
prefill,19,190,185,0,18,0,1
prefill,19,191,188,0,18,0,1
prefill,19,192,189,0,18,0,1
prefill,19,193,190,0,18,0,1
prefill,19,194,191,0,18,0,1
prefill,19,195,192,0,18,0,1
prefill,19,196,193,0,18,0,1
prefill,19,197,194,0,18,0,1
prefill,19,198,195,0,18,0,1
prefill,19,199,196,0,18,0,1
prefill,19,200,197,0,18,0,1
prefill,19,201,198,0,18,0,1
prefill,19,202,199,0,18,0,1
prefill,19,203,200,0,18,0,1
prefill,19,204,201,0,18,0,1
prefill,19,205,202,0,18,0,1
prefill,19,206,203,0,18,0,1
prefill,19,207,204,0,18,0,1
prefill,19,208,205,0,18,0,1
prefill,19,209,206,0,18,0,1
prefill,19,210,207,0,18,0,1
prefill,19,211,208,0,18,0,1
prefill,19,212,209,0,18,0,1
prefill,19,213,210,0,18,0,1
prefill,19,214,211,0,18,0,1
prefill,19,215,212,0,18,0,1
prefill,19,216,213,0,18,0,1
prefill,19,217,214,0,18,0,1
prefill,19,218,215,0,18,0,1
prefill,19,219,216,0,18,0,1
prefill,19,220,217,0,18,0,1
prefill,19,221,218,0,18,0,1
prefill,19,222,219,0,18,0,1
prefill,19,223,220,0,18,0,1
prefill,19,224,221,0,18,0,1
prefill,19,225,222,0,18,0,1
prefill,19,226,223,0,18,0,1
prefill,19,227,224,0,18,0,1
prefill,19,228,225,0,18,0,1
prefill,19,229,226,0,18,0,1
prefill,19,230,227,0,18,0,1
prefill,19,231,228,0,18,0,1
prefill,19,232,229,0,18,0,1
prefill,19,233,230,0,18,0,1
prefill,19,234,231,0,18,0,1
prefill,19,235,232,0,18,0,1
prefill,19,236,233,0,18,0,1
prefill,19,237,234,0,18,0,1
prefill,19,238,235,0,18,0,1
prefill,19,239,236,0,18,0,1
prefill,19,240,237,0,18,0,1
prefill,19,241,238,0,18,0,1
prefill,19,242,239,0,18,0,1
prefill,19,243,240,0,18,0,1
prefill,19,244,241,0,18,0,1
prefill,19,245,242,0,18,0,1
prefill,19,246,243,0,18,0,1
prefill,19,247,244,0,18,0,1
prefill,19,248,245,0,18,0,1
prefill,19,249,246,0,18,0,1
prefill,19,250,247,0,18,0,1
prefill,19,251,248,0,18,0,1
prefill,19,252,250,0,18,0,1
prefill,19,253,251,0,18,0,1
prefill,19,254,252,0,18,0,1
prefill,19,255,253,0,18,0,1
prefill,19,256,255,0,18,0,1
prefill,20,1,240,2,18,0.111111111111111,0.111111111111111
prefill,20,2,51,1,18,0.0555555555555556,0.166666666666667
prefill,20,3,63,1,18,0.0555555555555556,0.222222222222222
prefill,20,4,67,1,18,0.0555555555555556,0.277777777777778
prefill,20,5,82,1,18,0.0555555555555556,0.333333333333333
prefill,20,6,86,1,18,0.0555555555555556,0.388888888888889
prefill,20,7,109,1,18,0.0555555555555556,0.444444444444445
prefill,20,8,113,1,18,0.0555555555555556,0.5
prefill,20,9,128,1,18,0.0555555555555556,0.555555555555556
prefill,20,10,131,1,18,0.0555555555555556,0.611111111111111
prefill,20,11,191,1,18,0.0555555555555556,0.666666666666667
prefill,20,12,204,1,18,0.0555555555555556,0.722222222222222
prefill,20,13,218,1,18,0.0555555555555556,0.777777777777778
prefill,20,14,230,1,18,0.0555555555555556,0.833333333333334
prefill,20,15,241,1,18,0.0555555555555556,0.888888888888889
prefill,20,16,244,1,18,0.0555555555555556,0.944444444444445
prefill,20,17,246,1,18,0.0555555555555556,1
prefill,20,18,0,0,18,0,1
prefill,20,19,1,0,18,0,1
prefill,20,20,2,0,18,0,1
prefill,20,21,3,0,18,0,1
prefill,20,22,4,0,18,0,1
prefill,20,23,5,0,18,0,1
prefill,20,24,6,0,18,0,1
prefill,20,25,7,0,18,0,1
prefill,20,26,8,0,18,0,1
prefill,20,27,9,0,18,0,1
prefill,20,28,10,0,18,0,1
prefill,20,29,11,0,18,0,1
prefill,20,30,12,0,18,0,1
prefill,20,31,13,0,18,0,1
prefill,20,32,14,0,18,0,1
prefill,20,33,15,0,18,0,1
prefill,20,34,16,0,18,0,1
prefill,20,35,17,0,18,0,1
prefill,20,36,18,0,18,0,1
prefill,20,37,19,0,18,0,1
prefill,20,38,20,0,18,0,1
prefill,20,39,21,0,18,0,1
prefill,20,40,22,0,18,0,1
prefill,20,41,23,0,18,0,1
prefill,20,42,24,0,18,0,1
prefill,20,43,25,0,18,0,1
prefill,20,44,26,0,18,0,1
prefill,20,45,27,0,18,0,1
prefill,20,46,28,0,18,0,1
prefill,20,47,29,0,18,0,1
prefill,20,48,30,0,18,0,1
prefill,20,49,31,0,18,0,1
prefill,20,50,32,0,18,0,1
prefill,20,51,33,0,18,0,1
prefill,20,52,34,0,18,0,1
prefill,20,53,35,0,18,0,1
prefill,20,54,36,0,18,0,1
prefill,20,55,37,0,18,0,1
prefill,20,56,38,0,18,0,1
prefill,20,57,39,0,18,0,1
prefill,20,58,40,0,18,0,1
prefill,20,59,41,0,18,0,1
prefill,20,60,42,0,18,0,1
prefill,20,61,43,0,18,0,1
prefill,20,62,44,0,18,0,1
prefill,20,63,45,0,18,0,1
prefill,20,64,46,0,18,0,1
prefill,20,65,47,0,18,0,1
prefill,20,66,48,0,18,0,1
prefill,20,67,49,0,18,0,1
prefill,20,68,50,0,18,0,1
prefill,20,69,52,0,18,0,1
prefill,20,70,53,0,18,0,1
prefill,20,71,54,0,18,0,1
prefill,20,72,55,0,18,0,1
prefill,20,73,56,0,18,0,1
prefill,20,74,57,0,18,0,1
prefill,20,75,58,0,18,0,1
prefill,20,76,59,0,18,0,1
prefill,20,77,60,0,18,0,1
prefill,20,78,61,0,18,0,1
prefill,20,79,62,0,18,0,1
prefill,20,80,64,0,18,0,1
prefill,20,81,65,0,18,0,1
prefill,20,82,66,0,18,0,1
prefill,20,83,68,0,18,0,1
prefill,20,84,69,0,18,0,1
prefill,20,85,70,0,18,0,1
prefill,20,86,71,0,18,0,1
prefill,20,87,72,0,18,0,1
prefill,20,88,73,0,18,0,1
prefill,20,89,74,0,18,0,1
prefill,20,90,75,0,18,0,1
prefill,20,91,76,0,18,0,1
prefill,20,92,77,0,18,0,1
prefill,20,93,78,0,18,0,1
prefill,20,94,79,0,18,0,1
prefill,20,95,80,0,18,0,1
prefill,20,96,81,0,18,0,1
prefill,20,97,83,0,18,0,1
prefill,20,98,84,0,18,0,1
prefill,20,99,85,0,18,0,1
prefill,20,100,87,0,18,0,1
prefill,20,101,88,0,18,0,1
prefill,20,102,89,0,18,0,1
prefill,20,103,90,0,18,0,1
prefill,20,104,91,0,18,0,1
prefill,20,105,92,0,18,0,1
prefill,20,106,93,0,18,0,1
prefill,20,107,94,0,18,0,1
prefill,20,108,95,0,18,0,1
prefill,20,109,96,0,18,0,1
prefill,20,110,97,0,18,0,1
prefill,20,111,98,0,18,0,1
prefill,20,112,99,0,18,0,1
prefill,20,113,100,0,18,0,1
prefill,20,114,101,0,18,0,1
prefill,20,115,102,0,18,0,1
prefill,20,116,103,0,18,0,1
prefill,20,117,104,0,18,0,1
prefill,20,118,105,0,18,0,1
prefill,20,119,106,0,18,0,1
prefill,20,120,107,0,18,0,1
prefill,20,121,108,0,18,0,1
prefill,20,122,110,0,18,0,1
prefill,20,123,111,0,18,0,1
prefill,20,124,112,0,18,0,1
prefill,20,125,114,0,18,0,1
prefill,20,126,115,0,18,0,1
prefill,20,127,116,0,18,0,1
prefill,20,128,117,0,18,0,1
prefill,20,129,118,0,18,0,1
prefill,20,130,119,0,18,0,1
prefill,20,131,120,0,18,0,1
prefill,20,132,121,0,18,0,1
prefill,20,133,122,0,18,0,1
prefill,20,134,123,0,18,0,1
prefill,20,135,124,0,18,0,1
prefill,20,136,125,0,18,0,1
prefill,20,137,126,0,18,0,1
prefill,20,138,127,0,18,0,1
prefill,20,139,129,0,18,0,1
prefill,20,140,130,0,18,0,1
prefill,20,141,132,0,18,0,1
prefill,20,142,133,0,18,0,1
prefill,20,143,134,0,18,0,1
prefill,20,144,135,0,18,0,1
prefill,20,145,136,0,18,0,1
prefill,20,146,137,0,18,0,1
prefill,20,147,138,0,18,0,1
prefill,20,148,139,0,18,0,1
prefill,20,149,140,0,18,0,1
prefill,20,150,141,0,18,0,1
prefill,20,151,142,0,18,0,1
prefill,20,152,143,0,18,0,1
prefill,20,153,144,0,18,0,1
prefill,20,154,145,0,18,0,1
prefill,20,155,146,0,18,0,1
prefill,20,156,147,0,18,0,1
prefill,20,157,148,0,18,0,1
prefill,20,158,149,0,18,0,1
prefill,20,159,150,0,18,0,1
prefill,20,160,151,0,18,0,1
prefill,20,161,152,0,18,0,1
prefill,20,162,153,0,18,0,1
prefill,20,163,154,0,18,0,1
prefill,20,164,155,0,18,0,1
prefill,20,165,156,0,18,0,1
prefill,20,166,157,0,18,0,1
prefill,20,167,158,0,18,0,1
prefill,20,168,159,0,18,0,1
prefill,20,169,160,0,18,0,1
prefill,20,170,161,0,18,0,1
prefill,20,171,162,0,18,0,1
prefill,20,172,163,0,18,0,1
prefill,20,173,164,0,18,0,1
prefill,20,174,165,0,18,0,1
prefill,20,175,166,0,18,0,1
prefill,20,176,167,0,18,0,1
prefill,20,177,168,0,18,0,1
prefill,20,178,169,0,18,0,1
prefill,20,179,170,0,18,0,1
prefill,20,180,171,0,18,0,1
prefill,20,181,172,0,18,0,1
prefill,20,182,173,0,18,0,1
prefill,20,183,174,0,18,0,1
prefill,20,184,175,0,18,0,1
prefill,20,185,176,0,18,0,1
prefill,20,186,177,0,18,0,1
prefill,20,187,178,0,18,0,1
prefill,20,188,179,0,18,0,1
prefill,20,189,180,0,18,0,1
prefill,20,190,181,0,18,0,1
prefill,20,191,182,0,18,0,1
prefill,20,192,183,0,18,0,1
prefill,20,193,184,0,18,0,1
prefill,20,194,185,0,18,0,1
prefill,20,195,186,0,18,0,1
prefill,20,196,187,0,18,0,1
prefill,20,197,188,0,18,0,1
prefill,20,198,189,0,18,0,1
prefill,20,199,190,0,18,0,1
prefill,20,200,192,0,18,0,1
prefill,20,201,193,0,18,0,1
prefill,20,202,194,0,18,0,1
prefill,20,203,195,0,18,0,1
prefill,20,204,196,0,18,0,1
prefill,20,205,197,0,18,0,1
prefill,20,206,198,0,18,0,1
prefill,20,207,199,0,18,0,1
prefill,20,208,200,0,18,0,1
prefill,20,209,201,0,18,0,1
prefill,20,210,202,0,18,0,1
prefill,20,211,203,0,18,0,1
prefill,20,212,205,0,18,0,1
prefill,20,213,206,0,18,0,1
prefill,20,214,207,0,18,0,1
prefill,20,215,208,0,18,0,1
prefill,20,216,209,0,18,0,1
prefill,20,217,210,0,18,0,1
prefill,20,218,211,0,18,0,1
prefill,20,219,212,0,18,0,1
prefill,20,220,213,0,18,0,1
prefill,20,221,214,0,18,0,1
prefill,20,222,215,0,18,0,1
prefill,20,223,216,0,18,0,1
prefill,20,224,217,0,18,0,1
prefill,20,225,219,0,18,0,1
prefill,20,226,220,0,18,0,1
prefill,20,227,221,0,18,0,1
prefill,20,228,222,0,18,0,1
prefill,20,229,223,0,18,0,1
prefill,20,230,224,0,18,0,1
prefill,20,231,225,0,18,0,1
prefill,20,232,226,0,18,0,1
prefill,20,233,227,0,18,0,1
prefill,20,234,228,0,18,0,1
prefill,20,235,229,0,18,0,1
prefill,20,236,231,0,18,0,1
prefill,20,237,232,0,18,0,1
prefill,20,238,233,0,18,0,1
prefill,20,239,234,0,18,0,1
prefill,20,240,235,0,18,0,1
prefill,20,241,236,0,18,0,1
prefill,20,242,237,0,18,0,1
prefill,20,243,238,0,18,0,1
prefill,20,244,239,0,18,0,1
prefill,20,245,242,0,18,0,1
prefill,20,246,243,0,18,0,1
prefill,20,247,245,0,18,0,1
prefill,20,248,247,0,18,0,1
prefill,20,249,248,0,18,0,1
prefill,20,250,249,0,18,0,1
prefill,20,251,250,0,18,0,1
prefill,20,252,251,0,18,0,1
prefill,20,253,252,0,18,0,1
prefill,20,254,253,0,18,0,1
prefill,20,255,254,0,18,0,1
prefill,20,256,255,0,18,0,1
prefill,21,1,19,1,18,0.0555555555555556,0.0555555555555556
prefill,21,2,49,1,18,0.0555555555555556,0.111111111111111
prefill,21,3,52,1,18,0.0555555555555556,0.166666666666667
prefill,21,4,59,1,18,0.0555555555555556,0.222222222222222
prefill,21,5,93,1,18,0.0555555555555556,0.277777777777778
prefill,21,6,106,1,18,0.0555555555555556,0.333333333333333
prefill,21,7,110,1,18,0.0555555555555556,0.388888888888889
prefill,21,8,125,1,18,0.0555555555555556,0.444444444444445
prefill,21,9,129,1,18,0.0555555555555556,0.5
prefill,21,10,142,1,18,0.0555555555555556,0.555555555555556
prefill,21,11,158,1,18,0.0555555555555556,0.611111111111111
prefill,21,12,174,1,18,0.0555555555555556,0.666666666666667
prefill,21,13,177,1,18,0.0555555555555556,0.722222222222222
prefill,21,14,205,1,18,0.0555555555555556,0.777777777777778
prefill,21,15,215,1,18,0.0555555555555556,0.833333333333334
prefill,21,16,218,1,18,0.0555555555555556,0.888888888888889
prefill,21,17,231,1,18,0.0555555555555556,0.944444444444445
prefill,21,18,250,1,18,0.0555555555555556,1
prefill,21,19,0,0,18,0,1
prefill,21,20,1,0,18,0,1
prefill,21,21,2,0,18,0,1
prefill,21,22,3,0,18,0,1
prefill,21,23,4,0,18,0,1
prefill,21,24,5,0,18,0,1
prefill,21,25,6,0,18,0,1
prefill,21,26,7,0,18,0,1
prefill,21,27,8,0,18,0,1
prefill,21,28,9,0,18,0,1
prefill,21,29,10,0,18,0,1
prefill,21,30,11,0,18,0,1
prefill,21,31,12,0,18,0,1
prefill,21,32,13,0,18,0,1
prefill,21,33,14,0,18,0,1
prefill,21,34,15,0,18,0,1
prefill,21,35,16,0,18,0,1
prefill,21,36,17,0,18,0,1
prefill,21,37,18,0,18,0,1
prefill,21,38,20,0,18,0,1
prefill,21,39,21,0,18,0,1
prefill,21,40,22,0,18,0,1
prefill,21,41,23,0,18,0,1
prefill,21,42,24,0,18,0,1
prefill,21,43,25,0,18,0,1
prefill,21,44,26,0,18,0,1
prefill,21,45,27,0,18,0,1
prefill,21,46,28,0,18,0,1
prefill,21,47,29,0,18,0,1
prefill,21,48,30,0,18,0,1
prefill,21,49,31,0,18,0,1
prefill,21,50,32,0,18,0,1
prefill,21,51,33,0,18,0,1
prefill,21,52,34,0,18,0,1
prefill,21,53,35,0,18,0,1
prefill,21,54,36,0,18,0,1
prefill,21,55,37,0,18,0,1
prefill,21,56,38,0,18,0,1
prefill,21,57,39,0,18,0,1
prefill,21,58,40,0,18,0,1
prefill,21,59,41,0,18,0,1
prefill,21,60,42,0,18,0,1
prefill,21,61,43,0,18,0,1
prefill,21,62,44,0,18,0,1
prefill,21,63,45,0,18,0,1
prefill,21,64,46,0,18,0,1
prefill,21,65,47,0,18,0,1
prefill,21,66,48,0,18,0,1
prefill,21,67,50,0,18,0,1
prefill,21,68,51,0,18,0,1
prefill,21,69,53,0,18,0,1
prefill,21,70,54,0,18,0,1
prefill,21,71,55,0,18,0,1
prefill,21,72,56,0,18,0,1
prefill,21,73,57,0,18,0,1
prefill,21,74,58,0,18,0,1
prefill,21,75,60,0,18,0,1
prefill,21,76,61,0,18,0,1
prefill,21,77,62,0,18,0,1
prefill,21,78,63,0,18,0,1
prefill,21,79,64,0,18,0,1
prefill,21,80,65,0,18,0,1
prefill,21,81,66,0,18,0,1
prefill,21,82,67,0,18,0,1
prefill,21,83,68,0,18,0,1
prefill,21,84,69,0,18,0,1
prefill,21,85,70,0,18,0,1
prefill,21,86,71,0,18,0,1
prefill,21,87,72,0,18,0,1
prefill,21,88,73,0,18,0,1
prefill,21,89,74,0,18,0,1
prefill,21,90,75,0,18,0,1
prefill,21,91,76,0,18,0,1
prefill,21,92,77,0,18,0,1
prefill,21,93,78,0,18,0,1
prefill,21,94,79,0,18,0,1
prefill,21,95,80,0,18,0,1
prefill,21,96,81,0,18,0,1
prefill,21,97,82,0,18,0,1
prefill,21,98,83,0,18,0,1
prefill,21,99,84,0,18,0,1
prefill,21,100,85,0,18,0,1
prefill,21,101,86,0,18,0,1
prefill,21,102,87,0,18,0,1
prefill,21,103,88,0,18,0,1
prefill,21,104,89,0,18,0,1
prefill,21,105,90,0,18,0,1
prefill,21,106,91,0,18,0,1
prefill,21,107,92,0,18,0,1
prefill,21,108,94,0,18,0,1
prefill,21,109,95,0,18,0,1
prefill,21,110,96,0,18,0,1
prefill,21,111,97,0,18,0,1
prefill,21,112,98,0,18,0,1
prefill,21,113,99,0,18,0,1
prefill,21,114,100,0,18,0,1
prefill,21,115,101,0,18,0,1
prefill,21,116,102,0,18,0,1
prefill,21,117,103,0,18,0,1
prefill,21,118,104,0,18,0,1
prefill,21,119,105,0,18,0,1
prefill,21,120,107,0,18,0,1
prefill,21,121,108,0,18,0,1
prefill,21,122,109,0,18,0,1
prefill,21,123,111,0,18,0,1
prefill,21,124,112,0,18,0,1
prefill,21,125,113,0,18,0,1
prefill,21,126,114,0,18,0,1
prefill,21,127,115,0,18,0,1
prefill,21,128,116,0,18,0,1
prefill,21,129,117,0,18,0,1
prefill,21,130,118,0,18,0,1
prefill,21,131,119,0,18,0,1
prefill,21,132,120,0,18,0,1
prefill,21,133,121,0,18,0,1
prefill,21,134,122,0,18,0,1
prefill,21,135,123,0,18,0,1
prefill,21,136,124,0,18,0,1
prefill,21,137,126,0,18,0,1
prefill,21,138,127,0,18,0,1
prefill,21,139,128,0,18,0,1
prefill,21,140,130,0,18,0,1
prefill,21,141,131,0,18,0,1
prefill,21,142,132,0,18,0,1
prefill,21,143,133,0,18,0,1
prefill,21,144,134,0,18,0,1
prefill,21,145,135,0,18,0,1
prefill,21,146,136,0,18,0,1
prefill,21,147,137,0,18,0,1
prefill,21,148,138,0,18,0,1
prefill,21,149,139,0,18,0,1
prefill,21,150,140,0,18,0,1
prefill,21,151,141,0,18,0,1
prefill,21,152,143,0,18,0,1
prefill,21,153,144,0,18,0,1
prefill,21,154,145,0,18,0,1
prefill,21,155,146,0,18,0,1
prefill,21,156,147,0,18,0,1
prefill,21,157,148,0,18,0,1
prefill,21,158,149,0,18,0,1
prefill,21,159,150,0,18,0,1
prefill,21,160,151,0,18,0,1
prefill,21,161,152,0,18,0,1
prefill,21,162,153,0,18,0,1
prefill,21,163,154,0,18,0,1
prefill,21,164,155,0,18,0,1
prefill,21,165,156,0,18,0,1
prefill,21,166,157,0,18,0,1
prefill,21,167,159,0,18,0,1
prefill,21,168,160,0,18,0,1
prefill,21,169,161,0,18,0,1
prefill,21,170,162,0,18,0,1
prefill,21,171,163,0,18,0,1
prefill,21,172,164,0,18,0,1
prefill,21,173,165,0,18,0,1
prefill,21,174,166,0,18,0,1
prefill,21,175,167,0,18,0,1
prefill,21,176,168,0,18,0,1
prefill,21,177,169,0,18,0,1
prefill,21,178,170,0,18,0,1
prefill,21,179,171,0,18,0,1
prefill,21,180,172,0,18,0,1
prefill,21,181,173,0,18,0,1
prefill,21,182,175,0,18,0,1
prefill,21,183,176,0,18,0,1
prefill,21,184,178,0,18,0,1
prefill,21,185,179,0,18,0,1
prefill,21,186,180,0,18,0,1
prefill,21,187,181,0,18,0,1
prefill,21,188,182,0,18,0,1
prefill,21,189,183,0,18,0,1
prefill,21,190,184,0,18,0,1
prefill,21,191,185,0,18,0,1
prefill,21,192,186,0,18,0,1
prefill,21,193,187,0,18,0,1
prefill,21,194,188,0,18,0,1
prefill,21,195,189,0,18,0,1
prefill,21,196,190,0,18,0,1
prefill,21,197,191,0,18,0,1
prefill,21,198,192,0,18,0,1
prefill,21,199,193,0,18,0,1
prefill,21,200,194,0,18,0,1
prefill,21,201,195,0,18,0,1
prefill,21,202,196,0,18,0,1
prefill,21,203,197,0,18,0,1
prefill,21,204,198,0,18,0,1
prefill,21,205,199,0,18,0,1
prefill,21,206,200,0,18,0,1
prefill,21,207,201,0,18,0,1
prefill,21,208,202,0,18,0,1
prefill,21,209,203,0,18,0,1
prefill,21,210,204,0,18,0,1
prefill,21,211,206,0,18,0,1
prefill,21,212,207,0,18,0,1
prefill,21,213,208,0,18,0,1
prefill,21,214,209,0,18,0,1
prefill,21,215,210,0,18,0,1
prefill,21,216,211,0,18,0,1
prefill,21,217,212,0,18,0,1
prefill,21,218,213,0,18,0,1
prefill,21,219,214,0,18,0,1
prefill,21,220,216,0,18,0,1
prefill,21,221,217,0,18,0,1
prefill,21,222,219,0,18,0,1
prefill,21,223,220,0,18,0,1
prefill,21,224,221,0,18,0,1
prefill,21,225,222,0,18,0,1
prefill,21,226,223,0,18,0,1
prefill,21,227,224,0,18,0,1
prefill,21,228,225,0,18,0,1
prefill,21,229,226,0,18,0,1
prefill,21,230,227,0,18,0,1
prefill,21,231,228,0,18,0,1
prefill,21,232,229,0,18,0,1
prefill,21,233,230,0,18,0,1
prefill,21,234,232,0,18,0,1
prefill,21,235,233,0,18,0,1
prefill,21,236,234,0,18,0,1
prefill,21,237,235,0,18,0,1
prefill,21,238,236,0,18,0,1
prefill,21,239,237,0,18,0,1
prefill,21,240,238,0,18,0,1
prefill,21,241,239,0,18,0,1
prefill,21,242,240,0,18,0,1
prefill,21,243,241,0,18,0,1
prefill,21,244,242,0,18,0,1
prefill,21,245,243,0,18,0,1
prefill,21,246,244,0,18,0,1
prefill,21,247,245,0,18,0,1
prefill,21,248,246,0,18,0,1
prefill,21,249,247,0,18,0,1
prefill,21,250,248,0,18,0,1
prefill,21,251,249,0,18,0,1
prefill,21,252,251,0,18,0,1
prefill,21,253,252,0,18,0,1
prefill,21,254,253,0,18,0,1
prefill,21,255,254,0,18,0,1
prefill,21,256,255,0,18,0,1
prefill,22,1,0,1,18,0.0555555555555556,0.0555555555555556
prefill,22,2,1,1,18,0.0555555555555556,0.111111111111111
prefill,22,3,37,1,18,0.0555555555555556,0.166666666666667
prefill,22,4,47,1,18,0.0555555555555556,0.222222222222222
prefill,22,5,57,1,18,0.0555555555555556,0.277777777777778
prefill,22,6,97,1,18,0.0555555555555556,0.333333333333333
prefill,22,7,103,1,18,0.0555555555555556,0.388888888888889
prefill,22,8,106,1,18,0.0555555555555556,0.444444444444445
prefill,22,9,133,1,18,0.0555555555555556,0.5
prefill,22,10,161,1,18,0.0555555555555556,0.555555555555556
prefill,22,11,166,1,18,0.0555555555555556,0.611111111111111
prefill,22,12,173,1,18,0.0555555555555556,0.666666666666667
prefill,22,13,183,1,18,0.0555555555555556,0.722222222222222
prefill,22,14,195,1,18,0.0555555555555556,0.777777777777778
prefill,22,15,205,1,18,0.0555555555555556,0.833333333333334
prefill,22,16,219,1,18,0.0555555555555556,0.888888888888889
prefill,22,17,231,1,18,0.0555555555555556,0.944444444444445
prefill,22,18,246,1,18,0.0555555555555556,1
prefill,22,19,2,0,18,0,1
prefill,22,20,3,0,18,0,1
prefill,22,21,4,0,18,0,1
prefill,22,22,5,0,18,0,1
prefill,22,23,6,0,18,0,1
prefill,22,24,7,0,18,0,1
prefill,22,25,8,0,18,0,1
prefill,22,26,9,0,18,0,1
prefill,22,27,10,0,18,0,1
prefill,22,28,11,0,18,0,1
prefill,22,29,12,0,18,0,1
prefill,22,30,13,0,18,0,1
prefill,22,31,14,0,18,0,1
prefill,22,32,15,0,18,0,1
prefill,22,33,16,0,18,0,1
prefill,22,34,17,0,18,0,1
prefill,22,35,18,0,18,0,1
prefill,22,36,19,0,18,0,1
prefill,22,37,20,0,18,0,1
prefill,22,38,21,0,18,0,1
prefill,22,39,22,0,18,0,1
prefill,22,40,23,0,18,0,1
prefill,22,41,24,0,18,0,1
prefill,22,42,25,0,18,0,1
prefill,22,43,26,0,18,0,1
prefill,22,44,27,0,18,0,1
prefill,22,45,28,0,18,0,1
prefill,22,46,29,0,18,0,1
prefill,22,47,30,0,18,0,1
prefill,22,48,31,0,18,0,1
prefill,22,49,32,0,18,0,1
prefill,22,50,33,0,18,0,1
prefill,22,51,34,0,18,0,1
prefill,22,52,35,0,18,0,1
prefill,22,53,36,0,18,0,1
prefill,22,54,38,0,18,0,1
prefill,22,55,39,0,18,0,1
prefill,22,56,40,0,18,0,1
prefill,22,57,41,0,18,0,1
prefill,22,58,42,0,18,0,1
prefill,22,59,43,0,18,0,1
prefill,22,60,44,0,18,0,1
prefill,22,61,45,0,18,0,1
prefill,22,62,46,0,18,0,1
prefill,22,63,48,0,18,0,1
prefill,22,64,49,0,18,0,1
prefill,22,65,50,0,18,0,1
prefill,22,66,51,0,18,0,1
prefill,22,67,52,0,18,0,1
prefill,22,68,53,0,18,0,1
prefill,22,69,54,0,18,0,1
prefill,22,70,55,0,18,0,1
prefill,22,71,56,0,18,0,1
prefill,22,72,58,0,18,0,1
prefill,22,73,59,0,18,0,1
prefill,22,74,60,0,18,0,1
prefill,22,75,61,0,18,0,1
prefill,22,76,62,0,18,0,1
prefill,22,77,63,0,18,0,1
prefill,22,78,64,0,18,0,1
prefill,22,79,65,0,18,0,1
prefill,22,80,66,0,18,0,1
prefill,22,81,67,0,18,0,1
prefill,22,82,68,0,18,0,1
prefill,22,83,69,0,18,0,1
prefill,22,84,70,0,18,0,1
prefill,22,85,71,0,18,0,1
prefill,22,86,72,0,18,0,1
prefill,22,87,73,0,18,0,1
prefill,22,88,74,0,18,0,1
prefill,22,89,75,0,18,0,1
prefill,22,90,76,0,18,0,1
prefill,22,91,77,0,18,0,1
prefill,22,92,78,0,18,0,1
prefill,22,93,79,0,18,0,1
prefill,22,94,80,0,18,0,1
prefill,22,95,81,0,18,0,1
prefill,22,96,82,0,18,0,1
prefill,22,97,83,0,18,0,1
prefill,22,98,84,0,18,0,1
prefill,22,99,85,0,18,0,1
prefill,22,100,86,0,18,0,1
prefill,22,101,87,0,18,0,1
prefill,22,102,88,0,18,0,1
prefill,22,103,89,0,18,0,1
prefill,22,104,90,0,18,0,1
prefill,22,105,91,0,18,0,1
prefill,22,106,92,0,18,0,1
prefill,22,107,93,0,18,0,1
prefill,22,108,94,0,18,0,1
prefill,22,109,95,0,18,0,1
prefill,22,110,96,0,18,0,1
prefill,22,111,98,0,18,0,1
prefill,22,112,99,0,18,0,1
prefill,22,113,100,0,18,0,1
prefill,22,114,101,0,18,0,1
prefill,22,115,102,0,18,0,1
prefill,22,116,104,0,18,0,1
prefill,22,117,105,0,18,0,1
prefill,22,118,107,0,18,0,1
prefill,22,119,108,0,18,0,1
prefill,22,120,109,0,18,0,1
prefill,22,121,110,0,18,0,1
prefill,22,122,111,0,18,0,1
prefill,22,123,112,0,18,0,1
prefill,22,124,113,0,18,0,1
prefill,22,125,114,0,18,0,1
prefill,22,126,115,0,18,0,1
prefill,22,127,116,0,18,0,1
prefill,22,128,117,0,18,0,1
prefill,22,129,118,0,18,0,1
prefill,22,130,119,0,18,0,1
prefill,22,131,120,0,18,0,1
prefill,22,132,121,0,18,0,1
prefill,22,133,122,0,18,0,1
prefill,22,134,123,0,18,0,1
prefill,22,135,124,0,18,0,1
prefill,22,136,125,0,18,0,1
prefill,22,137,126,0,18,0,1
prefill,22,138,127,0,18,0,1
prefill,22,139,128,0,18,0,1
prefill,22,140,129,0,18,0,1
prefill,22,141,130,0,18,0,1
prefill,22,142,131,0,18,0,1
prefill,22,143,132,0,18,0,1
prefill,22,144,134,0,18,0,1
prefill,22,145,135,0,18,0,1
prefill,22,146,136,0,18,0,1
prefill,22,147,137,0,18,0,1
prefill,22,148,138,0,18,0,1
prefill,22,149,139,0,18,0,1
prefill,22,150,140,0,18,0,1
prefill,22,151,141,0,18,0,1
prefill,22,152,142,0,18,0,1
prefill,22,153,143,0,18,0,1
prefill,22,154,144,0,18,0,1
prefill,22,155,145,0,18,0,1
prefill,22,156,146,0,18,0,1
prefill,22,157,147,0,18,0,1
prefill,22,158,148,0,18,0,1
prefill,22,159,149,0,18,0,1
prefill,22,160,150,0,18,0,1
prefill,22,161,151,0,18,0,1
prefill,22,162,152,0,18,0,1
prefill,22,163,153,0,18,0,1
prefill,22,164,154,0,18,0,1
prefill,22,165,155,0,18,0,1
prefill,22,166,156,0,18,0,1
prefill,22,167,157,0,18,0,1
prefill,22,168,158,0,18,0,1
prefill,22,169,159,0,18,0,1
prefill,22,170,160,0,18,0,1
prefill,22,171,162,0,18,0,1
prefill,22,172,163,0,18,0,1
prefill,22,173,164,0,18,0,1
prefill,22,174,165,0,18,0,1
prefill,22,175,167,0,18,0,1
prefill,22,176,168,0,18,0,1
prefill,22,177,169,0,18,0,1
prefill,22,178,170,0,18,0,1
prefill,22,179,171,0,18,0,1
prefill,22,180,172,0,18,0,1
prefill,22,181,174,0,18,0,1
prefill,22,182,175,0,18,0,1
prefill,22,183,176,0,18,0,1
prefill,22,184,177,0,18,0,1
prefill,22,185,178,0,18,0,1
prefill,22,186,179,0,18,0,1
prefill,22,187,180,0,18,0,1
prefill,22,188,181,0,18,0,1
prefill,22,189,182,0,18,0,1
prefill,22,190,184,0,18,0,1
prefill,22,191,185,0,18,0,1
prefill,22,192,186,0,18,0,1
prefill,22,193,187,0,18,0,1
prefill,22,194,188,0,18,0,1
prefill,22,195,189,0,18,0,1
prefill,22,196,190,0,18,0,1
prefill,22,197,191,0,18,0,1
prefill,22,198,192,0,18,0,1
prefill,22,199,193,0,18,0,1
prefill,22,200,194,0,18,0,1
prefill,22,201,196,0,18,0,1
prefill,22,202,197,0,18,0,1
prefill,22,203,198,0,18,0,1
prefill,22,204,199,0,18,0,1
prefill,22,205,200,0,18,0,1
prefill,22,206,201,0,18,0,1
prefill,22,207,202,0,18,0,1
prefill,22,208,203,0,18,0,1
prefill,22,209,204,0,18,0,1
prefill,22,210,206,0,18,0,1
prefill,22,211,207,0,18,0,1
prefill,22,212,208,0,18,0,1
prefill,22,213,209,0,18,0,1
prefill,22,214,210,0,18,0,1
prefill,22,215,211,0,18,0,1
prefill,22,216,212,0,18,0,1
prefill,22,217,213,0,18,0,1
prefill,22,218,214,0,18,0,1
prefill,22,219,215,0,18,0,1
prefill,22,220,216,0,18,0,1
prefill,22,221,217,0,18,0,1
prefill,22,222,218,0,18,0,1
prefill,22,223,220,0,18,0,1
prefill,22,224,221,0,18,0,1
prefill,22,225,222,0,18,0,1
prefill,22,226,223,0,18,0,1
prefill,22,227,224,0,18,0,1
prefill,22,228,225,0,18,0,1
prefill,22,229,226,0,18,0,1
prefill,22,230,227,0,18,0,1
prefill,22,231,228,0,18,0,1
prefill,22,232,229,0,18,0,1
prefill,22,233,230,0,18,0,1
prefill,22,234,232,0,18,0,1
prefill,22,235,233,0,18,0,1
prefill,22,236,234,0,18,0,1
prefill,22,237,235,0,18,0,1
prefill,22,238,236,0,18,0,1
prefill,22,239,237,0,18,0,1
prefill,22,240,238,0,18,0,1
prefill,22,241,239,0,18,0,1
prefill,22,242,240,0,18,0,1
prefill,22,243,241,0,18,0,1
prefill,22,244,242,0,18,0,1
prefill,22,245,243,0,18,0,1
prefill,22,246,244,0,18,0,1
prefill,22,247,245,0,18,0,1
prefill,22,248,247,0,18,0,1
prefill,22,249,248,0,18,0,1
prefill,22,250,249,0,18,0,1
prefill,22,251,250,0,18,0,1
prefill,22,252,251,0,18,0,1
prefill,22,253,252,0,18,0,1
prefill,22,254,253,0,18,0,1
prefill,22,255,254,0,18,0,1
prefill,22,256,255,0,18,0,1
prefill,23,1,211,2,18,0.111111111111111,0.111111111111111
prefill,23,2,228,2,18,0.111111111111111,0.222222222222222
prefill,23,3,5,1,18,0.0555555555555556,0.277777777777778
prefill,23,4,7,1,18,0.0555555555555556,0.333333333333333
prefill,23,5,21,1,18,0.0555555555555556,0.388888888888889
prefill,23,6,37,1,18,0.0555555555555556,0.444444444444445
prefill,23,7,57,1,18,0.0555555555555556,0.5
prefill,23,8,105,1,18,0.0555555555555556,0.555555555555556
prefill,23,9,128,1,18,0.0555555555555556,0.611111111111111
prefill,23,10,163,1,18,0.0555555555555556,0.666666666666667
prefill,23,11,170,1,18,0.0555555555555556,0.722222222222222
prefill,23,12,186,1,18,0.0555555555555556,0.777777777777778
prefill,23,13,196,1,18,0.0555555555555556,0.833333333333334
prefill,23,14,197,1,18,0.0555555555555556,0.888888888888889
prefill,23,15,209,1,18,0.0555555555555556,0.944444444444445
prefill,23,16,252,1,18,0.0555555555555556,1
prefill,23,17,0,0,18,0,1
prefill,23,18,1,0,18,0,1
prefill,23,19,2,0,18,0,1
prefill,23,20,3,0,18,0,1
prefill,23,21,4,0,18,0,1
prefill,23,22,6,0,18,0,1
prefill,23,23,8,0,18,0,1
prefill,23,24,9,0,18,0,1
prefill,23,25,10,0,18,0,1
prefill,23,26,11,0,18,0,1
prefill,23,27,12,0,18,0,1
prefill,23,28,13,0,18,0,1
prefill,23,29,14,0,18,0,1
prefill,23,30,15,0,18,0,1
prefill,23,31,16,0,18,0,1
prefill,23,32,17,0,18,0,1
prefill,23,33,18,0,18,0,1
prefill,23,34,19,0,18,0,1
prefill,23,35,20,0,18,0,1
prefill,23,36,22,0,18,0,1
prefill,23,37,23,0,18,0,1
prefill,23,38,24,0,18,0,1
prefill,23,39,25,0,18,0,1
prefill,23,40,26,0,18,0,1
prefill,23,41,27,0,18,0,1
prefill,23,42,28,0,18,0,1
prefill,23,43,29,0,18,0,1
prefill,23,44,30,0,18,0,1
prefill,23,45,31,0,18,0,1
prefill,23,46,32,0,18,0,1
prefill,23,47,33,0,18,0,1
prefill,23,48,34,0,18,0,1
prefill,23,49,35,0,18,0,1
prefill,23,50,36,0,18,0,1
prefill,23,51,38,0,18,0,1
prefill,23,52,39,0,18,0,1
prefill,23,53,40,0,18,0,1
prefill,23,54,41,0,18,0,1
prefill,23,55,42,0,18,0,1
prefill,23,56,43,0,18,0,1
prefill,23,57,44,0,18,0,1
prefill,23,58,45,0,18,0,1
prefill,23,59,46,0,18,0,1
prefill,23,60,47,0,18,0,1
prefill,23,61,48,0,18,0,1
prefill,23,62,49,0,18,0,1
prefill,23,63,50,0,18,0,1
prefill,23,64,51,0,18,0,1
prefill,23,65,52,0,18,0,1
prefill,23,66,53,0,18,0,1
prefill,23,67,54,0,18,0,1
prefill,23,68,55,0,18,0,1
prefill,23,69,56,0,18,0,1
prefill,23,70,58,0,18,0,1
prefill,23,71,59,0,18,0,1
prefill,23,72,60,0,18,0,1
prefill,23,73,61,0,18,0,1
prefill,23,74,62,0,18,0,1
prefill,23,75,63,0,18,0,1
prefill,23,76,64,0,18,0,1
prefill,23,77,65,0,18,0,1
prefill,23,78,66,0,18,0,1
prefill,23,79,67,0,18,0,1
prefill,23,80,68,0,18,0,1
prefill,23,81,69,0,18,0,1
prefill,23,82,70,0,18,0,1
prefill,23,83,71,0,18,0,1
prefill,23,84,72,0,18,0,1
prefill,23,85,73,0,18,0,1
prefill,23,86,74,0,18,0,1
prefill,23,87,75,0,18,0,1
prefill,23,88,76,0,18,0,1
prefill,23,89,77,0,18,0,1
prefill,23,90,78,0,18,0,1
prefill,23,91,79,0,18,0,1
prefill,23,92,80,0,18,0,1
prefill,23,93,81,0,18,0,1
prefill,23,94,82,0,18,0,1
prefill,23,95,83,0,18,0,1
prefill,23,96,84,0,18,0,1
prefill,23,97,85,0,18,0,1
prefill,23,98,86,0,18,0,1
prefill,23,99,87,0,18,0,1
prefill,23,100,88,0,18,0,1
prefill,23,101,89,0,18,0,1
prefill,23,102,90,0,18,0,1
prefill,23,103,91,0,18,0,1
prefill,23,104,92,0,18,0,1
prefill,23,105,93,0,18,0,1
prefill,23,106,94,0,18,0,1
prefill,23,107,95,0,18,0,1
prefill,23,108,96,0,18,0,1
prefill,23,109,97,0,18,0,1
prefill,23,110,98,0,18,0,1
prefill,23,111,99,0,18,0,1
prefill,23,112,100,0,18,0,1
prefill,23,113,101,0,18,0,1
prefill,23,114,102,0,18,0,1
prefill,23,115,103,0,18,0,1
prefill,23,116,104,0,18,0,1
prefill,23,117,106,0,18,0,1
prefill,23,118,107,0,18,0,1
prefill,23,119,108,0,18,0,1
prefill,23,120,109,0,18,0,1
prefill,23,121,110,0,18,0,1
prefill,23,122,111,0,18,0,1
prefill,23,123,112,0,18,0,1
prefill,23,124,113,0,18,0,1
prefill,23,125,114,0,18,0,1
prefill,23,126,115,0,18,0,1
prefill,23,127,116,0,18,0,1
prefill,23,128,117,0,18,0,1
prefill,23,129,118,0,18,0,1
prefill,23,130,119,0,18,0,1
prefill,23,131,120,0,18,0,1
prefill,23,132,121,0,18,0,1
prefill,23,133,122,0,18,0,1
prefill,23,134,123,0,18,0,1
prefill,23,135,124,0,18,0,1
prefill,23,136,125,0,18,0,1
prefill,23,137,126,0,18,0,1
prefill,23,138,127,0,18,0,1
prefill,23,139,129,0,18,0,1
prefill,23,140,130,0,18,0,1
prefill,23,141,131,0,18,0,1
prefill,23,142,132,0,18,0,1
prefill,23,143,133,0,18,0,1
prefill,23,144,134,0,18,0,1
prefill,23,145,135,0,18,0,1
prefill,23,146,136,0,18,0,1
prefill,23,147,137,0,18,0,1
prefill,23,148,138,0,18,0,1
prefill,23,149,139,0,18,0,1
prefill,23,150,140,0,18,0,1
prefill,23,151,141,0,18,0,1
prefill,23,152,142,0,18,0,1
prefill,23,153,143,0,18,0,1
prefill,23,154,144,0,18,0,1
prefill,23,155,145,0,18,0,1
prefill,23,156,146,0,18,0,1
prefill,23,157,147,0,18,0,1
prefill,23,158,148,0,18,0,1
prefill,23,159,149,0,18,0,1
prefill,23,160,150,0,18,0,1
prefill,23,161,151,0,18,0,1
prefill,23,162,152,0,18,0,1
prefill,23,163,153,0,18,0,1
prefill,23,164,154,0,18,0,1
prefill,23,165,155,0,18,0,1
prefill,23,166,156,0,18,0,1
prefill,23,167,157,0,18,0,1
prefill,23,168,158,0,18,0,1
prefill,23,169,159,0,18,0,1
prefill,23,170,160,0,18,0,1
prefill,23,171,161,0,18,0,1
prefill,23,172,162,0,18,0,1
prefill,23,173,164,0,18,0,1
prefill,23,174,165,0,18,0,1
prefill,23,175,166,0,18,0,1
prefill,23,176,167,0,18,0,1
prefill,23,177,168,0,18,0,1
prefill,23,178,169,0,18,0,1
prefill,23,179,171,0,18,0,1
prefill,23,180,172,0,18,0,1
prefill,23,181,173,0,18,0,1
prefill,23,182,174,0,18,0,1
prefill,23,183,175,0,18,0,1
prefill,23,184,176,0,18,0,1
prefill,23,185,177,0,18,0,1
prefill,23,186,178,0,18,0,1
prefill,23,187,179,0,18,0,1
prefill,23,188,180,0,18,0,1
prefill,23,189,181,0,18,0,1
prefill,23,190,182,0,18,0,1
prefill,23,191,183,0,18,0,1
prefill,23,192,184,0,18,0,1
prefill,23,193,185,0,18,0,1
prefill,23,194,187,0,18,0,1
prefill,23,195,188,0,18,0,1
prefill,23,196,189,0,18,0,1
prefill,23,197,190,0,18,0,1
prefill,23,198,191,0,18,0,1
prefill,23,199,192,0,18,0,1
prefill,23,200,193,0,18,0,1
prefill,23,201,194,0,18,0,1
prefill,23,202,195,0,18,0,1
prefill,23,203,198,0,18,0,1
prefill,23,204,199,0,18,0,1
prefill,23,205,200,0,18,0,1
prefill,23,206,201,0,18,0,1
prefill,23,207,202,0,18,0,1
prefill,23,208,203,0,18,0,1
prefill,23,209,204,0,18,0,1
prefill,23,210,205,0,18,0,1
prefill,23,211,206,0,18,0,1
prefill,23,212,207,0,18,0,1
prefill,23,213,208,0,18,0,1
prefill,23,214,210,0,18,0,1
prefill,23,215,212,0,18,0,1
prefill,23,216,213,0,18,0,1
prefill,23,217,214,0,18,0,1
prefill,23,218,215,0,18,0,1
prefill,23,219,216,0,18,0,1
prefill,23,220,217,0,18,0,1
prefill,23,221,218,0,18,0,1
prefill,23,222,219,0,18,0,1
prefill,23,223,220,0,18,0,1
prefill,23,224,221,0,18,0,1
prefill,23,225,222,0,18,0,1
prefill,23,226,223,0,18,0,1
prefill,23,227,224,0,18,0,1
prefill,23,228,225,0,18,0,1
prefill,23,229,226,0,18,0,1
prefill,23,230,227,0,18,0,1
prefill,23,231,229,0,18,0,1
prefill,23,232,230,0,18,0,1
prefill,23,233,231,0,18,0,1
prefill,23,234,232,0,18,0,1
prefill,23,235,233,0,18,0,1
prefill,23,236,234,0,18,0,1
prefill,23,237,235,0,18,0,1
prefill,23,238,236,0,18,0,1
prefill,23,239,237,0,18,0,1
prefill,23,240,238,0,18,0,1
prefill,23,241,239,0,18,0,1
prefill,23,242,240,0,18,0,1
prefill,23,243,241,0,18,0,1
prefill,23,244,242,0,18,0,1
prefill,23,245,243,0,18,0,1
prefill,23,246,244,0,18,0,1
prefill,23,247,245,0,18,0,1
prefill,23,248,246,0,18,0,1
prefill,23,249,247,0,18,0,1
prefill,23,250,248,0,18,0,1
prefill,23,251,249,0,18,0,1
prefill,23,252,250,0,18,0,1
prefill,23,253,251,0,18,0,1
prefill,23,254,253,0,18,0,1
prefill,23,255,254,0,18,0,1
prefill,23,256,255,0,18,0,1
prefill,24,1,156,2,18,0.111111111111111,0.111111111111111
prefill,24,2,4,1,18,0.0555555555555556,0.166666666666667
prefill,24,3,29,1,18,0.0555555555555556,0.222222222222222
prefill,24,4,51,1,18,0.0555555555555556,0.277777777777778
prefill,24,5,52,1,18,0.0555555555555556,0.333333333333333
prefill,24,6,54,1,18,0.0555555555555556,0.388888888888889
prefill,24,7,61,1,18,0.0555555555555556,0.444444444444445
prefill,24,8,96,1,18,0.0555555555555556,0.5
prefill,24,9,98,1,18,0.0555555555555556,0.555555555555556
prefill,24,10,114,1,18,0.0555555555555556,0.611111111111111
prefill,24,11,123,1,18,0.0555555555555556,0.666666666666667
prefill,24,12,135,1,18,0.0555555555555556,0.722222222222222
prefill,24,13,139,1,18,0.0555555555555556,0.777777777777778
prefill,24,14,152,1,18,0.0555555555555556,0.833333333333334
prefill,24,15,164,1,18,0.0555555555555556,0.888888888888889
prefill,24,16,193,1,18,0.0555555555555556,0.944444444444445
prefill,24,17,223,1,18,0.0555555555555556,1
prefill,24,18,0,0,18,0,1
prefill,24,19,1,0,18,0,1
prefill,24,20,2,0,18,0,1
prefill,24,21,3,0,18,0,1
prefill,24,22,5,0,18,0,1
prefill,24,23,6,0,18,0,1
prefill,24,24,7,0,18,0,1
prefill,24,25,8,0,18,0,1
prefill,24,26,9,0,18,0,1
prefill,24,27,10,0,18,0,1
prefill,24,28,11,0,18,0,1
prefill,24,29,12,0,18,0,1
prefill,24,30,13,0,18,0,1
prefill,24,31,14,0,18,0,1
prefill,24,32,15,0,18,0,1
prefill,24,33,16,0,18,0,1
prefill,24,34,17,0,18,0,1
prefill,24,35,18,0,18,0,1
prefill,24,36,19,0,18,0,1
prefill,24,37,20,0,18,0,1
prefill,24,38,21,0,18,0,1
prefill,24,39,22,0,18,0,1
prefill,24,40,23,0,18,0,1
prefill,24,41,24,0,18,0,1
prefill,24,42,25,0,18,0,1
prefill,24,43,26,0,18,0,1
prefill,24,44,27,0,18,0,1
prefill,24,45,28,0,18,0,1
prefill,24,46,30,0,18,0,1
prefill,24,47,31,0,18,0,1
prefill,24,48,32,0,18,0,1
prefill,24,49,33,0,18,0,1
prefill,24,50,34,0,18,0,1
prefill,24,51,35,0,18,0,1
prefill,24,52,36,0,18,0,1
prefill,24,53,37,0,18,0,1
prefill,24,54,38,0,18,0,1
prefill,24,55,39,0,18,0,1
prefill,24,56,40,0,18,0,1
prefill,24,57,41,0,18,0,1
prefill,24,58,42,0,18,0,1
prefill,24,59,43,0,18,0,1
prefill,24,60,44,0,18,0,1
prefill,24,61,45,0,18,0,1
prefill,24,62,46,0,18,0,1
prefill,24,63,47,0,18,0,1
prefill,24,64,48,0,18,0,1
prefill,24,65,49,0,18,0,1
prefill,24,66,50,0,18,0,1
prefill,24,67,53,0,18,0,1
prefill,24,68,55,0,18,0,1
prefill,24,69,56,0,18,0,1
prefill,24,70,57,0,18,0,1
prefill,24,71,58,0,18,0,1
prefill,24,72,59,0,18,0,1
prefill,24,73,60,0,18,0,1
prefill,24,74,62,0,18,0,1
prefill,24,75,63,0,18,0,1
prefill,24,76,64,0,18,0,1
prefill,24,77,65,0,18,0,1
prefill,24,78,66,0,18,0,1
prefill,24,79,67,0,18,0,1
prefill,24,80,68,0,18,0,1
prefill,24,81,69,0,18,0,1
prefill,24,82,70,0,18,0,1
prefill,24,83,71,0,18,0,1
prefill,24,84,72,0,18,0,1
prefill,24,85,73,0,18,0,1
prefill,24,86,74,0,18,0,1
prefill,24,87,75,0,18,0,1
prefill,24,88,76,0,18,0,1
prefill,24,89,77,0,18,0,1
prefill,24,90,78,0,18,0,1
prefill,24,91,79,0,18,0,1
prefill,24,92,80,0,18,0,1
prefill,24,93,81,0,18,0,1
prefill,24,94,82,0,18,0,1
prefill,24,95,83,0,18,0,1
prefill,24,96,84,0,18,0,1
prefill,24,97,85,0,18,0,1
prefill,24,98,86,0,18,0,1
prefill,24,99,87,0,18,0,1
prefill,24,100,88,0,18,0,1
prefill,24,101,89,0,18,0,1
prefill,24,102,90,0,18,0,1
prefill,24,103,91,0,18,0,1
prefill,24,104,92,0,18,0,1
prefill,24,105,93,0,18,0,1
prefill,24,106,94,0,18,0,1
prefill,24,107,95,0,18,0,1
prefill,24,108,97,0,18,0,1
prefill,24,109,99,0,18,0,1
prefill,24,110,100,0,18,0,1
prefill,24,111,101,0,18,0,1
prefill,24,112,102,0,18,0,1
prefill,24,113,103,0,18,0,1
prefill,24,114,104,0,18,0,1
prefill,24,115,105,0,18,0,1
prefill,24,116,106,0,18,0,1
prefill,24,117,107,0,18,0,1
prefill,24,118,108,0,18,0,1
prefill,24,119,109,0,18,0,1
prefill,24,120,110,0,18,0,1
prefill,24,121,111,0,18,0,1
prefill,24,122,112,0,18,0,1
prefill,24,123,113,0,18,0,1
prefill,24,124,115,0,18,0,1
prefill,24,125,116,0,18,0,1
prefill,24,126,117,0,18,0,1
prefill,24,127,118,0,18,0,1
prefill,24,128,119,0,18,0,1
prefill,24,129,120,0,18,0,1
prefill,24,130,121,0,18,0,1
prefill,24,131,122,0,18,0,1
prefill,24,132,124,0,18,0,1
prefill,24,133,125,0,18,0,1
prefill,24,134,126,0,18,0,1
prefill,24,135,127,0,18,0,1
prefill,24,136,128,0,18,0,1
prefill,24,137,129,0,18,0,1
prefill,24,138,130,0,18,0,1
prefill,24,139,131,0,18,0,1
prefill,24,140,132,0,18,0,1
prefill,24,141,133,0,18,0,1
prefill,24,142,134,0,18,0,1
prefill,24,143,136,0,18,0,1
prefill,24,144,137,0,18,0,1
prefill,24,145,138,0,18,0,1
prefill,24,146,140,0,18,0,1
prefill,24,147,141,0,18,0,1
prefill,24,148,142,0,18,0,1
prefill,24,149,143,0,18,0,1
prefill,24,150,144,0,18,0,1
prefill,24,151,145,0,18,0,1
prefill,24,152,146,0,18,0,1
prefill,24,153,147,0,18,0,1
prefill,24,154,148,0,18,0,1
prefill,24,155,149,0,18,0,1
prefill,24,156,150,0,18,0,1
prefill,24,157,151,0,18,0,1
prefill,24,158,153,0,18,0,1
prefill,24,159,154,0,18,0,1
prefill,24,160,155,0,18,0,1
prefill,24,161,157,0,18,0,1
prefill,24,162,158,0,18,0,1
prefill,24,163,159,0,18,0,1
prefill,24,164,160,0,18,0,1
prefill,24,165,161,0,18,0,1
prefill,24,166,162,0,18,0,1
prefill,24,167,163,0,18,0,1
prefill,24,168,165,0,18,0,1
prefill,24,169,166,0,18,0,1
prefill,24,170,167,0,18,0,1
prefill,24,171,168,0,18,0,1
prefill,24,172,169,0,18,0,1
prefill,24,173,170,0,18,0,1
prefill,24,174,171,0,18,0,1
prefill,24,175,172,0,18,0,1
prefill,24,176,173,0,18,0,1
prefill,24,177,174,0,18,0,1
prefill,24,178,175,0,18,0,1
prefill,24,179,176,0,18,0,1
prefill,24,180,177,0,18,0,1
prefill,24,181,178,0,18,0,1
prefill,24,182,179,0,18,0,1
prefill,24,183,180,0,18,0,1
prefill,24,184,181,0,18,0,1
prefill,24,185,182,0,18,0,1
prefill,24,186,183,0,18,0,1
prefill,24,187,184,0,18,0,1
prefill,24,188,185,0,18,0,1
prefill,24,189,186,0,18,0,1
prefill,24,190,187,0,18,0,1
prefill,24,191,188,0,18,0,1
prefill,24,192,189,0,18,0,1
prefill,24,193,190,0,18,0,1
prefill,24,194,191,0,18,0,1
prefill,24,195,192,0,18,0,1
prefill,24,196,194,0,18,0,1
prefill,24,197,195,0,18,0,1
prefill,24,198,196,0,18,0,1
prefill,24,199,197,0,18,0,1
prefill,24,200,198,0,18,0,1
prefill,24,201,199,0,18,0,1
prefill,24,202,200,0,18,0,1
prefill,24,203,201,0,18,0,1
prefill,24,204,202,0,18,0,1
prefill,24,205,203,0,18,0,1
prefill,24,206,204,0,18,0,1
prefill,24,207,205,0,18,0,1
prefill,24,208,206,0,18,0,1
prefill,24,209,207,0,18,0,1
prefill,24,210,208,0,18,0,1
prefill,24,211,209,0,18,0,1
prefill,24,212,210,0,18,0,1
prefill,24,213,211,0,18,0,1
prefill,24,214,212,0,18,0,1
prefill,24,215,213,0,18,0,1
prefill,24,216,214,0,18,0,1
prefill,24,217,215,0,18,0,1
prefill,24,218,216,0,18,0,1
prefill,24,219,217,0,18,0,1
prefill,24,220,218,0,18,0,1
prefill,24,221,219,0,18,0,1
prefill,24,222,220,0,18,0,1
prefill,24,223,221,0,18,0,1
prefill,24,224,222,0,18,0,1
prefill,24,225,224,0,18,0,1
prefill,24,226,225,0,18,0,1
prefill,24,227,226,0,18,0,1
prefill,24,228,227,0,18,0,1
prefill,24,229,228,0,18,0,1
prefill,24,230,229,0,18,0,1
prefill,24,231,230,0,18,0,1
prefill,24,232,231,0,18,0,1
prefill,24,233,232,0,18,0,1
prefill,24,234,233,0,18,0,1
prefill,24,235,234,0,18,0,1
prefill,24,236,235,0,18,0,1
prefill,24,237,236,0,18,0,1
prefill,24,238,237,0,18,0,1
prefill,24,239,238,0,18,0,1
prefill,24,240,239,0,18,0,1
prefill,24,241,240,0,18,0,1
prefill,24,242,241,0,18,0,1
prefill,24,243,242,0,18,0,1
prefill,24,244,243,0,18,0,1
prefill,24,245,244,0,18,0,1
prefill,24,246,245,0,18,0,1
prefill,24,247,246,0,18,0,1
prefill,24,248,247,0,18,0,1
prefill,24,249,248,0,18,0,1
prefill,24,250,249,0,18,0,1
prefill,24,251,250,0,18,0,1
prefill,24,252,251,0,18,0,1
prefill,24,253,252,0,18,0,1
prefill,24,254,253,0,18,0,1
prefill,24,255,254,0,18,0,1
prefill,24,256,255,0,18,0,1
prefill,25,1,18,2,18,0.111111111111111,0.111111111111111
prefill,25,2,60,2,18,0.111111111111111,0.222222222222222
prefill,25,3,13,1,18,0.0555555555555556,0.277777777777778
prefill,25,4,43,1,18,0.0555555555555556,0.333333333333333
prefill,25,5,64,1,18,0.0555555555555556,0.388888888888889
prefill,25,6,65,1,18,0.0555555555555556,0.444444444444445
prefill,25,7,67,1,18,0.0555555555555556,0.5
prefill,25,8,68,1,18,0.0555555555555556,0.555555555555556
prefill,25,9,91,1,18,0.0555555555555556,0.611111111111111
prefill,25,10,108,1,18,0.0555555555555556,0.666666666666667
prefill,25,11,120,1,18,0.0555555555555556,0.722222222222222
prefill,25,12,142,1,18,0.0555555555555556,0.777777777777778
prefill,25,13,150,1,18,0.0555555555555556,0.833333333333334
prefill,25,14,169,1,18,0.0555555555555556,0.888888888888889
prefill,25,15,244,1,18,0.0555555555555556,0.944444444444445
prefill,25,16,251,1,18,0.0555555555555556,1
prefill,25,17,0,0,18,0,1
prefill,25,18,1,0,18,0,1
prefill,25,19,2,0,18,0,1
prefill,25,20,3,0,18,0,1
prefill,25,21,4,0,18,0,1
prefill,25,22,5,0,18,0,1
prefill,25,23,6,0,18,0,1
prefill,25,24,7,0,18,0,1
prefill,25,25,8,0,18,0,1
prefill,25,26,9,0,18,0,1
prefill,25,27,10,0,18,0,1
prefill,25,28,11,0,18,0,1
prefill,25,29,12,0,18,0,1
prefill,25,30,14,0,18,0,1
prefill,25,31,15,0,18,0,1
prefill,25,32,16,0,18,0,1
prefill,25,33,17,0,18,0,1
prefill,25,34,19,0,18,0,1
prefill,25,35,20,0,18,0,1
prefill,25,36,21,0,18,0,1
prefill,25,37,22,0,18,0,1
prefill,25,38,23,0,18,0,1
prefill,25,39,24,0,18,0,1
prefill,25,40,25,0,18,0,1
prefill,25,41,26,0,18,0,1
prefill,25,42,27,0,18,0,1
prefill,25,43,28,0,18,0,1
prefill,25,44,29,0,18,0,1
prefill,25,45,30,0,18,0,1
prefill,25,46,31,0,18,0,1
prefill,25,47,32,0,18,0,1
prefill,25,48,33,0,18,0,1
prefill,25,49,34,0,18,0,1
prefill,25,50,35,0,18,0,1
prefill,25,51,36,0,18,0,1
prefill,25,52,37,0,18,0,1
prefill,25,53,38,0,18,0,1
prefill,25,54,39,0,18,0,1
prefill,25,55,40,0,18,0,1
prefill,25,56,41,0,18,0,1
prefill,25,57,42,0,18,0,1
prefill,25,58,44,0,18,0,1
prefill,25,59,45,0,18,0,1
prefill,25,60,46,0,18,0,1
prefill,25,61,47,0,18,0,1
prefill,25,62,48,0,18,0,1
prefill,25,63,49,0,18,0,1
prefill,25,64,50,0,18,0,1
prefill,25,65,51,0,18,0,1
prefill,25,66,52,0,18,0,1
prefill,25,67,53,0,18,0,1
prefill,25,68,54,0,18,0,1
prefill,25,69,55,0,18,0,1
prefill,25,70,56,0,18,0,1
prefill,25,71,57,0,18,0,1
prefill,25,72,58,0,18,0,1
prefill,25,73,59,0,18,0,1
prefill,25,74,61,0,18,0,1
prefill,25,75,62,0,18,0,1
prefill,25,76,63,0,18,0,1
prefill,25,77,66,0,18,0,1
prefill,25,78,69,0,18,0,1
prefill,25,79,70,0,18,0,1
prefill,25,80,71,0,18,0,1
prefill,25,81,72,0,18,0,1
prefill,25,82,73,0,18,0,1
prefill,25,83,74,0,18,0,1
prefill,25,84,75,0,18,0,1
prefill,25,85,76,0,18,0,1
prefill,25,86,77,0,18,0,1
prefill,25,87,78,0,18,0,1
prefill,25,88,79,0,18,0,1
prefill,25,89,80,0,18,0,1
prefill,25,90,81,0,18,0,1
prefill,25,91,82,0,18,0,1
prefill,25,92,83,0,18,0,1
prefill,25,93,84,0,18,0,1
prefill,25,94,85,0,18,0,1
prefill,25,95,86,0,18,0,1
prefill,25,96,87,0,18,0,1
prefill,25,97,88,0,18,0,1
prefill,25,98,89,0,18,0,1
prefill,25,99,90,0,18,0,1
prefill,25,100,92,0,18,0,1
prefill,25,101,93,0,18,0,1
prefill,25,102,94,0,18,0,1
prefill,25,103,95,0,18,0,1
prefill,25,104,96,0,18,0,1
prefill,25,105,97,0,18,0,1
prefill,25,106,98,0,18,0,1
prefill,25,107,99,0,18,0,1
prefill,25,108,100,0,18,0,1
prefill,25,109,101,0,18,0,1
prefill,25,110,102,0,18,0,1
prefill,25,111,103,0,18,0,1
prefill,25,112,104,0,18,0,1
prefill,25,113,105,0,18,0,1
prefill,25,114,106,0,18,0,1
prefill,25,115,107,0,18,0,1
prefill,25,116,109,0,18,0,1
prefill,25,117,110,0,18,0,1
prefill,25,118,111,0,18,0,1
prefill,25,119,112,0,18,0,1
prefill,25,120,113,0,18,0,1
prefill,25,121,114,0,18,0,1
prefill,25,122,115,0,18,0,1
prefill,25,123,116,0,18,0,1
prefill,25,124,117,0,18,0,1
prefill,25,125,118,0,18,0,1
prefill,25,126,119,0,18,0,1
prefill,25,127,121,0,18,0,1
prefill,25,128,122,0,18,0,1
prefill,25,129,123,0,18,0,1
prefill,25,130,124,0,18,0,1
prefill,25,131,125,0,18,0,1
prefill,25,132,126,0,18,0,1
prefill,25,133,127,0,18,0,1
prefill,25,134,128,0,18,0,1
prefill,25,135,129,0,18,0,1
prefill,25,136,130,0,18,0,1
prefill,25,137,131,0,18,0,1
prefill,25,138,132,0,18,0,1
prefill,25,139,133,0,18,0,1
prefill,25,140,134,0,18,0,1
prefill,25,141,135,0,18,0,1
prefill,25,142,136,0,18,0,1
prefill,25,143,137,0,18,0,1
prefill,25,144,138,0,18,0,1
prefill,25,145,139,0,18,0,1
prefill,25,146,140,0,18,0,1
prefill,25,147,141,0,18,0,1
prefill,25,148,143,0,18,0,1
prefill,25,149,144,0,18,0,1
prefill,25,150,145,0,18,0,1
prefill,25,151,146,0,18,0,1
prefill,25,152,147,0,18,0,1
prefill,25,153,148,0,18,0,1
prefill,25,154,149,0,18,0,1
prefill,25,155,151,0,18,0,1
prefill,25,156,152,0,18,0,1
prefill,25,157,153,0,18,0,1
prefill,25,158,154,0,18,0,1
prefill,25,159,155,0,18,0,1
prefill,25,160,156,0,18,0,1
prefill,25,161,157,0,18,0,1
prefill,25,162,158,0,18,0,1
prefill,25,163,159,0,18,0,1
prefill,25,164,160,0,18,0,1
prefill,25,165,161,0,18,0,1
prefill,25,166,162,0,18,0,1
prefill,25,167,163,0,18,0,1
prefill,25,168,164,0,18,0,1
prefill,25,169,165,0,18,0,1
prefill,25,170,166,0,18,0,1
prefill,25,171,167,0,18,0,1
prefill,25,172,168,0,18,0,1
prefill,25,173,170,0,18,0,1
prefill,25,174,171,0,18,0,1
prefill,25,175,172,0,18,0,1
prefill,25,176,173,0,18,0,1
prefill,25,177,174,0,18,0,1
prefill,25,178,175,0,18,0,1
prefill,25,179,176,0,18,0,1
prefill,25,180,177,0,18,0,1
prefill,25,181,178,0,18,0,1
prefill,25,182,179,0,18,0,1
prefill,25,183,180,0,18,0,1
prefill,25,184,181,0,18,0,1
prefill,25,185,182,0,18,0,1
prefill,25,186,183,0,18,0,1
prefill,25,187,184,0,18,0,1
prefill,25,188,185,0,18,0,1
prefill,25,189,186,0,18,0,1
prefill,25,190,187,0,18,0,1
prefill,25,191,188,0,18,0,1
prefill,25,192,189,0,18,0,1
prefill,25,193,190,0,18,0,1
prefill,25,194,191,0,18,0,1
prefill,25,195,192,0,18,0,1
prefill,25,196,193,0,18,0,1
prefill,25,197,194,0,18,0,1
prefill,25,198,195,0,18,0,1
prefill,25,199,196,0,18,0,1
prefill,25,200,197,0,18,0,1
prefill,25,201,198,0,18,0,1
prefill,25,202,199,0,18,0,1
prefill,25,203,200,0,18,0,1
prefill,25,204,201,0,18,0,1
prefill,25,205,202,0,18,0,1
prefill,25,206,203,0,18,0,1
prefill,25,207,204,0,18,0,1
prefill,25,208,205,0,18,0,1
prefill,25,209,206,0,18,0,1
prefill,25,210,207,0,18,0,1
prefill,25,211,208,0,18,0,1
prefill,25,212,209,0,18,0,1
prefill,25,213,210,0,18,0,1
prefill,25,214,211,0,18,0,1
prefill,25,215,212,0,18,0,1
prefill,25,216,213,0,18,0,1
prefill,25,217,214,0,18,0,1
prefill,25,218,215,0,18,0,1
prefill,25,219,216,0,18,0,1
prefill,25,220,217,0,18,0,1
prefill,25,221,218,0,18,0,1
prefill,25,222,219,0,18,0,1
prefill,25,223,220,0,18,0,1
prefill,25,224,221,0,18,0,1
prefill,25,225,222,0,18,0,1
prefill,25,226,223,0,18,0,1
prefill,25,227,224,0,18,0,1
prefill,25,228,225,0,18,0,1
prefill,25,229,226,0,18,0,1
prefill,25,230,227,0,18,0,1
prefill,25,231,228,0,18,0,1
prefill,25,232,229,0,18,0,1
prefill,25,233,230,0,18,0,1
prefill,25,234,231,0,18,0,1
prefill,25,235,232,0,18,0,1
prefill,25,236,233,0,18,0,1
prefill,25,237,234,0,18,0,1
prefill,25,238,235,0,18,0,1
prefill,25,239,236,0,18,0,1
prefill,25,240,237,0,18,0,1
prefill,25,241,238,0,18,0,1
prefill,25,242,239,0,18,0,1
prefill,25,243,240,0,18,0,1
prefill,25,244,241,0,18,0,1
prefill,25,245,242,0,18,0,1
prefill,25,246,243,0,18,0,1
prefill,25,247,245,0,18,0,1
prefill,25,248,246,0,18,0,1
prefill,25,249,247,0,18,0,1
prefill,25,250,248,0,18,0,1
prefill,25,251,249,0,18,0,1
prefill,25,252,250,0,18,0,1
prefill,25,253,252,0,18,0,1
prefill,25,254,253,0,18,0,1
prefill,25,255,254,0,18,0,1
prefill,25,256,255,0,18,0,1
prefill,26,1,167,2,18,0.111111111111111,0.111111111111111
prefill,26,2,208,2,18,0.111111111111111,0.222222222222222
prefill,26,3,8,1,18,0.0555555555555556,0.277777777777778
prefill,26,4,19,1,18,0.0555555555555556,0.333333333333333
prefill,26,5,26,1,18,0.0555555555555556,0.388888888888889
prefill,26,6,28,1,18,0.0555555555555556,0.444444444444445
prefill,26,7,48,1,18,0.0555555555555556,0.5
prefill,26,8,52,1,18,0.0555555555555556,0.555555555555556
prefill,26,9,54,1,18,0.0555555555555556,0.611111111111111
prefill,26,10,63,1,18,0.0555555555555556,0.666666666666667
prefill,26,11,73,1,18,0.0555555555555556,0.722222222222222
prefill,26,12,98,1,18,0.0555555555555556,0.777777777777778
prefill,26,13,113,1,18,0.0555555555555556,0.833333333333334
prefill,26,14,156,1,18,0.0555555555555556,0.888888888888889
prefill,26,15,205,1,18,0.0555555555555556,0.944444444444445
prefill,26,16,239,1,18,0.0555555555555556,1
prefill,26,17,0,0,18,0,1
prefill,26,18,1,0,18,0,1
prefill,26,19,2,0,18,0,1
prefill,26,20,3,0,18,0,1
prefill,26,21,4,0,18,0,1
prefill,26,22,5,0,18,0,1
prefill,26,23,6,0,18,0,1
prefill,26,24,7,0,18,0,1
prefill,26,25,9,0,18,0,1
prefill,26,26,10,0,18,0,1
prefill,26,27,11,0,18,0,1
prefill,26,28,12,0,18,0,1
prefill,26,29,13,0,18,0,1
prefill,26,30,14,0,18,0,1
prefill,26,31,15,0,18,0,1
prefill,26,32,16,0,18,0,1
prefill,26,33,17,0,18,0,1
prefill,26,34,18,0,18,0,1
prefill,26,35,20,0,18,0,1
prefill,26,36,21,0,18,0,1
prefill,26,37,22,0,18,0,1
prefill,26,38,23,0,18,0,1
prefill,26,39,24,0,18,0,1
prefill,26,40,25,0,18,0,1
prefill,26,41,27,0,18,0,1
prefill,26,42,29,0,18,0,1
prefill,26,43,30,0,18,0,1
prefill,26,44,31,0,18,0,1
prefill,26,45,32,0,18,0,1
prefill,26,46,33,0,18,0,1
prefill,26,47,34,0,18,0,1
prefill,26,48,35,0,18,0,1
prefill,26,49,36,0,18,0,1
prefill,26,50,37,0,18,0,1
prefill,26,51,38,0,18,0,1
prefill,26,52,39,0,18,0,1
prefill,26,53,40,0,18,0,1
prefill,26,54,41,0,18,0,1
prefill,26,55,42,0,18,0,1
prefill,26,56,43,0,18,0,1
prefill,26,57,44,0,18,0,1
prefill,26,58,45,0,18,0,1
prefill,26,59,46,0,18,0,1
prefill,26,60,47,0,18,0,1
prefill,26,61,49,0,18,0,1
prefill,26,62,50,0,18,0,1
prefill,26,63,51,0,18,0,1
prefill,26,64,53,0,18,0,1
prefill,26,65,55,0,18,0,1
prefill,26,66,56,0,18,0,1
prefill,26,67,57,0,18,0,1
prefill,26,68,58,0,18,0,1
prefill,26,69,59,0,18,0,1
prefill,26,70,60,0,18,0,1
prefill,26,71,61,0,18,0,1
prefill,26,72,62,0,18,0,1
prefill,26,73,64,0,18,0,1
prefill,26,74,65,0,18,0,1
prefill,26,75,66,0,18,0,1
prefill,26,76,67,0,18,0,1
prefill,26,77,68,0,18,0,1
prefill,26,78,69,0,18,0,1
prefill,26,79,70,0,18,0,1
prefill,26,80,71,0,18,0,1
prefill,26,81,72,0,18,0,1
prefill,26,82,74,0,18,0,1
prefill,26,83,75,0,18,0,1
prefill,26,84,76,0,18,0,1
prefill,26,85,77,0,18,0,1
prefill,26,86,78,0,18,0,1
prefill,26,87,79,0,18,0,1
prefill,26,88,80,0,18,0,1
prefill,26,89,81,0,18,0,1
prefill,26,90,82,0,18,0,1
prefill,26,91,83,0,18,0,1
prefill,26,92,84,0,18,0,1
prefill,26,93,85,0,18,0,1
prefill,26,94,86,0,18,0,1
prefill,26,95,87,0,18,0,1
prefill,26,96,88,0,18,0,1
prefill,26,97,89,0,18,0,1
prefill,26,98,90,0,18,0,1
prefill,26,99,91,0,18,0,1
prefill,26,100,92,0,18,0,1
prefill,26,101,93,0,18,0,1
prefill,26,102,94,0,18,0,1
prefill,26,103,95,0,18,0,1
prefill,26,104,96,0,18,0,1
prefill,26,105,97,0,18,0,1
prefill,26,106,99,0,18,0,1
prefill,26,107,100,0,18,0,1
prefill,26,108,101,0,18,0,1
prefill,26,109,102,0,18,0,1
prefill,26,110,103,0,18,0,1
prefill,26,111,104,0,18,0,1
prefill,26,112,105,0,18,0,1
prefill,26,113,106,0,18,0,1
prefill,26,114,107,0,18,0,1
prefill,26,115,108,0,18,0,1
prefill,26,116,109,0,18,0,1
prefill,26,117,110,0,18,0,1
prefill,26,118,111,0,18,0,1
prefill,26,119,112,0,18,0,1
prefill,26,120,114,0,18,0,1
prefill,26,121,115,0,18,0,1
prefill,26,122,116,0,18,0,1
prefill,26,123,117,0,18,0,1
prefill,26,124,118,0,18,0,1
prefill,26,125,119,0,18,0,1
prefill,26,126,120,0,18,0,1
prefill,26,127,121,0,18,0,1
prefill,26,128,122,0,18,0,1
prefill,26,129,123,0,18,0,1
prefill,26,130,124,0,18,0,1
prefill,26,131,125,0,18,0,1
prefill,26,132,126,0,18,0,1
prefill,26,133,127,0,18,0,1
prefill,26,134,128,0,18,0,1
prefill,26,135,129,0,18,0,1
prefill,26,136,130,0,18,0,1
prefill,26,137,131,0,18,0,1
prefill,26,138,132,0,18,0,1
prefill,26,139,133,0,18,0,1
prefill,26,140,134,0,18,0,1
prefill,26,141,135,0,18,0,1
prefill,26,142,136,0,18,0,1
prefill,26,143,137,0,18,0,1
prefill,26,144,138,0,18,0,1
prefill,26,145,139,0,18,0,1
prefill,26,146,140,0,18,0,1
prefill,26,147,141,0,18,0,1
prefill,26,148,142,0,18,0,1
prefill,26,149,143,0,18,0,1
prefill,26,150,144,0,18,0,1
prefill,26,151,145,0,18,0,1
prefill,26,152,146,0,18,0,1
prefill,26,153,147,0,18,0,1
prefill,26,154,148,0,18,0,1
prefill,26,155,149,0,18,0,1
prefill,26,156,150,0,18,0,1
prefill,26,157,151,0,18,0,1
prefill,26,158,152,0,18,0,1
prefill,26,159,153,0,18,0,1
prefill,26,160,154,0,18,0,1
prefill,26,161,155,0,18,0,1
prefill,26,162,157,0,18,0,1
prefill,26,163,158,0,18,0,1
prefill,26,164,159,0,18,0,1
prefill,26,165,160,0,18,0,1
prefill,26,166,161,0,18,0,1
prefill,26,167,162,0,18,0,1
prefill,26,168,163,0,18,0,1
prefill,26,169,164,0,18,0,1
prefill,26,170,165,0,18,0,1
prefill,26,171,166,0,18,0,1
prefill,26,172,168,0,18,0,1
prefill,26,173,169,0,18,0,1
prefill,26,174,170,0,18,0,1
prefill,26,175,171,0,18,0,1
prefill,26,176,172,0,18,0,1
prefill,26,177,173,0,18,0,1
prefill,26,178,174,0,18,0,1
prefill,26,179,175,0,18,0,1
prefill,26,180,176,0,18,0,1
prefill,26,181,177,0,18,0,1
prefill,26,182,178,0,18,0,1
prefill,26,183,179,0,18,0,1
prefill,26,184,180,0,18,0,1
prefill,26,185,181,0,18,0,1
prefill,26,186,182,0,18,0,1
prefill,26,187,183,0,18,0,1
prefill,26,188,184,0,18,0,1
prefill,26,189,185,0,18,0,1
prefill,26,190,186,0,18,0,1
prefill,26,191,187,0,18,0,1
prefill,26,192,188,0,18,0,1
prefill,26,193,189,0,18,0,1
prefill,26,194,190,0,18,0,1
prefill,26,195,191,0,18,0,1
prefill,26,196,192,0,18,0,1
prefill,26,197,193,0,18,0,1
prefill,26,198,194,0,18,0,1
prefill,26,199,195,0,18,0,1
prefill,26,200,196,0,18,0,1
prefill,26,201,197,0,18,0,1
prefill,26,202,198,0,18,0,1
prefill,26,203,199,0,18,0,1
prefill,26,204,200,0,18,0,1
prefill,26,205,201,0,18,0,1
prefill,26,206,202,0,18,0,1
prefill,26,207,203,0,18,0,1
prefill,26,208,204,0,18,0,1
prefill,26,209,206,0,18,0,1
prefill,26,210,207,0,18,0,1
prefill,26,211,209,0,18,0,1
prefill,26,212,210,0,18,0,1
prefill,26,213,211,0,18,0,1
prefill,26,214,212,0,18,0,1
prefill,26,215,213,0,18,0,1
prefill,26,216,214,0,18,0,1
prefill,26,217,215,0,18,0,1
prefill,26,218,216,0,18,0,1
prefill,26,219,217,0,18,0,1
prefill,26,220,218,0,18,0,1
prefill,26,221,219,0,18,0,1
prefill,26,222,220,0,18,0,1
prefill,26,223,221,0,18,0,1
prefill,26,224,222,0,18,0,1
prefill,26,225,223,0,18,0,1
prefill,26,226,224,0,18,0,1
prefill,26,227,225,0,18,0,1
prefill,26,228,226,0,18,0,1
prefill,26,229,227,0,18,0,1
prefill,26,230,228,0,18,0,1
prefill,26,231,229,0,18,0,1
prefill,26,232,230,0,18,0,1
prefill,26,233,231,0,18,0,1
prefill,26,234,232,0,18,0,1
prefill,26,235,233,0,18,0,1
prefill,26,236,234,0,18,0,1
prefill,26,237,235,0,18,0,1
prefill,26,238,236,0,18,0,1
prefill,26,239,237,0,18,0,1
prefill,26,240,238,0,18,0,1
prefill,26,241,240,0,18,0,1
prefill,26,242,241,0,18,0,1
prefill,26,243,242,0,18,0,1
prefill,26,244,243,0,18,0,1
prefill,26,245,244,0,18,0,1
prefill,26,246,245,0,18,0,1
prefill,26,247,246,0,18,0,1
prefill,26,248,247,0,18,0,1
prefill,26,249,248,0,18,0,1
prefill,26,250,249,0,18,0,1
prefill,26,251,250,0,18,0,1
prefill,26,252,251,0,18,0,1
prefill,26,253,252,0,18,0,1
prefill,26,254,253,0,18,0,1
prefill,26,255,254,0,18,0,1
prefill,26,256,255,0,18,0,1
prefill,27,1,148,2,18,0.111111111111111,0.111111111111111
prefill,27,2,33,1,18,0.0555555555555556,0.166666666666667
prefill,27,3,58,1,18,0.0555555555555556,0.222222222222222
prefill,27,4,68,1,18,0.0555555555555556,0.277777777777778
prefill,27,5,69,1,18,0.0555555555555556,0.333333333333333
prefill,27,6,109,1,18,0.0555555555555556,0.388888888888889
prefill,27,7,135,1,18,0.0555555555555556,0.444444444444445
prefill,27,8,144,1,18,0.0555555555555556,0.5
prefill,27,9,145,1,18,0.0555555555555556,0.555555555555556
prefill,27,10,159,1,18,0.0555555555555556,0.611111111111111
prefill,27,11,172,1,18,0.0555555555555556,0.666666666666667
prefill,27,12,188,1,18,0.0555555555555556,0.722222222222222
prefill,27,13,193,1,18,0.0555555555555556,0.777777777777778
prefill,27,14,202,1,18,0.0555555555555556,0.833333333333334
prefill,27,15,233,1,18,0.0555555555555556,0.888888888888889
prefill,27,16,240,1,18,0.0555555555555556,0.944444444444445
prefill,27,17,242,1,18,0.0555555555555556,1
prefill,27,18,0,0,18,0,1
prefill,27,19,1,0,18,0,1
prefill,27,20,2,0,18,0,1
prefill,27,21,3,0,18,0,1
prefill,27,22,4,0,18,0,1
prefill,27,23,5,0,18,0,1
prefill,27,24,6,0,18,0,1
prefill,27,25,7,0,18,0,1
prefill,27,26,8,0,18,0,1
prefill,27,27,9,0,18,0,1
prefill,27,28,10,0,18,0,1
prefill,27,29,11,0,18,0,1
prefill,27,30,12,0,18,0,1
prefill,27,31,13,0,18,0,1
prefill,27,32,14,0,18,0,1
prefill,27,33,15,0,18,0,1
prefill,27,34,16,0,18,0,1
prefill,27,35,17,0,18,0,1
prefill,27,36,18,0,18,0,1
prefill,27,37,19,0,18,0,1
prefill,27,38,20,0,18,0,1
prefill,27,39,21,0,18,0,1
prefill,27,40,22,0,18,0,1
prefill,27,41,23,0,18,0,1
prefill,27,42,24,0,18,0,1
prefill,27,43,25,0,18,0,1
prefill,27,44,26,0,18,0,1
prefill,27,45,27,0,18,0,1
prefill,27,46,28,0,18,0,1
prefill,27,47,29,0,18,0,1
prefill,27,48,30,0,18,0,1
prefill,27,49,31,0,18,0,1
prefill,27,50,32,0,18,0,1
prefill,27,51,34,0,18,0,1
prefill,27,52,35,0,18,0,1
prefill,27,53,36,0,18,0,1
prefill,27,54,37,0,18,0,1
prefill,27,55,38,0,18,0,1
prefill,27,56,39,0,18,0,1
prefill,27,57,40,0,18,0,1
prefill,27,58,41,0,18,0,1
prefill,27,59,42,0,18,0,1
prefill,27,60,43,0,18,0,1
prefill,27,61,44,0,18,0,1
prefill,27,62,45,0,18,0,1
prefill,27,63,46,0,18,0,1
prefill,27,64,47,0,18,0,1
prefill,27,65,48,0,18,0,1
prefill,27,66,49,0,18,0,1
prefill,27,67,50,0,18,0,1
prefill,27,68,51,0,18,0,1
prefill,27,69,52,0,18,0,1
prefill,27,70,53,0,18,0,1
prefill,27,71,54,0,18,0,1
prefill,27,72,55,0,18,0,1
prefill,27,73,56,0,18,0,1
prefill,27,74,57,0,18,0,1
prefill,27,75,59,0,18,0,1
prefill,27,76,60,0,18,0,1
prefill,27,77,61,0,18,0,1
prefill,27,78,62,0,18,0,1
prefill,27,79,63,0,18,0,1
prefill,27,80,64,0,18,0,1
prefill,27,81,65,0,18,0,1
prefill,27,82,66,0,18,0,1
prefill,27,83,67,0,18,0,1
prefill,27,84,70,0,18,0,1
prefill,27,85,71,0,18,0,1
prefill,27,86,72,0,18,0,1
prefill,27,87,73,0,18,0,1
prefill,27,88,74,0,18,0,1
prefill,27,89,75,0,18,0,1
prefill,27,90,76,0,18,0,1
prefill,27,91,77,0,18,0,1
prefill,27,92,78,0,18,0,1
prefill,27,93,79,0,18,0,1
prefill,27,94,80,0,18,0,1
prefill,27,95,81,0,18,0,1
prefill,27,96,82,0,18,0,1
prefill,27,97,83,0,18,0,1
prefill,27,98,84,0,18,0,1
prefill,27,99,85,0,18,0,1
prefill,27,100,86,0,18,0,1
prefill,27,101,87,0,18,0,1
prefill,27,102,88,0,18,0,1
prefill,27,103,89,0,18,0,1
prefill,27,104,90,0,18,0,1
prefill,27,105,91,0,18,0,1
prefill,27,106,92,0,18,0,1
prefill,27,107,93,0,18,0,1
prefill,27,108,94,0,18,0,1
prefill,27,109,95,0,18,0,1
prefill,27,110,96,0,18,0,1
prefill,27,111,97,0,18,0,1
prefill,27,112,98,0,18,0,1
prefill,27,113,99,0,18,0,1
prefill,27,114,100,0,18,0,1
prefill,27,115,101,0,18,0,1
prefill,27,116,102,0,18,0,1
prefill,27,117,103,0,18,0,1
prefill,27,118,104,0,18,0,1
prefill,27,119,105,0,18,0,1
prefill,27,120,106,0,18,0,1
prefill,27,121,107,0,18,0,1
prefill,27,122,108,0,18,0,1
prefill,27,123,110,0,18,0,1
prefill,27,124,111,0,18,0,1
prefill,27,125,112,0,18,0,1
prefill,27,126,113,0,18,0,1
prefill,27,127,114,0,18,0,1
prefill,27,128,115,0,18,0,1
prefill,27,129,116,0,18,0,1
prefill,27,130,117,0,18,0,1
prefill,27,131,118,0,18,0,1
prefill,27,132,119,0,18,0,1
prefill,27,133,120,0,18,0,1
prefill,27,134,121,0,18,0,1
prefill,27,135,122,0,18,0,1
prefill,27,136,123,0,18,0,1
prefill,27,137,124,0,18,0,1
prefill,27,138,125,0,18,0,1
prefill,27,139,126,0,18,0,1
prefill,27,140,127,0,18,0,1
prefill,27,141,128,0,18,0,1
prefill,27,142,129,0,18,0,1
prefill,27,143,130,0,18,0,1
prefill,27,144,131,0,18,0,1
prefill,27,145,132,0,18,0,1
prefill,27,146,133,0,18,0,1
prefill,27,147,134,0,18,0,1
prefill,27,148,136,0,18,0,1
prefill,27,149,137,0,18,0,1
prefill,27,150,138,0,18,0,1
prefill,27,151,139,0,18,0,1
prefill,27,152,140,0,18,0,1
prefill,27,153,141,0,18,0,1
prefill,27,154,142,0,18,0,1
prefill,27,155,143,0,18,0,1
prefill,27,156,146,0,18,0,1
prefill,27,157,147,0,18,0,1
prefill,27,158,149,0,18,0,1
prefill,27,159,150,0,18,0,1
prefill,27,160,151,0,18,0,1
prefill,27,161,152,0,18,0,1
prefill,27,162,153,0,18,0,1
prefill,27,163,154,0,18,0,1
prefill,27,164,155,0,18,0,1
prefill,27,165,156,0,18,0,1
prefill,27,166,157,0,18,0,1
prefill,27,167,158,0,18,0,1
prefill,27,168,160,0,18,0,1
prefill,27,169,161,0,18,0,1
prefill,27,170,162,0,18,0,1
prefill,27,171,163,0,18,0,1
prefill,27,172,164,0,18,0,1
prefill,27,173,165,0,18,0,1
prefill,27,174,166,0,18,0,1
prefill,27,175,167,0,18,0,1
prefill,27,176,168,0,18,0,1
prefill,27,177,169,0,18,0,1
prefill,27,178,170,0,18,0,1
prefill,27,179,171,0,18,0,1
prefill,27,180,173,0,18,0,1
prefill,27,181,174,0,18,0,1
prefill,27,182,175,0,18,0,1
prefill,27,183,176,0,18,0,1
prefill,27,184,177,0,18,0,1
prefill,27,185,178,0,18,0,1
prefill,27,186,179,0,18,0,1
prefill,27,187,180,0,18,0,1
prefill,27,188,181,0,18,0,1
prefill,27,189,182,0,18,0,1
prefill,27,190,183,0,18,0,1
prefill,27,191,184,0,18,0,1
prefill,27,192,185,0,18,0,1
prefill,27,193,186,0,18,0,1
prefill,27,194,187,0,18,0,1
prefill,27,195,189,0,18,0,1
prefill,27,196,190,0,18,0,1
prefill,27,197,191,0,18,0,1
prefill,27,198,192,0,18,0,1
prefill,27,199,194,0,18,0,1
prefill,27,200,195,0,18,0,1
prefill,27,201,196,0,18,0,1
prefill,27,202,197,0,18,0,1
prefill,27,203,198,0,18,0,1
prefill,27,204,199,0,18,0,1
prefill,27,205,200,0,18,0,1
prefill,27,206,201,0,18,0,1
prefill,27,207,203,0,18,0,1
prefill,27,208,204,0,18,0,1
prefill,27,209,205,0,18,0,1
prefill,27,210,206,0,18,0,1
prefill,27,211,207,0,18,0,1
prefill,27,212,208,0,18,0,1
prefill,27,213,209,0,18,0,1
prefill,27,214,210,0,18,0,1
prefill,27,215,211,0,18,0,1
prefill,27,216,212,0,18,0,1
prefill,27,217,213,0,18,0,1
prefill,27,218,214,0,18,0,1
prefill,27,219,215,0,18,0,1
prefill,27,220,216,0,18,0,1
prefill,27,221,217,0,18,0,1
prefill,27,222,218,0,18,0,1
prefill,27,223,219,0,18,0,1
prefill,27,224,220,0,18,0,1
prefill,27,225,221,0,18,0,1
prefill,27,226,222,0,18,0,1
prefill,27,227,223,0,18,0,1
prefill,27,228,224,0,18,0,1
prefill,27,229,225,0,18,0,1
prefill,27,230,226,0,18,0,1
prefill,27,231,227,0,18,0,1
prefill,27,232,228,0,18,0,1
prefill,27,233,229,0,18,0,1
prefill,27,234,230,0,18,0,1
prefill,27,235,231,0,18,0,1
prefill,27,236,232,0,18,0,1
prefill,27,237,234,0,18,0,1
prefill,27,238,235,0,18,0,1
prefill,27,239,236,0,18,0,1
prefill,27,240,237,0,18,0,1
prefill,27,241,238,0,18,0,1
prefill,27,242,239,0,18,0,1
prefill,27,243,241,0,18,0,1
prefill,27,244,243,0,18,0,1
prefill,27,245,244,0,18,0,1
prefill,27,246,245,0,18,0,1
prefill,27,247,246,0,18,0,1
prefill,27,248,247,0,18,0,1
prefill,27,249,248,0,18,0,1
prefill,27,250,249,0,18,0,1
prefill,27,251,250,0,18,0,1
prefill,27,252,251,0,18,0,1
prefill,27,253,252,0,18,0,1
prefill,27,254,253,0,18,0,1
prefill,27,255,254,0,18,0,1
prefill,27,256,255,0,18,0,1
prefill,28,1,1,2,18,0.111111111111111,0.111111111111111
prefill,28,2,5,1,18,0.0555555555555556,0.166666666666667
prefill,28,3,32,1,18,0.0555555555555556,0.222222222222222
prefill,28,4,83,1,18,0.0555555555555556,0.277777777777778
prefill,28,5,88,1,18,0.0555555555555556,0.333333333333333
prefill,28,6,119,1,18,0.0555555555555556,0.388888888888889
prefill,28,7,139,1,18,0.0555555555555556,0.444444444444445
prefill,28,8,169,1,18,0.0555555555555556,0.5
prefill,28,9,194,1,18,0.0555555555555556,0.555555555555556
prefill,28,10,211,1,18,0.0555555555555556,0.611111111111111
prefill,28,11,213,1,18,0.0555555555555556,0.666666666666667
prefill,28,12,218,1,18,0.0555555555555556,0.722222222222222
prefill,28,13,221,1,18,0.0555555555555556,0.777777777777778
prefill,28,14,226,1,18,0.0555555555555556,0.833333333333334
prefill,28,15,231,1,18,0.0555555555555556,0.888888888888889
prefill,28,16,239,1,18,0.0555555555555556,0.944444444444445
prefill,28,17,243,1,18,0.0555555555555556,1
prefill,28,18,0,0,18,0,1
prefill,28,19,2,0,18,0,1
prefill,28,20,3,0,18,0,1
prefill,28,21,4,0,18,0,1
prefill,28,22,6,0,18,0,1
prefill,28,23,7,0,18,0,1
prefill,28,24,8,0,18,0,1
prefill,28,25,9,0,18,0,1
prefill,28,26,10,0,18,0,1
prefill,28,27,11,0,18,0,1
prefill,28,28,12,0,18,0,1
prefill,28,29,13,0,18,0,1
prefill,28,30,14,0,18,0,1
prefill,28,31,15,0,18,0,1
prefill,28,32,16,0,18,0,1
prefill,28,33,17,0,18,0,1
prefill,28,34,18,0,18,0,1
prefill,28,35,19,0,18,0,1
prefill,28,36,20,0,18,0,1
prefill,28,37,21,0,18,0,1
prefill,28,38,22,0,18,0,1
prefill,28,39,23,0,18,0,1
prefill,28,40,24,0,18,0,1
prefill,28,41,25,0,18,0,1
prefill,28,42,26,0,18,0,1
prefill,28,43,27,0,18,0,1
prefill,28,44,28,0,18,0,1
prefill,28,45,29,0,18,0,1
prefill,28,46,30,0,18,0,1
prefill,28,47,31,0,18,0,1
prefill,28,48,33,0,18,0,1
prefill,28,49,34,0,18,0,1
prefill,28,50,35,0,18,0,1
prefill,28,51,36,0,18,0,1
prefill,28,52,37,0,18,0,1
prefill,28,53,38,0,18,0,1
prefill,28,54,39,0,18,0,1
prefill,28,55,40,0,18,0,1
prefill,28,56,41,0,18,0,1
prefill,28,57,42,0,18,0,1
prefill,28,58,43,0,18,0,1
prefill,28,59,44,0,18,0,1
prefill,28,60,45,0,18,0,1
prefill,28,61,46,0,18,0,1
prefill,28,62,47,0,18,0,1
prefill,28,63,48,0,18,0,1
prefill,28,64,49,0,18,0,1
prefill,28,65,50,0,18,0,1
prefill,28,66,51,0,18,0,1
prefill,28,67,52,0,18,0,1
prefill,28,68,53,0,18,0,1
prefill,28,69,54,0,18,0,1
prefill,28,70,55,0,18,0,1
prefill,28,71,56,0,18,0,1
prefill,28,72,57,0,18,0,1
prefill,28,73,58,0,18,0,1
prefill,28,74,59,0,18,0,1
prefill,28,75,60,0,18,0,1
prefill,28,76,61,0,18,0,1
prefill,28,77,62,0,18,0,1
prefill,28,78,63,0,18,0,1
prefill,28,79,64,0,18,0,1
prefill,28,80,65,0,18,0,1
prefill,28,81,66,0,18,0,1
prefill,28,82,67,0,18,0,1
prefill,28,83,68,0,18,0,1
prefill,28,84,69,0,18,0,1
prefill,28,85,70,0,18,0,1
prefill,28,86,71,0,18,0,1
prefill,28,87,72,0,18,0,1
prefill,28,88,73,0,18,0,1
prefill,28,89,74,0,18,0,1
prefill,28,90,75,0,18,0,1
prefill,28,91,76,0,18,0,1
prefill,28,92,77,0,18,0,1
prefill,28,93,78,0,18,0,1
prefill,28,94,79,0,18,0,1
prefill,28,95,80,0,18,0,1
prefill,28,96,81,0,18,0,1
prefill,28,97,82,0,18,0,1
prefill,28,98,84,0,18,0,1
prefill,28,99,85,0,18,0,1
prefill,28,100,86,0,18,0,1
prefill,28,101,87,0,18,0,1
prefill,28,102,89,0,18,0,1
prefill,28,103,90,0,18,0,1
prefill,28,104,91,0,18,0,1
prefill,28,105,92,0,18,0,1
prefill,28,106,93,0,18,0,1
prefill,28,107,94,0,18,0,1
prefill,28,108,95,0,18,0,1
prefill,28,109,96,0,18,0,1
prefill,28,110,97,0,18,0,1
prefill,28,111,98,0,18,0,1
prefill,28,112,99,0,18,0,1
prefill,28,113,100,0,18,0,1
prefill,28,114,101,0,18,0,1
prefill,28,115,102,0,18,0,1
prefill,28,116,103,0,18,0,1
prefill,28,117,104,0,18,0,1
prefill,28,118,105,0,18,0,1
prefill,28,119,106,0,18,0,1
prefill,28,120,107,0,18,0,1
prefill,28,121,108,0,18,0,1
prefill,28,122,109,0,18,0,1
prefill,28,123,110,0,18,0,1
prefill,28,124,111,0,18,0,1
prefill,28,125,112,0,18,0,1
prefill,28,126,113,0,18,0,1
prefill,28,127,114,0,18,0,1
prefill,28,128,115,0,18,0,1
prefill,28,129,116,0,18,0,1
prefill,28,130,117,0,18,0,1
prefill,28,131,118,0,18,0,1
prefill,28,132,120,0,18,0,1
prefill,28,133,121,0,18,0,1
prefill,28,134,122,0,18,0,1
prefill,28,135,123,0,18,0,1
prefill,28,136,124,0,18,0,1
prefill,28,137,125,0,18,0,1
prefill,28,138,126,0,18,0,1
prefill,28,139,127,0,18,0,1
prefill,28,140,128,0,18,0,1
prefill,28,141,129,0,18,0,1
prefill,28,142,130,0,18,0,1
prefill,28,143,131,0,18,0,1
prefill,28,144,132,0,18,0,1
prefill,28,145,133,0,18,0,1
prefill,28,146,134,0,18,0,1
prefill,28,147,135,0,18,0,1
prefill,28,148,136,0,18,0,1
prefill,28,149,137,0,18,0,1
prefill,28,150,138,0,18,0,1
prefill,28,151,140,0,18,0,1
prefill,28,152,141,0,18,0,1
prefill,28,153,142,0,18,0,1
prefill,28,154,143,0,18,0,1
prefill,28,155,144,0,18,0,1
prefill,28,156,145,0,18,0,1
prefill,28,157,146,0,18,0,1
prefill,28,158,147,0,18,0,1
prefill,28,159,148,0,18,0,1
prefill,28,160,149,0,18,0,1
prefill,28,161,150,0,18,0,1
prefill,28,162,151,0,18,0,1
prefill,28,163,152,0,18,0,1
prefill,28,164,153,0,18,0,1
prefill,28,165,154,0,18,0,1
prefill,28,166,155,0,18,0,1
prefill,28,167,156,0,18,0,1
prefill,28,168,157,0,18,0,1
prefill,28,169,158,0,18,0,1
prefill,28,170,159,0,18,0,1
prefill,28,171,160,0,18,0,1
prefill,28,172,161,0,18,0,1
prefill,28,173,162,0,18,0,1
prefill,28,174,163,0,18,0,1
prefill,28,175,164,0,18,0,1
prefill,28,176,165,0,18,0,1
prefill,28,177,166,0,18,0,1
prefill,28,178,167,0,18,0,1
prefill,28,179,168,0,18,0,1
prefill,28,180,170,0,18,0,1
prefill,28,181,171,0,18,0,1
prefill,28,182,172,0,18,0,1
prefill,28,183,173,0,18,0,1
prefill,28,184,174,0,18,0,1
prefill,28,185,175,0,18,0,1
prefill,28,186,176,0,18,0,1
prefill,28,187,177,0,18,0,1
prefill,28,188,178,0,18,0,1
prefill,28,189,179,0,18,0,1
prefill,28,190,180,0,18,0,1
prefill,28,191,181,0,18,0,1
prefill,28,192,182,0,18,0,1
prefill,28,193,183,0,18,0,1
prefill,28,194,184,0,18,0,1
prefill,28,195,185,0,18,0,1
prefill,28,196,186,0,18,0,1
prefill,28,197,187,0,18,0,1
prefill,28,198,188,0,18,0,1
prefill,28,199,189,0,18,0,1
prefill,28,200,190,0,18,0,1
prefill,28,201,191,0,18,0,1
prefill,28,202,192,0,18,0,1
prefill,28,203,193,0,18,0,1
prefill,28,204,195,0,18,0,1
prefill,28,205,196,0,18,0,1
prefill,28,206,197,0,18,0,1
prefill,28,207,198,0,18,0,1
prefill,28,208,199,0,18,0,1
prefill,28,209,200,0,18,0,1
prefill,28,210,201,0,18,0,1
prefill,28,211,202,0,18,0,1
prefill,28,212,203,0,18,0,1
prefill,28,213,204,0,18,0,1
prefill,28,214,205,0,18,0,1
prefill,28,215,206,0,18,0,1
prefill,28,216,207,0,18,0,1
prefill,28,217,208,0,18,0,1
prefill,28,218,209,0,18,0,1
prefill,28,219,210,0,18,0,1
prefill,28,220,212,0,18,0,1
prefill,28,221,214,0,18,0,1
prefill,28,222,215,0,18,0,1
prefill,28,223,216,0,18,0,1
prefill,28,224,217,0,18,0,1
prefill,28,225,219,0,18,0,1
prefill,28,226,220,0,18,0,1
prefill,28,227,222,0,18,0,1
prefill,28,228,223,0,18,0,1
prefill,28,229,224,0,18,0,1
prefill,28,230,225,0,18,0,1
prefill,28,231,227,0,18,0,1
prefill,28,232,228,0,18,0,1
prefill,28,233,229,0,18,0,1
prefill,28,234,230,0,18,0,1
prefill,28,235,232,0,18,0,1
prefill,28,236,233,0,18,0,1
prefill,28,237,234,0,18,0,1
prefill,28,238,235,0,18,0,1
prefill,28,239,236,0,18,0,1
prefill,28,240,237,0,18,0,1
prefill,28,241,238,0,18,0,1
prefill,28,242,240,0,18,0,1
prefill,28,243,241,0,18,0,1
prefill,28,244,242,0,18,0,1
prefill,28,245,244,0,18,0,1
prefill,28,246,245,0,18,0,1
prefill,28,247,246,0,18,0,1
prefill,28,248,247,0,18,0,1
prefill,28,249,248,0,18,0,1
prefill,28,250,249,0,18,0,1
prefill,28,251,250,0,18,0,1
prefill,28,252,251,0,18,0,1
prefill,28,253,252,0,18,0,1
prefill,28,254,253,0,18,0,1
prefill,28,255,254,0,18,0,1
prefill,28,256,255,0,18,0,1
prefill,29,1,0,1,18,0.0555555555555556,0.0555555555555556
prefill,29,2,2,1,18,0.0555555555555556,0.111111111111111
prefill,29,3,7,1,18,0.0555555555555556,0.166666666666667
prefill,29,4,8,1,18,0.0555555555555556,0.222222222222222
prefill,29,5,40,1,18,0.0555555555555556,0.277777777777778
prefill,29,6,55,1,18,0.0555555555555556,0.333333333333333
prefill,29,7,57,1,18,0.0555555555555556,0.388888888888889
prefill,29,8,67,1,18,0.0555555555555556,0.444444444444445
prefill,29,9,73,1,18,0.0555555555555556,0.5
prefill,29,10,84,1,18,0.0555555555555556,0.555555555555556
prefill,29,11,140,1,18,0.0555555555555556,0.611111111111111
prefill,29,12,143,1,18,0.0555555555555556,0.666666666666667
prefill,29,13,150,1,18,0.0555555555555556,0.722222222222222
prefill,29,14,159,1,18,0.0555555555555556,0.777777777777778
prefill,29,15,161,1,18,0.0555555555555556,0.833333333333334
prefill,29,16,180,1,18,0.0555555555555556,0.888888888888889
prefill,29,17,230,1,18,0.0555555555555556,0.944444444444445
prefill,29,18,249,1,18,0.0555555555555556,1
prefill,29,19,1,0,18,0,1
prefill,29,20,3,0,18,0,1
prefill,29,21,4,0,18,0,1
prefill,29,22,5,0,18,0,1
prefill,29,23,6,0,18,0,1
prefill,29,24,9,0,18,0,1
prefill,29,25,10,0,18,0,1
prefill,29,26,11,0,18,0,1
prefill,29,27,12,0,18,0,1
prefill,29,28,13,0,18,0,1
prefill,29,29,14,0,18,0,1
prefill,29,30,15,0,18,0,1
prefill,29,31,16,0,18,0,1
prefill,29,32,17,0,18,0,1
prefill,29,33,18,0,18,0,1
prefill,29,34,19,0,18,0,1
prefill,29,35,20,0,18,0,1
prefill,29,36,21,0,18,0,1
prefill,29,37,22,0,18,0,1
prefill,29,38,23,0,18,0,1
prefill,29,39,24,0,18,0,1
prefill,29,40,25,0,18,0,1
prefill,29,41,26,0,18,0,1
prefill,29,42,27,0,18,0,1
prefill,29,43,28,0,18,0,1
prefill,29,44,29,0,18,0,1
prefill,29,45,30,0,18,0,1
prefill,29,46,31,0,18,0,1
prefill,29,47,32,0,18,0,1
prefill,29,48,33,0,18,0,1
prefill,29,49,34,0,18,0,1
prefill,29,50,35,0,18,0,1
prefill,29,51,36,0,18,0,1
prefill,29,52,37,0,18,0,1
prefill,29,53,38,0,18,0,1
prefill,29,54,39,0,18,0,1
prefill,29,55,41,0,18,0,1
prefill,29,56,42,0,18,0,1
prefill,29,57,43,0,18,0,1
prefill,29,58,44,0,18,0,1
prefill,29,59,45,0,18,0,1
prefill,29,60,46,0,18,0,1
prefill,29,61,47,0,18,0,1
prefill,29,62,48,0,18,0,1
prefill,29,63,49,0,18,0,1
prefill,29,64,50,0,18,0,1
prefill,29,65,51,0,18,0,1
prefill,29,66,52,0,18,0,1
prefill,29,67,53,0,18,0,1
prefill,29,68,54,0,18,0,1
prefill,29,69,56,0,18,0,1
prefill,29,70,58,0,18,0,1
prefill,29,71,59,0,18,0,1
prefill,29,72,60,0,18,0,1
prefill,29,73,61,0,18,0,1
prefill,29,74,62,0,18,0,1
prefill,29,75,63,0,18,0,1
prefill,29,76,64,0,18,0,1
prefill,29,77,65,0,18,0,1
prefill,29,78,66,0,18,0,1
prefill,29,79,68,0,18,0,1
prefill,29,80,69,0,18,0,1
prefill,29,81,70,0,18,0,1
prefill,29,82,71,0,18,0,1
prefill,29,83,72,0,18,0,1
prefill,29,84,74,0,18,0,1
prefill,29,85,75,0,18,0,1
prefill,29,86,76,0,18,0,1
prefill,29,87,77,0,18,0,1
prefill,29,88,78,0,18,0,1
prefill,29,89,79,0,18,0,1
prefill,29,90,80,0,18,0,1
prefill,29,91,81,0,18,0,1
prefill,29,92,82,0,18,0,1
prefill,29,93,83,0,18,0,1
prefill,29,94,85,0,18,0,1
prefill,29,95,86,0,18,0,1
prefill,29,96,87,0,18,0,1
prefill,29,97,88,0,18,0,1
prefill,29,98,89,0,18,0,1
prefill,29,99,90,0,18,0,1
prefill,29,100,91,0,18,0,1
prefill,29,101,92,0,18,0,1
prefill,29,102,93,0,18,0,1
prefill,29,103,94,0,18,0,1
prefill,29,104,95,0,18,0,1
prefill,29,105,96,0,18,0,1
prefill,29,106,97,0,18,0,1
prefill,29,107,98,0,18,0,1
prefill,29,108,99,0,18,0,1
prefill,29,109,100,0,18,0,1
prefill,29,110,101,0,18,0,1
prefill,29,111,102,0,18,0,1
prefill,29,112,103,0,18,0,1
prefill,29,113,104,0,18,0,1
prefill,29,114,105,0,18,0,1
prefill,29,115,106,0,18,0,1
prefill,29,116,107,0,18,0,1
prefill,29,117,108,0,18,0,1
prefill,29,118,109,0,18,0,1
prefill,29,119,110,0,18,0,1
prefill,29,120,111,0,18,0,1
prefill,29,121,112,0,18,0,1
prefill,29,122,113,0,18,0,1
prefill,29,123,114,0,18,0,1
prefill,29,124,115,0,18,0,1
prefill,29,125,116,0,18,0,1
prefill,29,126,117,0,18,0,1
prefill,29,127,118,0,18,0,1
prefill,29,128,119,0,18,0,1
prefill,29,129,120,0,18,0,1
prefill,29,130,121,0,18,0,1
prefill,29,131,122,0,18,0,1
prefill,29,132,123,0,18,0,1
prefill,29,133,124,0,18,0,1
prefill,29,134,125,0,18,0,1
prefill,29,135,126,0,18,0,1
prefill,29,136,127,0,18,0,1
prefill,29,137,128,0,18,0,1
prefill,29,138,129,0,18,0,1
prefill,29,139,130,0,18,0,1
prefill,29,140,131,0,18,0,1
prefill,29,141,132,0,18,0,1
prefill,29,142,133,0,18,0,1
prefill,29,143,134,0,18,0,1
prefill,29,144,135,0,18,0,1
prefill,29,145,136,0,18,0,1
prefill,29,146,137,0,18,0,1
prefill,29,147,138,0,18,0,1
prefill,29,148,139,0,18,0,1
prefill,29,149,141,0,18,0,1
prefill,29,150,142,0,18,0,1
prefill,29,151,144,0,18,0,1
prefill,29,152,145,0,18,0,1
prefill,29,153,146,0,18,0,1
prefill,29,154,147,0,18,0,1
prefill,29,155,148,0,18,0,1
prefill,29,156,149,0,18,0,1
prefill,29,157,151,0,18,0,1
prefill,29,158,152,0,18,0,1
prefill,29,159,153,0,18,0,1
prefill,29,160,154,0,18,0,1
prefill,29,161,155,0,18,0,1
prefill,29,162,156,0,18,0,1
prefill,29,163,157,0,18,0,1
prefill,29,164,158,0,18,0,1
prefill,29,165,160,0,18,0,1
prefill,29,166,162,0,18,0,1
prefill,29,167,163,0,18,0,1
prefill,29,168,164,0,18,0,1
prefill,29,169,165,0,18,0,1
prefill,29,170,166,0,18,0,1
prefill,29,171,167,0,18,0,1
prefill,29,172,168,0,18,0,1
prefill,29,173,169,0,18,0,1
prefill,29,174,170,0,18,0,1
prefill,29,175,171,0,18,0,1
prefill,29,176,172,0,18,0,1
prefill,29,177,173,0,18,0,1
prefill,29,178,174,0,18,0,1
prefill,29,179,175,0,18,0,1
prefill,29,180,176,0,18,0,1
prefill,29,181,177,0,18,0,1
prefill,29,182,178,0,18,0,1
prefill,29,183,179,0,18,0,1
prefill,29,184,181,0,18,0,1
prefill,29,185,182,0,18,0,1
prefill,29,186,183,0,18,0,1
prefill,29,187,184,0,18,0,1
prefill,29,188,185,0,18,0,1
prefill,29,189,186,0,18,0,1
prefill,29,190,187,0,18,0,1
prefill,29,191,188,0,18,0,1
prefill,29,192,189,0,18,0,1
prefill,29,193,190,0,18,0,1
prefill,29,194,191,0,18,0,1
prefill,29,195,192,0,18,0,1
prefill,29,196,193,0,18,0,1
prefill,29,197,194,0,18,0,1
prefill,29,198,195,0,18,0,1
prefill,29,199,196,0,18,0,1
prefill,29,200,197,0,18,0,1
prefill,29,201,198,0,18,0,1
prefill,29,202,199,0,18,0,1
prefill,29,203,200,0,18,0,1
prefill,29,204,201,0,18,0,1
prefill,29,205,202,0,18,0,1
prefill,29,206,203,0,18,0,1
prefill,29,207,204,0,18,0,1
prefill,29,208,205,0,18,0,1
prefill,29,209,206,0,18,0,1
prefill,29,210,207,0,18,0,1
prefill,29,211,208,0,18,0,1
prefill,29,212,209,0,18,0,1
prefill,29,213,210,0,18,0,1
prefill,29,214,211,0,18,0,1
prefill,29,215,212,0,18,0,1
prefill,29,216,213,0,18,0,1
prefill,29,217,214,0,18,0,1
prefill,29,218,215,0,18,0,1
prefill,29,219,216,0,18,0,1
prefill,29,220,217,0,18,0,1
prefill,29,221,218,0,18,0,1
prefill,29,222,219,0,18,0,1
prefill,29,223,220,0,18,0,1
prefill,29,224,221,0,18,0,1
prefill,29,225,222,0,18,0,1
prefill,29,226,223,0,18,0,1
prefill,29,227,224,0,18,0,1
prefill,29,228,225,0,18,0,1
prefill,29,229,226,0,18,0,1
prefill,29,230,227,0,18,0,1
prefill,29,231,228,0,18,0,1
prefill,29,232,229,0,18,0,1
prefill,29,233,231,0,18,0,1
prefill,29,234,232,0,18,0,1
prefill,29,235,233,0,18,0,1
prefill,29,236,234,0,18,0,1
prefill,29,237,235,0,18,0,1
prefill,29,238,236,0,18,0,1
prefill,29,239,237,0,18,0,1
prefill,29,240,238,0,18,0,1
prefill,29,241,239,0,18,0,1
prefill,29,242,240,0,18,0,1
prefill,29,243,241,0,18,0,1
prefill,29,244,242,0,18,0,1
prefill,29,245,243,0,18,0,1
prefill,29,246,244,0,18,0,1
prefill,29,247,245,0,18,0,1
prefill,29,248,246,0,18,0,1
prefill,29,249,247,0,18,0,1
prefill,29,250,248,0,18,0,1
prefill,29,251,250,0,18,0,1
prefill,29,252,251,0,18,0,1
prefill,29,253,252,0,18,0,1
prefill,29,254,253,0,18,0,1
prefill,29,255,254,0,18,0,1
prefill,29,256,255,0,18,0,1
prefill,30,1,119,3,18,0.166666666666667,0.166666666666667
prefill,30,2,24,1,18,0.0555555555555556,0.222222222222222
prefill,30,3,31,1,18,0.0555555555555556,0.277777777777778
prefill,30,4,59,1,18,0.0555555555555556,0.333333333333333
prefill,30,5,82,1,18,0.0555555555555556,0.388888888888889
prefill,30,6,89,1,18,0.0555555555555556,0.444444444444445
prefill,30,7,101,1,18,0.0555555555555556,0.5
prefill,30,8,102,1,18,0.0555555555555556,0.555555555555556
prefill,30,9,104,1,18,0.0555555555555556,0.611111111111111
prefill,30,10,111,1,18,0.0555555555555556,0.666666666666667
prefill,30,11,121,1,18,0.0555555555555556,0.722222222222222
prefill,30,12,130,1,18,0.0555555555555556,0.777777777777778
prefill,30,13,153,1,18,0.0555555555555556,0.833333333333334
prefill,30,14,191,1,18,0.0555555555555556,0.888888888888889
prefill,30,15,238,1,18,0.0555555555555556,0.944444444444445
prefill,30,16,246,1,18,0.0555555555555556,1
prefill,30,17,0,0,18,0,1
prefill,30,18,1,0,18,0,1
prefill,30,19,2,0,18,0,1
prefill,30,20,3,0,18,0,1
prefill,30,21,4,0,18,0,1
prefill,30,22,5,0,18,0,1
prefill,30,23,6,0,18,0,1
prefill,30,24,7,0,18,0,1
prefill,30,25,8,0,18,0,1
prefill,30,26,9,0,18,0,1
prefill,30,27,10,0,18,0,1
prefill,30,28,11,0,18,0,1
prefill,30,29,12,0,18,0,1
prefill,30,30,13,0,18,0,1
prefill,30,31,14,0,18,0,1
prefill,30,32,15,0,18,0,1
prefill,30,33,16,0,18,0,1
prefill,30,34,17,0,18,0,1
prefill,30,35,18,0,18,0,1
prefill,30,36,19,0,18,0,1
prefill,30,37,20,0,18,0,1
prefill,30,38,21,0,18,0,1
prefill,30,39,22,0,18,0,1
prefill,30,40,23,0,18,0,1
prefill,30,41,25,0,18,0,1
prefill,30,42,26,0,18,0,1
prefill,30,43,27,0,18,0,1
prefill,30,44,28,0,18,0,1
prefill,30,45,29,0,18,0,1
prefill,30,46,30,0,18,0,1
prefill,30,47,32,0,18,0,1
prefill,30,48,33,0,18,0,1
prefill,30,49,34,0,18,0,1
prefill,30,50,35,0,18,0,1
prefill,30,51,36,0,18,0,1
prefill,30,52,37,0,18,0,1
prefill,30,53,38,0,18,0,1
prefill,30,54,39,0,18,0,1
prefill,30,55,40,0,18,0,1
prefill,30,56,41,0,18,0,1
prefill,30,57,42,0,18,0,1
prefill,30,58,43,0,18,0,1
prefill,30,59,44,0,18,0,1
prefill,30,60,45,0,18,0,1
prefill,30,61,46,0,18,0,1
prefill,30,62,47,0,18,0,1
prefill,30,63,48,0,18,0,1
prefill,30,64,49,0,18,0,1
prefill,30,65,50,0,18,0,1
prefill,30,66,51,0,18,0,1
prefill,30,67,52,0,18,0,1
prefill,30,68,53,0,18,0,1
prefill,30,69,54,0,18,0,1
prefill,30,70,55,0,18,0,1
prefill,30,71,56,0,18,0,1
prefill,30,72,57,0,18,0,1
prefill,30,73,58,0,18,0,1
prefill,30,74,60,0,18,0,1
prefill,30,75,61,0,18,0,1
prefill,30,76,62,0,18,0,1
prefill,30,77,63,0,18,0,1
prefill,30,78,64,0,18,0,1
prefill,30,79,65,0,18,0,1
prefill,30,80,66,0,18,0,1
prefill,30,81,67,0,18,0,1
prefill,30,82,68,0,18,0,1
prefill,30,83,69,0,18,0,1
prefill,30,84,70,0,18,0,1
prefill,30,85,71,0,18,0,1
prefill,30,86,72,0,18,0,1
prefill,30,87,73,0,18,0,1
prefill,30,88,74,0,18,0,1
prefill,30,89,75,0,18,0,1
prefill,30,90,76,0,18,0,1
prefill,30,91,77,0,18,0,1
prefill,30,92,78,0,18,0,1
prefill,30,93,79,0,18,0,1
prefill,30,94,80,0,18,0,1
prefill,30,95,81,0,18,0,1
prefill,30,96,83,0,18,0,1
prefill,30,97,84,0,18,0,1
prefill,30,98,85,0,18,0,1
prefill,30,99,86,0,18,0,1
prefill,30,100,87,0,18,0,1
prefill,30,101,88,0,18,0,1
prefill,30,102,90,0,18,0,1
prefill,30,103,91,0,18,0,1
prefill,30,104,92,0,18,0,1
prefill,30,105,93,0,18,0,1
prefill,30,106,94,0,18,0,1
prefill,30,107,95,0,18,0,1
prefill,30,108,96,0,18,0,1
prefill,30,109,97,0,18,0,1
prefill,30,110,98,0,18,0,1
prefill,30,111,99,0,18,0,1
prefill,30,112,100,0,18,0,1
prefill,30,113,103,0,18,0,1
prefill,30,114,105,0,18,0,1
prefill,30,115,106,0,18,0,1
prefill,30,116,107,0,18,0,1
prefill,30,117,108,0,18,0,1
prefill,30,118,109,0,18,0,1
prefill,30,119,110,0,18,0,1
prefill,30,120,112,0,18,0,1
prefill,30,121,113,0,18,0,1
prefill,30,122,114,0,18,0,1
prefill,30,123,115,0,18,0,1
prefill,30,124,116,0,18,0,1
prefill,30,125,117,0,18,0,1
prefill,30,126,118,0,18,0,1
prefill,30,127,120,0,18,0,1
prefill,30,128,122,0,18,0,1
prefill,30,129,123,0,18,0,1
prefill,30,130,124,0,18,0,1
prefill,30,131,125,0,18,0,1
prefill,30,132,126,0,18,0,1
prefill,30,133,127,0,18,0,1
prefill,30,134,128,0,18,0,1
prefill,30,135,129,0,18,0,1
prefill,30,136,131,0,18,0,1
prefill,30,137,132,0,18,0,1
prefill,30,138,133,0,18,0,1
prefill,30,139,134,0,18,0,1
prefill,30,140,135,0,18,0,1
prefill,30,141,136,0,18,0,1
prefill,30,142,137,0,18,0,1
prefill,30,143,138,0,18,0,1
prefill,30,144,139,0,18,0,1
prefill,30,145,140,0,18,0,1
prefill,30,146,141,0,18,0,1
prefill,30,147,142,0,18,0,1
prefill,30,148,143,0,18,0,1
prefill,30,149,144,0,18,0,1
prefill,30,150,145,0,18,0,1
prefill,30,151,146,0,18,0,1
prefill,30,152,147,0,18,0,1
prefill,30,153,148,0,18,0,1
prefill,30,154,149,0,18,0,1
prefill,30,155,150,0,18,0,1
prefill,30,156,151,0,18,0,1
prefill,30,157,152,0,18,0,1
prefill,30,158,154,0,18,0,1
prefill,30,159,155,0,18,0,1
prefill,30,160,156,0,18,0,1
prefill,30,161,157,0,18,0,1
prefill,30,162,158,0,18,0,1
prefill,30,163,159,0,18,0,1
prefill,30,164,160,0,18,0,1
prefill,30,165,161,0,18,0,1
prefill,30,166,162,0,18,0,1
prefill,30,167,163,0,18,0,1
prefill,30,168,164,0,18,0,1
prefill,30,169,165,0,18,0,1
prefill,30,170,166,0,18,0,1
prefill,30,171,167,0,18,0,1
prefill,30,172,168,0,18,0,1
prefill,30,173,169,0,18,0,1
prefill,30,174,170,0,18,0,1
prefill,30,175,171,0,18,0,1
prefill,30,176,172,0,18,0,1
prefill,30,177,173,0,18,0,1
prefill,30,178,174,0,18,0,1
prefill,30,179,175,0,18,0,1
prefill,30,180,176,0,18,0,1
prefill,30,181,177,0,18,0,1
prefill,30,182,178,0,18,0,1
prefill,30,183,179,0,18,0,1
prefill,30,184,180,0,18,0,1
prefill,30,185,181,0,18,0,1
prefill,30,186,182,0,18,0,1
prefill,30,187,183,0,18,0,1
prefill,30,188,184,0,18,0,1
prefill,30,189,185,0,18,0,1
prefill,30,190,186,0,18,0,1
prefill,30,191,187,0,18,0,1
prefill,30,192,188,0,18,0,1
prefill,30,193,189,0,18,0,1
prefill,30,194,190,0,18,0,1
prefill,30,195,192,0,18,0,1
prefill,30,196,193,0,18,0,1
prefill,30,197,194,0,18,0,1
prefill,30,198,195,0,18,0,1
prefill,30,199,196,0,18,0,1
prefill,30,200,197,0,18,0,1
prefill,30,201,198,0,18,0,1
prefill,30,202,199,0,18,0,1
prefill,30,203,200,0,18,0,1
prefill,30,204,201,0,18,0,1
prefill,30,205,202,0,18,0,1
prefill,30,206,203,0,18,0,1
prefill,30,207,204,0,18,0,1
prefill,30,208,205,0,18,0,1
prefill,30,209,206,0,18,0,1
prefill,30,210,207,0,18,0,1
prefill,30,211,208,0,18,0,1
prefill,30,212,209,0,18,0,1
prefill,30,213,210,0,18,0,1
prefill,30,214,211,0,18,0,1
prefill,30,215,212,0,18,0,1
prefill,30,216,213,0,18,0,1
prefill,30,217,214,0,18,0,1
prefill,30,218,215,0,18,0,1
prefill,30,219,216,0,18,0,1
prefill,30,220,217,0,18,0,1
prefill,30,221,218,0,18,0,1
prefill,30,222,219,0,18,0,1
prefill,30,223,220,0,18,0,1
prefill,30,224,221,0,18,0,1
prefill,30,225,222,0,18,0,1
prefill,30,226,223,0,18,0,1
prefill,30,227,224,0,18,0,1
prefill,30,228,225,0,18,0,1
prefill,30,229,226,0,18,0,1
prefill,30,230,227,0,18,0,1
prefill,30,231,228,0,18,0,1
prefill,30,232,229,0,18,0,1
prefill,30,233,230,0,18,0,1
prefill,30,234,231,0,18,0,1
prefill,30,235,232,0,18,0,1
prefill,30,236,233,0,18,0,1
prefill,30,237,234,0,18,0,1
prefill,30,238,235,0,18,0,1
prefill,30,239,236,0,18,0,1
prefill,30,240,237,0,18,0,1
prefill,30,241,239,0,18,0,1
prefill,30,242,240,0,18,0,1
prefill,30,243,241,0,18,0,1
prefill,30,244,242,0,18,0,1
prefill,30,245,243,0,18,0,1
prefill,30,246,244,0,18,0,1
prefill,30,247,245,0,18,0,1
prefill,30,248,247,0,18,0,1
prefill,30,249,248,0,18,0,1
prefill,30,250,249,0,18,0,1
prefill,30,251,250,0,18,0,1
prefill,30,252,251,0,18,0,1
prefill,30,253,252,0,18,0,1
prefill,30,254,253,0,18,0,1
prefill,30,255,254,0,18,0,1
prefill,30,256,255,0,18,0,1
prefill,31,1,174,2,18,0.111111111111111,0.111111111111111
prefill,31,2,18,1,18,0.0555555555555556,0.166666666666667
prefill,31,3,30,1,18,0.0555555555555556,0.222222222222222
prefill,31,4,61,1,18,0.0555555555555556,0.277777777777778
prefill,31,5,68,1,18,0.0555555555555556,0.333333333333333
prefill,31,6,74,1,18,0.0555555555555556,0.388888888888889
prefill,31,7,78,1,18,0.0555555555555556,0.444444444444445
prefill,31,8,96,1,18,0.0555555555555556,0.5
prefill,31,9,117,1,18,0.0555555555555556,0.555555555555556
prefill,31,10,125,1,18,0.0555555555555556,0.611111111111111
prefill,31,11,152,1,18,0.0555555555555556,0.666666666666667
prefill,31,12,154,1,18,0.0555555555555556,0.722222222222222
prefill,31,13,165,1,18,0.0555555555555556,0.777777777777778
prefill,31,14,181,1,18,0.0555555555555556,0.833333333333334
prefill,31,15,182,1,18,0.0555555555555556,0.888888888888889
prefill,31,16,227,1,18,0.0555555555555556,0.944444444444445
prefill,31,17,245,1,18,0.0555555555555556,1
prefill,31,18,0,0,18,0,1
prefill,31,19,1,0,18,0,1
prefill,31,20,2,0,18,0,1
prefill,31,21,3,0,18,0,1
prefill,31,22,4,0,18,0,1
prefill,31,23,5,0,18,0,1
prefill,31,24,6,0,18,0,1
prefill,31,25,7,0,18,0,1
prefill,31,26,8,0,18,0,1
prefill,31,27,9,0,18,0,1
prefill,31,28,10,0,18,0,1
prefill,31,29,11,0,18,0,1
prefill,31,30,12,0,18,0,1
prefill,31,31,13,0,18,0,1
prefill,31,32,14,0,18,0,1
prefill,31,33,15,0,18,0,1
prefill,31,34,16,0,18,0,1
prefill,31,35,17,0,18,0,1
prefill,31,36,19,0,18,0,1
prefill,31,37,20,0,18,0,1
prefill,31,38,21,0,18,0,1
prefill,31,39,22,0,18,0,1
prefill,31,40,23,0,18,0,1
prefill,31,41,24,0,18,0,1
prefill,31,42,25,0,18,0,1
prefill,31,43,26,0,18,0,1
prefill,31,44,27,0,18,0,1
prefill,31,45,28,0,18,0,1
prefill,31,46,29,0,18,0,1
prefill,31,47,31,0,18,0,1
prefill,31,48,32,0,18,0,1
prefill,31,49,33,0,18,0,1
prefill,31,50,34,0,18,0,1
prefill,31,51,35,0,18,0,1
prefill,31,52,36,0,18,0,1
prefill,31,53,37,0,18,0,1
prefill,31,54,38,0,18,0,1
prefill,31,55,39,0,18,0,1
prefill,31,56,40,0,18,0,1
prefill,31,57,41,0,18,0,1
prefill,31,58,42,0,18,0,1
prefill,31,59,43,0,18,0,1
prefill,31,60,44,0,18,0,1
prefill,31,61,45,0,18,0,1
prefill,31,62,46,0,18,0,1
prefill,31,63,47,0,18,0,1
prefill,31,64,48,0,18,0,1
prefill,31,65,49,0,18,0,1
prefill,31,66,50,0,18,0,1
prefill,31,67,51,0,18,0,1
prefill,31,68,52,0,18,0,1
prefill,31,69,53,0,18,0,1
prefill,31,70,54,0,18,0,1
prefill,31,71,55,0,18,0,1
prefill,31,72,56,0,18,0,1
prefill,31,73,57,0,18,0,1
prefill,31,74,58,0,18,0,1
prefill,31,75,59,0,18,0,1
prefill,31,76,60,0,18,0,1
prefill,31,77,62,0,18,0,1
prefill,31,78,63,0,18,0,1
prefill,31,79,64,0,18,0,1
prefill,31,80,65,0,18,0,1
prefill,31,81,66,0,18,0,1
prefill,31,82,67,0,18,0,1
prefill,31,83,69,0,18,0,1
prefill,31,84,70,0,18,0,1
prefill,31,85,71,0,18,0,1
prefill,31,86,72,0,18,0,1
prefill,31,87,73,0,18,0,1
prefill,31,88,75,0,18,0,1
prefill,31,89,76,0,18,0,1
prefill,31,90,77,0,18,0,1
prefill,31,91,79,0,18,0,1
prefill,31,92,80,0,18,0,1
prefill,31,93,81,0,18,0,1
prefill,31,94,82,0,18,0,1
prefill,31,95,83,0,18,0,1
prefill,31,96,84,0,18,0,1
prefill,31,97,85,0,18,0,1
prefill,31,98,86,0,18,0,1
prefill,31,99,87,0,18,0,1
prefill,31,100,88,0,18,0,1
prefill,31,101,89,0,18,0,1
prefill,31,102,90,0,18,0,1
prefill,31,103,91,0,18,0,1
prefill,31,104,92,0,18,0,1
prefill,31,105,93,0,18,0,1
prefill,31,106,94,0,18,0,1
prefill,31,107,95,0,18,0,1
prefill,31,108,97,0,18,0,1
prefill,31,109,98,0,18,0,1
prefill,31,110,99,0,18,0,1
prefill,31,111,100,0,18,0,1
prefill,31,112,101,0,18,0,1
prefill,31,113,102,0,18,0,1
prefill,31,114,103,0,18,0,1
prefill,31,115,104,0,18,0,1
prefill,31,116,105,0,18,0,1
prefill,31,117,106,0,18,0,1
prefill,31,118,107,0,18,0,1
prefill,31,119,108,0,18,0,1
prefill,31,120,109,0,18,0,1
prefill,31,121,110,0,18,0,1
prefill,31,122,111,0,18,0,1
prefill,31,123,112,0,18,0,1
prefill,31,124,113,0,18,0,1
prefill,31,125,114,0,18,0,1
prefill,31,126,115,0,18,0,1
prefill,31,127,116,0,18,0,1
prefill,31,128,118,0,18,0,1
prefill,31,129,119,0,18,0,1
prefill,31,130,120,0,18,0,1
prefill,31,131,121,0,18,0,1
prefill,31,132,122,0,18,0,1
prefill,31,133,123,0,18,0,1
prefill,31,134,124,0,18,0,1
prefill,31,135,126,0,18,0,1
prefill,31,136,127,0,18,0,1
prefill,31,137,128,0,18,0,1
prefill,31,138,129,0,18,0,1
prefill,31,139,130,0,18,0,1
prefill,31,140,131,0,18,0,1
prefill,31,141,132,0,18,0,1
prefill,31,142,133,0,18,0,1
prefill,31,143,134,0,18,0,1
prefill,31,144,135,0,18,0,1
prefill,31,145,136,0,18,0,1
prefill,31,146,137,0,18,0,1
prefill,31,147,138,0,18,0,1
prefill,31,148,139,0,18,0,1
prefill,31,149,140,0,18,0,1
prefill,31,150,141,0,18,0,1
prefill,31,151,142,0,18,0,1
prefill,31,152,143,0,18,0,1
prefill,31,153,144,0,18,0,1
prefill,31,154,145,0,18,0,1
prefill,31,155,146,0,18,0,1
prefill,31,156,147,0,18,0,1
prefill,31,157,148,0,18,0,1
prefill,31,158,149,0,18,0,1
prefill,31,159,150,0,18,0,1
prefill,31,160,151,0,18,0,1
prefill,31,161,153,0,18,0,1
prefill,31,162,155,0,18,0,1
prefill,31,163,156,0,18,0,1
prefill,31,164,157,0,18,0,1
prefill,31,165,158,0,18,0,1
prefill,31,166,159,0,18,0,1
prefill,31,167,160,0,18,0,1
prefill,31,168,161,0,18,0,1
prefill,31,169,162,0,18,0,1
prefill,31,170,163,0,18,0,1
prefill,31,171,164,0,18,0,1
prefill,31,172,166,0,18,0,1
prefill,31,173,167,0,18,0,1
prefill,31,174,168,0,18,0,1
prefill,31,175,169,0,18,0,1
prefill,31,176,170,0,18,0,1
prefill,31,177,171,0,18,0,1
prefill,31,178,172,0,18,0,1
prefill,31,179,173,0,18,0,1
prefill,31,180,175,0,18,0,1
prefill,31,181,176,0,18,0,1
prefill,31,182,177,0,18,0,1
prefill,31,183,178,0,18,0,1
prefill,31,184,179,0,18,0,1
prefill,31,185,180,0,18,0,1
prefill,31,186,183,0,18,0,1
prefill,31,187,184,0,18,0,1
prefill,31,188,185,0,18,0,1
prefill,31,189,186,0,18,0,1
prefill,31,190,187,0,18,0,1
prefill,31,191,188,0,18,0,1
prefill,31,192,189,0,18,0,1
prefill,31,193,190,0,18,0,1
prefill,31,194,191,0,18,0,1
prefill,31,195,192,0,18,0,1
prefill,31,196,193,0,18,0,1
prefill,31,197,194,0,18,0,1
prefill,31,198,195,0,18,0,1
prefill,31,199,196,0,18,0,1
prefill,31,200,197,0,18,0,1
prefill,31,201,198,0,18,0,1
prefill,31,202,199,0,18,0,1
prefill,31,203,200,0,18,0,1
prefill,31,204,201,0,18,0,1
prefill,31,205,202,0,18,0,1
prefill,31,206,203,0,18,0,1
prefill,31,207,204,0,18,0,1
prefill,31,208,205,0,18,0,1
prefill,31,209,206,0,18,0,1
prefill,31,210,207,0,18,0,1
prefill,31,211,208,0,18,0,1
prefill,31,212,209,0,18,0,1
prefill,31,213,210,0,18,0,1
prefill,31,214,211,0,18,0,1
prefill,31,215,212,0,18,0,1
prefill,31,216,213,0,18,0,1
prefill,31,217,214,0,18,0,1
prefill,31,218,215,0,18,0,1
prefill,31,219,216,0,18,0,1
prefill,31,220,217,0,18,0,1
prefill,31,221,218,0,18,0,1
prefill,31,222,219,0,18,0,1
prefill,31,223,220,0,18,0,1
prefill,31,224,221,0,18,0,1
prefill,31,225,222,0,18,0,1
prefill,31,226,223,0,18,0,1
prefill,31,227,224,0,18,0,1
prefill,31,228,225,0,18,0,1
prefill,31,229,226,0,18,0,1
prefill,31,230,228,0,18,0,1
prefill,31,231,229,0,18,0,1
prefill,31,232,230,0,18,0,1
prefill,31,233,231,0,18,0,1
prefill,31,234,232,0,18,0,1
prefill,31,235,233,0,18,0,1
prefill,31,236,234,0,18,0,1
prefill,31,237,235,0,18,0,1
prefill,31,238,236,0,18,0,1
prefill,31,239,237,0,18,0,1
prefill,31,240,238,0,18,0,1
prefill,31,241,239,0,18,0,1
prefill,31,242,240,0,18,0,1
prefill,31,243,241,0,18,0,1
prefill,31,244,242,0,18,0,1
prefill,31,245,243,0,18,0,1
prefill,31,246,244,0,18,0,1
prefill,31,247,246,0,18,0,1
prefill,31,248,247,0,18,0,1
prefill,31,249,248,0,18,0,1
prefill,31,250,249,0,18,0,1
prefill,31,251,250,0,18,0,1
prefill,31,252,251,0,18,0,1
prefill,31,253,252,0,18,0,1
prefill,31,254,253,0,18,0,1
prefill,31,255,254,0,18,0,1
prefill,31,256,255,0,18,0,1
prefill,32,1,19,3,18,0.166666666666667,0.166666666666667
prefill,32,2,62,2,18,0.111111111111111,0.277777777777778
prefill,32,3,8,1,18,0.0555555555555556,0.333333333333333
prefill,32,4,58,1,18,0.0555555555555556,0.388888888888889
prefill,32,5,87,1,18,0.0555555555555556,0.444444444444445
prefill,32,6,95,1,18,0.0555555555555556,0.5
prefill,32,7,140,1,18,0.0555555555555556,0.555555555555556
prefill,32,8,147,1,18,0.0555555555555556,0.611111111111111
prefill,32,9,156,1,18,0.0555555555555556,0.666666666666667
prefill,32,10,165,1,18,0.0555555555555556,0.722222222222222
prefill,32,11,177,1,18,0.0555555555555556,0.777777777777778
prefill,32,12,201,1,18,0.0555555555555556,0.833333333333334
prefill,32,13,216,1,18,0.0555555555555556,0.888888888888889
prefill,32,14,229,1,18,0.0555555555555556,0.944444444444445
prefill,32,15,235,1,18,0.0555555555555556,1
prefill,32,16,0,0,18,0,1
prefill,32,17,1,0,18,0,1
prefill,32,18,2,0,18,0,1
prefill,32,19,3,0,18,0,1
prefill,32,20,4,0,18,0,1
prefill,32,21,5,0,18,0,1
prefill,32,22,6,0,18,0,1
prefill,32,23,7,0,18,0,1
prefill,32,24,9,0,18,0,1
prefill,32,25,10,0,18,0,1
prefill,32,26,11,0,18,0,1
prefill,32,27,12,0,18,0,1
prefill,32,28,13,0,18,0,1
prefill,32,29,14,0,18,0,1
prefill,32,30,15,0,18,0,1
prefill,32,31,16,0,18,0,1
prefill,32,32,17,0,18,0,1
prefill,32,33,18,0,18,0,1
prefill,32,34,20,0,18,0,1
prefill,32,35,21,0,18,0,1
prefill,32,36,22,0,18,0,1
prefill,32,37,23,0,18,0,1
prefill,32,38,24,0,18,0,1
prefill,32,39,25,0,18,0,1
prefill,32,40,26,0,18,0,1
prefill,32,41,27,0,18,0,1
prefill,32,42,28,0,18,0,1
prefill,32,43,29,0,18,0,1
prefill,32,44,30,0,18,0,1
prefill,32,45,31,0,18,0,1
prefill,32,46,32,0,18,0,1
prefill,32,47,33,0,18,0,1
prefill,32,48,34,0,18,0,1
prefill,32,49,35,0,18,0,1
prefill,32,50,36,0,18,0,1
prefill,32,51,37,0,18,0,1
prefill,32,52,38,0,18,0,1
prefill,32,53,39,0,18,0,1
prefill,32,54,40,0,18,0,1
prefill,32,55,41,0,18,0,1
prefill,32,56,42,0,18,0,1
prefill,32,57,43,0,18,0,1
prefill,32,58,44,0,18,0,1
prefill,32,59,45,0,18,0,1
prefill,32,60,46,0,18,0,1
prefill,32,61,47,0,18,0,1
prefill,32,62,48,0,18,0,1
prefill,32,63,49,0,18,0,1
prefill,32,64,50,0,18,0,1
prefill,32,65,51,0,18,0,1
prefill,32,66,52,0,18,0,1
prefill,32,67,53,0,18,0,1
prefill,32,68,54,0,18,0,1
prefill,32,69,55,0,18,0,1
prefill,32,70,56,0,18,0,1
prefill,32,71,57,0,18,0,1
prefill,32,72,59,0,18,0,1
prefill,32,73,60,0,18,0,1
prefill,32,74,61,0,18,0,1
prefill,32,75,63,0,18,0,1
prefill,32,76,64,0,18,0,1
prefill,32,77,65,0,18,0,1
prefill,32,78,66,0,18,0,1
prefill,32,79,67,0,18,0,1
prefill,32,80,68,0,18,0,1
prefill,32,81,69,0,18,0,1
prefill,32,82,70,0,18,0,1
prefill,32,83,71,0,18,0,1
prefill,32,84,72,0,18,0,1
prefill,32,85,73,0,18,0,1
prefill,32,86,74,0,18,0,1
prefill,32,87,75,0,18,0,1
prefill,32,88,76,0,18,0,1
prefill,32,89,77,0,18,0,1
prefill,32,90,78,0,18,0,1
prefill,32,91,79,0,18,0,1
prefill,32,92,80,0,18,0,1
prefill,32,93,81,0,18,0,1
prefill,32,94,82,0,18,0,1
prefill,32,95,83,0,18,0,1
prefill,32,96,84,0,18,0,1
prefill,32,97,85,0,18,0,1
prefill,32,98,86,0,18,0,1
prefill,32,99,88,0,18,0,1
prefill,32,100,89,0,18,0,1
prefill,32,101,90,0,18,0,1
prefill,32,102,91,0,18,0,1
prefill,32,103,92,0,18,0,1
prefill,32,104,93,0,18,0,1
prefill,32,105,94,0,18,0,1
prefill,32,106,96,0,18,0,1
prefill,32,107,97,0,18,0,1
prefill,32,108,98,0,18,0,1
prefill,32,109,99,0,18,0,1
prefill,32,110,100,0,18,0,1
prefill,32,111,101,0,18,0,1
prefill,32,112,102,0,18,0,1
prefill,32,113,103,0,18,0,1
prefill,32,114,104,0,18,0,1
prefill,32,115,105,0,18,0,1
prefill,32,116,106,0,18,0,1
prefill,32,117,107,0,18,0,1
prefill,32,118,108,0,18,0,1
prefill,32,119,109,0,18,0,1
prefill,32,120,110,0,18,0,1
prefill,32,121,111,0,18,0,1
prefill,32,122,112,0,18,0,1
prefill,32,123,113,0,18,0,1
prefill,32,124,114,0,18,0,1
prefill,32,125,115,0,18,0,1
prefill,32,126,116,0,18,0,1
prefill,32,127,117,0,18,0,1
prefill,32,128,118,0,18,0,1
prefill,32,129,119,0,18,0,1
prefill,32,130,120,0,18,0,1
prefill,32,131,121,0,18,0,1
prefill,32,132,122,0,18,0,1
prefill,32,133,123,0,18,0,1
prefill,32,134,124,0,18,0,1
prefill,32,135,125,0,18,0,1
prefill,32,136,126,0,18,0,1
prefill,32,137,127,0,18,0,1
prefill,32,138,128,0,18,0,1
prefill,32,139,129,0,18,0,1
prefill,32,140,130,0,18,0,1
prefill,32,141,131,0,18,0,1
prefill,32,142,132,0,18,0,1
prefill,32,143,133,0,18,0,1
prefill,32,144,134,0,18,0,1
prefill,32,145,135,0,18,0,1
prefill,32,146,136,0,18,0,1
prefill,32,147,137,0,18,0,1
prefill,32,148,138,0,18,0,1
prefill,32,149,139,0,18,0,1
prefill,32,150,141,0,18,0,1
prefill,32,151,142,0,18,0,1
prefill,32,152,143,0,18,0,1
prefill,32,153,144,0,18,0,1
prefill,32,154,145,0,18,0,1
prefill,32,155,146,0,18,0,1
prefill,32,156,148,0,18,0,1
prefill,32,157,149,0,18,0,1
prefill,32,158,150,0,18,0,1
prefill,32,159,151,0,18,0,1
prefill,32,160,152,0,18,0,1
prefill,32,161,153,0,18,0,1
prefill,32,162,154,0,18,0,1
prefill,32,163,155,0,18,0,1
prefill,32,164,157,0,18,0,1
prefill,32,165,158,0,18,0,1
prefill,32,166,159,0,18,0,1
prefill,32,167,160,0,18,0,1
prefill,32,168,161,0,18,0,1
prefill,32,169,162,0,18,0,1
prefill,32,170,163,0,18,0,1
prefill,32,171,164,0,18,0,1
prefill,32,172,166,0,18,0,1
prefill,32,173,167,0,18,0,1
prefill,32,174,168,0,18,0,1
prefill,32,175,169,0,18,0,1
prefill,32,176,170,0,18,0,1
prefill,32,177,171,0,18,0,1
prefill,32,178,172,0,18,0,1
prefill,32,179,173,0,18,0,1
prefill,32,180,174,0,18,0,1
prefill,32,181,175,0,18,0,1
prefill,32,182,176,0,18,0,1
prefill,32,183,178,0,18,0,1
prefill,32,184,179,0,18,0,1
prefill,32,185,180,0,18,0,1
prefill,32,186,181,0,18,0,1
prefill,32,187,182,0,18,0,1
prefill,32,188,183,0,18,0,1
prefill,32,189,184,0,18,0,1
prefill,32,190,185,0,18,0,1
prefill,32,191,186,0,18,0,1
prefill,32,192,187,0,18,0,1
prefill,32,193,188,0,18,0,1
prefill,32,194,189,0,18,0,1
prefill,32,195,190,0,18,0,1
prefill,32,196,191,0,18,0,1
prefill,32,197,192,0,18,0,1
prefill,32,198,193,0,18,0,1
prefill,32,199,194,0,18,0,1
prefill,32,200,195,0,18,0,1
prefill,32,201,196,0,18,0,1
prefill,32,202,197,0,18,0,1
prefill,32,203,198,0,18,0,1
prefill,32,204,199,0,18,0,1
prefill,32,205,200,0,18,0,1
prefill,32,206,202,0,18,0,1
prefill,32,207,203,0,18,0,1
prefill,32,208,204,0,18,0,1
prefill,32,209,205,0,18,0,1
prefill,32,210,206,0,18,0,1
prefill,32,211,207,0,18,0,1
prefill,32,212,208,0,18,0,1
prefill,32,213,209,0,18,0,1
prefill,32,214,210,0,18,0,1
prefill,32,215,211,0,18,0,1
prefill,32,216,212,0,18,0,1
prefill,32,217,213,0,18,0,1
prefill,32,218,214,0,18,0,1
prefill,32,219,215,0,18,0,1
prefill,32,220,217,0,18,0,1
prefill,32,221,218,0,18,0,1
prefill,32,222,219,0,18,0,1
prefill,32,223,220,0,18,0,1
prefill,32,224,221,0,18,0,1
prefill,32,225,222,0,18,0,1
prefill,32,226,223,0,18,0,1
prefill,32,227,224,0,18,0,1
prefill,32,228,225,0,18,0,1
prefill,32,229,226,0,18,0,1
prefill,32,230,227,0,18,0,1
prefill,32,231,228,0,18,0,1
prefill,32,232,230,0,18,0,1
prefill,32,233,231,0,18,0,1
prefill,32,234,232,0,18,0,1
prefill,32,235,233,0,18,0,1
prefill,32,236,234,0,18,0,1
prefill,32,237,236,0,18,0,1
prefill,32,238,237,0,18,0,1
prefill,32,239,238,0,18,0,1
prefill,32,240,239,0,18,0,1
prefill,32,241,240,0,18,0,1
prefill,32,242,241,0,18,0,1
prefill,32,243,242,0,18,0,1
prefill,32,244,243,0,18,0,1
prefill,32,245,244,0,18,0,1
prefill,32,246,245,0,18,0,1
prefill,32,247,246,0,18,0,1
prefill,32,248,247,0,18,0,1
prefill,32,249,248,0,18,0,1
prefill,32,250,249,0,18,0,1
prefill,32,251,250,0,18,0,1
prefill,32,252,251,0,18,0,1
prefill,32,253,252,0,18,0,1
prefill,32,254,253,0,18,0,1
prefill,32,255,254,0,18,0,1
prefill,32,256,255,0,18,0,1
prefill,33,1,4,2,18,0.111111111111111,0.111111111111111
prefill,33,2,93,2,18,0.111111111111111,0.222222222222222
prefill,33,3,11,1,18,0.0555555555555556,0.277777777777778
prefill,33,4,30,1,18,0.0555555555555556,0.333333333333333
prefill,33,5,51,1,18,0.0555555555555556,0.388888888888889
prefill,33,6,52,1,18,0.0555555555555556,0.444444444444445
prefill,33,7,58,1,18,0.0555555555555556,0.5
prefill,33,8,65,1,18,0.0555555555555556,0.555555555555556
prefill,33,9,67,1,18,0.0555555555555556,0.611111111111111
prefill,33,10,79,1,18,0.0555555555555556,0.666666666666667
prefill,33,11,94,1,18,0.0555555555555556,0.722222222222222
prefill,33,12,159,1,18,0.0555555555555556,0.777777777777778
prefill,33,13,179,1,18,0.0555555555555556,0.833333333333334
prefill,33,14,187,1,18,0.0555555555555556,0.888888888888889
prefill,33,15,224,1,18,0.0555555555555556,0.944444444444445
prefill,33,16,242,1,18,0.0555555555555556,1
prefill,33,17,0,0,18,0,1
prefill,33,18,1,0,18,0,1
prefill,33,19,2,0,18,0,1
prefill,33,20,3,0,18,0,1
prefill,33,21,5,0,18,0,1
prefill,33,22,6,0,18,0,1
prefill,33,23,7,0,18,0,1
prefill,33,24,8,0,18,0,1
prefill,33,25,9,0,18,0,1
prefill,33,26,10,0,18,0,1
prefill,33,27,12,0,18,0,1
prefill,33,28,13,0,18,0,1
prefill,33,29,14,0,18,0,1
prefill,33,30,15,0,18,0,1
prefill,33,31,16,0,18,0,1
prefill,33,32,17,0,18,0,1
prefill,33,33,18,0,18,0,1
prefill,33,34,19,0,18,0,1
prefill,33,35,20,0,18,0,1
prefill,33,36,21,0,18,0,1
prefill,33,37,22,0,18,0,1
prefill,33,38,23,0,18,0,1
prefill,33,39,24,0,18,0,1
prefill,33,40,25,0,18,0,1
prefill,33,41,26,0,18,0,1
prefill,33,42,27,0,18,0,1
prefill,33,43,28,0,18,0,1
prefill,33,44,29,0,18,0,1
prefill,33,45,31,0,18,0,1
prefill,33,46,32,0,18,0,1
prefill,33,47,33,0,18,0,1
prefill,33,48,34,0,18,0,1
prefill,33,49,35,0,18,0,1
prefill,33,50,36,0,18,0,1
prefill,33,51,37,0,18,0,1
prefill,33,52,38,0,18,0,1
prefill,33,53,39,0,18,0,1
prefill,33,54,40,0,18,0,1
prefill,33,55,41,0,18,0,1
prefill,33,56,42,0,18,0,1
prefill,33,57,43,0,18,0,1
prefill,33,58,44,0,18,0,1
prefill,33,59,45,0,18,0,1
prefill,33,60,46,0,18,0,1
prefill,33,61,47,0,18,0,1
prefill,33,62,48,0,18,0,1
prefill,33,63,49,0,18,0,1
prefill,33,64,50,0,18,0,1
prefill,33,65,53,0,18,0,1
prefill,33,66,54,0,18,0,1
prefill,33,67,55,0,18,0,1
prefill,33,68,56,0,18,0,1
prefill,33,69,57,0,18,0,1
prefill,33,70,59,0,18,0,1
prefill,33,71,60,0,18,0,1
prefill,33,72,61,0,18,0,1
prefill,33,73,62,0,18,0,1
prefill,33,74,63,0,18,0,1
prefill,33,75,64,0,18,0,1
prefill,33,76,66,0,18,0,1
prefill,33,77,68,0,18,0,1
prefill,33,78,69,0,18,0,1
prefill,33,79,70,0,18,0,1
prefill,33,80,71,0,18,0,1
prefill,33,81,72,0,18,0,1
prefill,33,82,73,0,18,0,1
prefill,33,83,74,0,18,0,1
prefill,33,84,75,0,18,0,1
prefill,33,85,76,0,18,0,1
prefill,33,86,77,0,18,0,1
prefill,33,87,78,0,18,0,1
prefill,33,88,80,0,18,0,1
prefill,33,89,81,0,18,0,1
prefill,33,90,82,0,18,0,1
prefill,33,91,83,0,18,0,1
prefill,33,92,84,0,18,0,1
prefill,33,93,85,0,18,0,1
prefill,33,94,86,0,18,0,1
prefill,33,95,87,0,18,0,1
prefill,33,96,88,0,18,0,1
prefill,33,97,89,0,18,0,1
prefill,33,98,90,0,18,0,1
prefill,33,99,91,0,18,0,1
prefill,33,100,92,0,18,0,1
prefill,33,101,95,0,18,0,1
prefill,33,102,96,0,18,0,1
prefill,33,103,97,0,18,0,1
prefill,33,104,98,0,18,0,1
prefill,33,105,99,0,18,0,1
prefill,33,106,100,0,18,0,1
prefill,33,107,101,0,18,0,1
prefill,33,108,102,0,18,0,1
prefill,33,109,103,0,18,0,1
prefill,33,110,104,0,18,0,1
prefill,33,111,105,0,18,0,1
prefill,33,112,106,0,18,0,1
prefill,33,113,107,0,18,0,1
prefill,33,114,108,0,18,0,1
prefill,33,115,109,0,18,0,1
prefill,33,116,110,0,18,0,1
prefill,33,117,111,0,18,0,1
prefill,33,118,112,0,18,0,1
prefill,33,119,113,0,18,0,1
prefill,33,120,114,0,18,0,1
prefill,33,121,115,0,18,0,1
prefill,33,122,116,0,18,0,1
prefill,33,123,117,0,18,0,1
prefill,33,124,118,0,18,0,1
prefill,33,125,119,0,18,0,1
prefill,33,126,120,0,18,0,1
prefill,33,127,121,0,18,0,1
prefill,33,128,122,0,18,0,1
prefill,33,129,123,0,18,0,1
prefill,33,130,124,0,18,0,1
prefill,33,131,125,0,18,0,1
prefill,33,132,126,0,18,0,1
prefill,33,133,127,0,18,0,1
prefill,33,134,128,0,18,0,1
prefill,33,135,129,0,18,0,1
prefill,33,136,130,0,18,0,1
prefill,33,137,131,0,18,0,1
prefill,33,138,132,0,18,0,1
prefill,33,139,133,0,18,0,1
prefill,33,140,134,0,18,0,1
prefill,33,141,135,0,18,0,1
prefill,33,142,136,0,18,0,1
prefill,33,143,137,0,18,0,1
prefill,33,144,138,0,18,0,1
prefill,33,145,139,0,18,0,1
prefill,33,146,140,0,18,0,1
prefill,33,147,141,0,18,0,1
prefill,33,148,142,0,18,0,1
prefill,33,149,143,0,18,0,1
prefill,33,150,144,0,18,0,1
prefill,33,151,145,0,18,0,1
prefill,33,152,146,0,18,0,1
prefill,33,153,147,0,18,0,1
prefill,33,154,148,0,18,0,1
prefill,33,155,149,0,18,0,1
prefill,33,156,150,0,18,0,1
prefill,33,157,151,0,18,0,1
prefill,33,158,152,0,18,0,1
prefill,33,159,153,0,18,0,1
prefill,33,160,154,0,18,0,1
prefill,33,161,155,0,18,0,1
prefill,33,162,156,0,18,0,1
prefill,33,163,157,0,18,0,1
prefill,33,164,158,0,18,0,1
prefill,33,165,160,0,18,0,1
prefill,33,166,161,0,18,0,1
prefill,33,167,162,0,18,0,1
prefill,33,168,163,0,18,0,1
prefill,33,169,164,0,18,0,1
prefill,33,170,165,0,18,0,1
prefill,33,171,166,0,18,0,1
prefill,33,172,167,0,18,0,1
prefill,33,173,168,0,18,0,1
prefill,33,174,169,0,18,0,1
prefill,33,175,170,0,18,0,1
prefill,33,176,171,0,18,0,1
prefill,33,177,172,0,18,0,1
prefill,33,178,173,0,18,0,1
prefill,33,179,174,0,18,0,1
prefill,33,180,175,0,18,0,1
prefill,33,181,176,0,18,0,1
prefill,33,182,177,0,18,0,1
prefill,33,183,178,0,18,0,1
prefill,33,184,180,0,18,0,1
prefill,33,185,181,0,18,0,1
prefill,33,186,182,0,18,0,1
prefill,33,187,183,0,18,0,1
prefill,33,188,184,0,18,0,1
prefill,33,189,185,0,18,0,1
prefill,33,190,186,0,18,0,1
prefill,33,191,188,0,18,0,1
prefill,33,192,189,0,18,0,1
prefill,33,193,190,0,18,0,1
prefill,33,194,191,0,18,0,1
prefill,33,195,192,0,18,0,1
prefill,33,196,193,0,18,0,1
prefill,33,197,194,0,18,0,1
prefill,33,198,195,0,18,0,1
prefill,33,199,196,0,18,0,1
prefill,33,200,197,0,18,0,1
prefill,33,201,198,0,18,0,1
prefill,33,202,199,0,18,0,1
prefill,33,203,200,0,18,0,1
prefill,33,204,201,0,18,0,1
prefill,33,205,202,0,18,0,1
prefill,33,206,203,0,18,0,1
prefill,33,207,204,0,18,0,1
prefill,33,208,205,0,18,0,1
prefill,33,209,206,0,18,0,1
prefill,33,210,207,0,18,0,1
prefill,33,211,208,0,18,0,1
prefill,33,212,209,0,18,0,1
prefill,33,213,210,0,18,0,1
prefill,33,214,211,0,18,0,1
prefill,33,215,212,0,18,0,1
prefill,33,216,213,0,18,0,1
prefill,33,217,214,0,18,0,1
prefill,33,218,215,0,18,0,1
prefill,33,219,216,0,18,0,1
prefill,33,220,217,0,18,0,1
prefill,33,221,218,0,18,0,1
prefill,33,222,219,0,18,0,1
prefill,33,223,220,0,18,0,1
prefill,33,224,221,0,18,0,1
prefill,33,225,222,0,18,0,1
prefill,33,226,223,0,18,0,1
prefill,33,227,225,0,18,0,1
prefill,33,228,226,0,18,0,1
prefill,33,229,227,0,18,0,1
prefill,33,230,228,0,18,0,1
prefill,33,231,229,0,18,0,1
prefill,33,232,230,0,18,0,1
prefill,33,233,231,0,18,0,1
prefill,33,234,232,0,18,0,1
prefill,33,235,233,0,18,0,1
prefill,33,236,234,0,18,0,1
prefill,33,237,235,0,18,0,1
prefill,33,238,236,0,18,0,1
prefill,33,239,237,0,18,0,1
prefill,33,240,238,0,18,0,1
prefill,33,241,239,0,18,0,1
prefill,33,242,240,0,18,0,1
prefill,33,243,241,0,18,0,1
prefill,33,244,243,0,18,0,1
prefill,33,245,244,0,18,0,1
prefill,33,246,245,0,18,0,1
prefill,33,247,246,0,18,0,1
prefill,33,248,247,0,18,0,1
prefill,33,249,248,0,18,0,1
prefill,33,250,249,0,18,0,1
prefill,33,251,250,0,18,0,1
prefill,33,252,251,0,18,0,1
prefill,33,253,252,0,18,0,1
prefill,33,254,253,0,18,0,1
prefill,33,255,254,0,18,0,1
prefill,33,256,255,0,18,0,1
prefill,34,1,1,1,18,0.0555555555555556,0.0555555555555556
prefill,34,2,14,1,18,0.0555555555555556,0.111111111111111
prefill,34,3,17,1,18,0.0555555555555556,0.166666666666667
prefill,34,4,33,1,18,0.0555555555555556,0.222222222222222
prefill,34,5,42,1,18,0.0555555555555556,0.277777777777778
prefill,34,6,54,1,18,0.0555555555555556,0.333333333333333
prefill,34,7,56,1,18,0.0555555555555556,0.388888888888889
prefill,34,8,70,1,18,0.0555555555555556,0.444444444444445
prefill,34,9,71,1,18,0.0555555555555556,0.5
prefill,34,10,72,1,18,0.0555555555555556,0.555555555555556
prefill,34,11,124,1,18,0.0555555555555556,0.611111111111111
prefill,34,12,136,1,18,0.0555555555555556,0.666666666666667
prefill,34,13,137,1,18,0.0555555555555556,0.722222222222222
prefill,34,14,161,1,18,0.0555555555555556,0.777777777777778
prefill,34,15,195,1,18,0.0555555555555556,0.833333333333334
prefill,34,16,197,1,18,0.0555555555555556,0.888888888888889
prefill,34,17,221,1,18,0.0555555555555556,0.944444444444445
prefill,34,18,237,1,18,0.0555555555555556,1
prefill,34,19,0,0,18,0,1
prefill,34,20,2,0,18,0,1
prefill,34,21,3,0,18,0,1
prefill,34,22,4,0,18,0,1
prefill,34,23,5,0,18,0,1
prefill,34,24,6,0,18,0,1
prefill,34,25,7,0,18,0,1
prefill,34,26,8,0,18,0,1
prefill,34,27,9,0,18,0,1
prefill,34,28,10,0,18,0,1
prefill,34,29,11,0,18,0,1
prefill,34,30,12,0,18,0,1
prefill,34,31,13,0,18,0,1
prefill,34,32,15,0,18,0,1
prefill,34,33,16,0,18,0,1
prefill,34,34,18,0,18,0,1
prefill,34,35,19,0,18,0,1
prefill,34,36,20,0,18,0,1
prefill,34,37,21,0,18,0,1
prefill,34,38,22,0,18,0,1
prefill,34,39,23,0,18,0,1
prefill,34,40,24,0,18,0,1
prefill,34,41,25,0,18,0,1
prefill,34,42,26,0,18,0,1
prefill,34,43,27,0,18,0,1
prefill,34,44,28,0,18,0,1
prefill,34,45,29,0,18,0,1
prefill,34,46,30,0,18,0,1
prefill,34,47,31,0,18,0,1
prefill,34,48,32,0,18,0,1
prefill,34,49,34,0,18,0,1
prefill,34,50,35,0,18,0,1
prefill,34,51,36,0,18,0,1
prefill,34,52,37,0,18,0,1
prefill,34,53,38,0,18,0,1
prefill,34,54,39,0,18,0,1
prefill,34,55,40,0,18,0,1
prefill,34,56,41,0,18,0,1
prefill,34,57,43,0,18,0,1
prefill,34,58,44,0,18,0,1
prefill,34,59,45,0,18,0,1
prefill,34,60,46,0,18,0,1
prefill,34,61,47,0,18,0,1
prefill,34,62,48,0,18,0,1
prefill,34,63,49,0,18,0,1
prefill,34,64,50,0,18,0,1
prefill,34,65,51,0,18,0,1
prefill,34,66,52,0,18,0,1
prefill,34,67,53,0,18,0,1
prefill,34,68,55,0,18,0,1
prefill,34,69,57,0,18,0,1
prefill,34,70,58,0,18,0,1
prefill,34,71,59,0,18,0,1
prefill,34,72,60,0,18,0,1
prefill,34,73,61,0,18,0,1
prefill,34,74,62,0,18,0,1
prefill,34,75,63,0,18,0,1
prefill,34,76,64,0,18,0,1
prefill,34,77,65,0,18,0,1
prefill,34,78,66,0,18,0,1
prefill,34,79,67,0,18,0,1
prefill,34,80,68,0,18,0,1
prefill,34,81,69,0,18,0,1
prefill,34,82,73,0,18,0,1
prefill,34,83,74,0,18,0,1
prefill,34,84,75,0,18,0,1
prefill,34,85,76,0,18,0,1
prefill,34,86,77,0,18,0,1
prefill,34,87,78,0,18,0,1
prefill,34,88,79,0,18,0,1
prefill,34,89,80,0,18,0,1
prefill,34,90,81,0,18,0,1
prefill,34,91,82,0,18,0,1
prefill,34,92,83,0,18,0,1
prefill,34,93,84,0,18,0,1
prefill,34,94,85,0,18,0,1
prefill,34,95,86,0,18,0,1
prefill,34,96,87,0,18,0,1
prefill,34,97,88,0,18,0,1
prefill,34,98,89,0,18,0,1
prefill,34,99,90,0,18,0,1
prefill,34,100,91,0,18,0,1
prefill,34,101,92,0,18,0,1
prefill,34,102,93,0,18,0,1
prefill,34,103,94,0,18,0,1
prefill,34,104,95,0,18,0,1
prefill,34,105,96,0,18,0,1
prefill,34,106,97,0,18,0,1
prefill,34,107,98,0,18,0,1
prefill,34,108,99,0,18,0,1
prefill,34,109,100,0,18,0,1
prefill,34,110,101,0,18,0,1
prefill,34,111,102,0,18,0,1
prefill,34,112,103,0,18,0,1
prefill,34,113,104,0,18,0,1
prefill,34,114,105,0,18,0,1
prefill,34,115,106,0,18,0,1
prefill,34,116,107,0,18,0,1
prefill,34,117,108,0,18,0,1
prefill,34,118,109,0,18,0,1
prefill,34,119,110,0,18,0,1
prefill,34,120,111,0,18,0,1
prefill,34,121,112,0,18,0,1
prefill,34,122,113,0,18,0,1
prefill,34,123,114,0,18,0,1
prefill,34,124,115,0,18,0,1
prefill,34,125,116,0,18,0,1
prefill,34,126,117,0,18,0,1
prefill,34,127,118,0,18,0,1
prefill,34,128,119,0,18,0,1
prefill,34,129,120,0,18,0,1
prefill,34,130,121,0,18,0,1
prefill,34,131,122,0,18,0,1
prefill,34,132,123,0,18,0,1
prefill,34,133,125,0,18,0,1
prefill,34,134,126,0,18,0,1
prefill,34,135,127,0,18,0,1
prefill,34,136,128,0,18,0,1
prefill,34,137,129,0,18,0,1
prefill,34,138,130,0,18,0,1
prefill,34,139,131,0,18,0,1
prefill,34,140,132,0,18,0,1
prefill,34,141,133,0,18,0,1
prefill,34,142,134,0,18,0,1
prefill,34,143,135,0,18,0,1
prefill,34,144,138,0,18,0,1
prefill,34,145,139,0,18,0,1
prefill,34,146,140,0,18,0,1
prefill,34,147,141,0,18,0,1
prefill,34,148,142,0,18,0,1
prefill,34,149,143,0,18,0,1
prefill,34,150,144,0,18,0,1
prefill,34,151,145,0,18,0,1
prefill,34,152,146,0,18,0,1
prefill,34,153,147,0,18,0,1
prefill,34,154,148,0,18,0,1
prefill,34,155,149,0,18,0,1
prefill,34,156,150,0,18,0,1
prefill,34,157,151,0,18,0,1
prefill,34,158,152,0,18,0,1
prefill,34,159,153,0,18,0,1
prefill,34,160,154,0,18,0,1
prefill,34,161,155,0,18,0,1
prefill,34,162,156,0,18,0,1
prefill,34,163,157,0,18,0,1
prefill,34,164,158,0,18,0,1
prefill,34,165,159,0,18,0,1
prefill,34,166,160,0,18,0,1
prefill,34,167,162,0,18,0,1
prefill,34,168,163,0,18,0,1
prefill,34,169,164,0,18,0,1
prefill,34,170,165,0,18,0,1
prefill,34,171,166,0,18,0,1
prefill,34,172,167,0,18,0,1
prefill,34,173,168,0,18,0,1
prefill,34,174,169,0,18,0,1
prefill,34,175,170,0,18,0,1
prefill,34,176,171,0,18,0,1
prefill,34,177,172,0,18,0,1
prefill,34,178,173,0,18,0,1
prefill,34,179,174,0,18,0,1
prefill,34,180,175,0,18,0,1
prefill,34,181,176,0,18,0,1
prefill,34,182,177,0,18,0,1
prefill,34,183,178,0,18,0,1
prefill,34,184,179,0,18,0,1
prefill,34,185,180,0,18,0,1
prefill,34,186,181,0,18,0,1
prefill,34,187,182,0,18,0,1
prefill,34,188,183,0,18,0,1
prefill,34,189,184,0,18,0,1
prefill,34,190,185,0,18,0,1
prefill,34,191,186,0,18,0,1
prefill,34,192,187,0,18,0,1
prefill,34,193,188,0,18,0,1
prefill,34,194,189,0,18,0,1
prefill,34,195,190,0,18,0,1
prefill,34,196,191,0,18,0,1
prefill,34,197,192,0,18,0,1
prefill,34,198,193,0,18,0,1
prefill,34,199,194,0,18,0,1
prefill,34,200,196,0,18,0,1
prefill,34,201,198,0,18,0,1
prefill,34,202,199,0,18,0,1
prefill,34,203,200,0,18,0,1
prefill,34,204,201,0,18,0,1
prefill,34,205,202,0,18,0,1
prefill,34,206,203,0,18,0,1
prefill,34,207,204,0,18,0,1
prefill,34,208,205,0,18,0,1
prefill,34,209,206,0,18,0,1
prefill,34,210,207,0,18,0,1
prefill,34,211,208,0,18,0,1
prefill,34,212,209,0,18,0,1
prefill,34,213,210,0,18,0,1
prefill,34,214,211,0,18,0,1
prefill,34,215,212,0,18,0,1
prefill,34,216,213,0,18,0,1
prefill,34,217,214,0,18,0,1
prefill,34,218,215,0,18,0,1
prefill,34,219,216,0,18,0,1
prefill,34,220,217,0,18,0,1
prefill,34,221,218,0,18,0,1
prefill,34,222,219,0,18,0,1
prefill,34,223,220,0,18,0,1
prefill,34,224,222,0,18,0,1
prefill,34,225,223,0,18,0,1
prefill,34,226,224,0,18,0,1
prefill,34,227,225,0,18,0,1
prefill,34,228,226,0,18,0,1
prefill,34,229,227,0,18,0,1
prefill,34,230,228,0,18,0,1
prefill,34,231,229,0,18,0,1
prefill,34,232,230,0,18,0,1
prefill,34,233,231,0,18,0,1
prefill,34,234,232,0,18,0,1
prefill,34,235,233,0,18,0,1
prefill,34,236,234,0,18,0,1
prefill,34,237,235,0,18,0,1
prefill,34,238,236,0,18,0,1
prefill,34,239,238,0,18,0,1
prefill,34,240,239,0,18,0,1
prefill,34,241,240,0,18,0,1
prefill,34,242,241,0,18,0,1
prefill,34,243,242,0,18,0,1
prefill,34,244,243,0,18,0,1
prefill,34,245,244,0,18,0,1
prefill,34,246,245,0,18,0,1
prefill,34,247,246,0,18,0,1
prefill,34,248,247,0,18,0,1
prefill,34,249,248,0,18,0,1
prefill,34,250,249,0,18,0,1
prefill,34,251,250,0,18,0,1
prefill,34,252,251,0,18,0,1
prefill,34,253,252,0,18,0,1
prefill,34,254,253,0,18,0,1
prefill,34,255,254,0,18,0,1
prefill,34,256,255,0,18,0,1
prefill,35,1,64,2,18,0.111111111111111,0.111111111111111
prefill,35,2,38,1,18,0.0555555555555556,0.166666666666667
prefill,35,3,68,1,18,0.0555555555555556,0.222222222222222
prefill,35,4,81,1,18,0.0555555555555556,0.277777777777778
prefill,35,5,82,1,18,0.0555555555555556,0.333333333333333
prefill,35,6,94,1,18,0.0555555555555556,0.388888888888889
prefill,35,7,111,1,18,0.0555555555555556,0.444444444444445
prefill,35,8,129,1,18,0.0555555555555556,0.5
prefill,35,9,159,1,18,0.0555555555555556,0.555555555555556
prefill,35,10,166,1,18,0.0555555555555556,0.611111111111111
prefill,35,11,168,1,18,0.0555555555555556,0.666666666666667
prefill,35,12,174,1,18,0.0555555555555556,0.722222222222222
prefill,35,13,179,1,18,0.0555555555555556,0.777777777777778
prefill,35,14,188,1,18,0.0555555555555556,0.833333333333334
prefill,35,15,212,1,18,0.0555555555555556,0.888888888888889
prefill,35,16,223,1,18,0.0555555555555556,0.944444444444445
prefill,35,17,254,1,18,0.0555555555555556,1
prefill,35,18,0,0,18,0,1
prefill,35,19,1,0,18,0,1
prefill,35,20,2,0,18,0,1
prefill,35,21,3,0,18,0,1
prefill,35,22,4,0,18,0,1
prefill,35,23,5,0,18,0,1
prefill,35,24,6,0,18,0,1
prefill,35,25,7,0,18,0,1
prefill,35,26,8,0,18,0,1
prefill,35,27,9,0,18,0,1
prefill,35,28,10,0,18,0,1
prefill,35,29,11,0,18,0,1
prefill,35,30,12,0,18,0,1
prefill,35,31,13,0,18,0,1
prefill,35,32,14,0,18,0,1
prefill,35,33,15,0,18,0,1
prefill,35,34,16,0,18,0,1
prefill,35,35,17,0,18,0,1
prefill,35,36,18,0,18,0,1
prefill,35,37,19,0,18,0,1
prefill,35,38,20,0,18,0,1
prefill,35,39,21,0,18,0,1
prefill,35,40,22,0,18,0,1
prefill,35,41,23,0,18,0,1
prefill,35,42,24,0,18,0,1
prefill,35,43,25,0,18,0,1
prefill,35,44,26,0,18,0,1
prefill,35,45,27,0,18,0,1
prefill,35,46,28,0,18,0,1
prefill,35,47,29,0,18,0,1
prefill,35,48,30,0,18,0,1
prefill,35,49,31,0,18,0,1
prefill,35,50,32,0,18,0,1
prefill,35,51,33,0,18,0,1
prefill,35,52,34,0,18,0,1
prefill,35,53,35,0,18,0,1
prefill,35,54,36,0,18,0,1
prefill,35,55,37,0,18,0,1
prefill,35,56,39,0,18,0,1
prefill,35,57,40,0,18,0,1
prefill,35,58,41,0,18,0,1
prefill,35,59,42,0,18,0,1
prefill,35,60,43,0,18,0,1
prefill,35,61,44,0,18,0,1
prefill,35,62,45,0,18,0,1
prefill,35,63,46,0,18,0,1
prefill,35,64,47,0,18,0,1
prefill,35,65,48,0,18,0,1
prefill,35,66,49,0,18,0,1
prefill,35,67,50,0,18,0,1
prefill,35,68,51,0,18,0,1
prefill,35,69,52,0,18,0,1
prefill,35,70,53,0,18,0,1
prefill,35,71,54,0,18,0,1
prefill,35,72,55,0,18,0,1
prefill,35,73,56,0,18,0,1
prefill,35,74,57,0,18,0,1
prefill,35,75,58,0,18,0,1
prefill,35,76,59,0,18,0,1
prefill,35,77,60,0,18,0,1
prefill,35,78,61,0,18,0,1
prefill,35,79,62,0,18,0,1
prefill,35,80,63,0,18,0,1
prefill,35,81,65,0,18,0,1
prefill,35,82,66,0,18,0,1
prefill,35,83,67,0,18,0,1
prefill,35,84,69,0,18,0,1
prefill,35,85,70,0,18,0,1
prefill,35,86,71,0,18,0,1
prefill,35,87,72,0,18,0,1
prefill,35,88,73,0,18,0,1
prefill,35,89,74,0,18,0,1
prefill,35,90,75,0,18,0,1
prefill,35,91,76,0,18,0,1
prefill,35,92,77,0,18,0,1
prefill,35,93,78,0,18,0,1
prefill,35,94,79,0,18,0,1
prefill,35,95,80,0,18,0,1
prefill,35,96,83,0,18,0,1
prefill,35,97,84,0,18,0,1
prefill,35,98,85,0,18,0,1
prefill,35,99,86,0,18,0,1
prefill,35,100,87,0,18,0,1
prefill,35,101,88,0,18,0,1
prefill,35,102,89,0,18,0,1
prefill,35,103,90,0,18,0,1
prefill,35,104,91,0,18,0,1
prefill,35,105,92,0,18,0,1
prefill,35,106,93,0,18,0,1
prefill,35,107,95,0,18,0,1
prefill,35,108,96,0,18,0,1
prefill,35,109,97,0,18,0,1
prefill,35,110,98,0,18,0,1
prefill,35,111,99,0,18,0,1
prefill,35,112,100,0,18,0,1
prefill,35,113,101,0,18,0,1
prefill,35,114,102,0,18,0,1
prefill,35,115,103,0,18,0,1
prefill,35,116,104,0,18,0,1
prefill,35,117,105,0,18,0,1
prefill,35,118,106,0,18,0,1
prefill,35,119,107,0,18,0,1
prefill,35,120,108,0,18,0,1
prefill,35,121,109,0,18,0,1
prefill,35,122,110,0,18,0,1
prefill,35,123,112,0,18,0,1
prefill,35,124,113,0,18,0,1
prefill,35,125,114,0,18,0,1
prefill,35,126,115,0,18,0,1
prefill,35,127,116,0,18,0,1
prefill,35,128,117,0,18,0,1
prefill,35,129,118,0,18,0,1
prefill,35,130,119,0,18,0,1
prefill,35,131,120,0,18,0,1
prefill,35,132,121,0,18,0,1
prefill,35,133,122,0,18,0,1
prefill,35,134,123,0,18,0,1
prefill,35,135,124,0,18,0,1
prefill,35,136,125,0,18,0,1
prefill,35,137,126,0,18,0,1
prefill,35,138,127,0,18,0,1
prefill,35,139,128,0,18,0,1
prefill,35,140,130,0,18,0,1
prefill,35,141,131,0,18,0,1
prefill,35,142,132,0,18,0,1
prefill,35,143,133,0,18,0,1
prefill,35,144,134,0,18,0,1
prefill,35,145,135,0,18,0,1
prefill,35,146,136,0,18,0,1
prefill,35,147,137,0,18,0,1
prefill,35,148,138,0,18,0,1
prefill,35,149,139,0,18,0,1
prefill,35,150,140,0,18,0,1
prefill,35,151,141,0,18,0,1
prefill,35,152,142,0,18,0,1
prefill,35,153,143,0,18,0,1
prefill,35,154,144,0,18,0,1
prefill,35,155,145,0,18,0,1
prefill,35,156,146,0,18,0,1
prefill,35,157,147,0,18,0,1
prefill,35,158,148,0,18,0,1
prefill,35,159,149,0,18,0,1
prefill,35,160,150,0,18,0,1
prefill,35,161,151,0,18,0,1
prefill,35,162,152,0,18,0,1
prefill,35,163,153,0,18,0,1
prefill,35,164,154,0,18,0,1
prefill,35,165,155,0,18,0,1
prefill,35,166,156,0,18,0,1
prefill,35,167,157,0,18,0,1
prefill,35,168,158,0,18,0,1
prefill,35,169,160,0,18,0,1
prefill,35,170,161,0,18,0,1
prefill,35,171,162,0,18,0,1
prefill,35,172,163,0,18,0,1
prefill,35,173,164,0,18,0,1
prefill,35,174,165,0,18,0,1
prefill,35,175,167,0,18,0,1
prefill,35,176,169,0,18,0,1
prefill,35,177,170,0,18,0,1
prefill,35,178,171,0,18,0,1
prefill,35,179,172,0,18,0,1
prefill,35,180,173,0,18,0,1
prefill,35,181,175,0,18,0,1
prefill,35,182,176,0,18,0,1
prefill,35,183,177,0,18,0,1
prefill,35,184,178,0,18,0,1
prefill,35,185,180,0,18,0,1
prefill,35,186,181,0,18,0,1
prefill,35,187,182,0,18,0,1
prefill,35,188,183,0,18,0,1
prefill,35,189,184,0,18,0,1
prefill,35,190,185,0,18,0,1
prefill,35,191,186,0,18,0,1
prefill,35,192,187,0,18,0,1
prefill,35,193,189,0,18,0,1
prefill,35,194,190,0,18,0,1
prefill,35,195,191,0,18,0,1
prefill,35,196,192,0,18,0,1
prefill,35,197,193,0,18,0,1
prefill,35,198,194,0,18,0,1
prefill,35,199,195,0,18,0,1
prefill,35,200,196,0,18,0,1
prefill,35,201,197,0,18,0,1
prefill,35,202,198,0,18,0,1
prefill,35,203,199,0,18,0,1
prefill,35,204,200,0,18,0,1
prefill,35,205,201,0,18,0,1
prefill,35,206,202,0,18,0,1
prefill,35,207,203,0,18,0,1
prefill,35,208,204,0,18,0,1
prefill,35,209,205,0,18,0,1
prefill,35,210,206,0,18,0,1
prefill,35,211,207,0,18,0,1
prefill,35,212,208,0,18,0,1
prefill,35,213,209,0,18,0,1
prefill,35,214,210,0,18,0,1
prefill,35,215,211,0,18,0,1
prefill,35,216,213,0,18,0,1
prefill,35,217,214,0,18,0,1
prefill,35,218,215,0,18,0,1
prefill,35,219,216,0,18,0,1
prefill,35,220,217,0,18,0,1
prefill,35,221,218,0,18,0,1
prefill,35,222,219,0,18,0,1
prefill,35,223,220,0,18,0,1
prefill,35,224,221,0,18,0,1
prefill,35,225,222,0,18,0,1
prefill,35,226,224,0,18,0,1
prefill,35,227,225,0,18,0,1
prefill,35,228,226,0,18,0,1
prefill,35,229,227,0,18,0,1
prefill,35,230,228,0,18,0,1
prefill,35,231,229,0,18,0,1
prefill,35,232,230,0,18,0,1
prefill,35,233,231,0,18,0,1
prefill,35,234,232,0,18,0,1
prefill,35,235,233,0,18,0,1
prefill,35,236,234,0,18,0,1
prefill,35,237,235,0,18,0,1
prefill,35,238,236,0,18,0,1
prefill,35,239,237,0,18,0,1
prefill,35,240,238,0,18,0,1
prefill,35,241,239,0,18,0,1
prefill,35,242,240,0,18,0,1
prefill,35,243,241,0,18,0,1
prefill,35,244,242,0,18,0,1
prefill,35,245,243,0,18,0,1
prefill,35,246,244,0,18,0,1
prefill,35,247,245,0,18,0,1
prefill,35,248,246,0,18,0,1
prefill,35,249,247,0,18,0,1
prefill,35,250,248,0,18,0,1
prefill,35,251,249,0,18,0,1
prefill,35,252,250,0,18,0,1
prefill,35,253,251,0,18,0,1
prefill,35,254,252,0,18,0,1
prefill,35,255,253,0,18,0,1
prefill,35,256,255,0,18,0,1
prefill,36,1,19,2,18,0.111111111111111,0.111111111111111
prefill,36,2,20,1,18,0.0555555555555556,0.166666666666667
prefill,36,3,21,1,18,0.0555555555555556,0.222222222222222
prefill,36,4,32,1,18,0.0555555555555556,0.277777777777778
prefill,36,5,39,1,18,0.0555555555555556,0.333333333333333
prefill,36,6,79,1,18,0.0555555555555556,0.388888888888889
prefill,36,7,85,1,18,0.0555555555555556,0.444444444444445
prefill,36,8,104,1,18,0.0555555555555556,0.5
prefill,36,9,118,1,18,0.0555555555555556,0.555555555555556
prefill,36,10,137,1,18,0.0555555555555556,0.611111111111111
prefill,36,11,167,1,18,0.0555555555555556,0.666666666666667
prefill,36,12,173,1,18,0.0555555555555556,0.722222222222222
prefill,36,13,212,1,18,0.0555555555555556,0.777777777777778
prefill,36,14,222,1,18,0.0555555555555556,0.833333333333334
prefill,36,15,224,1,18,0.0555555555555556,0.888888888888889
prefill,36,16,248,1,18,0.0555555555555556,0.944444444444445
prefill,36,17,254,1,18,0.0555555555555556,1
prefill,36,18,0,0,18,0,1
prefill,36,19,1,0,18,0,1
prefill,36,20,2,0,18,0,1
prefill,36,21,3,0,18,0,1
prefill,36,22,4,0,18,0,1
prefill,36,23,5,0,18,0,1
prefill,36,24,6,0,18,0,1
prefill,36,25,7,0,18,0,1
prefill,36,26,8,0,18,0,1
prefill,36,27,9,0,18,0,1
prefill,36,28,10,0,18,0,1
prefill,36,29,11,0,18,0,1
prefill,36,30,12,0,18,0,1
prefill,36,31,13,0,18,0,1
prefill,36,32,14,0,18,0,1
prefill,36,33,15,0,18,0,1
prefill,36,34,16,0,18,0,1
prefill,36,35,17,0,18,0,1
prefill,36,36,18,0,18,0,1
prefill,36,37,22,0,18,0,1
prefill,36,38,23,0,18,0,1
prefill,36,39,24,0,18,0,1
prefill,36,40,25,0,18,0,1
prefill,36,41,26,0,18,0,1
prefill,36,42,27,0,18,0,1
prefill,36,43,28,0,18,0,1
prefill,36,44,29,0,18,0,1
prefill,36,45,30,0,18,0,1
prefill,36,46,31,0,18,0,1
prefill,36,47,33,0,18,0,1
prefill,36,48,34,0,18,0,1
prefill,36,49,35,0,18,0,1
prefill,36,50,36,0,18,0,1
prefill,36,51,37,0,18,0,1
prefill,36,52,38,0,18,0,1
prefill,36,53,40,0,18,0,1
prefill,36,54,41,0,18,0,1
prefill,36,55,42,0,18,0,1
prefill,36,56,43,0,18,0,1
prefill,36,57,44,0,18,0,1
prefill,36,58,45,0,18,0,1
prefill,36,59,46,0,18,0,1
prefill,36,60,47,0,18,0,1
prefill,36,61,48,0,18,0,1
prefill,36,62,49,0,18,0,1
prefill,36,63,50,0,18,0,1
prefill,36,64,51,0,18,0,1
prefill,36,65,52,0,18,0,1
prefill,36,66,53,0,18,0,1
prefill,36,67,54,0,18,0,1
prefill,36,68,55,0,18,0,1
prefill,36,69,56,0,18,0,1
prefill,36,70,57,0,18,0,1
prefill,36,71,58,0,18,0,1
prefill,36,72,59,0,18,0,1
prefill,36,73,60,0,18,0,1
prefill,36,74,61,0,18,0,1
prefill,36,75,62,0,18,0,1
prefill,36,76,63,0,18,0,1
prefill,36,77,64,0,18,0,1
prefill,36,78,65,0,18,0,1
prefill,36,79,66,0,18,0,1
prefill,36,80,67,0,18,0,1
prefill,36,81,68,0,18,0,1
prefill,36,82,69,0,18,0,1
prefill,36,83,70,0,18,0,1
prefill,36,84,71,0,18,0,1
prefill,36,85,72,0,18,0,1
prefill,36,86,73,0,18,0,1
prefill,36,87,74,0,18,0,1
prefill,36,88,75,0,18,0,1
prefill,36,89,76,0,18,0,1
prefill,36,90,77,0,18,0,1
prefill,36,91,78,0,18,0,1
prefill,36,92,80,0,18,0,1
prefill,36,93,81,0,18,0,1
prefill,36,94,82,0,18,0,1
prefill,36,95,83,0,18,0,1
prefill,36,96,84,0,18,0,1
prefill,36,97,86,0,18,0,1
prefill,36,98,87,0,18,0,1
prefill,36,99,88,0,18,0,1
prefill,36,100,89,0,18,0,1
prefill,36,101,90,0,18,0,1
prefill,36,102,91,0,18,0,1
prefill,36,103,92,0,18,0,1
prefill,36,104,93,0,18,0,1
prefill,36,105,94,0,18,0,1
prefill,36,106,95,0,18,0,1
prefill,36,107,96,0,18,0,1
prefill,36,108,97,0,18,0,1
prefill,36,109,98,0,18,0,1
prefill,36,110,99,0,18,0,1
prefill,36,111,100,0,18,0,1
prefill,36,112,101,0,18,0,1
prefill,36,113,102,0,18,0,1
prefill,36,114,103,0,18,0,1
prefill,36,115,105,0,18,0,1
prefill,36,116,106,0,18,0,1
prefill,36,117,107,0,18,0,1
prefill,36,118,108,0,18,0,1
prefill,36,119,109,0,18,0,1
prefill,36,120,110,0,18,0,1
prefill,36,121,111,0,18,0,1
prefill,36,122,112,0,18,0,1
prefill,36,123,113,0,18,0,1
prefill,36,124,114,0,18,0,1
prefill,36,125,115,0,18,0,1
prefill,36,126,116,0,18,0,1
prefill,36,127,117,0,18,0,1
prefill,36,128,119,0,18,0,1
prefill,36,129,120,0,18,0,1
prefill,36,130,121,0,18,0,1
prefill,36,131,122,0,18,0,1
prefill,36,132,123,0,18,0,1
prefill,36,133,124,0,18,0,1
prefill,36,134,125,0,18,0,1
prefill,36,135,126,0,18,0,1
prefill,36,136,127,0,18,0,1
prefill,36,137,128,0,18,0,1
prefill,36,138,129,0,18,0,1
prefill,36,139,130,0,18,0,1
prefill,36,140,131,0,18,0,1
prefill,36,141,132,0,18,0,1
prefill,36,142,133,0,18,0,1
prefill,36,143,134,0,18,0,1
prefill,36,144,135,0,18,0,1
prefill,36,145,136,0,18,0,1
prefill,36,146,138,0,18,0,1
prefill,36,147,139,0,18,0,1
prefill,36,148,140,0,18,0,1
prefill,36,149,141,0,18,0,1
prefill,36,150,142,0,18,0,1
prefill,36,151,143,0,18,0,1
prefill,36,152,144,0,18,0,1
prefill,36,153,145,0,18,0,1
prefill,36,154,146,0,18,0,1
prefill,36,155,147,0,18,0,1
prefill,36,156,148,0,18,0,1
prefill,36,157,149,0,18,0,1
prefill,36,158,150,0,18,0,1
prefill,36,159,151,0,18,0,1
prefill,36,160,152,0,18,0,1
prefill,36,161,153,0,18,0,1
prefill,36,162,154,0,18,0,1
prefill,36,163,155,0,18,0,1
prefill,36,164,156,0,18,0,1
prefill,36,165,157,0,18,0,1
prefill,36,166,158,0,18,0,1
prefill,36,167,159,0,18,0,1
prefill,36,168,160,0,18,0,1
prefill,36,169,161,0,18,0,1
prefill,36,170,162,0,18,0,1
prefill,36,171,163,0,18,0,1
prefill,36,172,164,0,18,0,1
prefill,36,173,165,0,18,0,1
prefill,36,174,166,0,18,0,1
prefill,36,175,168,0,18,0,1
prefill,36,176,169,0,18,0,1
prefill,36,177,170,0,18,0,1
prefill,36,178,171,0,18,0,1
prefill,36,179,172,0,18,0,1
prefill,36,180,174,0,18,0,1
prefill,36,181,175,0,18,0,1
prefill,36,182,176,0,18,0,1
prefill,36,183,177,0,18,0,1
prefill,36,184,178,0,18,0,1
prefill,36,185,179,0,18,0,1
prefill,36,186,180,0,18,0,1
prefill,36,187,181,0,18,0,1
prefill,36,188,182,0,18,0,1
prefill,36,189,183,0,18,0,1
prefill,36,190,184,0,18,0,1
prefill,36,191,185,0,18,0,1
prefill,36,192,186,0,18,0,1
prefill,36,193,187,0,18,0,1
prefill,36,194,188,0,18,0,1
prefill,36,195,189,0,18,0,1
prefill,36,196,190,0,18,0,1
prefill,36,197,191,0,18,0,1
prefill,36,198,192,0,18,0,1
prefill,36,199,193,0,18,0,1
prefill,36,200,194,0,18,0,1
prefill,36,201,195,0,18,0,1
prefill,36,202,196,0,18,0,1
prefill,36,203,197,0,18,0,1
prefill,36,204,198,0,18,0,1
prefill,36,205,199,0,18,0,1
prefill,36,206,200,0,18,0,1
prefill,36,207,201,0,18,0,1
prefill,36,208,202,0,18,0,1
prefill,36,209,203,0,18,0,1
prefill,36,210,204,0,18,0,1
prefill,36,211,205,0,18,0,1
prefill,36,212,206,0,18,0,1
prefill,36,213,207,0,18,0,1
prefill,36,214,208,0,18,0,1
prefill,36,215,209,0,18,0,1
prefill,36,216,210,0,18,0,1
prefill,36,217,211,0,18,0,1
prefill,36,218,213,0,18,0,1
prefill,36,219,214,0,18,0,1
prefill,36,220,215,0,18,0,1
prefill,36,221,216,0,18,0,1
prefill,36,222,217,0,18,0,1
prefill,36,223,218,0,18,0,1
prefill,36,224,219,0,18,0,1
prefill,36,225,220,0,18,0,1
prefill,36,226,221,0,18,0,1
prefill,36,227,223,0,18,0,1
prefill,36,228,225,0,18,0,1
prefill,36,229,226,0,18,0,1
prefill,36,230,227,0,18,0,1
prefill,36,231,228,0,18,0,1
prefill,36,232,229,0,18,0,1
prefill,36,233,230,0,18,0,1
prefill,36,234,231,0,18,0,1
prefill,36,235,232,0,18,0,1
prefill,36,236,233,0,18,0,1
prefill,36,237,234,0,18,0,1
prefill,36,238,235,0,18,0,1
prefill,36,239,236,0,18,0,1
prefill,36,240,237,0,18,0,1
prefill,36,241,238,0,18,0,1
prefill,36,242,239,0,18,0,1
prefill,36,243,240,0,18,0,1
prefill,36,244,241,0,18,0,1
prefill,36,245,242,0,18,0,1
prefill,36,246,243,0,18,0,1
prefill,36,247,244,0,18,0,1
prefill,36,248,245,0,18,0,1
prefill,36,249,246,0,18,0,1
prefill,36,250,247,0,18,0,1
prefill,36,251,249,0,18,0,1
prefill,36,252,250,0,18,0,1
prefill,36,253,251,0,18,0,1
prefill,36,254,252,0,18,0,1
prefill,36,255,253,0,18,0,1
prefill,36,256,255,0,18,0,1
prefill,37,1,76,2,18,0.111111111111111,0.111111111111111
prefill,37,2,231,2,18,0.111111111111111,0.222222222222222
prefill,37,3,26,1,18,0.0555555555555556,0.277777777777778
prefill,37,4,30,1,18,0.0555555555555556,0.333333333333333
prefill,37,5,58,1,18,0.0555555555555556,0.388888888888889
prefill,37,6,62,1,18,0.0555555555555556,0.444444444444445
prefill,37,7,75,1,18,0.0555555555555556,0.5
prefill,37,8,81,1,18,0.0555555555555556,0.555555555555556
prefill,37,9,113,1,18,0.0555555555555556,0.611111111111111
prefill,37,10,124,1,18,0.0555555555555556,0.666666666666667
prefill,37,11,125,1,18,0.0555555555555556,0.722222222222222
prefill,37,12,129,1,18,0.0555555555555556,0.777777777777778
prefill,37,13,160,1,18,0.0555555555555556,0.833333333333334
prefill,37,14,164,1,18,0.0555555555555556,0.888888888888889
prefill,37,15,181,1,18,0.0555555555555556,0.944444444444445
prefill,37,16,222,1,18,0.0555555555555556,1
prefill,37,17,0,0,18,0,1
prefill,37,18,1,0,18,0,1
prefill,37,19,2,0,18,0,1
prefill,37,20,3,0,18,0,1
prefill,37,21,4,0,18,0,1
prefill,37,22,5,0,18,0,1
prefill,37,23,6,0,18,0,1
prefill,37,24,7,0,18,0,1
prefill,37,25,8,0,18,0,1
prefill,37,26,9,0,18,0,1
prefill,37,27,10,0,18,0,1
prefill,37,28,11,0,18,0,1
prefill,37,29,12,0,18,0,1
prefill,37,30,13,0,18,0,1
prefill,37,31,14,0,18,0,1
prefill,37,32,15,0,18,0,1
prefill,37,33,16,0,18,0,1
prefill,37,34,17,0,18,0,1
prefill,37,35,18,0,18,0,1
prefill,37,36,19,0,18,0,1
prefill,37,37,20,0,18,0,1
prefill,37,38,21,0,18,0,1
prefill,37,39,22,0,18,0,1
prefill,37,40,23,0,18,0,1
prefill,37,41,24,0,18,0,1
prefill,37,42,25,0,18,0,1
prefill,37,43,27,0,18,0,1
prefill,37,44,28,0,18,0,1
prefill,37,45,29,0,18,0,1
prefill,37,46,31,0,18,0,1
prefill,37,47,32,0,18,0,1
prefill,37,48,33,0,18,0,1
prefill,37,49,34,0,18,0,1
prefill,37,50,35,0,18,0,1
prefill,37,51,36,0,18,0,1
prefill,37,52,37,0,18,0,1
prefill,37,53,38,0,18,0,1
prefill,37,54,39,0,18,0,1
prefill,37,55,40,0,18,0,1
prefill,37,56,41,0,18,0,1
prefill,37,57,42,0,18,0,1
prefill,37,58,43,0,18,0,1
prefill,37,59,44,0,18,0,1
prefill,37,60,45,0,18,0,1
prefill,37,61,46,0,18,0,1
prefill,37,62,47,0,18,0,1
prefill,37,63,48,0,18,0,1
prefill,37,64,49,0,18,0,1
prefill,37,65,50,0,18,0,1
prefill,37,66,51,0,18,0,1
prefill,37,67,52,0,18,0,1
prefill,37,68,53,0,18,0,1
prefill,37,69,54,0,18,0,1
prefill,37,70,55,0,18,0,1
prefill,37,71,56,0,18,0,1
prefill,37,72,57,0,18,0,1
prefill,37,73,59,0,18,0,1
prefill,37,74,60,0,18,0,1
prefill,37,75,61,0,18,0,1
prefill,37,76,63,0,18,0,1
prefill,37,77,64,0,18,0,1
prefill,37,78,65,0,18,0,1
prefill,37,79,66,0,18,0,1
prefill,37,80,67,0,18,0,1
prefill,37,81,68,0,18,0,1
prefill,37,82,69,0,18,0,1
prefill,37,83,70,0,18,0,1
prefill,37,84,71,0,18,0,1
prefill,37,85,72,0,18,0,1
prefill,37,86,73,0,18,0,1
prefill,37,87,74,0,18,0,1
prefill,37,88,77,0,18,0,1
prefill,37,89,78,0,18,0,1
prefill,37,90,79,0,18,0,1
prefill,37,91,80,0,18,0,1
prefill,37,92,82,0,18,0,1
prefill,37,93,83,0,18,0,1
prefill,37,94,84,0,18,0,1
prefill,37,95,85,0,18,0,1
prefill,37,96,86,0,18,0,1
prefill,37,97,87,0,18,0,1
prefill,37,98,88,0,18,0,1
prefill,37,99,89,0,18,0,1
prefill,37,100,90,0,18,0,1
prefill,37,101,91,0,18,0,1
prefill,37,102,92,0,18,0,1
prefill,37,103,93,0,18,0,1
prefill,37,104,94,0,18,0,1
prefill,37,105,95,0,18,0,1
prefill,37,106,96,0,18,0,1
prefill,37,107,97,0,18,0,1
prefill,37,108,98,0,18,0,1
prefill,37,109,99,0,18,0,1
prefill,37,110,100,0,18,0,1
prefill,37,111,101,0,18,0,1
prefill,37,112,102,0,18,0,1
prefill,37,113,103,0,18,0,1
prefill,37,114,104,0,18,0,1
prefill,37,115,105,0,18,0,1
prefill,37,116,106,0,18,0,1
prefill,37,117,107,0,18,0,1
prefill,37,118,108,0,18,0,1
prefill,37,119,109,0,18,0,1
prefill,37,120,110,0,18,0,1
prefill,37,121,111,0,18,0,1
prefill,37,122,112,0,18,0,1
prefill,37,123,114,0,18,0,1
prefill,37,124,115,0,18,0,1
prefill,37,125,116,0,18,0,1
prefill,37,126,117,0,18,0,1
prefill,37,127,118,0,18,0,1
prefill,37,128,119,0,18,0,1
prefill,37,129,120,0,18,0,1
prefill,37,130,121,0,18,0,1
prefill,37,131,122,0,18,0,1
prefill,37,132,123,0,18,0,1
prefill,37,133,126,0,18,0,1
prefill,37,134,127,0,18,0,1
prefill,37,135,128,0,18,0,1
prefill,37,136,130,0,18,0,1
prefill,37,137,131,0,18,0,1
prefill,37,138,132,0,18,0,1
prefill,37,139,133,0,18,0,1
prefill,37,140,134,0,18,0,1
prefill,37,141,135,0,18,0,1
prefill,37,142,136,0,18,0,1
prefill,37,143,137,0,18,0,1
prefill,37,144,138,0,18,0,1
prefill,37,145,139,0,18,0,1
prefill,37,146,140,0,18,0,1
prefill,37,147,141,0,18,0,1
prefill,37,148,142,0,18,0,1
prefill,37,149,143,0,18,0,1
prefill,37,150,144,0,18,0,1
prefill,37,151,145,0,18,0,1
prefill,37,152,146,0,18,0,1
prefill,37,153,147,0,18,0,1
prefill,37,154,148,0,18,0,1
prefill,37,155,149,0,18,0,1
prefill,37,156,150,0,18,0,1
prefill,37,157,151,0,18,0,1
prefill,37,158,152,0,18,0,1
prefill,37,159,153,0,18,0,1
prefill,37,160,154,0,18,0,1
prefill,37,161,155,0,18,0,1
prefill,37,162,156,0,18,0,1
prefill,37,163,157,0,18,0,1
prefill,37,164,158,0,18,0,1
prefill,37,165,159,0,18,0,1
prefill,37,166,161,0,18,0,1
prefill,37,167,162,0,18,0,1
prefill,37,168,163,0,18,0,1
prefill,37,169,165,0,18,0,1
prefill,37,170,166,0,18,0,1
prefill,37,171,167,0,18,0,1
prefill,37,172,168,0,18,0,1
prefill,37,173,169,0,18,0,1
prefill,37,174,170,0,18,0,1
prefill,37,175,171,0,18,0,1
prefill,37,176,172,0,18,0,1
prefill,37,177,173,0,18,0,1
prefill,37,178,174,0,18,0,1
prefill,37,179,175,0,18,0,1
prefill,37,180,176,0,18,0,1
prefill,37,181,177,0,18,0,1
prefill,37,182,178,0,18,0,1
prefill,37,183,179,0,18,0,1
prefill,37,184,180,0,18,0,1
prefill,37,185,182,0,18,0,1
prefill,37,186,183,0,18,0,1
prefill,37,187,184,0,18,0,1
prefill,37,188,185,0,18,0,1
prefill,37,189,186,0,18,0,1
prefill,37,190,187,0,18,0,1
prefill,37,191,188,0,18,0,1
prefill,37,192,189,0,18,0,1
prefill,37,193,190,0,18,0,1
prefill,37,194,191,0,18,0,1
prefill,37,195,192,0,18,0,1
prefill,37,196,193,0,18,0,1
prefill,37,197,194,0,18,0,1
prefill,37,198,195,0,18,0,1
prefill,37,199,196,0,18,0,1
prefill,37,200,197,0,18,0,1
prefill,37,201,198,0,18,0,1
prefill,37,202,199,0,18,0,1
prefill,37,203,200,0,18,0,1
prefill,37,204,201,0,18,0,1
prefill,37,205,202,0,18,0,1
prefill,37,206,203,0,18,0,1
prefill,37,207,204,0,18,0,1
prefill,37,208,205,0,18,0,1
prefill,37,209,206,0,18,0,1
prefill,37,210,207,0,18,0,1
prefill,37,211,208,0,18,0,1
prefill,37,212,209,0,18,0,1
prefill,37,213,210,0,18,0,1
prefill,37,214,211,0,18,0,1
prefill,37,215,212,0,18,0,1
prefill,37,216,213,0,18,0,1
prefill,37,217,214,0,18,0,1
prefill,37,218,215,0,18,0,1
prefill,37,219,216,0,18,0,1
prefill,37,220,217,0,18,0,1
prefill,37,221,218,0,18,0,1
prefill,37,222,219,0,18,0,1
prefill,37,223,220,0,18,0,1
prefill,37,224,221,0,18,0,1
prefill,37,225,223,0,18,0,1
prefill,37,226,224,0,18,0,1
prefill,37,227,225,0,18,0,1
prefill,37,228,226,0,18,0,1
prefill,37,229,227,0,18,0,1
prefill,37,230,228,0,18,0,1
prefill,37,231,229,0,18,0,1
prefill,37,232,230,0,18,0,1
prefill,37,233,232,0,18,0,1
prefill,37,234,233,0,18,0,1
prefill,37,235,234,0,18,0,1
prefill,37,236,235,0,18,0,1
prefill,37,237,236,0,18,0,1
prefill,37,238,237,0,18,0,1
prefill,37,239,238,0,18,0,1
prefill,37,240,239,0,18,0,1
prefill,37,241,240,0,18,0,1
prefill,37,242,241,0,18,0,1
prefill,37,243,242,0,18,0,1
prefill,37,244,243,0,18,0,1
prefill,37,245,244,0,18,0,1
prefill,37,246,245,0,18,0,1
prefill,37,247,246,0,18,0,1
prefill,37,248,247,0,18,0,1
prefill,37,249,248,0,18,0,1
prefill,37,250,249,0,18,0,1
prefill,37,251,250,0,18,0,1
prefill,37,252,251,0,18,0,1
prefill,37,253,252,0,18,0,1
prefill,37,254,253,0,18,0,1
prefill,37,255,254,0,18,0,1
prefill,37,256,255,0,18,0,1
prefill,38,1,106,2,18,0.111111111111111,0.111111111111111
prefill,38,2,20,1,18,0.0555555555555556,0.166666666666667
prefill,38,3,67,1,18,0.0555555555555556,0.222222222222222
prefill,38,4,91,1,18,0.0555555555555556,0.277777777777778
prefill,38,5,95,1,18,0.0555555555555556,0.333333333333333
prefill,38,6,111,1,18,0.0555555555555556,0.388888888888889
prefill,38,7,115,1,18,0.0555555555555556,0.444444444444445
prefill,38,8,128,1,18,0.0555555555555556,0.5
prefill,38,9,133,1,18,0.0555555555555556,0.555555555555556
prefill,38,10,144,1,18,0.0555555555555556,0.611111111111111
prefill,38,11,152,1,18,0.0555555555555556,0.666666666666667
prefill,38,12,171,1,18,0.0555555555555556,0.722222222222222
prefill,38,13,180,1,18,0.0555555555555556,0.777777777777778
prefill,38,14,193,1,18,0.0555555555555556,0.833333333333334
prefill,38,15,202,1,18,0.0555555555555556,0.888888888888889
prefill,38,16,213,1,18,0.0555555555555556,0.944444444444445
prefill,38,17,231,1,18,0.0555555555555556,1
prefill,38,18,0,0,18,0,1
prefill,38,19,1,0,18,0,1
prefill,38,20,2,0,18,0,1
prefill,38,21,3,0,18,0,1
prefill,38,22,4,0,18,0,1
prefill,38,23,5,0,18,0,1
prefill,38,24,6,0,18,0,1
prefill,38,25,7,0,18,0,1
prefill,38,26,8,0,18,0,1
prefill,38,27,9,0,18,0,1
prefill,38,28,10,0,18,0,1
prefill,38,29,11,0,18,0,1
prefill,38,30,12,0,18,0,1
prefill,38,31,13,0,18,0,1
prefill,38,32,14,0,18,0,1
prefill,38,33,15,0,18,0,1
prefill,38,34,16,0,18,0,1
prefill,38,35,17,0,18,0,1
prefill,38,36,18,0,18,0,1
prefill,38,37,19,0,18,0,1
prefill,38,38,21,0,18,0,1
prefill,38,39,22,0,18,0,1
prefill,38,40,23,0,18,0,1
prefill,38,41,24,0,18,0,1
prefill,38,42,25,0,18,0,1
prefill,38,43,26,0,18,0,1
prefill,38,44,27,0,18,0,1
prefill,38,45,28,0,18,0,1
prefill,38,46,29,0,18,0,1
prefill,38,47,30,0,18,0,1
prefill,38,48,31,0,18,0,1
prefill,38,49,32,0,18,0,1
prefill,38,50,33,0,18,0,1
prefill,38,51,34,0,18,0,1
prefill,38,52,35,0,18,0,1
prefill,38,53,36,0,18,0,1
prefill,38,54,37,0,18,0,1
prefill,38,55,38,0,18,0,1
prefill,38,56,39,0,18,0,1
prefill,38,57,40,0,18,0,1
prefill,38,58,41,0,18,0,1
prefill,38,59,42,0,18,0,1
prefill,38,60,43,0,18,0,1
prefill,38,61,44,0,18,0,1
prefill,38,62,45,0,18,0,1
prefill,38,63,46,0,18,0,1
prefill,38,64,47,0,18,0,1
prefill,38,65,48,0,18,0,1
prefill,38,66,49,0,18,0,1
prefill,38,67,50,0,18,0,1
prefill,38,68,51,0,18,0,1
prefill,38,69,52,0,18,0,1
prefill,38,70,53,0,18,0,1
prefill,38,71,54,0,18,0,1
prefill,38,72,55,0,18,0,1
prefill,38,73,56,0,18,0,1
prefill,38,74,57,0,18,0,1
prefill,38,75,58,0,18,0,1
prefill,38,76,59,0,18,0,1
prefill,38,77,60,0,18,0,1
prefill,38,78,61,0,18,0,1
prefill,38,79,62,0,18,0,1
prefill,38,80,63,0,18,0,1
prefill,38,81,64,0,18,0,1
prefill,38,82,65,0,18,0,1
prefill,38,83,66,0,18,0,1
prefill,38,84,68,0,18,0,1
prefill,38,85,69,0,18,0,1
prefill,38,86,70,0,18,0,1
prefill,38,87,71,0,18,0,1
prefill,38,88,72,0,18,0,1
prefill,38,89,73,0,18,0,1
prefill,38,90,74,0,18,0,1
prefill,38,91,75,0,18,0,1
prefill,38,92,76,0,18,0,1
prefill,38,93,77,0,18,0,1
prefill,38,94,78,0,18,0,1
prefill,38,95,79,0,18,0,1
prefill,38,96,80,0,18,0,1
prefill,38,97,81,0,18,0,1
prefill,38,98,82,0,18,0,1
prefill,38,99,83,0,18,0,1
prefill,38,100,84,0,18,0,1
prefill,38,101,85,0,18,0,1
prefill,38,102,86,0,18,0,1
prefill,38,103,87,0,18,0,1
prefill,38,104,88,0,18,0,1
prefill,38,105,89,0,18,0,1
prefill,38,106,90,0,18,0,1
prefill,38,107,92,0,18,0,1
prefill,38,108,93,0,18,0,1
prefill,38,109,94,0,18,0,1
prefill,38,110,96,0,18,0,1
prefill,38,111,97,0,18,0,1
prefill,38,112,98,0,18,0,1
prefill,38,113,99,0,18,0,1
prefill,38,114,100,0,18,0,1
prefill,38,115,101,0,18,0,1
prefill,38,116,102,0,18,0,1
prefill,38,117,103,0,18,0,1
prefill,38,118,104,0,18,0,1
prefill,38,119,105,0,18,0,1
prefill,38,120,107,0,18,0,1
prefill,38,121,108,0,18,0,1
prefill,38,122,109,0,18,0,1
prefill,38,123,110,0,18,0,1
prefill,38,124,112,0,18,0,1
prefill,38,125,113,0,18,0,1
prefill,38,126,114,0,18,0,1
prefill,38,127,116,0,18,0,1
prefill,38,128,117,0,18,0,1
prefill,38,129,118,0,18,0,1
prefill,38,130,119,0,18,0,1
prefill,38,131,120,0,18,0,1
prefill,38,132,121,0,18,0,1
prefill,38,133,122,0,18,0,1
prefill,38,134,123,0,18,0,1
prefill,38,135,124,0,18,0,1
prefill,38,136,125,0,18,0,1
prefill,38,137,126,0,18,0,1
prefill,38,138,127,0,18,0,1
prefill,38,139,129,0,18,0,1
prefill,38,140,130,0,18,0,1
prefill,38,141,131,0,18,0,1
prefill,38,142,132,0,18,0,1
prefill,38,143,134,0,18,0,1
prefill,38,144,135,0,18,0,1
prefill,38,145,136,0,18,0,1
prefill,38,146,137,0,18,0,1
prefill,38,147,138,0,18,0,1
prefill,38,148,139,0,18,0,1
prefill,38,149,140,0,18,0,1
prefill,38,150,141,0,18,0,1
prefill,38,151,142,0,18,0,1
prefill,38,152,143,0,18,0,1
prefill,38,153,145,0,18,0,1
prefill,38,154,146,0,18,0,1
prefill,38,155,147,0,18,0,1
prefill,38,156,148,0,18,0,1
prefill,38,157,149,0,18,0,1
prefill,38,158,150,0,18,0,1
prefill,38,159,151,0,18,0,1
prefill,38,160,153,0,18,0,1
prefill,38,161,154,0,18,0,1
prefill,38,162,155,0,18,0,1
prefill,38,163,156,0,18,0,1
prefill,38,164,157,0,18,0,1
prefill,38,165,158,0,18,0,1
prefill,38,166,159,0,18,0,1
prefill,38,167,160,0,18,0,1
prefill,38,168,161,0,18,0,1
prefill,38,169,162,0,18,0,1
prefill,38,170,163,0,18,0,1
prefill,38,171,164,0,18,0,1
prefill,38,172,165,0,18,0,1
prefill,38,173,166,0,18,0,1
prefill,38,174,167,0,18,0,1
prefill,38,175,168,0,18,0,1
prefill,38,176,169,0,18,0,1
prefill,38,177,170,0,18,0,1
prefill,38,178,172,0,18,0,1
prefill,38,179,173,0,18,0,1
prefill,38,180,174,0,18,0,1
prefill,38,181,175,0,18,0,1
prefill,38,182,176,0,18,0,1
prefill,38,183,177,0,18,0,1
prefill,38,184,178,0,18,0,1
prefill,38,185,179,0,18,0,1
prefill,38,186,181,0,18,0,1
prefill,38,187,182,0,18,0,1
prefill,38,188,183,0,18,0,1
prefill,38,189,184,0,18,0,1
prefill,38,190,185,0,18,0,1
prefill,38,191,186,0,18,0,1
prefill,38,192,187,0,18,0,1
prefill,38,193,188,0,18,0,1
prefill,38,194,189,0,18,0,1
prefill,38,195,190,0,18,0,1
prefill,38,196,191,0,18,0,1
prefill,38,197,192,0,18,0,1
prefill,38,198,194,0,18,0,1
prefill,38,199,195,0,18,0,1
prefill,38,200,196,0,18,0,1
prefill,38,201,197,0,18,0,1
prefill,38,202,198,0,18,0,1
prefill,38,203,199,0,18,0,1
prefill,38,204,200,0,18,0,1
prefill,38,205,201,0,18,0,1
prefill,38,206,203,0,18,0,1
prefill,38,207,204,0,18,0,1
prefill,38,208,205,0,18,0,1
prefill,38,209,206,0,18,0,1
prefill,38,210,207,0,18,0,1
prefill,38,211,208,0,18,0,1
prefill,38,212,209,0,18,0,1
prefill,38,213,210,0,18,0,1
prefill,38,214,211,0,18,0,1
prefill,38,215,212,0,18,0,1
prefill,38,216,214,0,18,0,1
prefill,38,217,215,0,18,0,1
prefill,38,218,216,0,18,0,1
prefill,38,219,217,0,18,0,1
prefill,38,220,218,0,18,0,1
prefill,38,221,219,0,18,0,1
prefill,38,222,220,0,18,0,1
prefill,38,223,221,0,18,0,1
prefill,38,224,222,0,18,0,1
prefill,38,225,223,0,18,0,1
prefill,38,226,224,0,18,0,1
prefill,38,227,225,0,18,0,1
prefill,38,228,226,0,18,0,1
prefill,38,229,227,0,18,0,1
prefill,38,230,228,0,18,0,1
prefill,38,231,229,0,18,0,1
prefill,38,232,230,0,18,0,1
prefill,38,233,232,0,18,0,1
prefill,38,234,233,0,18,0,1
prefill,38,235,234,0,18,0,1
prefill,38,236,235,0,18,0,1
prefill,38,237,236,0,18,0,1
prefill,38,238,237,0,18,0,1
prefill,38,239,238,0,18,0,1
prefill,38,240,239,0,18,0,1
prefill,38,241,240,0,18,0,1
prefill,38,242,241,0,18,0,1
prefill,38,243,242,0,18,0,1
prefill,38,244,243,0,18,0,1
prefill,38,245,244,0,18,0,1
prefill,38,246,245,0,18,0,1
prefill,38,247,246,0,18,0,1
prefill,38,248,247,0,18,0,1
prefill,38,249,248,0,18,0,1
prefill,38,250,249,0,18,0,1
prefill,38,251,250,0,18,0,1
prefill,38,252,251,0,18,0,1
prefill,38,253,252,0,18,0,1
prefill,38,254,253,0,18,0,1
prefill,38,255,254,0,18,0,1
prefill,38,256,255,0,18,0,1
prefill,39,1,15,1,18,0.0555555555555556,0.0555555555555556
prefill,39,2,24,1,18,0.0555555555555556,0.111111111111111
prefill,39,3,31,1,18,0.0555555555555556,0.166666666666667
prefill,39,4,36,1,18,0.0555555555555556,0.222222222222222
prefill,39,5,45,1,18,0.0555555555555556,0.277777777777778
prefill,39,6,58,1,18,0.0555555555555556,0.333333333333333
prefill,39,7,64,1,18,0.0555555555555556,0.388888888888889
prefill,39,8,112,1,18,0.0555555555555556,0.444444444444445
prefill,39,9,149,1,18,0.0555555555555556,0.5
prefill,39,10,156,1,18,0.0555555555555556,0.555555555555556
prefill,39,11,183,1,18,0.0555555555555556,0.611111111111111
prefill,39,12,185,1,18,0.0555555555555556,0.666666666666667
prefill,39,13,189,1,18,0.0555555555555556,0.722222222222222
prefill,39,14,215,1,18,0.0555555555555556,0.777777777777778
prefill,39,15,233,1,18,0.0555555555555556,0.833333333333334
prefill,39,16,235,1,18,0.0555555555555556,0.888888888888889
prefill,39,17,249,1,18,0.0555555555555556,0.944444444444445
prefill,39,18,251,1,18,0.0555555555555556,1
prefill,39,19,0,0,18,0,1
prefill,39,20,1,0,18,0,1
prefill,39,21,2,0,18,0,1
prefill,39,22,3,0,18,0,1
prefill,39,23,4,0,18,0,1
prefill,39,24,5,0,18,0,1
prefill,39,25,6,0,18,0,1
prefill,39,26,7,0,18,0,1
prefill,39,27,8,0,18,0,1
prefill,39,28,9,0,18,0,1
prefill,39,29,10,0,18,0,1
prefill,39,30,11,0,18,0,1
prefill,39,31,12,0,18,0,1
prefill,39,32,13,0,18,0,1
prefill,39,33,14,0,18,0,1
prefill,39,34,16,0,18,0,1
prefill,39,35,17,0,18,0,1
prefill,39,36,18,0,18,0,1
prefill,39,37,19,0,18,0,1
prefill,39,38,20,0,18,0,1
prefill,39,39,21,0,18,0,1
prefill,39,40,22,0,18,0,1
prefill,39,41,23,0,18,0,1
prefill,39,42,25,0,18,0,1
prefill,39,43,26,0,18,0,1
prefill,39,44,27,0,18,0,1
prefill,39,45,28,0,18,0,1
prefill,39,46,29,0,18,0,1
prefill,39,47,30,0,18,0,1
prefill,39,48,32,0,18,0,1
prefill,39,49,33,0,18,0,1
prefill,39,50,34,0,18,0,1
prefill,39,51,35,0,18,0,1
prefill,39,52,37,0,18,0,1
prefill,39,53,38,0,18,0,1
prefill,39,54,39,0,18,0,1
prefill,39,55,40,0,18,0,1
prefill,39,56,41,0,18,0,1
prefill,39,57,42,0,18,0,1
prefill,39,58,43,0,18,0,1
prefill,39,59,44,0,18,0,1
prefill,39,60,46,0,18,0,1
prefill,39,61,47,0,18,0,1
prefill,39,62,48,0,18,0,1
prefill,39,63,49,0,18,0,1
prefill,39,64,50,0,18,0,1
prefill,39,65,51,0,18,0,1
prefill,39,66,52,0,18,0,1
prefill,39,67,53,0,18,0,1
prefill,39,68,54,0,18,0,1
prefill,39,69,55,0,18,0,1
prefill,39,70,56,0,18,0,1
prefill,39,71,57,0,18,0,1
prefill,39,72,59,0,18,0,1
prefill,39,73,60,0,18,0,1
prefill,39,74,61,0,18,0,1
prefill,39,75,62,0,18,0,1
prefill,39,76,63,0,18,0,1
prefill,39,77,65,0,18,0,1
prefill,39,78,66,0,18,0,1
prefill,39,79,67,0,18,0,1
prefill,39,80,68,0,18,0,1
prefill,39,81,69,0,18,0,1
prefill,39,82,70,0,18,0,1
prefill,39,83,71,0,18,0,1
prefill,39,84,72,0,18,0,1
prefill,39,85,73,0,18,0,1
prefill,39,86,74,0,18,0,1
prefill,39,87,75,0,18,0,1
prefill,39,88,76,0,18,0,1
prefill,39,89,77,0,18,0,1
prefill,39,90,78,0,18,0,1
prefill,39,91,79,0,18,0,1
prefill,39,92,80,0,18,0,1
prefill,39,93,81,0,18,0,1
prefill,39,94,82,0,18,0,1
prefill,39,95,83,0,18,0,1
prefill,39,96,84,0,18,0,1
prefill,39,97,85,0,18,0,1
prefill,39,98,86,0,18,0,1
prefill,39,99,87,0,18,0,1
prefill,39,100,88,0,18,0,1
prefill,39,101,89,0,18,0,1
prefill,39,102,90,0,18,0,1
prefill,39,103,91,0,18,0,1
prefill,39,104,92,0,18,0,1
prefill,39,105,93,0,18,0,1
prefill,39,106,94,0,18,0,1
prefill,39,107,95,0,18,0,1
prefill,39,108,96,0,18,0,1
prefill,39,109,97,0,18,0,1
prefill,39,110,98,0,18,0,1
prefill,39,111,99,0,18,0,1
prefill,39,112,100,0,18,0,1
prefill,39,113,101,0,18,0,1
prefill,39,114,102,0,18,0,1
prefill,39,115,103,0,18,0,1
prefill,39,116,104,0,18,0,1
prefill,39,117,105,0,18,0,1
prefill,39,118,106,0,18,0,1
prefill,39,119,107,0,18,0,1
prefill,39,120,108,0,18,0,1
prefill,39,121,109,0,18,0,1
prefill,39,122,110,0,18,0,1
prefill,39,123,111,0,18,0,1
prefill,39,124,113,0,18,0,1
prefill,39,125,114,0,18,0,1
prefill,39,126,115,0,18,0,1
prefill,39,127,116,0,18,0,1
prefill,39,128,117,0,18,0,1
prefill,39,129,118,0,18,0,1
prefill,39,130,119,0,18,0,1
prefill,39,131,120,0,18,0,1
prefill,39,132,121,0,18,0,1
prefill,39,133,122,0,18,0,1
prefill,39,134,123,0,18,0,1
prefill,39,135,124,0,18,0,1
prefill,39,136,125,0,18,0,1
prefill,39,137,126,0,18,0,1
prefill,39,138,127,0,18,0,1
prefill,39,139,128,0,18,0,1
prefill,39,140,129,0,18,0,1
prefill,39,141,130,0,18,0,1
prefill,39,142,131,0,18,0,1
prefill,39,143,132,0,18,0,1
prefill,39,144,133,0,18,0,1
prefill,39,145,134,0,18,0,1
prefill,39,146,135,0,18,0,1
prefill,39,147,136,0,18,0,1
prefill,39,148,137,0,18,0,1
prefill,39,149,138,0,18,0,1
prefill,39,150,139,0,18,0,1
prefill,39,151,140,0,18,0,1
prefill,39,152,141,0,18,0,1
prefill,39,153,142,0,18,0,1
prefill,39,154,143,0,18,0,1
prefill,39,155,144,0,18,0,1
prefill,39,156,145,0,18,0,1
prefill,39,157,146,0,18,0,1
prefill,39,158,147,0,18,0,1
prefill,39,159,148,0,18,0,1
prefill,39,160,150,0,18,0,1
prefill,39,161,151,0,18,0,1
prefill,39,162,152,0,18,0,1
prefill,39,163,153,0,18,0,1
prefill,39,164,154,0,18,0,1
prefill,39,165,155,0,18,0,1
prefill,39,166,157,0,18,0,1
prefill,39,167,158,0,18,0,1
prefill,39,168,159,0,18,0,1
prefill,39,169,160,0,18,0,1
prefill,39,170,161,0,18,0,1
prefill,39,171,162,0,18,0,1
prefill,39,172,163,0,18,0,1
prefill,39,173,164,0,18,0,1
prefill,39,174,165,0,18,0,1
prefill,39,175,166,0,18,0,1
prefill,39,176,167,0,18,0,1
prefill,39,177,168,0,18,0,1
prefill,39,178,169,0,18,0,1
prefill,39,179,170,0,18,0,1
prefill,39,180,171,0,18,0,1
prefill,39,181,172,0,18,0,1
prefill,39,182,173,0,18,0,1
prefill,39,183,174,0,18,0,1
prefill,39,184,175,0,18,0,1
prefill,39,185,176,0,18,0,1
prefill,39,186,177,0,18,0,1
prefill,39,187,178,0,18,0,1
prefill,39,188,179,0,18,0,1
prefill,39,189,180,0,18,0,1
prefill,39,190,181,0,18,0,1
prefill,39,191,182,0,18,0,1
prefill,39,192,184,0,18,0,1
prefill,39,193,186,0,18,0,1
prefill,39,194,187,0,18,0,1
prefill,39,195,188,0,18,0,1
prefill,39,196,190,0,18,0,1
prefill,39,197,191,0,18,0,1
prefill,39,198,192,0,18,0,1
prefill,39,199,193,0,18,0,1
prefill,39,200,194,0,18,0,1
prefill,39,201,195,0,18,0,1
prefill,39,202,196,0,18,0,1
prefill,39,203,197,0,18,0,1
prefill,39,204,198,0,18,0,1
prefill,39,205,199,0,18,0,1
prefill,39,206,200,0,18,0,1
prefill,39,207,201,0,18,0,1
prefill,39,208,202,0,18,0,1
prefill,39,209,203,0,18,0,1
prefill,39,210,204,0,18,0,1
prefill,39,211,205,0,18,0,1
prefill,39,212,206,0,18,0,1
prefill,39,213,207,0,18,0,1
prefill,39,214,208,0,18,0,1
prefill,39,215,209,0,18,0,1
prefill,39,216,210,0,18,0,1
prefill,39,217,211,0,18,0,1
prefill,39,218,212,0,18,0,1
prefill,39,219,213,0,18,0,1
prefill,39,220,214,0,18,0,1
prefill,39,221,216,0,18,0,1
prefill,39,222,217,0,18,0,1
prefill,39,223,218,0,18,0,1
prefill,39,224,219,0,18,0,1
prefill,39,225,220,0,18,0,1
prefill,39,226,221,0,18,0,1
prefill,39,227,222,0,18,0,1
prefill,39,228,223,0,18,0,1
prefill,39,229,224,0,18,0,1
prefill,39,230,225,0,18,0,1
prefill,39,231,226,0,18,0,1
prefill,39,232,227,0,18,0,1
prefill,39,233,228,0,18,0,1
prefill,39,234,229,0,18,0,1
prefill,39,235,230,0,18,0,1
prefill,39,236,231,0,18,0,1
prefill,39,237,232,0,18,0,1
prefill,39,238,234,0,18,0,1
prefill,39,239,236,0,18,0,1
prefill,39,240,237,0,18,0,1
prefill,39,241,238,0,18,0,1
prefill,39,242,239,0,18,0,1
prefill,39,243,240,0,18,0,1
prefill,39,244,241,0,18,0,1
prefill,39,245,242,0,18,0,1
prefill,39,246,243,0,18,0,1
prefill,39,247,244,0,18,0,1
prefill,39,248,245,0,18,0,1
prefill,39,249,246,0,18,0,1
prefill,39,250,247,0,18,0,1
prefill,39,251,248,0,18,0,1
prefill,39,252,250,0,18,0,1
prefill,39,253,252,0,18,0,1
prefill,39,254,253,0,18,0,1
prefill,39,255,254,0,18,0,1
prefill,39,256,255,0,18,0,1
prefill,40,1,2,2,18,0.111111111111111,0.111111111111111
prefill,40,2,4,1,18,0.0555555555555556,0.166666666666667
prefill,40,3,22,1,18,0.0555555555555556,0.222222222222222
prefill,40,4,29,1,18,0.0555555555555556,0.277777777777778
prefill,40,5,30,1,18,0.0555555555555556,0.333333333333333
prefill,40,6,57,1,18,0.0555555555555556,0.388888888888889
prefill,40,7,62,1,18,0.0555555555555556,0.444444444444445
prefill,40,8,79,1,18,0.0555555555555556,0.5
prefill,40,9,98,1,18,0.0555555555555556,0.555555555555556
prefill,40,10,108,1,18,0.0555555555555556,0.611111111111111
prefill,40,11,113,1,18,0.0555555555555556,0.666666666666667
prefill,40,12,156,1,18,0.0555555555555556,0.722222222222222
prefill,40,13,163,1,18,0.0555555555555556,0.777777777777778
prefill,40,14,169,1,18,0.0555555555555556,0.833333333333334
prefill,40,15,208,1,18,0.0555555555555556,0.888888888888889
prefill,40,16,223,1,18,0.0555555555555556,0.944444444444445
prefill,40,17,247,1,18,0.0555555555555556,1
prefill,40,18,0,0,18,0,1
prefill,40,19,1,0,18,0,1
prefill,40,20,3,0,18,0,1
prefill,40,21,5,0,18,0,1
prefill,40,22,6,0,18,0,1
prefill,40,23,7,0,18,0,1
prefill,40,24,8,0,18,0,1
prefill,40,25,9,0,18,0,1
prefill,40,26,10,0,18,0,1
prefill,40,27,11,0,18,0,1
prefill,40,28,12,0,18,0,1
prefill,40,29,13,0,18,0,1
prefill,40,30,14,0,18,0,1
prefill,40,31,15,0,18,0,1
prefill,40,32,16,0,18,0,1
prefill,40,33,17,0,18,0,1
prefill,40,34,18,0,18,0,1
prefill,40,35,19,0,18,0,1
prefill,40,36,20,0,18,0,1
prefill,40,37,21,0,18,0,1
prefill,40,38,23,0,18,0,1
prefill,40,39,24,0,18,0,1
prefill,40,40,25,0,18,0,1
prefill,40,41,26,0,18,0,1
prefill,40,42,27,0,18,0,1
prefill,40,43,28,0,18,0,1
prefill,40,44,31,0,18,0,1
prefill,40,45,32,0,18,0,1
prefill,40,46,33,0,18,0,1
prefill,40,47,34,0,18,0,1
prefill,40,48,35,0,18,0,1
prefill,40,49,36,0,18,0,1
prefill,40,50,37,0,18,0,1
prefill,40,51,38,0,18,0,1
prefill,40,52,39,0,18,0,1
prefill,40,53,40,0,18,0,1
prefill,40,54,41,0,18,0,1
prefill,40,55,42,0,18,0,1
prefill,40,56,43,0,18,0,1
prefill,40,57,44,0,18,0,1
prefill,40,58,45,0,18,0,1
prefill,40,59,46,0,18,0,1
prefill,40,60,47,0,18,0,1
prefill,40,61,48,0,18,0,1
prefill,40,62,49,0,18,0,1
prefill,40,63,50,0,18,0,1
prefill,40,64,51,0,18,0,1
prefill,40,65,52,0,18,0,1
prefill,40,66,53,0,18,0,1
prefill,40,67,54,0,18,0,1
prefill,40,68,55,0,18,0,1
prefill,40,69,56,0,18,0,1
prefill,40,70,58,0,18,0,1
prefill,40,71,59,0,18,0,1
prefill,40,72,60,0,18,0,1
prefill,40,73,61,0,18,0,1
prefill,40,74,63,0,18,0,1
prefill,40,75,64,0,18,0,1
prefill,40,76,65,0,18,0,1
prefill,40,77,66,0,18,0,1
prefill,40,78,67,0,18,0,1
prefill,40,79,68,0,18,0,1
prefill,40,80,69,0,18,0,1
prefill,40,81,70,0,18,0,1
prefill,40,82,71,0,18,0,1
prefill,40,83,72,0,18,0,1
prefill,40,84,73,0,18,0,1
prefill,40,85,74,0,18,0,1
prefill,40,86,75,0,18,0,1
prefill,40,87,76,0,18,0,1
prefill,40,88,77,0,18,0,1
prefill,40,89,78,0,18,0,1
prefill,40,90,80,0,18,0,1
prefill,40,91,81,0,18,0,1
prefill,40,92,82,0,18,0,1
prefill,40,93,83,0,18,0,1
prefill,40,94,84,0,18,0,1
prefill,40,95,85,0,18,0,1
prefill,40,96,86,0,18,0,1
prefill,40,97,87,0,18,0,1
prefill,40,98,88,0,18,0,1
prefill,40,99,89,0,18,0,1
prefill,40,100,90,0,18,0,1
prefill,40,101,91,0,18,0,1
prefill,40,102,92,0,18,0,1
prefill,40,103,93,0,18,0,1
prefill,40,104,94,0,18,0,1
prefill,40,105,95,0,18,0,1
prefill,40,106,96,0,18,0,1
prefill,40,107,97,0,18,0,1
prefill,40,108,99,0,18,0,1
prefill,40,109,100,0,18,0,1
prefill,40,110,101,0,18,0,1
prefill,40,111,102,0,18,0,1
prefill,40,112,103,0,18,0,1
prefill,40,113,104,0,18,0,1
prefill,40,114,105,0,18,0,1
prefill,40,115,106,0,18,0,1
prefill,40,116,107,0,18,0,1
prefill,40,117,109,0,18,0,1
prefill,40,118,110,0,18,0,1
prefill,40,119,111,0,18,0,1
prefill,40,120,112,0,18,0,1
prefill,40,121,114,0,18,0,1
prefill,40,122,115,0,18,0,1
prefill,40,123,116,0,18,0,1
prefill,40,124,117,0,18,0,1
prefill,40,125,118,0,18,0,1
prefill,40,126,119,0,18,0,1
prefill,40,127,120,0,18,0,1
prefill,40,128,121,0,18,0,1
prefill,40,129,122,0,18,0,1
prefill,40,130,123,0,18,0,1
prefill,40,131,124,0,18,0,1
prefill,40,132,125,0,18,0,1
prefill,40,133,126,0,18,0,1
prefill,40,134,127,0,18,0,1
prefill,40,135,128,0,18,0,1
prefill,40,136,129,0,18,0,1
prefill,40,137,130,0,18,0,1
prefill,40,138,131,0,18,0,1
prefill,40,139,132,0,18,0,1
prefill,40,140,133,0,18,0,1
prefill,40,141,134,0,18,0,1
prefill,40,142,135,0,18,0,1
prefill,40,143,136,0,18,0,1
prefill,40,144,137,0,18,0,1
prefill,40,145,138,0,18,0,1
prefill,40,146,139,0,18,0,1
prefill,40,147,140,0,18,0,1
prefill,40,148,141,0,18,0,1
prefill,40,149,142,0,18,0,1
prefill,40,150,143,0,18,0,1
prefill,40,151,144,0,18,0,1
prefill,40,152,145,0,18,0,1
prefill,40,153,146,0,18,0,1
prefill,40,154,147,0,18,0,1
prefill,40,155,148,0,18,0,1
prefill,40,156,149,0,18,0,1
prefill,40,157,150,0,18,0,1
prefill,40,158,151,0,18,0,1
prefill,40,159,152,0,18,0,1
prefill,40,160,153,0,18,0,1
prefill,40,161,154,0,18,0,1
prefill,40,162,155,0,18,0,1
prefill,40,163,157,0,18,0,1
prefill,40,164,158,0,18,0,1
prefill,40,165,159,0,18,0,1
prefill,40,166,160,0,18,0,1
prefill,40,167,161,0,18,0,1
prefill,40,168,162,0,18,0,1
prefill,40,169,164,0,18,0,1
prefill,40,170,165,0,18,0,1
prefill,40,171,166,0,18,0,1
prefill,40,172,167,0,18,0,1
prefill,40,173,168,0,18,0,1
prefill,40,174,170,0,18,0,1
prefill,40,175,171,0,18,0,1
prefill,40,176,172,0,18,0,1
prefill,40,177,173,0,18,0,1
prefill,40,178,174,0,18,0,1
prefill,40,179,175,0,18,0,1
prefill,40,180,176,0,18,0,1
prefill,40,181,177,0,18,0,1
prefill,40,182,178,0,18,0,1
prefill,40,183,179,0,18,0,1
prefill,40,184,180,0,18,0,1
prefill,40,185,181,0,18,0,1
prefill,40,186,182,0,18,0,1
prefill,40,187,183,0,18,0,1
prefill,40,188,184,0,18,0,1
prefill,40,189,185,0,18,0,1
prefill,40,190,186,0,18,0,1
prefill,40,191,187,0,18,0,1
prefill,40,192,188,0,18,0,1
prefill,40,193,189,0,18,0,1
prefill,40,194,190,0,18,0,1
prefill,40,195,191,0,18,0,1
prefill,40,196,192,0,18,0,1
prefill,40,197,193,0,18,0,1
prefill,40,198,194,0,18,0,1
prefill,40,199,195,0,18,0,1
prefill,40,200,196,0,18,0,1
prefill,40,201,197,0,18,0,1
prefill,40,202,198,0,18,0,1
prefill,40,203,199,0,18,0,1
prefill,40,204,200,0,18,0,1
prefill,40,205,201,0,18,0,1
prefill,40,206,202,0,18,0,1
prefill,40,207,203,0,18,0,1
prefill,40,208,204,0,18,0,1
prefill,40,209,205,0,18,0,1
prefill,40,210,206,0,18,0,1
prefill,40,211,207,0,18,0,1
prefill,40,212,209,0,18,0,1
prefill,40,213,210,0,18,0,1
prefill,40,214,211,0,18,0,1
prefill,40,215,212,0,18,0,1
prefill,40,216,213,0,18,0,1
prefill,40,217,214,0,18,0,1
prefill,40,218,215,0,18,0,1
prefill,40,219,216,0,18,0,1
prefill,40,220,217,0,18,0,1
prefill,40,221,218,0,18,0,1
prefill,40,222,219,0,18,0,1
prefill,40,223,220,0,18,0,1
prefill,40,224,221,0,18,0,1
prefill,40,225,222,0,18,0,1
prefill,40,226,224,0,18,0,1
prefill,40,227,225,0,18,0,1
prefill,40,228,226,0,18,0,1
prefill,40,229,227,0,18,0,1
prefill,40,230,228,0,18,0,1
prefill,40,231,229,0,18,0,1
prefill,40,232,230,0,18,0,1
prefill,40,233,231,0,18,0,1
prefill,40,234,232,0,18,0,1
prefill,40,235,233,0,18,0,1
prefill,40,236,234,0,18,0,1
prefill,40,237,235,0,18,0,1
prefill,40,238,236,0,18,0,1
prefill,40,239,237,0,18,0,1
prefill,40,240,238,0,18,0,1
prefill,40,241,239,0,18,0,1
prefill,40,242,240,0,18,0,1
prefill,40,243,241,0,18,0,1
prefill,40,244,242,0,18,0,1
prefill,40,245,243,0,18,0,1
prefill,40,246,244,0,18,0,1
prefill,40,247,245,0,18,0,1
prefill,40,248,246,0,18,0,1
prefill,40,249,248,0,18,0,1
prefill,40,250,249,0,18,0,1
prefill,40,251,250,0,18,0,1
prefill,40,252,251,0,18,0,1
prefill,40,253,252,0,18,0,1
prefill,40,254,253,0,18,0,1
prefill,40,255,254,0,18,0,1
prefill,40,256,255,0,18,0,1
prefill,41,1,42,2,18,0.111111111111111,0.111111111111111
prefill,41,2,8,1,18,0.0555555555555556,0.166666666666667
prefill,41,3,10,1,18,0.0555555555555556,0.222222222222222
prefill,41,4,25,1,18,0.0555555555555556,0.277777777777778
prefill,41,5,53,1,18,0.0555555555555556,0.333333333333333
prefill,41,6,66,1,18,0.0555555555555556,0.388888888888889
prefill,41,7,103,1,18,0.0555555555555556,0.444444444444445
prefill,41,8,116,1,18,0.0555555555555556,0.5
prefill,41,9,141,1,18,0.0555555555555556,0.555555555555556
prefill,41,10,154,1,18,0.0555555555555556,0.611111111111111
prefill,41,11,161,1,18,0.0555555555555556,0.666666666666667
prefill,41,12,169,1,18,0.0555555555555556,0.722222222222222
prefill,41,13,183,1,18,0.0555555555555556,0.777777777777778
prefill,41,14,188,1,18,0.0555555555555556,0.833333333333334
prefill,41,15,204,1,18,0.0555555555555556,0.888888888888889
prefill,41,16,213,1,18,0.0555555555555556,0.944444444444445
prefill,41,17,225,1,18,0.0555555555555556,1
prefill,41,18,0,0,18,0,1
prefill,41,19,1,0,18,0,1
prefill,41,20,2,0,18,0,1
prefill,41,21,3,0,18,0,1
prefill,41,22,4,0,18,0,1
prefill,41,23,5,0,18,0,1
prefill,41,24,6,0,18,0,1
prefill,41,25,7,0,18,0,1
prefill,41,26,9,0,18,0,1
prefill,41,27,11,0,18,0,1
prefill,41,28,12,0,18,0,1
prefill,41,29,13,0,18,0,1
prefill,41,30,14,0,18,0,1
prefill,41,31,15,0,18,0,1
prefill,41,32,16,0,18,0,1
prefill,41,33,17,0,18,0,1
prefill,41,34,18,0,18,0,1
prefill,41,35,19,0,18,0,1
prefill,41,36,20,0,18,0,1
prefill,41,37,21,0,18,0,1
prefill,41,38,22,0,18,0,1
prefill,41,39,23,0,18,0,1
prefill,41,40,24,0,18,0,1
prefill,41,41,26,0,18,0,1
prefill,41,42,27,0,18,0,1
prefill,41,43,28,0,18,0,1
prefill,41,44,29,0,18,0,1
prefill,41,45,30,0,18,0,1
prefill,41,46,31,0,18,0,1
prefill,41,47,32,0,18,0,1
prefill,41,48,33,0,18,0,1
prefill,41,49,34,0,18,0,1
prefill,41,50,35,0,18,0,1
prefill,41,51,36,0,18,0,1
prefill,41,52,37,0,18,0,1
prefill,41,53,38,0,18,0,1
prefill,41,54,39,0,18,0,1
prefill,41,55,40,0,18,0,1
prefill,41,56,41,0,18,0,1
prefill,41,57,43,0,18,0,1
prefill,41,58,44,0,18,0,1
prefill,41,59,45,0,18,0,1
prefill,41,60,46,0,18,0,1
prefill,41,61,47,0,18,0,1
prefill,41,62,48,0,18,0,1
prefill,41,63,49,0,18,0,1
prefill,41,64,50,0,18,0,1
prefill,41,65,51,0,18,0,1
prefill,41,66,52,0,18,0,1
prefill,41,67,54,0,18,0,1
prefill,41,68,55,0,18,0,1
prefill,41,69,56,0,18,0,1
prefill,41,70,57,0,18,0,1
prefill,41,71,58,0,18,0,1
prefill,41,72,59,0,18,0,1
prefill,41,73,60,0,18,0,1
prefill,41,74,61,0,18,0,1
prefill,41,75,62,0,18,0,1
prefill,41,76,63,0,18,0,1
prefill,41,77,64,0,18,0,1
prefill,41,78,65,0,18,0,1
prefill,41,79,67,0,18,0,1
prefill,41,80,68,0,18,0,1
prefill,41,81,69,0,18,0,1
prefill,41,82,70,0,18,0,1
prefill,41,83,71,0,18,0,1
prefill,41,84,72,0,18,0,1
prefill,41,85,73,0,18,0,1
prefill,41,86,74,0,18,0,1
prefill,41,87,75,0,18,0,1
prefill,41,88,76,0,18,0,1
prefill,41,89,77,0,18,0,1
prefill,41,90,78,0,18,0,1
prefill,41,91,79,0,18,0,1
prefill,41,92,80,0,18,0,1
prefill,41,93,81,0,18,0,1
prefill,41,94,82,0,18,0,1
prefill,41,95,83,0,18,0,1
prefill,41,96,84,0,18,0,1
prefill,41,97,85,0,18,0,1
prefill,41,98,86,0,18,0,1
prefill,41,99,87,0,18,0,1
prefill,41,100,88,0,18,0,1
prefill,41,101,89,0,18,0,1
prefill,41,102,90,0,18,0,1
prefill,41,103,91,0,18,0,1
prefill,41,104,92,0,18,0,1
prefill,41,105,93,0,18,0,1
prefill,41,106,94,0,18,0,1
prefill,41,107,95,0,18,0,1
prefill,41,108,96,0,18,0,1
prefill,41,109,97,0,18,0,1
prefill,41,110,98,0,18,0,1
prefill,41,111,99,0,18,0,1
prefill,41,112,100,0,18,0,1
prefill,41,113,101,0,18,0,1
prefill,41,114,102,0,18,0,1
prefill,41,115,104,0,18,0,1
prefill,41,116,105,0,18,0,1
prefill,41,117,106,0,18,0,1
prefill,41,118,107,0,18,0,1
prefill,41,119,108,0,18,0,1
prefill,41,120,109,0,18,0,1
prefill,41,121,110,0,18,0,1
prefill,41,122,111,0,18,0,1
prefill,41,123,112,0,18,0,1
prefill,41,124,113,0,18,0,1
prefill,41,125,114,0,18,0,1
prefill,41,126,115,0,18,0,1
prefill,41,127,117,0,18,0,1
prefill,41,128,118,0,18,0,1
prefill,41,129,119,0,18,0,1
prefill,41,130,120,0,18,0,1
prefill,41,131,121,0,18,0,1
prefill,41,132,122,0,18,0,1
prefill,41,133,123,0,18,0,1
prefill,41,134,124,0,18,0,1
prefill,41,135,125,0,18,0,1
prefill,41,136,126,0,18,0,1
prefill,41,137,127,0,18,0,1
prefill,41,138,128,0,18,0,1
prefill,41,139,129,0,18,0,1
prefill,41,140,130,0,18,0,1
prefill,41,141,131,0,18,0,1
prefill,41,142,132,0,18,0,1
prefill,41,143,133,0,18,0,1
prefill,41,144,134,0,18,0,1
prefill,41,145,135,0,18,0,1
prefill,41,146,136,0,18,0,1
prefill,41,147,137,0,18,0,1
prefill,41,148,138,0,18,0,1
prefill,41,149,139,0,18,0,1
prefill,41,150,140,0,18,0,1
prefill,41,151,142,0,18,0,1
prefill,41,152,143,0,18,0,1
prefill,41,153,144,0,18,0,1
prefill,41,154,145,0,18,0,1
prefill,41,155,146,0,18,0,1
prefill,41,156,147,0,18,0,1
prefill,41,157,148,0,18,0,1
prefill,41,158,149,0,18,0,1
prefill,41,159,150,0,18,0,1
prefill,41,160,151,0,18,0,1
prefill,41,161,152,0,18,0,1
prefill,41,162,153,0,18,0,1
prefill,41,163,155,0,18,0,1
prefill,41,164,156,0,18,0,1
prefill,41,165,157,0,18,0,1
prefill,41,166,158,0,18,0,1
prefill,41,167,159,0,18,0,1
prefill,41,168,160,0,18,0,1
prefill,41,169,162,0,18,0,1
prefill,41,170,163,0,18,0,1
prefill,41,171,164,0,18,0,1
prefill,41,172,165,0,18,0,1
prefill,41,173,166,0,18,0,1
prefill,41,174,167,0,18,0,1
prefill,41,175,168,0,18,0,1
prefill,41,176,170,0,18,0,1
prefill,41,177,171,0,18,0,1
prefill,41,178,172,0,18,0,1
prefill,41,179,173,0,18,0,1
prefill,41,180,174,0,18,0,1
prefill,41,181,175,0,18,0,1
prefill,41,182,176,0,18,0,1
prefill,41,183,177,0,18,0,1
prefill,41,184,178,0,18,0,1
prefill,41,185,179,0,18,0,1
prefill,41,186,180,0,18,0,1
prefill,41,187,181,0,18,0,1
prefill,41,188,182,0,18,0,1
prefill,41,189,184,0,18,0,1
prefill,41,190,185,0,18,0,1
prefill,41,191,186,0,18,0,1
prefill,41,192,187,0,18,0,1
prefill,41,193,189,0,18,0,1
prefill,41,194,190,0,18,0,1
prefill,41,195,191,0,18,0,1
prefill,41,196,192,0,18,0,1
prefill,41,197,193,0,18,0,1
prefill,41,198,194,0,18,0,1
prefill,41,199,195,0,18,0,1
prefill,41,200,196,0,18,0,1
prefill,41,201,197,0,18,0,1
prefill,41,202,198,0,18,0,1
prefill,41,203,199,0,18,0,1
prefill,41,204,200,0,18,0,1
prefill,41,205,201,0,18,0,1
prefill,41,206,202,0,18,0,1
prefill,41,207,203,0,18,0,1
prefill,41,208,205,0,18,0,1
prefill,41,209,206,0,18,0,1
prefill,41,210,207,0,18,0,1
prefill,41,211,208,0,18,0,1
prefill,41,212,209,0,18,0,1
prefill,41,213,210,0,18,0,1
prefill,41,214,211,0,18,0,1
prefill,41,215,212,0,18,0,1
prefill,41,216,214,0,18,0,1
prefill,41,217,215,0,18,0,1
prefill,41,218,216,0,18,0,1
prefill,41,219,217,0,18,0,1
prefill,41,220,218,0,18,0,1
prefill,41,221,219,0,18,0,1
prefill,41,222,220,0,18,0,1
prefill,41,223,221,0,18,0,1
prefill,41,224,222,0,18,0,1
prefill,41,225,223,0,18,0,1
prefill,41,226,224,0,18,0,1
prefill,41,227,226,0,18,0,1
prefill,41,228,227,0,18,0,1
prefill,41,229,228,0,18,0,1
prefill,41,230,229,0,18,0,1
prefill,41,231,230,0,18,0,1
prefill,41,232,231,0,18,0,1
prefill,41,233,232,0,18,0,1
prefill,41,234,233,0,18,0,1
prefill,41,235,234,0,18,0,1
prefill,41,236,235,0,18,0,1
prefill,41,237,236,0,18,0,1
prefill,41,238,237,0,18,0,1
prefill,41,239,238,0,18,0,1
prefill,41,240,239,0,18,0,1
prefill,41,241,240,0,18,0,1
prefill,41,242,241,0,18,0,1
prefill,41,243,242,0,18,0,1
prefill,41,244,243,0,18,0,1
prefill,41,245,244,0,18,0,1
prefill,41,246,245,0,18,0,1
prefill,41,247,246,0,18,0,1
prefill,41,248,247,0,18,0,1
prefill,41,249,248,0,18,0,1
prefill,41,250,249,0,18,0,1
prefill,41,251,250,0,18,0,1
prefill,41,252,251,0,18,0,1
prefill,41,253,252,0,18,0,1
prefill,41,254,253,0,18,0,1
prefill,41,255,254,0,18,0,1
prefill,41,256,255,0,18,0,1
prefill,42,1,11,2,18,0.111111111111111,0.111111111111111
prefill,42,2,15,1,18,0.0555555555555556,0.166666666666667
prefill,42,3,17,1,18,0.0555555555555556,0.222222222222222
prefill,42,4,26,1,18,0.0555555555555556,0.277777777777778
prefill,42,5,29,1,18,0.0555555555555556,0.333333333333333
prefill,42,6,50,1,18,0.0555555555555556,0.388888888888889
prefill,42,7,89,1,18,0.0555555555555556,0.444444444444445
prefill,42,8,96,1,18,0.0555555555555556,0.5
prefill,42,9,114,1,18,0.0555555555555556,0.555555555555556
prefill,42,10,126,1,18,0.0555555555555556,0.611111111111111
prefill,42,11,164,1,18,0.0555555555555556,0.666666666666667
prefill,42,12,176,1,18,0.0555555555555556,0.722222222222222
prefill,42,13,179,1,18,0.0555555555555556,0.777777777777778
prefill,42,14,181,1,18,0.0555555555555556,0.833333333333334
prefill,42,15,182,1,18,0.0555555555555556,0.888888888888889
prefill,42,16,217,1,18,0.0555555555555556,0.944444444444445
prefill,42,17,232,1,18,0.0555555555555556,1
prefill,42,18,0,0,18,0,1
prefill,42,19,1,0,18,0,1
prefill,42,20,2,0,18,0,1
prefill,42,21,3,0,18,0,1
prefill,42,22,4,0,18,0,1
prefill,42,23,5,0,18,0,1
prefill,42,24,6,0,18,0,1
prefill,42,25,7,0,18,0,1
prefill,42,26,8,0,18,0,1
prefill,42,27,9,0,18,0,1
prefill,42,28,10,0,18,0,1
prefill,42,29,12,0,18,0,1
prefill,42,30,13,0,18,0,1
prefill,42,31,14,0,18,0,1
prefill,42,32,16,0,18,0,1
prefill,42,33,18,0,18,0,1
prefill,42,34,19,0,18,0,1
prefill,42,35,20,0,18,0,1
prefill,42,36,21,0,18,0,1
prefill,42,37,22,0,18,0,1
prefill,42,38,23,0,18,0,1
prefill,42,39,24,0,18,0,1
prefill,42,40,25,0,18,0,1
prefill,42,41,27,0,18,0,1
prefill,42,42,28,0,18,0,1
prefill,42,43,30,0,18,0,1
prefill,42,44,31,0,18,0,1
prefill,42,45,32,0,18,0,1
prefill,42,46,33,0,18,0,1
prefill,42,47,34,0,18,0,1
prefill,42,48,35,0,18,0,1
prefill,42,49,36,0,18,0,1
prefill,42,50,37,0,18,0,1
prefill,42,51,38,0,18,0,1
prefill,42,52,39,0,18,0,1
prefill,42,53,40,0,18,0,1
prefill,42,54,41,0,18,0,1
prefill,42,55,42,0,18,0,1
prefill,42,56,43,0,18,0,1
prefill,42,57,44,0,18,0,1
prefill,42,58,45,0,18,0,1
prefill,42,59,46,0,18,0,1
prefill,42,60,47,0,18,0,1
prefill,42,61,48,0,18,0,1
prefill,42,62,49,0,18,0,1
prefill,42,63,51,0,18,0,1
prefill,42,64,52,0,18,0,1
prefill,42,65,53,0,18,0,1
prefill,42,66,54,0,18,0,1
prefill,42,67,55,0,18,0,1
prefill,42,68,56,0,18,0,1
prefill,42,69,57,0,18,0,1
prefill,42,70,58,0,18,0,1
prefill,42,71,59,0,18,0,1
prefill,42,72,60,0,18,0,1
prefill,42,73,61,0,18,0,1
prefill,42,74,62,0,18,0,1
prefill,42,75,63,0,18,0,1
prefill,42,76,64,0,18,0,1
prefill,42,77,65,0,18,0,1
prefill,42,78,66,0,18,0,1
prefill,42,79,67,0,18,0,1
prefill,42,80,68,0,18,0,1
prefill,42,81,69,0,18,0,1
prefill,42,82,70,0,18,0,1
prefill,42,83,71,0,18,0,1
prefill,42,84,72,0,18,0,1
prefill,42,85,73,0,18,0,1
prefill,42,86,74,0,18,0,1
prefill,42,87,75,0,18,0,1
prefill,42,88,76,0,18,0,1
prefill,42,89,77,0,18,0,1
prefill,42,90,78,0,18,0,1
prefill,42,91,79,0,18,0,1
prefill,42,92,80,0,18,0,1
prefill,42,93,81,0,18,0,1
prefill,42,94,82,0,18,0,1
prefill,42,95,83,0,18,0,1
prefill,42,96,84,0,18,0,1
prefill,42,97,85,0,18,0,1
prefill,42,98,86,0,18,0,1
prefill,42,99,87,0,18,0,1
prefill,42,100,88,0,18,0,1
prefill,42,101,90,0,18,0,1
prefill,42,102,91,0,18,0,1
prefill,42,103,92,0,18,0,1
prefill,42,104,93,0,18,0,1
prefill,42,105,94,0,18,0,1
prefill,42,106,95,0,18,0,1
prefill,42,107,97,0,18,0,1
prefill,42,108,98,0,18,0,1
prefill,42,109,99,0,18,0,1
prefill,42,110,100,0,18,0,1
prefill,42,111,101,0,18,0,1
prefill,42,112,102,0,18,0,1
prefill,42,113,103,0,18,0,1
prefill,42,114,104,0,18,0,1
prefill,42,115,105,0,18,0,1
prefill,42,116,106,0,18,0,1
prefill,42,117,107,0,18,0,1
prefill,42,118,108,0,18,0,1
prefill,42,119,109,0,18,0,1
prefill,42,120,110,0,18,0,1
prefill,42,121,111,0,18,0,1
prefill,42,122,112,0,18,0,1
prefill,42,123,113,0,18,0,1
prefill,42,124,115,0,18,0,1
prefill,42,125,116,0,18,0,1
prefill,42,126,117,0,18,0,1
prefill,42,127,118,0,18,0,1
prefill,42,128,119,0,18,0,1
prefill,42,129,120,0,18,0,1
prefill,42,130,121,0,18,0,1
prefill,42,131,122,0,18,0,1
prefill,42,132,123,0,18,0,1
prefill,42,133,124,0,18,0,1
prefill,42,134,125,0,18,0,1
prefill,42,135,127,0,18,0,1
prefill,42,136,128,0,18,0,1
prefill,42,137,129,0,18,0,1
prefill,42,138,130,0,18,0,1
prefill,42,139,131,0,18,0,1
prefill,42,140,132,0,18,0,1
prefill,42,141,133,0,18,0,1
prefill,42,142,134,0,18,0,1
prefill,42,143,135,0,18,0,1
prefill,42,144,136,0,18,0,1
prefill,42,145,137,0,18,0,1
prefill,42,146,138,0,18,0,1
prefill,42,147,139,0,18,0,1
prefill,42,148,140,0,18,0,1
prefill,42,149,141,0,18,0,1
prefill,42,150,142,0,18,0,1
prefill,42,151,143,0,18,0,1
prefill,42,152,144,0,18,0,1
prefill,42,153,145,0,18,0,1
prefill,42,154,146,0,18,0,1
prefill,42,155,147,0,18,0,1
prefill,42,156,148,0,18,0,1
prefill,42,157,149,0,18,0,1
prefill,42,158,150,0,18,0,1
prefill,42,159,151,0,18,0,1
prefill,42,160,152,0,18,0,1
prefill,42,161,153,0,18,0,1
prefill,42,162,154,0,18,0,1
prefill,42,163,155,0,18,0,1
prefill,42,164,156,0,18,0,1
prefill,42,165,157,0,18,0,1
prefill,42,166,158,0,18,0,1
prefill,42,167,159,0,18,0,1
prefill,42,168,160,0,18,0,1
prefill,42,169,161,0,18,0,1
prefill,42,170,162,0,18,0,1
prefill,42,171,163,0,18,0,1
prefill,42,172,165,0,18,0,1
prefill,42,173,166,0,18,0,1
prefill,42,174,167,0,18,0,1
prefill,42,175,168,0,18,0,1
prefill,42,176,169,0,18,0,1
prefill,42,177,170,0,18,0,1
prefill,42,178,171,0,18,0,1
prefill,42,179,172,0,18,0,1
prefill,42,180,173,0,18,0,1
prefill,42,181,174,0,18,0,1
prefill,42,182,175,0,18,0,1
prefill,42,183,177,0,18,0,1
prefill,42,184,178,0,18,0,1
prefill,42,185,180,0,18,0,1
prefill,42,186,183,0,18,0,1
prefill,42,187,184,0,18,0,1
prefill,42,188,185,0,18,0,1
prefill,42,189,186,0,18,0,1
prefill,42,190,187,0,18,0,1
prefill,42,191,188,0,18,0,1
prefill,42,192,189,0,18,0,1
prefill,42,193,190,0,18,0,1
prefill,42,194,191,0,18,0,1
prefill,42,195,192,0,18,0,1
prefill,42,196,193,0,18,0,1
prefill,42,197,194,0,18,0,1
prefill,42,198,195,0,18,0,1
prefill,42,199,196,0,18,0,1
prefill,42,200,197,0,18,0,1
prefill,42,201,198,0,18,0,1
prefill,42,202,199,0,18,0,1
prefill,42,203,200,0,18,0,1
prefill,42,204,201,0,18,0,1
prefill,42,205,202,0,18,0,1
prefill,42,206,203,0,18,0,1
prefill,42,207,204,0,18,0,1
prefill,42,208,205,0,18,0,1
prefill,42,209,206,0,18,0,1
prefill,42,210,207,0,18,0,1
prefill,42,211,208,0,18,0,1
prefill,42,212,209,0,18,0,1
prefill,42,213,210,0,18,0,1
prefill,42,214,211,0,18,0,1
prefill,42,215,212,0,18,0,1
prefill,42,216,213,0,18,0,1
prefill,42,217,214,0,18,0,1
prefill,42,218,215,0,18,0,1
prefill,42,219,216,0,18,0,1
prefill,42,220,218,0,18,0,1
prefill,42,221,219,0,18,0,1
prefill,42,222,220,0,18,0,1
prefill,42,223,221,0,18,0,1
prefill,42,224,222,0,18,0,1
prefill,42,225,223,0,18,0,1
prefill,42,226,224,0,18,0,1
prefill,42,227,225,0,18,0,1
prefill,42,228,226,0,18,0,1
prefill,42,229,227,0,18,0,1
prefill,42,230,228,0,18,0,1
prefill,42,231,229,0,18,0,1
prefill,42,232,230,0,18,0,1
prefill,42,233,231,0,18,0,1
prefill,42,234,233,0,18,0,1
prefill,42,235,234,0,18,0,1
prefill,42,236,235,0,18,0,1
prefill,42,237,236,0,18,0,1
prefill,42,238,237,0,18,0,1
prefill,42,239,238,0,18,0,1
prefill,42,240,239,0,18,0,1
prefill,42,241,240,0,18,0,1
prefill,42,242,241,0,18,0,1
prefill,42,243,242,0,18,0,1
prefill,42,244,243,0,18,0,1
prefill,42,245,244,0,18,0,1
prefill,42,246,245,0,18,0,1
prefill,42,247,246,0,18,0,1
prefill,42,248,247,0,18,0,1
prefill,42,249,248,0,18,0,1
prefill,42,250,249,0,18,0,1
prefill,42,251,250,0,18,0,1
prefill,42,252,251,0,18,0,1
prefill,42,253,252,0,18,0,1
prefill,42,254,253,0,18,0,1
prefill,42,255,254,0,18,0,1
prefill,42,256,255,0,18,0,1
decode,0,1,0,2,18,0.111111111111111,0.111111111111111
decode,0,2,63,2,18,0.111111111111111,0.222222222222222
decode,0,3,115,2,18,0.111111111111111,0.333333333333333
decode,0,4,153,2,18,0.111111111111111,0.444444444444444
decode,0,5,182,2,18,0.111111111111111,0.555555555555556
decode,0,6,216,2,18,0.111111111111111,0.666666666666667
decode,0,7,52,1,18,0.0555555555555556,0.722222222222222
decode,0,8,55,1,18,0.0555555555555556,0.777777777777778
decode,0,9,77,1,18,0.0555555555555556,0.833333333333333
decode,0,10,79,1,18,0.0555555555555556,0.888888888888889
decode,0,11,174,1,18,0.0555555555555556,0.944444444444445
decode,0,12,213,1,18,0.0555555555555556,1
decode,0,13,1,0,18,0,1
decode,0,14,2,0,18,0,1
decode,0,15,3,0,18,0,1
decode,0,16,4,0,18,0,1
decode,0,17,5,0,18,0,1
decode,0,18,6,0,18,0,1
decode,0,19,7,0,18,0,1
decode,0,20,8,0,18,0,1
decode,0,21,9,0,18,0,1
decode,0,22,10,0,18,0,1
decode,0,23,11,0,18,0,1
decode,0,24,12,0,18,0,1
decode,0,25,13,0,18,0,1
decode,0,26,14,0,18,0,1
decode,0,27,15,0,18,0,1
decode,0,28,16,0,18,0,1
decode,0,29,17,0,18,0,1
decode,0,30,18,0,18,0,1
decode,0,31,19,0,18,0,1
decode,0,32,20,0,18,0,1
decode,0,33,21,0,18,0,1
decode,0,34,22,0,18,0,1
decode,0,35,23,0,18,0,1
decode,0,36,24,0,18,0,1
decode,0,37,25,0,18,0,1
decode,0,38,26,0,18,0,1
decode,0,39,27,0,18,0,1
decode,0,40,28,0,18,0,1
decode,0,41,29,0,18,0,1
decode,0,42,30,0,18,0,1
decode,0,43,31,0,18,0,1
decode,0,44,32,0,18,0,1
decode,0,45,33,0,18,0,1
decode,0,46,34,0,18,0,1
decode,0,47,35,0,18,0,1
decode,0,48,36,0,18,0,1
decode,0,49,37,0,18,0,1
decode,0,50,38,0,18,0,1
decode,0,51,39,0,18,0,1
decode,0,52,40,0,18,0,1
decode,0,53,41,0,18,0,1
decode,0,54,42,0,18,0,1
decode,0,55,43,0,18,0,1
decode,0,56,44,0,18,0,1
decode,0,57,45,0,18,0,1
decode,0,58,46,0,18,0,1
decode,0,59,47,0,18,0,1
decode,0,60,48,0,18,0,1
decode,0,61,49,0,18,0,1
decode,0,62,50,0,18,0,1
decode,0,63,51,0,18,0,1
decode,0,64,53,0,18,0,1
decode,0,65,54,0,18,0,1
decode,0,66,56,0,18,0,1
decode,0,67,57,0,18,0,1
decode,0,68,58,0,18,0,1
decode,0,69,59,0,18,0,1
decode,0,70,60,0,18,0,1
decode,0,71,61,0,18,0,1
decode,0,72,62,0,18,0,1
decode,0,73,64,0,18,0,1
decode,0,74,65,0,18,0,1
decode,0,75,66,0,18,0,1
decode,0,76,67,0,18,0,1
decode,0,77,68,0,18,0,1
decode,0,78,69,0,18,0,1
decode,0,79,70,0,18,0,1
decode,0,80,71,0,18,0,1
decode,0,81,72,0,18,0,1
decode,0,82,73,0,18,0,1
decode,0,83,74,0,18,0,1
decode,0,84,75,0,18,0,1
decode,0,85,76,0,18,0,1
decode,0,86,78,0,18,0,1
decode,0,87,80,0,18,0,1
decode,0,88,81,0,18,0,1
decode,0,89,82,0,18,0,1
decode,0,90,83,0,18,0,1
decode,0,91,84,0,18,0,1
decode,0,92,85,0,18,0,1
decode,0,93,86,0,18,0,1
decode,0,94,87,0,18,0,1
decode,0,95,88,0,18,0,1
decode,0,96,89,0,18,0,1
decode,0,97,90,0,18,0,1
decode,0,98,91,0,18,0,1
decode,0,99,92,0,18,0,1
decode,0,100,93,0,18,0,1
decode,0,101,94,0,18,0,1
decode,0,102,95,0,18,0,1
decode,0,103,96,0,18,0,1
decode,0,104,97,0,18,0,1
decode,0,105,98,0,18,0,1
decode,0,106,99,0,18,0,1
decode,0,107,100,0,18,0,1
decode,0,108,101,0,18,0,1
decode,0,109,102,0,18,0,1
decode,0,110,103,0,18,0,1
decode,0,111,104,0,18,0,1
decode,0,112,105,0,18,0,1
decode,0,113,106,0,18,0,1
decode,0,114,107,0,18,0,1
decode,0,115,108,0,18,0,1
decode,0,116,109,0,18,0,1
decode,0,117,110,0,18,0,1
decode,0,118,111,0,18,0,1
decode,0,119,112,0,18,0,1
decode,0,120,113,0,18,0,1
decode,0,121,114,0,18,0,1
decode,0,122,116,0,18,0,1
decode,0,123,117,0,18,0,1
decode,0,124,118,0,18,0,1
decode,0,125,119,0,18,0,1
decode,0,126,120,0,18,0,1
decode,0,127,121,0,18,0,1
decode,0,128,122,0,18,0,1
decode,0,129,123,0,18,0,1
decode,0,130,124,0,18,0,1
decode,0,131,125,0,18,0,1
decode,0,132,126,0,18,0,1
decode,0,133,127,0,18,0,1
decode,0,134,128,0,18,0,1
decode,0,135,129,0,18,0,1
decode,0,136,130,0,18,0,1
decode,0,137,131,0,18,0,1
decode,0,138,132,0,18,0,1
decode,0,139,133,0,18,0,1
decode,0,140,134,0,18,0,1
decode,0,141,135,0,18,0,1
decode,0,142,136,0,18,0,1
decode,0,143,137,0,18,0,1
decode,0,144,138,0,18,0,1
decode,0,145,139,0,18,0,1
decode,0,146,140,0,18,0,1
decode,0,147,141,0,18,0,1
decode,0,148,142,0,18,0,1
decode,0,149,143,0,18,0,1
decode,0,150,144,0,18,0,1
decode,0,151,145,0,18,0,1
decode,0,152,146,0,18,0,1
decode,0,153,147,0,18,0,1
decode,0,154,148,0,18,0,1
decode,0,155,149,0,18,0,1
decode,0,156,150,0,18,0,1
decode,0,157,151,0,18,0,1
decode,0,158,152,0,18,0,1
decode,0,159,154,0,18,0,1
decode,0,160,155,0,18,0,1
decode,0,161,156,0,18,0,1
decode,0,162,157,0,18,0,1
decode,0,163,158,0,18,0,1
decode,0,164,159,0,18,0,1
decode,0,165,160,0,18,0,1
decode,0,166,161,0,18,0,1
decode,0,167,162,0,18,0,1
decode,0,168,163,0,18,0,1
decode,0,169,164,0,18,0,1
decode,0,170,165,0,18,0,1
decode,0,171,166,0,18,0,1
decode,0,172,167,0,18,0,1
decode,0,173,168,0,18,0,1
decode,0,174,169,0,18,0,1
decode,0,175,170,0,18,0,1
decode,0,176,171,0,18,0,1
decode,0,177,172,0,18,0,1
decode,0,178,173,0,18,0,1
decode,0,179,175,0,18,0,1
decode,0,180,176,0,18,0,1
decode,0,181,177,0,18,0,1
decode,0,182,178,0,18,0,1
decode,0,183,179,0,18,0,1
decode,0,184,180,0,18,0,1
decode,0,185,181,0,18,0,1
decode,0,186,183,0,18,0,1
decode,0,187,184,0,18,0,1
decode,0,188,185,0,18,0,1
decode,0,189,186,0,18,0,1
decode,0,190,187,0,18,0,1
decode,0,191,188,0,18,0,1
decode,0,192,189,0,18,0,1
decode,0,193,190,0,18,0,1
decode,0,194,191,0,18,0,1
decode,0,195,192,0,18,0,1
decode,0,196,193,0,18,0,1
decode,0,197,194,0,18,0,1
decode,0,198,195,0,18,0,1
decode,0,199,196,0,18,0,1
decode,0,200,197,0,18,0,1
decode,0,201,198,0,18,0,1
decode,0,202,199,0,18,0,1
decode,0,203,200,0,18,0,1
decode,0,204,201,0,18,0,1
decode,0,205,202,0,18,0,1
decode,0,206,203,0,18,0,1
decode,0,207,204,0,18,0,1
decode,0,208,205,0,18,0,1
decode,0,209,206,0,18,0,1
decode,0,210,207,0,18,0,1
decode,0,211,208,0,18,0,1
decode,0,212,209,0,18,0,1
decode,0,213,210,0,18,0,1
decode,0,214,211,0,18,0,1
decode,0,215,212,0,18,0,1
decode,0,216,214,0,18,0,1
decode,0,217,215,0,18,0,1
decode,0,218,217,0,18,0,1
decode,0,219,218,0,18,0,1
decode,0,220,219,0,18,0,1
decode,0,221,220,0,18,0,1
decode,0,222,221,0,18,0,1
decode,0,223,222,0,18,0,1
decode,0,224,223,0,18,0,1
decode,0,225,224,0,18,0,1
decode,0,226,225,0,18,0,1
decode,0,227,226,0,18,0,1
decode,0,228,227,0,18,0,1
decode,0,229,228,0,18,0,1
decode,0,230,229,0,18,0,1
decode,0,231,230,0,18,0,1
decode,0,232,231,0,18,0,1
decode,0,233,232,0,18,0,1
decode,0,234,233,0,18,0,1
decode,0,235,234,0,18,0,1
decode,0,236,235,0,18,0,1
decode,0,237,236,0,18,0,1
decode,0,238,237,0,18,0,1
decode,0,239,238,0,18,0,1
decode,0,240,239,0,18,0,1
decode,0,241,240,0,18,0,1
decode,0,242,241,0,18,0,1
decode,0,243,242,0,18,0,1
decode,0,244,243,0,18,0,1
decode,0,245,244,0,18,0,1
decode,0,246,245,0,18,0,1
decode,0,247,246,0,18,0,1
decode,0,248,247,0,18,0,1
decode,0,249,248,0,18,0,1
decode,0,250,249,0,18,0,1
decode,0,251,250,0,18,0,1
decode,0,252,251,0,18,0,1
decode,0,253,252,0,18,0,1
decode,0,254,253,0,18,0,1
decode,0,255,254,0,18,0,1
decode,0,256,255,0,18,0,1
decode,1,1,19,2,18,0.111111111111111,0.111111111111111
decode,1,2,66,2,18,0.111111111111111,0.222222222222222
decode,1,3,135,2,18,0.111111111111111,0.333333333333333
decode,1,4,176,2,18,0.111111111111111,0.444444444444444
decode,1,5,237,2,18,0.111111111111111,0.555555555555556
decode,1,6,243,2,18,0.111111111111111,0.666666666666667
decode,1,7,0,1,18,0.0555555555555556,0.722222222222222
decode,1,8,25,1,18,0.0555555555555556,0.777777777777778
decode,1,9,32,1,18,0.0555555555555556,0.833333333333333
decode,1,10,76,1,18,0.0555555555555556,0.888888888888889
decode,1,11,82,1,18,0.0555555555555556,0.944444444444445
decode,1,12,151,1,18,0.0555555555555556,1
decode,1,13,1,0,18,0,1
decode,1,14,2,0,18,0,1
decode,1,15,3,0,18,0,1
decode,1,16,4,0,18,0,1
decode,1,17,5,0,18,0,1
decode,1,18,6,0,18,0,1
decode,1,19,7,0,18,0,1
decode,1,20,8,0,18,0,1
decode,1,21,9,0,18,0,1
decode,1,22,10,0,18,0,1
decode,1,23,11,0,18,0,1
decode,1,24,12,0,18,0,1
decode,1,25,13,0,18,0,1
decode,1,26,14,0,18,0,1
decode,1,27,15,0,18,0,1
decode,1,28,16,0,18,0,1
decode,1,29,17,0,18,0,1
decode,1,30,18,0,18,0,1
decode,1,31,20,0,18,0,1
decode,1,32,21,0,18,0,1
decode,1,33,22,0,18,0,1
decode,1,34,23,0,18,0,1
decode,1,35,24,0,18,0,1
decode,1,36,26,0,18,0,1
decode,1,37,27,0,18,0,1
decode,1,38,28,0,18,0,1
decode,1,39,29,0,18,0,1
decode,1,40,30,0,18,0,1
decode,1,41,31,0,18,0,1
decode,1,42,33,0,18,0,1
decode,1,43,34,0,18,0,1
decode,1,44,35,0,18,0,1
decode,1,45,36,0,18,0,1
decode,1,46,37,0,18,0,1
decode,1,47,38,0,18,0,1
decode,1,48,39,0,18,0,1
decode,1,49,40,0,18,0,1
decode,1,50,41,0,18,0,1
decode,1,51,42,0,18,0,1
decode,1,52,43,0,18,0,1
decode,1,53,44,0,18,0,1
decode,1,54,45,0,18,0,1
decode,1,55,46,0,18,0,1
decode,1,56,47,0,18,0,1
decode,1,57,48,0,18,0,1
decode,1,58,49,0,18,0,1
decode,1,59,50,0,18,0,1
decode,1,60,51,0,18,0,1
decode,1,61,52,0,18,0,1
decode,1,62,53,0,18,0,1
decode,1,63,54,0,18,0,1
decode,1,64,55,0,18,0,1
decode,1,65,56,0,18,0,1
decode,1,66,57,0,18,0,1
decode,1,67,58,0,18,0,1
decode,1,68,59,0,18,0,1
decode,1,69,60,0,18,0,1
decode,1,70,61,0,18,0,1
decode,1,71,62,0,18,0,1
decode,1,72,63,0,18,0,1
decode,1,73,64,0,18,0,1
decode,1,74,65,0,18,0,1
decode,1,75,67,0,18,0,1
decode,1,76,68,0,18,0,1
decode,1,77,69,0,18,0,1
decode,1,78,70,0,18,0,1
decode,1,79,71,0,18,0,1
decode,1,80,72,0,18,0,1
decode,1,81,73,0,18,0,1
decode,1,82,74,0,18,0,1
decode,1,83,75,0,18,0,1
decode,1,84,77,0,18,0,1
decode,1,85,78,0,18,0,1
decode,1,86,79,0,18,0,1
decode,1,87,80,0,18,0,1
decode,1,88,81,0,18,0,1
decode,1,89,83,0,18,0,1
decode,1,90,84,0,18,0,1
decode,1,91,85,0,18,0,1
decode,1,92,86,0,18,0,1
decode,1,93,87,0,18,0,1
decode,1,94,88,0,18,0,1
decode,1,95,89,0,18,0,1
decode,1,96,90,0,18,0,1
decode,1,97,91,0,18,0,1
decode,1,98,92,0,18,0,1
decode,1,99,93,0,18,0,1
decode,1,100,94,0,18,0,1
decode,1,101,95,0,18,0,1
decode,1,102,96,0,18,0,1
decode,1,103,97,0,18,0,1
decode,1,104,98,0,18,0,1
decode,1,105,99,0,18,0,1
decode,1,106,100,0,18,0,1
decode,1,107,101,0,18,0,1
decode,1,108,102,0,18,0,1
decode,1,109,103,0,18,0,1
decode,1,110,104,0,18,0,1
decode,1,111,105,0,18,0,1
decode,1,112,106,0,18,0,1
decode,1,113,107,0,18,0,1
decode,1,114,108,0,18,0,1
decode,1,115,109,0,18,0,1
decode,1,116,110,0,18,0,1
decode,1,117,111,0,18,0,1
decode,1,118,112,0,18,0,1
decode,1,119,113,0,18,0,1
decode,1,120,114,0,18,0,1
decode,1,121,115,0,18,0,1
decode,1,122,116,0,18,0,1
decode,1,123,117,0,18,0,1
decode,1,124,118,0,18,0,1
decode,1,125,119,0,18,0,1
decode,1,126,120,0,18,0,1
decode,1,127,121,0,18,0,1
decode,1,128,122,0,18,0,1
decode,1,129,123,0,18,0,1
decode,1,130,124,0,18,0,1
decode,1,131,125,0,18,0,1
decode,1,132,126,0,18,0,1
decode,1,133,127,0,18,0,1
decode,1,134,128,0,18,0,1
decode,1,135,129,0,18,0,1
decode,1,136,130,0,18,0,1
decode,1,137,131,0,18,0,1
decode,1,138,132,0,18,0,1
decode,1,139,133,0,18,0,1
decode,1,140,134,0,18,0,1
decode,1,141,136,0,18,0,1
decode,1,142,137,0,18,0,1
decode,1,143,138,0,18,0,1
decode,1,144,139,0,18,0,1
decode,1,145,140,0,18,0,1
decode,1,146,141,0,18,0,1
decode,1,147,142,0,18,0,1
decode,1,148,143,0,18,0,1
decode,1,149,144,0,18,0,1
decode,1,150,145,0,18,0,1
decode,1,151,146,0,18,0,1
decode,1,152,147,0,18,0,1
decode,1,153,148,0,18,0,1
decode,1,154,149,0,18,0,1
decode,1,155,150,0,18,0,1
decode,1,156,152,0,18,0,1
decode,1,157,153,0,18,0,1
decode,1,158,154,0,18,0,1
decode,1,159,155,0,18,0,1
decode,1,160,156,0,18,0,1
decode,1,161,157,0,18,0,1
decode,1,162,158,0,18,0,1
decode,1,163,159,0,18,0,1
decode,1,164,160,0,18,0,1
decode,1,165,161,0,18,0,1
decode,1,166,162,0,18,0,1
decode,1,167,163,0,18,0,1
decode,1,168,164,0,18,0,1
decode,1,169,165,0,18,0,1
decode,1,170,166,0,18,0,1
decode,1,171,167,0,18,0,1
decode,1,172,168,0,18,0,1
decode,1,173,169,0,18,0,1
decode,1,174,170,0,18,0,1
decode,1,175,171,0,18,0,1
decode,1,176,172,0,18,0,1
decode,1,177,173,0,18,0,1
decode,1,178,174,0,18,0,1
decode,1,179,175,0,18,0,1
decode,1,180,177,0,18,0,1
decode,1,181,178,0,18,0,1
decode,1,182,179,0,18,0,1
decode,1,183,180,0,18,0,1
decode,1,184,181,0,18,0,1
decode,1,185,182,0,18,0,1
decode,1,186,183,0,18,0,1
decode,1,187,184,0,18,0,1
decode,1,188,185,0,18,0,1
decode,1,189,186,0,18,0,1
decode,1,190,187,0,18,0,1
decode,1,191,188,0,18,0,1
decode,1,192,189,0,18,0,1
decode,1,193,190,0,18,0,1
decode,1,194,191,0,18,0,1
decode,1,195,192,0,18,0,1
decode,1,196,193,0,18,0,1
decode,1,197,194,0,18,0,1
decode,1,198,195,0,18,0,1
decode,1,199,196,0,18,0,1
decode,1,200,197,0,18,0,1
decode,1,201,198,0,18,0,1
decode,1,202,199,0,18,0,1
decode,1,203,200,0,18,0,1
decode,1,204,201,0,18,0,1
decode,1,205,202,0,18,0,1
decode,1,206,203,0,18,0,1
decode,1,207,204,0,18,0,1
decode,1,208,205,0,18,0,1
decode,1,209,206,0,18,0,1
decode,1,210,207,0,18,0,1
decode,1,211,208,0,18,0,1
decode,1,212,209,0,18,0,1
decode,1,213,210,0,18,0,1
decode,1,214,211,0,18,0,1
decode,1,215,212,0,18,0,1
decode,1,216,213,0,18,0,1
decode,1,217,214,0,18,0,1
decode,1,218,215,0,18,0,1
decode,1,219,216,0,18,0,1
decode,1,220,217,0,18,0,1
decode,1,221,218,0,18,0,1
decode,1,222,219,0,18,0,1
decode,1,223,220,0,18,0,1
decode,1,224,221,0,18,0,1
decode,1,225,222,0,18,0,1
decode,1,226,223,0,18,0,1
decode,1,227,224,0,18,0,1
decode,1,228,225,0,18,0,1
decode,1,229,226,0,18,0,1
decode,1,230,227,0,18,0,1
decode,1,231,228,0,18,0,1
decode,1,232,229,0,18,0,1
decode,1,233,230,0,18,0,1
decode,1,234,231,0,18,0,1
decode,1,235,232,0,18,0,1
decode,1,236,233,0,18,0,1
decode,1,237,234,0,18,0,1
decode,1,238,235,0,18,0,1
decode,1,239,236,0,18,0,1
decode,1,240,238,0,18,0,1
decode,1,241,239,0,18,0,1
decode,1,242,240,0,18,0,1
decode,1,243,241,0,18,0,1
decode,1,244,242,0,18,0,1
decode,1,245,244,0,18,0,1
decode,1,246,245,0,18,0,1
decode,1,247,246,0,18,0,1
decode,1,248,247,0,18,0,1
decode,1,249,248,0,18,0,1
decode,1,250,249,0,18,0,1
decode,1,251,250,0,18,0,1
decode,1,252,251,0,18,0,1
decode,1,253,252,0,18,0,1
decode,1,254,253,0,18,0,1
decode,1,255,254,0,18,0,1
decode,1,256,255,0,18,0,1
decode,2,1,48,2,18,0.111111111111111,0.111111111111111
decode,2,2,53,2,18,0.111111111111111,0.222222222222222
decode,2,3,61,2,18,0.111111111111111,0.333333333333333
decode,2,4,63,2,18,0.111111111111111,0.444444444444444
decode,2,5,81,2,18,0.111111111111111,0.555555555555556
decode,2,6,162,2,18,0.111111111111111,0.666666666666667
decode,2,7,39,1,18,0.0555555555555556,0.722222222222222
decode,2,8,84,1,18,0.0555555555555556,0.777777777777778
decode,2,9,128,1,18,0.0555555555555556,0.833333333333333
decode,2,10,146,1,18,0.0555555555555556,0.888888888888889
decode,2,11,159,1,18,0.0555555555555556,0.944444444444445
decode,2,12,195,1,18,0.0555555555555556,1
decode,2,13,0,0,18,0,1
decode,2,14,1,0,18,0,1
decode,2,15,2,0,18,0,1
decode,2,16,3,0,18,0,1
decode,2,17,4,0,18,0,1
decode,2,18,5,0,18,0,1
decode,2,19,6,0,18,0,1
decode,2,20,7,0,18,0,1
decode,2,21,8,0,18,0,1
decode,2,22,9,0,18,0,1
decode,2,23,10,0,18,0,1
decode,2,24,11,0,18,0,1
decode,2,25,12,0,18,0,1
decode,2,26,13,0,18,0,1
decode,2,27,14,0,18,0,1
decode,2,28,15,0,18,0,1
decode,2,29,16,0,18,0,1
decode,2,30,17,0,18,0,1
decode,2,31,18,0,18,0,1
decode,2,32,19,0,18,0,1
decode,2,33,20,0,18,0,1
decode,2,34,21,0,18,0,1
decode,2,35,22,0,18,0,1
decode,2,36,23,0,18,0,1
decode,2,37,24,0,18,0,1
decode,2,38,25,0,18,0,1
decode,2,39,26,0,18,0,1
decode,2,40,27,0,18,0,1
decode,2,41,28,0,18,0,1
decode,2,42,29,0,18,0,1
decode,2,43,30,0,18,0,1
decode,2,44,31,0,18,0,1
decode,2,45,32,0,18,0,1
decode,2,46,33,0,18,0,1
decode,2,47,34,0,18,0,1
decode,2,48,35,0,18,0,1
decode,2,49,36,0,18,0,1
decode,2,50,37,0,18,0,1
decode,2,51,38,0,18,0,1
decode,2,52,40,0,18,0,1
decode,2,53,41,0,18,0,1
decode,2,54,42,0,18,0,1
decode,2,55,43,0,18,0,1
decode,2,56,44,0,18,0,1
decode,2,57,45,0,18,0,1
decode,2,58,46,0,18,0,1
decode,2,59,47,0,18,0,1
decode,2,60,49,0,18,0,1
decode,2,61,50,0,18,0,1
decode,2,62,51,0,18,0,1
decode,2,63,52,0,18,0,1
decode,2,64,54,0,18,0,1
decode,2,65,55,0,18,0,1
decode,2,66,56,0,18,0,1
decode,2,67,57,0,18,0,1
decode,2,68,58,0,18,0,1
decode,2,69,59,0,18,0,1
decode,2,70,60,0,18,0,1
decode,2,71,62,0,18,0,1
decode,2,72,64,0,18,0,1
decode,2,73,65,0,18,0,1
decode,2,74,66,0,18,0,1
decode,2,75,67,0,18,0,1
decode,2,76,68,0,18,0,1
decode,2,77,69,0,18,0,1
decode,2,78,70,0,18,0,1
decode,2,79,71,0,18,0,1
decode,2,80,72,0,18,0,1
decode,2,81,73,0,18,0,1
decode,2,82,74,0,18,0,1
decode,2,83,75,0,18,0,1
decode,2,84,76,0,18,0,1
decode,2,85,77,0,18,0,1
decode,2,86,78,0,18,0,1
decode,2,87,79,0,18,0,1
decode,2,88,80,0,18,0,1
decode,2,89,82,0,18,0,1
decode,2,90,83,0,18,0,1
decode,2,91,85,0,18,0,1
decode,2,92,86,0,18,0,1
decode,2,93,87,0,18,0,1
decode,2,94,88,0,18,0,1
decode,2,95,89,0,18,0,1
decode,2,96,90,0,18,0,1
decode,2,97,91,0,18,0,1
decode,2,98,92,0,18,0,1
decode,2,99,93,0,18,0,1
decode,2,100,94,0,18,0,1
decode,2,101,95,0,18,0,1
decode,2,102,96,0,18,0,1
decode,2,103,97,0,18,0,1
decode,2,104,98,0,18,0,1
decode,2,105,99,0,18,0,1
decode,2,106,100,0,18,0,1
decode,2,107,101,0,18,0,1
decode,2,108,102,0,18,0,1
decode,2,109,103,0,18,0,1
decode,2,110,104,0,18,0,1
decode,2,111,105,0,18,0,1
decode,2,112,106,0,18,0,1
decode,2,113,107,0,18,0,1
decode,2,114,108,0,18,0,1
decode,2,115,109,0,18,0,1
decode,2,116,110,0,18,0,1
decode,2,117,111,0,18,0,1
decode,2,118,112,0,18,0,1
decode,2,119,113,0,18,0,1
decode,2,120,114,0,18,0,1
decode,2,121,115,0,18,0,1
decode,2,122,116,0,18,0,1
decode,2,123,117,0,18,0,1
decode,2,124,118,0,18,0,1
decode,2,125,119,0,18,0,1
decode,2,126,120,0,18,0,1
decode,2,127,121,0,18,0,1
decode,2,128,122,0,18,0,1
decode,2,129,123,0,18,0,1
decode,2,130,124,0,18,0,1
decode,2,131,125,0,18,0,1
decode,2,132,126,0,18,0,1
decode,2,133,127,0,18,0,1
decode,2,134,129,0,18,0,1
decode,2,135,130,0,18,0,1
decode,2,136,131,0,18,0,1
decode,2,137,132,0,18,0,1
decode,2,138,133,0,18,0,1
decode,2,139,134,0,18,0,1
decode,2,140,135,0,18,0,1
decode,2,141,136,0,18,0,1
decode,2,142,137,0,18,0,1
decode,2,143,138,0,18,0,1
decode,2,144,139,0,18,0,1
decode,2,145,140,0,18,0,1
decode,2,146,141,0,18,0,1
decode,2,147,142,0,18,0,1
decode,2,148,143,0,18,0,1
decode,2,149,144,0,18,0,1
decode,2,150,145,0,18,0,1
decode,2,151,147,0,18,0,1
decode,2,152,148,0,18,0,1
decode,2,153,149,0,18,0,1
decode,2,154,150,0,18,0,1
decode,2,155,151,0,18,0,1
decode,2,156,152,0,18,0,1
decode,2,157,153,0,18,0,1
decode,2,158,154,0,18,0,1
decode,2,159,155,0,18,0,1
decode,2,160,156,0,18,0,1
decode,2,161,157,0,18,0,1
decode,2,162,158,0,18,0,1
decode,2,163,160,0,18,0,1
decode,2,164,161,0,18,0,1
decode,2,165,163,0,18,0,1
decode,2,166,164,0,18,0,1
decode,2,167,165,0,18,0,1
decode,2,168,166,0,18,0,1
decode,2,169,167,0,18,0,1
decode,2,170,168,0,18,0,1
decode,2,171,169,0,18,0,1
decode,2,172,170,0,18,0,1
decode,2,173,171,0,18,0,1
decode,2,174,172,0,18,0,1
decode,2,175,173,0,18,0,1
decode,2,176,174,0,18,0,1
decode,2,177,175,0,18,0,1
decode,2,178,176,0,18,0,1
decode,2,179,177,0,18,0,1
decode,2,180,178,0,18,0,1
decode,2,181,179,0,18,0,1
decode,2,182,180,0,18,0,1
decode,2,183,181,0,18,0,1
decode,2,184,182,0,18,0,1
decode,2,185,183,0,18,0,1
decode,2,186,184,0,18,0,1
decode,2,187,185,0,18,0,1
decode,2,188,186,0,18,0,1
decode,2,189,187,0,18,0,1
decode,2,190,188,0,18,0,1
decode,2,191,189,0,18,0,1
decode,2,192,190,0,18,0,1
decode,2,193,191,0,18,0,1
decode,2,194,192,0,18,0,1
decode,2,195,193,0,18,0,1
decode,2,196,194,0,18,0,1
decode,2,197,196,0,18,0,1
decode,2,198,197,0,18,0,1
decode,2,199,198,0,18,0,1
decode,2,200,199,0,18,0,1
decode,2,201,200,0,18,0,1
decode,2,202,201,0,18,0,1
decode,2,203,202,0,18,0,1
decode,2,204,203,0,18,0,1
decode,2,205,204,0,18,0,1
decode,2,206,205,0,18,0,1
decode,2,207,206,0,18,0,1
decode,2,208,207,0,18,0,1
decode,2,209,208,0,18,0,1
decode,2,210,209,0,18,0,1
decode,2,211,210,0,18,0,1
decode,2,212,211,0,18,0,1
decode,2,213,212,0,18,0,1
decode,2,214,213,0,18,0,1
decode,2,215,214,0,18,0,1
decode,2,216,215,0,18,0,1
decode,2,217,216,0,18,0,1
decode,2,218,217,0,18,0,1
decode,2,219,218,0,18,0,1
decode,2,220,219,0,18,0,1
decode,2,221,220,0,18,0,1
decode,2,222,221,0,18,0,1
decode,2,223,222,0,18,0,1
decode,2,224,223,0,18,0,1
decode,2,225,224,0,18,0,1
decode,2,226,225,0,18,0,1
decode,2,227,226,0,18,0,1
decode,2,228,227,0,18,0,1
decode,2,229,228,0,18,0,1
decode,2,230,229,0,18,0,1
decode,2,231,230,0,18,0,1
decode,2,232,231,0,18,0,1
decode,2,233,232,0,18,0,1
decode,2,234,233,0,18,0,1
decode,2,235,234,0,18,0,1
decode,2,236,235,0,18,0,1
decode,2,237,236,0,18,0,1
decode,2,238,237,0,18,0,1
decode,2,239,238,0,18,0,1
decode,2,240,239,0,18,0,1
decode,2,241,240,0,18,0,1
decode,2,242,241,0,18,0,1
decode,2,243,242,0,18,0,1
decode,2,244,243,0,18,0,1
decode,2,245,244,0,18,0,1
decode,2,246,245,0,18,0,1
decode,2,247,246,0,18,0,1
decode,2,248,247,0,18,0,1
decode,2,249,248,0,18,0,1
decode,2,250,249,0,18,0,1
decode,2,251,250,0,18,0,1
decode,2,252,251,0,18,0,1
decode,2,253,252,0,18,0,1
decode,2,254,253,0,18,0,1
decode,2,255,254,0,18,0,1
decode,2,256,255,0,18,0,1
decode,3,1,19,3,18,0.166666666666667,0.166666666666667
decode,3,2,6,2,18,0.111111111111111,0.277777777777778
decode,3,3,43,2,18,0.111111111111111,0.388888888888889
decode,3,4,111,2,18,0.111111111111111,0.5
decode,3,5,211,2,18,0.111111111111111,0.611111111111111
decode,3,6,1,1,18,0.0555555555555556,0.666666666666667
decode,3,7,63,1,18,0.0555555555555556,0.722222222222222
decode,3,8,68,1,18,0.0555555555555556,0.777777777777778
decode,3,9,79,1,18,0.0555555555555556,0.833333333333333
decode,3,10,82,1,18,0.0555555555555556,0.888888888888889
decode,3,11,117,1,18,0.0555555555555556,0.944444444444445
decode,3,12,118,1,18,0.0555555555555556,1
decode,3,13,0,0,18,0,1
decode,3,14,2,0,18,0,1
decode,3,15,3,0,18,0,1
decode,3,16,4,0,18,0,1
decode,3,17,5,0,18,0,1
decode,3,18,7,0,18,0,1
decode,3,19,8,0,18,0,1
decode,3,20,9,0,18,0,1
decode,3,21,10,0,18,0,1
decode,3,22,11,0,18,0,1
decode,3,23,12,0,18,0,1
decode,3,24,13,0,18,0,1
decode,3,25,14,0,18,0,1
decode,3,26,15,0,18,0,1
decode,3,27,16,0,18,0,1
decode,3,28,17,0,18,0,1
decode,3,29,18,0,18,0,1
decode,3,30,20,0,18,0,1
decode,3,31,21,0,18,0,1
decode,3,32,22,0,18,0,1
decode,3,33,23,0,18,0,1
decode,3,34,24,0,18,0,1
decode,3,35,25,0,18,0,1
decode,3,36,26,0,18,0,1
decode,3,37,27,0,18,0,1
decode,3,38,28,0,18,0,1
decode,3,39,29,0,18,0,1
decode,3,40,30,0,18,0,1
decode,3,41,31,0,18,0,1
decode,3,42,32,0,18,0,1
decode,3,43,33,0,18,0,1
decode,3,44,34,0,18,0,1
decode,3,45,35,0,18,0,1
decode,3,46,36,0,18,0,1
decode,3,47,37,0,18,0,1
decode,3,48,38,0,18,0,1
decode,3,49,39,0,18,0,1
decode,3,50,40,0,18,0,1
decode,3,51,41,0,18,0,1
decode,3,52,42,0,18,0,1
decode,3,53,44,0,18,0,1
decode,3,54,45,0,18,0,1
decode,3,55,46,0,18,0,1
decode,3,56,47,0,18,0,1
decode,3,57,48,0,18,0,1
decode,3,58,49,0,18,0,1
decode,3,59,50,0,18,0,1
decode,3,60,51,0,18,0,1
decode,3,61,52,0,18,0,1
decode,3,62,53,0,18,0,1
decode,3,63,54,0,18,0,1
decode,3,64,55,0,18,0,1
decode,3,65,56,0,18,0,1
decode,3,66,57,0,18,0,1
decode,3,67,58,0,18,0,1
decode,3,68,59,0,18,0,1
decode,3,69,60,0,18,0,1
decode,3,70,61,0,18,0,1
decode,3,71,62,0,18,0,1
decode,3,72,64,0,18,0,1
decode,3,73,65,0,18,0,1
decode,3,74,66,0,18,0,1
decode,3,75,67,0,18,0,1
decode,3,76,69,0,18,0,1
decode,3,77,70,0,18,0,1
decode,3,78,71,0,18,0,1
decode,3,79,72,0,18,0,1
decode,3,80,73,0,18,0,1
decode,3,81,74,0,18,0,1
decode,3,82,75,0,18,0,1
decode,3,83,76,0,18,0,1
decode,3,84,77,0,18,0,1
decode,3,85,78,0,18,0,1
decode,3,86,80,0,18,0,1
decode,3,87,81,0,18,0,1
decode,3,88,83,0,18,0,1
decode,3,89,84,0,18,0,1
decode,3,90,85,0,18,0,1
decode,3,91,86,0,18,0,1
decode,3,92,87,0,18,0,1
decode,3,93,88,0,18,0,1
decode,3,94,89,0,18,0,1
decode,3,95,90,0,18,0,1
decode,3,96,91,0,18,0,1
decode,3,97,92,0,18,0,1
decode,3,98,93,0,18,0,1
decode,3,99,94,0,18,0,1
decode,3,100,95,0,18,0,1
decode,3,101,96,0,18,0,1
decode,3,102,97,0,18,0,1
decode,3,103,98,0,18,0,1
decode,3,104,99,0,18,0,1
decode,3,105,100,0,18,0,1
decode,3,106,101,0,18,0,1
decode,3,107,102,0,18,0,1
decode,3,108,103,0,18,0,1
decode,3,109,104,0,18,0,1
decode,3,110,105,0,18,0,1
decode,3,111,106,0,18,0,1
decode,3,112,107,0,18,0,1
decode,3,113,108,0,18,0,1
decode,3,114,109,0,18,0,1
decode,3,115,110,0,18,0,1
decode,3,116,112,0,18,0,1
decode,3,117,113,0,18,0,1
decode,3,118,114,0,18,0,1
decode,3,119,115,0,18,0,1
decode,3,120,116,0,18,0,1
decode,3,121,119,0,18,0,1
decode,3,122,120,0,18,0,1
decode,3,123,121,0,18,0,1
decode,3,124,122,0,18,0,1
decode,3,125,123,0,18,0,1
decode,3,126,124,0,18,0,1
decode,3,127,125,0,18,0,1
decode,3,128,126,0,18,0,1
decode,3,129,127,0,18,0,1
decode,3,130,128,0,18,0,1
decode,3,131,129,0,18,0,1
decode,3,132,130,0,18,0,1
decode,3,133,131,0,18,0,1
decode,3,134,132,0,18,0,1
decode,3,135,133,0,18,0,1
decode,3,136,134,0,18,0,1
decode,3,137,135,0,18,0,1
decode,3,138,136,0,18,0,1
decode,3,139,137,0,18,0,1
decode,3,140,138,0,18,0,1
decode,3,141,139,0,18,0,1
decode,3,142,140,0,18,0,1
decode,3,143,141,0,18,0,1
decode,3,144,142,0,18,0,1
decode,3,145,143,0,18,0,1
decode,3,146,144,0,18,0,1
decode,3,147,145,0,18,0,1
decode,3,148,146,0,18,0,1
decode,3,149,147,0,18,0,1
decode,3,150,148,0,18,0,1
decode,3,151,149,0,18,0,1
decode,3,152,150,0,18,0,1
decode,3,153,151,0,18,0,1
decode,3,154,152,0,18,0,1
decode,3,155,153,0,18,0,1
decode,3,156,154,0,18,0,1
decode,3,157,155,0,18,0,1
decode,3,158,156,0,18,0,1
decode,3,159,157,0,18,0,1
decode,3,160,158,0,18,0,1
decode,3,161,159,0,18,0,1
decode,3,162,160,0,18,0,1
decode,3,163,161,0,18,0,1
decode,3,164,162,0,18,0,1
decode,3,165,163,0,18,0,1
decode,3,166,164,0,18,0,1
decode,3,167,165,0,18,0,1
decode,3,168,166,0,18,0,1
decode,3,169,167,0,18,0,1
decode,3,170,168,0,18,0,1
decode,3,171,169,0,18,0,1
decode,3,172,170,0,18,0,1
decode,3,173,171,0,18,0,1
decode,3,174,172,0,18,0,1
decode,3,175,173,0,18,0,1
decode,3,176,174,0,18,0,1
decode,3,177,175,0,18,0,1
decode,3,178,176,0,18,0,1
decode,3,179,177,0,18,0,1
decode,3,180,178,0,18,0,1
decode,3,181,179,0,18,0,1
decode,3,182,180,0,18,0,1
decode,3,183,181,0,18,0,1
decode,3,184,182,0,18,0,1
decode,3,185,183,0,18,0,1
decode,3,186,184,0,18,0,1
decode,3,187,185,0,18,0,1
decode,3,188,186,0,18,0,1
decode,3,189,187,0,18,0,1
decode,3,190,188,0,18,0,1
decode,3,191,189,0,18,0,1
decode,3,192,190,0,18,0,1
decode,3,193,191,0,18,0,1
decode,3,194,192,0,18,0,1
decode,3,195,193,0,18,0,1
decode,3,196,194,0,18,0,1
decode,3,197,195,0,18,0,1
decode,3,198,196,0,18,0,1
decode,3,199,197,0,18,0,1
decode,3,200,198,0,18,0,1
decode,3,201,199,0,18,0,1
decode,3,202,200,0,18,0,1
decode,3,203,201,0,18,0,1
decode,3,204,202,0,18,0,1
decode,3,205,203,0,18,0,1
decode,3,206,204,0,18,0,1
decode,3,207,205,0,18,0,1
decode,3,208,206,0,18,0,1
decode,3,209,207,0,18,0,1
decode,3,210,208,0,18,0,1
decode,3,211,209,0,18,0,1
decode,3,212,210,0,18,0,1
decode,3,213,212,0,18,0,1
decode,3,214,213,0,18,0,1
decode,3,215,214,0,18,0,1
decode,3,216,215,0,18,0,1
decode,3,217,216,0,18,0,1
decode,3,218,217,0,18,0,1
decode,3,219,218,0,18,0,1
decode,3,220,219,0,18,0,1
decode,3,221,220,0,18,0,1
decode,3,222,221,0,18,0,1
decode,3,223,222,0,18,0,1
decode,3,224,223,0,18,0,1
decode,3,225,224,0,18,0,1
decode,3,226,225,0,18,0,1
decode,3,227,226,0,18,0,1
decode,3,228,227,0,18,0,1
decode,3,229,228,0,18,0,1
decode,3,230,229,0,18,0,1
decode,3,231,230,0,18,0,1
decode,3,232,231,0,18,0,1
decode,3,233,232,0,18,0,1
decode,3,234,233,0,18,0,1
decode,3,235,234,0,18,0,1
decode,3,236,235,0,18,0,1
decode,3,237,236,0,18,0,1
decode,3,238,237,0,18,0,1
decode,3,239,238,0,18,0,1
decode,3,240,239,0,18,0,1
decode,3,241,240,0,18,0,1
decode,3,242,241,0,18,0,1
decode,3,243,242,0,18,0,1
decode,3,244,243,0,18,0,1
decode,3,245,244,0,18,0,1
decode,3,246,245,0,18,0,1
decode,3,247,246,0,18,0,1
decode,3,248,247,0,18,0,1
decode,3,249,248,0,18,0,1
decode,3,250,249,0,18,0,1
decode,3,251,250,0,18,0,1
decode,3,252,251,0,18,0,1
decode,3,253,252,0,18,0,1
decode,3,254,253,0,18,0,1
decode,3,255,254,0,18,0,1
decode,3,256,255,0,18,0,1
decode,4,1,161,3,18,0.166666666666667,0.166666666666667
decode,4,2,170,3,18,0.166666666666667,0.333333333333333
decode,4,3,45,2,18,0.111111111111111,0.444444444444444
decode,4,4,4,1,18,0.0555555555555556,0.5
decode,4,5,5,1,18,0.0555555555555556,0.555555555555556
decode,4,6,24,1,18,0.0555555555555556,0.611111111111111
decode,4,7,127,1,18,0.0555555555555556,0.666666666666667
decode,4,8,186,1,18,0.0555555555555556,0.722222222222222
decode,4,9,201,1,18,0.0555555555555556,0.777777777777778
decode,4,10,213,1,18,0.0555555555555556,0.833333333333333
decode,4,11,230,1,18,0.0555555555555556,0.888888888888889
decode,4,12,242,1,18,0.0555555555555556,0.944444444444445
decode,4,13,255,1,18,0.0555555555555556,1
decode,4,14,0,0,18,0,1
decode,4,15,1,0,18,0,1
decode,4,16,2,0,18,0,1
decode,4,17,3,0,18,0,1
decode,4,18,6,0,18,0,1
decode,4,19,7,0,18,0,1
decode,4,20,8,0,18,0,1
decode,4,21,9,0,18,0,1
decode,4,22,10,0,18,0,1
decode,4,23,11,0,18,0,1
decode,4,24,12,0,18,0,1
decode,4,25,13,0,18,0,1
decode,4,26,14,0,18,0,1
decode,4,27,15,0,18,0,1
decode,4,28,16,0,18,0,1
decode,4,29,17,0,18,0,1
decode,4,30,18,0,18,0,1
decode,4,31,19,0,18,0,1
decode,4,32,20,0,18,0,1
decode,4,33,21,0,18,0,1
decode,4,34,22,0,18,0,1
decode,4,35,23,0,18,0,1
decode,4,36,25,0,18,0,1
decode,4,37,26,0,18,0,1
decode,4,38,27,0,18,0,1
decode,4,39,28,0,18,0,1
decode,4,40,29,0,18,0,1
decode,4,41,30,0,18,0,1
decode,4,42,31,0,18,0,1
decode,4,43,32,0,18,0,1
decode,4,44,33,0,18,0,1
decode,4,45,34,0,18,0,1
decode,4,46,35,0,18,0,1
decode,4,47,36,0,18,0,1
decode,4,48,37,0,18,0,1
decode,4,49,38,0,18,0,1
decode,4,50,39,0,18,0,1
decode,4,51,40,0,18,0,1
decode,4,52,41,0,18,0,1
decode,4,53,42,0,18,0,1
decode,4,54,43,0,18,0,1
decode,4,55,44,0,18,0,1
decode,4,56,46,0,18,0,1
decode,4,57,47,0,18,0,1
decode,4,58,48,0,18,0,1
decode,4,59,49,0,18,0,1
decode,4,60,50,0,18,0,1
decode,4,61,51,0,18,0,1
decode,4,62,52,0,18,0,1
decode,4,63,53,0,18,0,1
decode,4,64,54,0,18,0,1
decode,4,65,55,0,18,0,1
decode,4,66,56,0,18,0,1
decode,4,67,57,0,18,0,1
decode,4,68,58,0,18,0,1
decode,4,69,59,0,18,0,1
decode,4,70,60,0,18,0,1
decode,4,71,61,0,18,0,1
decode,4,72,62,0,18,0,1
decode,4,73,63,0,18,0,1
decode,4,74,64,0,18,0,1
decode,4,75,65,0,18,0,1
decode,4,76,66,0,18,0,1
decode,4,77,67,0,18,0,1
decode,4,78,68,0,18,0,1
decode,4,79,69,0,18,0,1
decode,4,80,70,0,18,0,1
decode,4,81,71,0,18,0,1
decode,4,82,72,0,18,0,1
decode,4,83,73,0,18,0,1
decode,4,84,74,0,18,0,1
decode,4,85,75,0,18,0,1
decode,4,86,76,0,18,0,1
decode,4,87,77,0,18,0,1
decode,4,88,78,0,18,0,1
decode,4,89,79,0,18,0,1
decode,4,90,80,0,18,0,1
decode,4,91,81,0,18,0,1
decode,4,92,82,0,18,0,1
decode,4,93,83,0,18,0,1
decode,4,94,84,0,18,0,1
decode,4,95,85,0,18,0,1
decode,4,96,86,0,18,0,1
decode,4,97,87,0,18,0,1
decode,4,98,88,0,18,0,1
decode,4,99,89,0,18,0,1
decode,4,100,90,0,18,0,1
decode,4,101,91,0,18,0,1
decode,4,102,92,0,18,0,1
decode,4,103,93,0,18,0,1
decode,4,104,94,0,18,0,1
decode,4,105,95,0,18,0,1
decode,4,106,96,0,18,0,1
decode,4,107,97,0,18,0,1
decode,4,108,98,0,18,0,1
decode,4,109,99,0,18,0,1
decode,4,110,100,0,18,0,1
decode,4,111,101,0,18,0,1
decode,4,112,102,0,18,0,1
decode,4,113,103,0,18,0,1
decode,4,114,104,0,18,0,1
decode,4,115,105,0,18,0,1
decode,4,116,106,0,18,0,1
decode,4,117,107,0,18,0,1
decode,4,118,108,0,18,0,1
decode,4,119,109,0,18,0,1
decode,4,120,110,0,18,0,1
decode,4,121,111,0,18,0,1
decode,4,122,112,0,18,0,1
decode,4,123,113,0,18,0,1
decode,4,124,114,0,18,0,1
decode,4,125,115,0,18,0,1
decode,4,126,116,0,18,0,1
decode,4,127,117,0,18,0,1
decode,4,128,118,0,18,0,1
decode,4,129,119,0,18,0,1
decode,4,130,120,0,18,0,1
decode,4,131,121,0,18,0,1
decode,4,132,122,0,18,0,1
decode,4,133,123,0,18,0,1
decode,4,134,124,0,18,0,1
decode,4,135,125,0,18,0,1
decode,4,136,126,0,18,0,1
decode,4,137,128,0,18,0,1
decode,4,138,129,0,18,0,1
decode,4,139,130,0,18,0,1
decode,4,140,131,0,18,0,1
decode,4,141,132,0,18,0,1
decode,4,142,133,0,18,0,1
decode,4,143,134,0,18,0,1
decode,4,144,135,0,18,0,1
decode,4,145,136,0,18,0,1
decode,4,146,137,0,18,0,1
decode,4,147,138,0,18,0,1
decode,4,148,139,0,18,0,1
decode,4,149,140,0,18,0,1
decode,4,150,141,0,18,0,1
decode,4,151,142,0,18,0,1
decode,4,152,143,0,18,0,1
decode,4,153,144,0,18,0,1
decode,4,154,145,0,18,0,1
decode,4,155,146,0,18,0,1
decode,4,156,147,0,18,0,1
decode,4,157,148,0,18,0,1
decode,4,158,149,0,18,0,1
decode,4,159,150,0,18,0,1
decode,4,160,151,0,18,0,1
decode,4,161,152,0,18,0,1
decode,4,162,153,0,18,0,1
decode,4,163,154,0,18,0,1
decode,4,164,155,0,18,0,1
decode,4,165,156,0,18,0,1
decode,4,166,157,0,18,0,1
decode,4,167,158,0,18,0,1
decode,4,168,159,0,18,0,1
decode,4,169,160,0,18,0,1
decode,4,170,162,0,18,0,1
decode,4,171,163,0,18,0,1
decode,4,172,164,0,18,0,1
decode,4,173,165,0,18,0,1
decode,4,174,166,0,18,0,1
decode,4,175,167,0,18,0,1
decode,4,176,168,0,18,0,1
decode,4,177,169,0,18,0,1
decode,4,178,171,0,18,0,1
decode,4,179,172,0,18,0,1
decode,4,180,173,0,18,0,1
decode,4,181,174,0,18,0,1
decode,4,182,175,0,18,0,1
decode,4,183,176,0,18,0,1
decode,4,184,177,0,18,0,1
decode,4,185,178,0,18,0,1
decode,4,186,179,0,18,0,1
decode,4,187,180,0,18,0,1
decode,4,188,181,0,18,0,1
decode,4,189,182,0,18,0,1
decode,4,190,183,0,18,0,1
decode,4,191,184,0,18,0,1
decode,4,192,185,0,18,0,1
decode,4,193,187,0,18,0,1
decode,4,194,188,0,18,0,1
decode,4,195,189,0,18,0,1
decode,4,196,190,0,18,0,1
decode,4,197,191,0,18,0,1
decode,4,198,192,0,18,0,1
decode,4,199,193,0,18,0,1
decode,4,200,194,0,18,0,1
decode,4,201,195,0,18,0,1
decode,4,202,196,0,18,0,1
decode,4,203,197,0,18,0,1
decode,4,204,198,0,18,0,1
decode,4,205,199,0,18,0,1
decode,4,206,200,0,18,0,1
decode,4,207,202,0,18,0,1
decode,4,208,203,0,18,0,1
decode,4,209,204,0,18,0,1
decode,4,210,205,0,18,0,1
decode,4,211,206,0,18,0,1
decode,4,212,207,0,18,0,1
decode,4,213,208,0,18,0,1
decode,4,214,209,0,18,0,1
decode,4,215,210,0,18,0,1
decode,4,216,211,0,18,0,1
decode,4,217,212,0,18,0,1
decode,4,218,214,0,18,0,1
decode,4,219,215,0,18,0,1
decode,4,220,216,0,18,0,1
decode,4,221,217,0,18,0,1
decode,4,222,218,0,18,0,1
decode,4,223,219,0,18,0,1
decode,4,224,220,0,18,0,1
decode,4,225,221,0,18,0,1
decode,4,226,222,0,18,0,1
decode,4,227,223,0,18,0,1
decode,4,228,224,0,18,0,1
decode,4,229,225,0,18,0,1
decode,4,230,226,0,18,0,1
decode,4,231,227,0,18,0,1
decode,4,232,228,0,18,0,1
decode,4,233,229,0,18,0,1
decode,4,234,231,0,18,0,1
decode,4,235,232,0,18,0,1
decode,4,236,233,0,18,0,1
decode,4,237,234,0,18,0,1
decode,4,238,235,0,18,0,1
decode,4,239,236,0,18,0,1
decode,4,240,237,0,18,0,1
decode,4,241,238,0,18,0,1
decode,4,242,239,0,18,0,1
decode,4,243,240,0,18,0,1
decode,4,244,241,0,18,0,1
decode,4,245,243,0,18,0,1
decode,4,246,244,0,18,0,1
decode,4,247,245,0,18,0,1
decode,4,248,246,0,18,0,1
decode,4,249,247,0,18,0,1
decode,4,250,248,0,18,0,1
decode,4,251,249,0,18,0,1
decode,4,252,250,0,18,0,1
decode,4,253,251,0,18,0,1
decode,4,254,252,0,18,0,1
decode,4,255,253,0,18,0,1
decode,4,256,254,0,18,0,1
decode,5,1,23,3,18,0.166666666666667,0.166666666666667
decode,5,2,2,2,18,0.111111111111111,0.277777777777778
decode,5,3,38,2,18,0.111111111111111,0.388888888888889
decode,5,4,70,2,18,0.111111111111111,0.5
decode,5,5,209,2,18,0.111111111111111,0.611111111111111
decode,5,6,210,2,18,0.111111111111111,0.722222222222222
decode,5,7,53,1,18,0.0555555555555556,0.777777777777778
decode,5,8,92,1,18,0.0555555555555556,0.833333333333333
decode,5,9,175,1,18,0.0555555555555556,0.888888888888889
decode,5,10,212,1,18,0.0555555555555556,0.944444444444445
decode,5,11,240,1,18,0.0555555555555556,1
decode,5,12,0,0,18,0,1
decode,5,13,1,0,18,0,1
decode,5,14,3,0,18,0,1
decode,5,15,4,0,18,0,1
decode,5,16,5,0,18,0,1
decode,5,17,6,0,18,0,1
decode,5,18,7,0,18,0,1
decode,5,19,8,0,18,0,1
decode,5,20,9,0,18,0,1
decode,5,21,10,0,18,0,1
decode,5,22,11,0,18,0,1
decode,5,23,12,0,18,0,1
decode,5,24,13,0,18,0,1
decode,5,25,14,0,18,0,1
decode,5,26,15,0,18,0,1
decode,5,27,16,0,18,0,1
decode,5,28,17,0,18,0,1
decode,5,29,18,0,18,0,1
decode,5,30,19,0,18,0,1
decode,5,31,20,0,18,0,1
decode,5,32,21,0,18,0,1
decode,5,33,22,0,18,0,1
decode,5,34,24,0,18,0,1
decode,5,35,25,0,18,0,1
decode,5,36,26,0,18,0,1
decode,5,37,27,0,18,0,1
decode,5,38,28,0,18,0,1
decode,5,39,29,0,18,0,1
decode,5,40,30,0,18,0,1
decode,5,41,31,0,18,0,1
decode,5,42,32,0,18,0,1
decode,5,43,33,0,18,0,1
decode,5,44,34,0,18,0,1
decode,5,45,35,0,18,0,1
decode,5,46,36,0,18,0,1
decode,5,47,37,0,18,0,1
decode,5,48,39,0,18,0,1
decode,5,49,40,0,18,0,1
decode,5,50,41,0,18,0,1
decode,5,51,42,0,18,0,1
decode,5,52,43,0,18,0,1
decode,5,53,44,0,18,0,1
decode,5,54,45,0,18,0,1
decode,5,55,46,0,18,0,1
decode,5,56,47,0,18,0,1
decode,5,57,48,0,18,0,1
decode,5,58,49,0,18,0,1
decode,5,59,50,0,18,0,1
decode,5,60,51,0,18,0,1
decode,5,61,52,0,18,0,1
decode,5,62,54,0,18,0,1
decode,5,63,55,0,18,0,1
decode,5,64,56,0,18,0,1
decode,5,65,57,0,18,0,1
decode,5,66,58,0,18,0,1
decode,5,67,59,0,18,0,1
decode,5,68,60,0,18,0,1
decode,5,69,61,0,18,0,1
decode,5,70,62,0,18,0,1
decode,5,71,63,0,18,0,1
decode,5,72,64,0,18,0,1
decode,5,73,65,0,18,0,1
decode,5,74,66,0,18,0,1
decode,5,75,67,0,18,0,1
decode,5,76,68,0,18,0,1
decode,5,77,69,0,18,0,1
decode,5,78,71,0,18,0,1
decode,5,79,72,0,18,0,1
decode,5,80,73,0,18,0,1
decode,5,81,74,0,18,0,1
decode,5,82,75,0,18,0,1
decode,5,83,76,0,18,0,1
decode,5,84,77,0,18,0,1
decode,5,85,78,0,18,0,1
decode,5,86,79,0,18,0,1
decode,5,87,80,0,18,0,1
decode,5,88,81,0,18,0,1
decode,5,89,82,0,18,0,1
decode,5,90,83,0,18,0,1
decode,5,91,84,0,18,0,1
decode,5,92,85,0,18,0,1
decode,5,93,86,0,18,0,1
decode,5,94,87,0,18,0,1
decode,5,95,88,0,18,0,1
decode,5,96,89,0,18,0,1
decode,5,97,90,0,18,0,1
decode,5,98,91,0,18,0,1
decode,5,99,93,0,18,0,1
decode,5,100,94,0,18,0,1
decode,5,101,95,0,18,0,1
decode,5,102,96,0,18,0,1
decode,5,103,97,0,18,0,1
decode,5,104,98,0,18,0,1
decode,5,105,99,0,18,0,1
decode,5,106,100,0,18,0,1
decode,5,107,101,0,18,0,1
decode,5,108,102,0,18,0,1
decode,5,109,103,0,18,0,1
decode,5,110,104,0,18,0,1
decode,5,111,105,0,18,0,1
decode,5,112,106,0,18,0,1
decode,5,113,107,0,18,0,1
decode,5,114,108,0,18,0,1
decode,5,115,109,0,18,0,1
decode,5,116,110,0,18,0,1
decode,5,117,111,0,18,0,1
decode,5,118,112,0,18,0,1
decode,5,119,113,0,18,0,1
decode,5,120,114,0,18,0,1
decode,5,121,115,0,18,0,1
decode,5,122,116,0,18,0,1
decode,5,123,117,0,18,0,1
decode,5,124,118,0,18,0,1
decode,5,125,119,0,18,0,1
decode,5,126,120,0,18,0,1
decode,5,127,121,0,18,0,1
decode,5,128,122,0,18,0,1
decode,5,129,123,0,18,0,1
decode,5,130,124,0,18,0,1
decode,5,131,125,0,18,0,1
decode,5,132,126,0,18,0,1
decode,5,133,127,0,18,0,1
decode,5,134,128,0,18,0,1
decode,5,135,129,0,18,0,1
decode,5,136,130,0,18,0,1
decode,5,137,131,0,18,0,1
decode,5,138,132,0,18,0,1
decode,5,139,133,0,18,0,1
decode,5,140,134,0,18,0,1
decode,5,141,135,0,18,0,1
decode,5,142,136,0,18,0,1
decode,5,143,137,0,18,0,1
decode,5,144,138,0,18,0,1
decode,5,145,139,0,18,0,1
decode,5,146,140,0,18,0,1
decode,5,147,141,0,18,0,1
decode,5,148,142,0,18,0,1
decode,5,149,143,0,18,0,1
decode,5,150,144,0,18,0,1
decode,5,151,145,0,18,0,1
decode,5,152,146,0,18,0,1
decode,5,153,147,0,18,0,1
decode,5,154,148,0,18,0,1
decode,5,155,149,0,18,0,1
decode,5,156,150,0,18,0,1
decode,5,157,151,0,18,0,1
decode,5,158,152,0,18,0,1
decode,5,159,153,0,18,0,1
decode,5,160,154,0,18,0,1
decode,5,161,155,0,18,0,1
decode,5,162,156,0,18,0,1
decode,5,163,157,0,18,0,1
decode,5,164,158,0,18,0,1
decode,5,165,159,0,18,0,1
decode,5,166,160,0,18,0,1
decode,5,167,161,0,18,0,1
decode,5,168,162,0,18,0,1
decode,5,169,163,0,18,0,1
decode,5,170,164,0,18,0,1
decode,5,171,165,0,18,0,1
decode,5,172,166,0,18,0,1
decode,5,173,167,0,18,0,1
decode,5,174,168,0,18,0,1
decode,5,175,169,0,18,0,1
decode,5,176,170,0,18,0,1
decode,5,177,171,0,18,0,1
decode,5,178,172,0,18,0,1
decode,5,179,173,0,18,0,1
decode,5,180,174,0,18,0,1
decode,5,181,176,0,18,0,1
decode,5,182,177,0,18,0,1
decode,5,183,178,0,18,0,1
decode,5,184,179,0,18,0,1
decode,5,185,180,0,18,0,1
decode,5,186,181,0,18,0,1
decode,5,187,182,0,18,0,1
decode,5,188,183,0,18,0,1
decode,5,189,184,0,18,0,1
decode,5,190,185,0,18,0,1
decode,5,191,186,0,18,0,1
decode,5,192,187,0,18,0,1
decode,5,193,188,0,18,0,1
decode,5,194,189,0,18,0,1
decode,5,195,190,0,18,0,1
decode,5,196,191,0,18,0,1
decode,5,197,192,0,18,0,1
decode,5,198,193,0,18,0,1
decode,5,199,194,0,18,0,1
decode,5,200,195,0,18,0,1
decode,5,201,196,0,18,0,1
decode,5,202,197,0,18,0,1
decode,5,203,198,0,18,0,1
decode,5,204,199,0,18,0,1
decode,5,205,200,0,18,0,1
decode,5,206,201,0,18,0,1
decode,5,207,202,0,18,0,1
decode,5,208,203,0,18,0,1
decode,5,209,204,0,18,0,1
decode,5,210,205,0,18,0,1
decode,5,211,206,0,18,0,1
decode,5,212,207,0,18,0,1
decode,5,213,208,0,18,0,1
decode,5,214,211,0,18,0,1
decode,5,215,213,0,18,0,1
decode,5,216,214,0,18,0,1
decode,5,217,215,0,18,0,1
decode,5,218,216,0,18,0,1
decode,5,219,217,0,18,0,1
decode,5,220,218,0,18,0,1
decode,5,221,219,0,18,0,1
decode,5,222,220,0,18,0,1
decode,5,223,221,0,18,0,1
decode,5,224,222,0,18,0,1
decode,5,225,223,0,18,0,1
decode,5,226,224,0,18,0,1
decode,5,227,225,0,18,0,1
decode,5,228,226,0,18,0,1
decode,5,229,227,0,18,0,1
decode,5,230,228,0,18,0,1
decode,5,231,229,0,18,0,1
decode,5,232,230,0,18,0,1
decode,5,233,231,0,18,0,1
decode,5,234,232,0,18,0,1
decode,5,235,233,0,18,0,1
decode,5,236,234,0,18,0,1
decode,5,237,235,0,18,0,1
decode,5,238,236,0,18,0,1
decode,5,239,237,0,18,0,1
decode,5,240,238,0,18,0,1
decode,5,241,239,0,18,0,1
decode,5,242,241,0,18,0,1
decode,5,243,242,0,18,0,1
decode,5,244,243,0,18,0,1
decode,5,245,244,0,18,0,1
decode,5,246,245,0,18,0,1
decode,5,247,246,0,18,0,1
decode,5,248,247,0,18,0,1
decode,5,249,248,0,18,0,1
decode,5,250,249,0,18,0,1
decode,5,251,250,0,18,0,1
decode,5,252,251,0,18,0,1
decode,5,253,252,0,18,0,1
decode,5,254,253,0,18,0,1
decode,5,255,254,0,18,0,1
decode,5,256,255,0,18,0,1
decode,6,1,70,3,18,0.166666666666667,0.166666666666667
decode,6,2,89,3,18,0.166666666666667,0.333333333333333
decode,6,3,82,2,18,0.111111111111111,0.444444444444444
decode,6,4,148,2,18,0.111111111111111,0.555555555555556
decode,6,5,211,2,18,0.111111111111111,0.666666666666667
decode,6,6,108,1,18,0.0555555555555556,0.722222222222222
decode,6,7,120,1,18,0.0555555555555556,0.777777777777778
decode,6,8,127,1,18,0.0555555555555556,0.833333333333333
decode,6,9,141,1,18,0.0555555555555556,0.888888888888889
decode,6,10,157,1,18,0.0555555555555556,0.944444444444445
decode,6,11,228,1,18,0.0555555555555556,1
decode,6,12,0,0,18,0,1
decode,6,13,1,0,18,0,1
decode,6,14,2,0,18,0,1
decode,6,15,3,0,18,0,1
decode,6,16,4,0,18,0,1
decode,6,17,5,0,18,0,1
decode,6,18,6,0,18,0,1
decode,6,19,7,0,18,0,1
decode,6,20,8,0,18,0,1
decode,6,21,9,0,18,0,1
decode,6,22,10,0,18,0,1
decode,6,23,11,0,18,0,1
decode,6,24,12,0,18,0,1
decode,6,25,13,0,18,0,1
decode,6,26,14,0,18,0,1
decode,6,27,15,0,18,0,1
decode,6,28,16,0,18,0,1
decode,6,29,17,0,18,0,1
decode,6,30,18,0,18,0,1
decode,6,31,19,0,18,0,1
decode,6,32,20,0,18,0,1
decode,6,33,21,0,18,0,1
decode,6,34,22,0,18,0,1
decode,6,35,23,0,18,0,1
decode,6,36,24,0,18,0,1
decode,6,37,25,0,18,0,1
decode,6,38,26,0,18,0,1
decode,6,39,27,0,18,0,1
decode,6,40,28,0,18,0,1
decode,6,41,29,0,18,0,1
decode,6,42,30,0,18,0,1
decode,6,43,31,0,18,0,1
decode,6,44,32,0,18,0,1
decode,6,45,33,0,18,0,1
decode,6,46,34,0,18,0,1
decode,6,47,35,0,18,0,1
decode,6,48,36,0,18,0,1
decode,6,49,37,0,18,0,1
decode,6,50,38,0,18,0,1
decode,6,51,39,0,18,0,1
decode,6,52,40,0,18,0,1
decode,6,53,41,0,18,0,1
decode,6,54,42,0,18,0,1
decode,6,55,43,0,18,0,1
decode,6,56,44,0,18,0,1
decode,6,57,45,0,18,0,1
decode,6,58,46,0,18,0,1
decode,6,59,47,0,18,0,1
decode,6,60,48,0,18,0,1
decode,6,61,49,0,18,0,1
decode,6,62,50,0,18,0,1
decode,6,63,51,0,18,0,1
decode,6,64,52,0,18,0,1
decode,6,65,53,0,18,0,1
decode,6,66,54,0,18,0,1
decode,6,67,55,0,18,0,1
decode,6,68,56,0,18,0,1
decode,6,69,57,0,18,0,1
decode,6,70,58,0,18,0,1
decode,6,71,59,0,18,0,1
decode,6,72,60,0,18,0,1
decode,6,73,61,0,18,0,1
decode,6,74,62,0,18,0,1
decode,6,75,63,0,18,0,1
decode,6,76,64,0,18,0,1
decode,6,77,65,0,18,0,1
decode,6,78,66,0,18,0,1
decode,6,79,67,0,18,0,1
decode,6,80,68,0,18,0,1
decode,6,81,69,0,18,0,1
decode,6,82,71,0,18,0,1
decode,6,83,72,0,18,0,1
decode,6,84,73,0,18,0,1
decode,6,85,74,0,18,0,1
decode,6,86,75,0,18,0,1
decode,6,87,76,0,18,0,1
decode,6,88,77,0,18,0,1
decode,6,89,78,0,18,0,1
decode,6,90,79,0,18,0,1
decode,6,91,80,0,18,0,1
decode,6,92,81,0,18,0,1
decode,6,93,83,0,18,0,1
decode,6,94,84,0,18,0,1
decode,6,95,85,0,18,0,1
decode,6,96,86,0,18,0,1
decode,6,97,87,0,18,0,1
decode,6,98,88,0,18,0,1
decode,6,99,90,0,18,0,1
decode,6,100,91,0,18,0,1
decode,6,101,92,0,18,0,1
decode,6,102,93,0,18,0,1
decode,6,103,94,0,18,0,1
decode,6,104,95,0,18,0,1
decode,6,105,96,0,18,0,1
decode,6,106,97,0,18,0,1
decode,6,107,98,0,18,0,1
decode,6,108,99,0,18,0,1
decode,6,109,100,0,18,0,1
decode,6,110,101,0,18,0,1
decode,6,111,102,0,18,0,1
decode,6,112,103,0,18,0,1
decode,6,113,104,0,18,0,1
decode,6,114,105,0,18,0,1
decode,6,115,106,0,18,0,1
decode,6,116,107,0,18,0,1
decode,6,117,109,0,18,0,1
decode,6,118,110,0,18,0,1
decode,6,119,111,0,18,0,1
decode,6,120,112,0,18,0,1
decode,6,121,113,0,18,0,1
decode,6,122,114,0,18,0,1
decode,6,123,115,0,18,0,1
decode,6,124,116,0,18,0,1
decode,6,125,117,0,18,0,1
decode,6,126,118,0,18,0,1
decode,6,127,119,0,18,0,1
decode,6,128,121,0,18,0,1
decode,6,129,122,0,18,0,1
decode,6,130,123,0,18,0,1
decode,6,131,124,0,18,0,1
decode,6,132,125,0,18,0,1
decode,6,133,126,0,18,0,1
decode,6,134,128,0,18,0,1
decode,6,135,129,0,18,0,1
decode,6,136,130,0,18,0,1
decode,6,137,131,0,18,0,1
decode,6,138,132,0,18,0,1
decode,6,139,133,0,18,0,1
decode,6,140,134,0,18,0,1
decode,6,141,135,0,18,0,1
decode,6,142,136,0,18,0,1
decode,6,143,137,0,18,0,1
decode,6,144,138,0,18,0,1
decode,6,145,139,0,18,0,1
decode,6,146,140,0,18,0,1
decode,6,147,142,0,18,0,1
decode,6,148,143,0,18,0,1
decode,6,149,144,0,18,0,1
decode,6,150,145,0,18,0,1
decode,6,151,146,0,18,0,1
decode,6,152,147,0,18,0,1
decode,6,153,149,0,18,0,1
decode,6,154,150,0,18,0,1
decode,6,155,151,0,18,0,1
decode,6,156,152,0,18,0,1
decode,6,157,153,0,18,0,1
decode,6,158,154,0,18,0,1
decode,6,159,155,0,18,0,1
decode,6,160,156,0,18,0,1
decode,6,161,158,0,18,0,1
decode,6,162,159,0,18,0,1
decode,6,163,160,0,18,0,1
decode,6,164,161,0,18,0,1
decode,6,165,162,0,18,0,1
decode,6,166,163,0,18,0,1
decode,6,167,164,0,18,0,1
decode,6,168,165,0,18,0,1
decode,6,169,166,0,18,0,1
decode,6,170,167,0,18,0,1
decode,6,171,168,0,18,0,1
decode,6,172,169,0,18,0,1
decode,6,173,170,0,18,0,1
decode,6,174,171,0,18,0,1
decode,6,175,172,0,18,0,1
decode,6,176,173,0,18,0,1
decode,6,177,174,0,18,0,1
decode,6,178,175,0,18,0,1
decode,6,179,176,0,18,0,1
decode,6,180,177,0,18,0,1
decode,6,181,178,0,18,0,1
decode,6,182,179,0,18,0,1
decode,6,183,180,0,18,0,1
decode,6,184,181,0,18,0,1
decode,6,185,182,0,18,0,1
decode,6,186,183,0,18,0,1
decode,6,187,184,0,18,0,1
decode,6,188,185,0,18,0,1
decode,6,189,186,0,18,0,1
decode,6,190,187,0,18,0,1
decode,6,191,188,0,18,0,1
decode,6,192,189,0,18,0,1
decode,6,193,190,0,18,0,1
decode,6,194,191,0,18,0,1
decode,6,195,192,0,18,0,1
decode,6,196,193,0,18,0,1
decode,6,197,194,0,18,0,1
decode,6,198,195,0,18,0,1
decode,6,199,196,0,18,0,1
decode,6,200,197,0,18,0,1
decode,6,201,198,0,18,0,1
decode,6,202,199,0,18,0,1
decode,6,203,200,0,18,0,1
decode,6,204,201,0,18,0,1
decode,6,205,202,0,18,0,1
decode,6,206,203,0,18,0,1
decode,6,207,204,0,18,0,1
decode,6,208,205,0,18,0,1
decode,6,209,206,0,18,0,1
decode,6,210,207,0,18,0,1
decode,6,211,208,0,18,0,1
decode,6,212,209,0,18,0,1
decode,6,213,210,0,18,0,1
decode,6,214,212,0,18,0,1
decode,6,215,213,0,18,0,1
decode,6,216,214,0,18,0,1
decode,6,217,215,0,18,0,1
decode,6,218,216,0,18,0,1
decode,6,219,217,0,18,0,1
decode,6,220,218,0,18,0,1
decode,6,221,219,0,18,0,1
decode,6,222,220,0,18,0,1
decode,6,223,221,0,18,0,1
decode,6,224,222,0,18,0,1
decode,6,225,223,0,18,0,1
decode,6,226,224,0,18,0,1
decode,6,227,225,0,18,0,1
decode,6,228,226,0,18,0,1
decode,6,229,227,0,18,0,1
decode,6,230,229,0,18,0,1
decode,6,231,230,0,18,0,1
decode,6,232,231,0,18,0,1
decode,6,233,232,0,18,0,1
decode,6,234,233,0,18,0,1
decode,6,235,234,0,18,0,1
decode,6,236,235,0,18,0,1
decode,6,237,236,0,18,0,1
decode,6,238,237,0,18,0,1
decode,6,239,238,0,18,0,1
decode,6,240,239,0,18,0,1
decode,6,241,240,0,18,0,1
decode,6,242,241,0,18,0,1
decode,6,243,242,0,18,0,1
decode,6,244,243,0,18,0,1
decode,6,245,244,0,18,0,1
decode,6,246,245,0,18,0,1
decode,6,247,246,0,18,0,1
decode,6,248,247,0,18,0,1
decode,6,249,248,0,18,0,1
decode,6,250,249,0,18,0,1
decode,6,251,250,0,18,0,1
decode,6,252,251,0,18,0,1
decode,6,253,252,0,18,0,1
decode,6,254,253,0,18,0,1
decode,6,255,254,0,18,0,1
decode,6,256,255,0,18,0,1
decode,7,1,179,3,18,0.166666666666667,0.166666666666667
decode,7,2,121,2,18,0.111111111111111,0.277777777777778
decode,7,3,122,2,18,0.111111111111111,0.388888888888889
decode,7,4,165,2,18,0.111111111111111,0.5
decode,7,5,10,1,18,0.0555555555555556,0.555555555555556
decode,7,6,14,1,18,0.0555555555555556,0.611111111111111
decode,7,7,29,1,18,0.0555555555555556,0.666666666666667
decode,7,8,30,1,18,0.0555555555555556,0.722222222222222
decode,7,9,87,1,18,0.0555555555555556,0.777777777777778
decode,7,10,146,1,18,0.0555555555555556,0.833333333333333
decode,7,11,156,1,18,0.0555555555555556,0.888888888888889
decode,7,12,243,1,18,0.0555555555555556,0.944444444444445
decode,7,13,251,1,18,0.0555555555555556,1
decode,7,14,0,0,18,0,1
decode,7,15,1,0,18,0,1
decode,7,16,2,0,18,0,1
decode,7,17,3,0,18,0,1
decode,7,18,4,0,18,0,1
decode,7,19,5,0,18,0,1
decode,7,20,6,0,18,0,1
decode,7,21,7,0,18,0,1
decode,7,22,8,0,18,0,1
decode,7,23,9,0,18,0,1
decode,7,24,11,0,18,0,1
decode,7,25,12,0,18,0,1
decode,7,26,13,0,18,0,1
decode,7,27,15,0,18,0,1
decode,7,28,16,0,18,0,1
decode,7,29,17,0,18,0,1
decode,7,30,18,0,18,0,1
decode,7,31,19,0,18,0,1
decode,7,32,20,0,18,0,1
decode,7,33,21,0,18,0,1
decode,7,34,22,0,18,0,1
decode,7,35,23,0,18,0,1
decode,7,36,24,0,18,0,1
decode,7,37,25,0,18,0,1
decode,7,38,26,0,18,0,1
decode,7,39,27,0,18,0,1
decode,7,40,28,0,18,0,1
decode,7,41,31,0,18,0,1
decode,7,42,32,0,18,0,1
decode,7,43,33,0,18,0,1
decode,7,44,34,0,18,0,1
decode,7,45,35,0,18,0,1
decode,7,46,36,0,18,0,1
decode,7,47,37,0,18,0,1
decode,7,48,38,0,18,0,1
decode,7,49,39,0,18,0,1
decode,7,50,40,0,18,0,1
decode,7,51,41,0,18,0,1
decode,7,52,42,0,18,0,1
decode,7,53,43,0,18,0,1
decode,7,54,44,0,18,0,1
decode,7,55,45,0,18,0,1
decode,7,56,46,0,18,0,1
decode,7,57,47,0,18,0,1
decode,7,58,48,0,18,0,1
decode,7,59,49,0,18,0,1
decode,7,60,50,0,18,0,1
decode,7,61,51,0,18,0,1
decode,7,62,52,0,18,0,1
decode,7,63,53,0,18,0,1
decode,7,64,54,0,18,0,1
decode,7,65,55,0,18,0,1
decode,7,66,56,0,18,0,1
decode,7,67,57,0,18,0,1
decode,7,68,58,0,18,0,1
decode,7,69,59,0,18,0,1
decode,7,70,60,0,18,0,1
decode,7,71,61,0,18,0,1
decode,7,72,62,0,18,0,1
decode,7,73,63,0,18,0,1
decode,7,74,64,0,18,0,1
decode,7,75,65,0,18,0,1
decode,7,76,66,0,18,0,1
decode,7,77,67,0,18,0,1
decode,7,78,68,0,18,0,1
decode,7,79,69,0,18,0,1
decode,7,80,70,0,18,0,1
decode,7,81,71,0,18,0,1
decode,7,82,72,0,18,0,1
decode,7,83,73,0,18,0,1
decode,7,84,74,0,18,0,1
decode,7,85,75,0,18,0,1
decode,7,86,76,0,18,0,1
decode,7,87,77,0,18,0,1
decode,7,88,78,0,18,0,1
decode,7,89,79,0,18,0,1
decode,7,90,80,0,18,0,1
decode,7,91,81,0,18,0,1
decode,7,92,82,0,18,0,1
decode,7,93,83,0,18,0,1
decode,7,94,84,0,18,0,1
decode,7,95,85,0,18,0,1
decode,7,96,86,0,18,0,1
decode,7,97,88,0,18,0,1
decode,7,98,89,0,18,0,1
decode,7,99,90,0,18,0,1
decode,7,100,91,0,18,0,1
decode,7,101,92,0,18,0,1
decode,7,102,93,0,18,0,1
decode,7,103,94,0,18,0,1
decode,7,104,95,0,18,0,1
decode,7,105,96,0,18,0,1
decode,7,106,97,0,18,0,1
decode,7,107,98,0,18,0,1
decode,7,108,99,0,18,0,1
decode,7,109,100,0,18,0,1
decode,7,110,101,0,18,0,1
decode,7,111,102,0,18,0,1
decode,7,112,103,0,18,0,1
decode,7,113,104,0,18,0,1
decode,7,114,105,0,18,0,1
decode,7,115,106,0,18,0,1
decode,7,116,107,0,18,0,1
decode,7,117,108,0,18,0,1
decode,7,118,109,0,18,0,1
decode,7,119,110,0,18,0,1
decode,7,120,111,0,18,0,1
decode,7,121,112,0,18,0,1
decode,7,122,113,0,18,0,1
decode,7,123,114,0,18,0,1
decode,7,124,115,0,18,0,1
decode,7,125,116,0,18,0,1
decode,7,126,117,0,18,0,1
decode,7,127,118,0,18,0,1
decode,7,128,119,0,18,0,1
decode,7,129,120,0,18,0,1
decode,7,130,123,0,18,0,1
decode,7,131,124,0,18,0,1
decode,7,132,125,0,18,0,1
decode,7,133,126,0,18,0,1
decode,7,134,127,0,18,0,1
decode,7,135,128,0,18,0,1
decode,7,136,129,0,18,0,1
decode,7,137,130,0,18,0,1
decode,7,138,131,0,18,0,1
decode,7,139,132,0,18,0,1
decode,7,140,133,0,18,0,1
decode,7,141,134,0,18,0,1
decode,7,142,135,0,18,0,1
decode,7,143,136,0,18,0,1
decode,7,144,137,0,18,0,1
decode,7,145,138,0,18,0,1
decode,7,146,139,0,18,0,1
decode,7,147,140,0,18,0,1
decode,7,148,141,0,18,0,1
decode,7,149,142,0,18,0,1
decode,7,150,143,0,18,0,1
decode,7,151,144,0,18,0,1
decode,7,152,145,0,18,0,1
decode,7,153,147,0,18,0,1
decode,7,154,148,0,18,0,1
decode,7,155,149,0,18,0,1
decode,7,156,150,0,18,0,1
decode,7,157,151,0,18,0,1
decode,7,158,152,0,18,0,1
decode,7,159,153,0,18,0,1
decode,7,160,154,0,18,0,1
decode,7,161,155,0,18,0,1
decode,7,162,157,0,18,0,1
decode,7,163,158,0,18,0,1
decode,7,164,159,0,18,0,1
decode,7,165,160,0,18,0,1
decode,7,166,161,0,18,0,1
decode,7,167,162,0,18,0,1
decode,7,168,163,0,18,0,1
decode,7,169,164,0,18,0,1
decode,7,170,166,0,18,0,1
decode,7,171,167,0,18,0,1
decode,7,172,168,0,18,0,1
decode,7,173,169,0,18,0,1
decode,7,174,170,0,18,0,1
decode,7,175,171,0,18,0,1
decode,7,176,172,0,18,0,1
decode,7,177,173,0,18,0,1
decode,7,178,174,0,18,0,1
decode,7,179,175,0,18,0,1
decode,7,180,176,0,18,0,1
decode,7,181,177,0,18,0,1
decode,7,182,178,0,18,0,1
decode,7,183,180,0,18,0,1
decode,7,184,181,0,18,0,1
decode,7,185,182,0,18,0,1
decode,7,186,183,0,18,0,1
decode,7,187,184,0,18,0,1
decode,7,188,185,0,18,0,1
decode,7,189,186,0,18,0,1
decode,7,190,187,0,18,0,1
decode,7,191,188,0,18,0,1
decode,7,192,189,0,18,0,1
decode,7,193,190,0,18,0,1
decode,7,194,191,0,18,0,1
decode,7,195,192,0,18,0,1
decode,7,196,193,0,18,0,1
decode,7,197,194,0,18,0,1
decode,7,198,195,0,18,0,1
decode,7,199,196,0,18,0,1
decode,7,200,197,0,18,0,1
decode,7,201,198,0,18,0,1
decode,7,202,199,0,18,0,1
decode,7,203,200,0,18,0,1
decode,7,204,201,0,18,0,1
decode,7,205,202,0,18,0,1
decode,7,206,203,0,18,0,1
decode,7,207,204,0,18,0,1
decode,7,208,205,0,18,0,1
decode,7,209,206,0,18,0,1
decode,7,210,207,0,18,0,1
decode,7,211,208,0,18,0,1
decode,7,212,209,0,18,0,1
decode,7,213,210,0,18,0,1
decode,7,214,211,0,18,0,1
decode,7,215,212,0,18,0,1
decode,7,216,213,0,18,0,1
decode,7,217,214,0,18,0,1
decode,7,218,215,0,18,0,1
decode,7,219,216,0,18,0,1
decode,7,220,217,0,18,0,1
decode,7,221,218,0,18,0,1
decode,7,222,219,0,18,0,1
decode,7,223,220,0,18,0,1
decode,7,224,221,0,18,0,1
decode,7,225,222,0,18,0,1
decode,7,226,223,0,18,0,1
decode,7,227,224,0,18,0,1
decode,7,228,225,0,18,0,1
decode,7,229,226,0,18,0,1
decode,7,230,227,0,18,0,1
decode,7,231,228,0,18,0,1
decode,7,232,229,0,18,0,1
decode,7,233,230,0,18,0,1
decode,7,234,231,0,18,0,1
decode,7,235,232,0,18,0,1
decode,7,236,233,0,18,0,1
decode,7,237,234,0,18,0,1
decode,7,238,235,0,18,0,1
decode,7,239,236,0,18,0,1
decode,7,240,237,0,18,0,1
decode,7,241,238,0,18,0,1
decode,7,242,239,0,18,0,1
decode,7,243,240,0,18,0,1
decode,7,244,241,0,18,0,1
decode,7,245,242,0,18,0,1
decode,7,246,244,0,18,0,1
decode,7,247,245,0,18,0,1
decode,7,248,246,0,18,0,1
decode,7,249,247,0,18,0,1
decode,7,250,248,0,18,0,1
decode,7,251,249,0,18,0,1
decode,7,252,250,0,18,0,1
decode,7,253,252,0,18,0,1
decode,7,254,253,0,18,0,1
decode,7,255,254,0,18,0,1
decode,7,256,255,0,18,0,1
decode,8,1,120,3,18,0.166666666666667,0.166666666666667
decode,8,2,20,2,18,0.111111111111111,0.277777777777778
decode,8,3,124,2,18,0.111111111111111,0.388888888888889
decode,8,4,130,2,18,0.111111111111111,0.5
decode,8,5,201,2,18,0.111111111111111,0.611111111111111
decode,8,6,208,2,18,0.111111111111111,0.722222222222222
decode,8,7,58,1,18,0.0555555555555556,0.777777777777778
decode,8,8,88,1,18,0.0555555555555556,0.833333333333333
decode,8,9,132,1,18,0.0555555555555556,0.888888888888889
decode,8,10,152,1,18,0.0555555555555556,0.944444444444445
decode,8,11,186,1,18,0.0555555555555556,1
decode,8,12,0,0,18,0,1
decode,8,13,1,0,18,0,1
decode,8,14,2,0,18,0,1
decode,8,15,3,0,18,0,1
decode,8,16,4,0,18,0,1
decode,8,17,5,0,18,0,1
decode,8,18,6,0,18,0,1
decode,8,19,7,0,18,0,1
decode,8,20,8,0,18,0,1
decode,8,21,9,0,18,0,1
decode,8,22,10,0,18,0,1
decode,8,23,11,0,18,0,1
decode,8,24,12,0,18,0,1
decode,8,25,13,0,18,0,1
decode,8,26,14,0,18,0,1
decode,8,27,15,0,18,0,1
decode,8,28,16,0,18,0,1
decode,8,29,17,0,18,0,1
decode,8,30,18,0,18,0,1
decode,8,31,19,0,18,0,1
decode,8,32,21,0,18,0,1
decode,8,33,22,0,18,0,1
decode,8,34,23,0,18,0,1
decode,8,35,24,0,18,0,1
decode,8,36,25,0,18,0,1
decode,8,37,26,0,18,0,1
decode,8,38,27,0,18,0,1
decode,8,39,28,0,18,0,1
decode,8,40,29,0,18,0,1
decode,8,41,30,0,18,0,1
decode,8,42,31,0,18,0,1
decode,8,43,32,0,18,0,1
decode,8,44,33,0,18,0,1
decode,8,45,34,0,18,0,1
decode,8,46,35,0,18,0,1
decode,8,47,36,0,18,0,1
decode,8,48,37,0,18,0,1
decode,8,49,38,0,18,0,1
decode,8,50,39,0,18,0,1
decode,8,51,40,0,18,0,1
decode,8,52,41,0,18,0,1
decode,8,53,42,0,18,0,1
decode,8,54,43,0,18,0,1
decode,8,55,44,0,18,0,1
decode,8,56,45,0,18,0,1
decode,8,57,46,0,18,0,1
decode,8,58,47,0,18,0,1
decode,8,59,48,0,18,0,1
decode,8,60,49,0,18,0,1
decode,8,61,50,0,18,0,1
decode,8,62,51,0,18,0,1
decode,8,63,52,0,18,0,1
decode,8,64,53,0,18,0,1
decode,8,65,54,0,18,0,1
decode,8,66,55,0,18,0,1
decode,8,67,56,0,18,0,1
decode,8,68,57,0,18,0,1
decode,8,69,59,0,18,0,1
decode,8,70,60,0,18,0,1
decode,8,71,61,0,18,0,1
decode,8,72,62,0,18,0,1
decode,8,73,63,0,18,0,1
decode,8,74,64,0,18,0,1
decode,8,75,65,0,18,0,1
decode,8,76,66,0,18,0,1
decode,8,77,67,0,18,0,1
decode,8,78,68,0,18,0,1
decode,8,79,69,0,18,0,1
decode,8,80,70,0,18,0,1
decode,8,81,71,0,18,0,1
decode,8,82,72,0,18,0,1
decode,8,83,73,0,18,0,1
decode,8,84,74,0,18,0,1
decode,8,85,75,0,18,0,1
decode,8,86,76,0,18,0,1
decode,8,87,77,0,18,0,1
decode,8,88,78,0,18,0,1
decode,8,89,79,0,18,0,1
decode,8,90,80,0,18,0,1
decode,8,91,81,0,18,0,1
decode,8,92,82,0,18,0,1
decode,8,93,83,0,18,0,1
decode,8,94,84,0,18,0,1
decode,8,95,85,0,18,0,1
decode,8,96,86,0,18,0,1
decode,8,97,87,0,18,0,1
decode,8,98,89,0,18,0,1
decode,8,99,90,0,18,0,1
decode,8,100,91,0,18,0,1
decode,8,101,92,0,18,0,1
decode,8,102,93,0,18,0,1
decode,8,103,94,0,18,0,1
decode,8,104,95,0,18,0,1
decode,8,105,96,0,18,0,1
decode,8,106,97,0,18,0,1
decode,8,107,98,0,18,0,1
decode,8,108,99,0,18,0,1
decode,8,109,100,0,18,0,1
decode,8,110,101,0,18,0,1
decode,8,111,102,0,18,0,1
decode,8,112,103,0,18,0,1
decode,8,113,104,0,18,0,1
decode,8,114,105,0,18,0,1
decode,8,115,106,0,18,0,1
decode,8,116,107,0,18,0,1
decode,8,117,108,0,18,0,1
decode,8,118,109,0,18,0,1
decode,8,119,110,0,18,0,1
decode,8,120,111,0,18,0,1
decode,8,121,112,0,18,0,1
decode,8,122,113,0,18,0,1
decode,8,123,114,0,18,0,1
decode,8,124,115,0,18,0,1
decode,8,125,116,0,18,0,1
decode,8,126,117,0,18,0,1
decode,8,127,118,0,18,0,1
decode,8,128,119,0,18,0,1
decode,8,129,121,0,18,0,1
decode,8,130,122,0,18,0,1
decode,8,131,123,0,18,0,1
decode,8,132,125,0,18,0,1
decode,8,133,126,0,18,0,1
decode,8,134,127,0,18,0,1
decode,8,135,128,0,18,0,1
decode,8,136,129,0,18,0,1
decode,8,137,131,0,18,0,1
decode,8,138,133,0,18,0,1
decode,8,139,134,0,18,0,1
decode,8,140,135,0,18,0,1
decode,8,141,136,0,18,0,1
decode,8,142,137,0,18,0,1
decode,8,143,138,0,18,0,1
decode,8,144,139,0,18,0,1
decode,8,145,140,0,18,0,1
decode,8,146,141,0,18,0,1
decode,8,147,142,0,18,0,1
decode,8,148,143,0,18,0,1
decode,8,149,144,0,18,0,1
decode,8,150,145,0,18,0,1
decode,8,151,146,0,18,0,1
decode,8,152,147,0,18,0,1
decode,8,153,148,0,18,0,1
decode,8,154,149,0,18,0,1
decode,8,155,150,0,18,0,1
decode,8,156,151,0,18,0,1
decode,8,157,153,0,18,0,1
decode,8,158,154,0,18,0,1
decode,8,159,155,0,18,0,1
decode,8,160,156,0,18,0,1
decode,8,161,157,0,18,0,1
decode,8,162,158,0,18,0,1
decode,8,163,159,0,18,0,1
decode,8,164,160,0,18,0,1
decode,8,165,161,0,18,0,1
decode,8,166,162,0,18,0,1
decode,8,167,163,0,18,0,1
decode,8,168,164,0,18,0,1
decode,8,169,165,0,18,0,1
decode,8,170,166,0,18,0,1
decode,8,171,167,0,18,0,1
decode,8,172,168,0,18,0,1
decode,8,173,169,0,18,0,1
decode,8,174,170,0,18,0,1
decode,8,175,171,0,18,0,1
decode,8,176,172,0,18,0,1
decode,8,177,173,0,18,0,1
decode,8,178,174,0,18,0,1
decode,8,179,175,0,18,0,1
decode,8,180,176,0,18,0,1
decode,8,181,177,0,18,0,1
decode,8,182,178,0,18,0,1
decode,8,183,179,0,18,0,1
decode,8,184,180,0,18,0,1
decode,8,185,181,0,18,0,1
decode,8,186,182,0,18,0,1
decode,8,187,183,0,18,0,1
decode,8,188,184,0,18,0,1
decode,8,189,185,0,18,0,1
decode,8,190,187,0,18,0,1
decode,8,191,188,0,18,0,1
decode,8,192,189,0,18,0,1
decode,8,193,190,0,18,0,1
decode,8,194,191,0,18,0,1
decode,8,195,192,0,18,0,1
decode,8,196,193,0,18,0,1
decode,8,197,194,0,18,0,1
decode,8,198,195,0,18,0,1
decode,8,199,196,0,18,0,1
decode,8,200,197,0,18,0,1
decode,8,201,198,0,18,0,1
decode,8,202,199,0,18,0,1
decode,8,203,200,0,18,0,1
decode,8,204,202,0,18,0,1
decode,8,205,203,0,18,0,1
decode,8,206,204,0,18,0,1
decode,8,207,205,0,18,0,1
decode,8,208,206,0,18,0,1
decode,8,209,207,0,18,0,1
decode,8,210,209,0,18,0,1
decode,8,211,210,0,18,0,1
decode,8,212,211,0,18,0,1
decode,8,213,212,0,18,0,1
decode,8,214,213,0,18,0,1
decode,8,215,214,0,18,0,1
decode,8,216,215,0,18,0,1
decode,8,217,216,0,18,0,1
decode,8,218,217,0,18,0,1
decode,8,219,218,0,18,0,1
decode,8,220,219,0,18,0,1
decode,8,221,220,0,18,0,1
decode,8,222,221,0,18,0,1
decode,8,223,222,0,18,0,1
decode,8,224,223,0,18,0,1
decode,8,225,224,0,18,0,1
decode,8,226,225,0,18,0,1
decode,8,227,226,0,18,0,1
decode,8,228,227,0,18,0,1
decode,8,229,228,0,18,0,1
decode,8,230,229,0,18,0,1
decode,8,231,230,0,18,0,1
decode,8,232,231,0,18,0,1
decode,8,233,232,0,18,0,1
decode,8,234,233,0,18,0,1
decode,8,235,234,0,18,0,1
decode,8,236,235,0,18,0,1
decode,8,237,236,0,18,0,1
decode,8,238,237,0,18,0,1
decode,8,239,238,0,18,0,1
decode,8,240,239,0,18,0,1
decode,8,241,240,0,18,0,1
decode,8,242,241,0,18,0,1
decode,8,243,242,0,18,0,1
decode,8,244,243,0,18,0,1
decode,8,245,244,0,18,0,1
decode,8,246,245,0,18,0,1
decode,8,247,246,0,18,0,1
decode,8,248,247,0,18,0,1
decode,8,249,248,0,18,0,1
decode,8,250,249,0,18,0,1
decode,8,251,250,0,18,0,1
decode,8,252,251,0,18,0,1
decode,8,253,252,0,18,0,1
decode,8,254,253,0,18,0,1
decode,8,255,254,0,18,0,1
decode,8,256,255,0,18,0,1
decode,9,1,40,3,18,0.166666666666667,0.166666666666667
decode,9,2,114,3,18,0.166666666666667,0.333333333333333
decode,9,3,211,3,18,0.166666666666667,0.5
decode,9,4,17,2,18,0.111111111111111,0.611111111111111
decode,9,5,141,2,18,0.111111111111111,0.722222222222222
decode,9,6,205,2,18,0.111111111111111,0.833333333333333
decode,9,7,105,1,18,0.0555555555555556,0.888888888888889
decode,9,8,121,1,18,0.0555555555555556,0.944444444444445
decode,9,9,236,1,18,0.0555555555555556,1
decode,9,10,0,0,18,0,1
decode,9,11,1,0,18,0,1
decode,9,12,2,0,18,0,1
decode,9,13,3,0,18,0,1
decode,9,14,4,0,18,0,1
decode,9,15,5,0,18,0,1
decode,9,16,6,0,18,0,1
decode,9,17,7,0,18,0,1
decode,9,18,8,0,18,0,1
decode,9,19,9,0,18,0,1
decode,9,20,10,0,18,0,1
decode,9,21,11,0,18,0,1
decode,9,22,12,0,18,0,1
decode,9,23,13,0,18,0,1
decode,9,24,14,0,18,0,1
decode,9,25,15,0,18,0,1
decode,9,26,16,0,18,0,1
decode,9,27,18,0,18,0,1
decode,9,28,19,0,18,0,1
decode,9,29,20,0,18,0,1
decode,9,30,21,0,18,0,1
decode,9,31,22,0,18,0,1
decode,9,32,23,0,18,0,1
decode,9,33,24,0,18,0,1
decode,9,34,25,0,18,0,1
decode,9,35,26,0,18,0,1
decode,9,36,27,0,18,0,1
decode,9,37,28,0,18,0,1
decode,9,38,29,0,18,0,1
decode,9,39,30,0,18,0,1
decode,9,40,31,0,18,0,1
decode,9,41,32,0,18,0,1
decode,9,42,33,0,18,0,1
decode,9,43,34,0,18,0,1
decode,9,44,35,0,18,0,1
decode,9,45,36,0,18,0,1
decode,9,46,37,0,18,0,1
decode,9,47,38,0,18,0,1
decode,9,48,39,0,18,0,1
decode,9,49,41,0,18,0,1
decode,9,50,42,0,18,0,1
decode,9,51,43,0,18,0,1
decode,9,52,44,0,18,0,1
decode,9,53,45,0,18,0,1
decode,9,54,46,0,18,0,1
decode,9,55,47,0,18,0,1
decode,9,56,48,0,18,0,1
decode,9,57,49,0,18,0,1
decode,9,58,50,0,18,0,1
decode,9,59,51,0,18,0,1
decode,9,60,52,0,18,0,1
decode,9,61,53,0,18,0,1
decode,9,62,54,0,18,0,1
decode,9,63,55,0,18,0,1
decode,9,64,56,0,18,0,1
decode,9,65,57,0,18,0,1
decode,9,66,58,0,18,0,1
decode,9,67,59,0,18,0,1
decode,9,68,60,0,18,0,1
decode,9,69,61,0,18,0,1
decode,9,70,62,0,18,0,1
decode,9,71,63,0,18,0,1
decode,9,72,64,0,18,0,1
decode,9,73,65,0,18,0,1
decode,9,74,66,0,18,0,1
decode,9,75,67,0,18,0,1
decode,9,76,68,0,18,0,1
decode,9,77,69,0,18,0,1
decode,9,78,70,0,18,0,1
decode,9,79,71,0,18,0,1
decode,9,80,72,0,18,0,1
decode,9,81,73,0,18,0,1
decode,9,82,74,0,18,0,1
decode,9,83,75,0,18,0,1
decode,9,84,76,0,18,0,1
decode,9,85,77,0,18,0,1
decode,9,86,78,0,18,0,1
decode,9,87,79,0,18,0,1
decode,9,88,80,0,18,0,1
decode,9,89,81,0,18,0,1
decode,9,90,82,0,18,0,1
decode,9,91,83,0,18,0,1
decode,9,92,84,0,18,0,1
decode,9,93,85,0,18,0,1
decode,9,94,86,0,18,0,1
decode,9,95,87,0,18,0,1
decode,9,96,88,0,18,0,1
decode,9,97,89,0,18,0,1
decode,9,98,90,0,18,0,1
decode,9,99,91,0,18,0,1
decode,9,100,92,0,18,0,1
decode,9,101,93,0,18,0,1
decode,9,102,94,0,18,0,1
decode,9,103,95,0,18,0,1
decode,9,104,96,0,18,0,1
decode,9,105,97,0,18,0,1
decode,9,106,98,0,18,0,1
decode,9,107,99,0,18,0,1
decode,9,108,100,0,18,0,1
decode,9,109,101,0,18,0,1
decode,9,110,102,0,18,0,1
decode,9,111,103,0,18,0,1
decode,9,112,104,0,18,0,1
decode,9,113,106,0,18,0,1
decode,9,114,107,0,18,0,1
decode,9,115,108,0,18,0,1
decode,9,116,109,0,18,0,1
decode,9,117,110,0,18,0,1
decode,9,118,111,0,18,0,1
decode,9,119,112,0,18,0,1
decode,9,120,113,0,18,0,1
decode,9,121,115,0,18,0,1
decode,9,122,116,0,18,0,1
decode,9,123,117,0,18,0,1
decode,9,124,118,0,18,0,1
decode,9,125,119,0,18,0,1
decode,9,126,120,0,18,0,1
decode,9,127,122,0,18,0,1
decode,9,128,123,0,18,0,1
decode,9,129,124,0,18,0,1
decode,9,130,125,0,18,0,1
decode,9,131,126,0,18,0,1
decode,9,132,127,0,18,0,1
decode,9,133,128,0,18,0,1
decode,9,134,129,0,18,0,1
decode,9,135,130,0,18,0,1
decode,9,136,131,0,18,0,1
decode,9,137,132,0,18,0,1
decode,9,138,133,0,18,0,1
decode,9,139,134,0,18,0,1
decode,9,140,135,0,18,0,1
decode,9,141,136,0,18,0,1
decode,9,142,137,0,18,0,1
decode,9,143,138,0,18,0,1
decode,9,144,139,0,18,0,1
decode,9,145,140,0,18,0,1
decode,9,146,142,0,18,0,1
decode,9,147,143,0,18,0,1
decode,9,148,144,0,18,0,1
decode,9,149,145,0,18,0,1
decode,9,150,146,0,18,0,1
decode,9,151,147,0,18,0,1
decode,9,152,148,0,18,0,1
decode,9,153,149,0,18,0,1
decode,9,154,150,0,18,0,1
decode,9,155,151,0,18,0,1
decode,9,156,152,0,18,0,1
decode,9,157,153,0,18,0,1
decode,9,158,154,0,18,0,1
decode,9,159,155,0,18,0,1
decode,9,160,156,0,18,0,1
decode,9,161,157,0,18,0,1
decode,9,162,158,0,18,0,1
decode,9,163,159,0,18,0,1
decode,9,164,160,0,18,0,1
decode,9,165,161,0,18,0,1
decode,9,166,162,0,18,0,1
decode,9,167,163,0,18,0,1
decode,9,168,164,0,18,0,1
decode,9,169,165,0,18,0,1
decode,9,170,166,0,18,0,1
decode,9,171,167,0,18,0,1
decode,9,172,168,0,18,0,1
decode,9,173,169,0,18,0,1
decode,9,174,170,0,18,0,1
decode,9,175,171,0,18,0,1
decode,9,176,172,0,18,0,1
decode,9,177,173,0,18,0,1
decode,9,178,174,0,18,0,1
decode,9,179,175,0,18,0,1
decode,9,180,176,0,18,0,1
decode,9,181,177,0,18,0,1
decode,9,182,178,0,18,0,1
decode,9,183,179,0,18,0,1
decode,9,184,180,0,18,0,1
decode,9,185,181,0,18,0,1
decode,9,186,182,0,18,0,1
decode,9,187,183,0,18,0,1
decode,9,188,184,0,18,0,1
decode,9,189,185,0,18,0,1
decode,9,190,186,0,18,0,1
decode,9,191,187,0,18,0,1
decode,9,192,188,0,18,0,1
decode,9,193,189,0,18,0,1
decode,9,194,190,0,18,0,1
decode,9,195,191,0,18,0,1
decode,9,196,192,0,18,0,1
decode,9,197,193,0,18,0,1
decode,9,198,194,0,18,0,1
decode,9,199,195,0,18,0,1
decode,9,200,196,0,18,0,1
decode,9,201,197,0,18,0,1
decode,9,202,198,0,18,0,1
decode,9,203,199,0,18,0,1
decode,9,204,200,0,18,0,1
decode,9,205,201,0,18,0,1
decode,9,206,202,0,18,0,1
decode,9,207,203,0,18,0,1
decode,9,208,204,0,18,0,1
decode,9,209,206,0,18,0,1
decode,9,210,207,0,18,0,1
decode,9,211,208,0,18,0,1
decode,9,212,209,0,18,0,1
decode,9,213,210,0,18,0,1
decode,9,214,212,0,18,0,1
decode,9,215,213,0,18,0,1
decode,9,216,214,0,18,0,1
decode,9,217,215,0,18,0,1
decode,9,218,216,0,18,0,1
decode,9,219,217,0,18,0,1
decode,9,220,218,0,18,0,1
decode,9,221,219,0,18,0,1
decode,9,222,220,0,18,0,1
decode,9,223,221,0,18,0,1
decode,9,224,222,0,18,0,1
decode,9,225,223,0,18,0,1
decode,9,226,224,0,18,0,1
decode,9,227,225,0,18,0,1
decode,9,228,226,0,18,0,1
decode,9,229,227,0,18,0,1
decode,9,230,228,0,18,0,1
decode,9,231,229,0,18,0,1
decode,9,232,230,0,18,0,1
decode,9,233,231,0,18,0,1
decode,9,234,232,0,18,0,1
decode,9,235,233,0,18,0,1
decode,9,236,234,0,18,0,1
decode,9,237,235,0,18,0,1
decode,9,238,237,0,18,0,1
decode,9,239,238,0,18,0,1
decode,9,240,239,0,18,0,1
decode,9,241,240,0,18,0,1
decode,9,242,241,0,18,0,1
decode,9,243,242,0,18,0,1
decode,9,244,243,0,18,0,1
decode,9,245,244,0,18,0,1
decode,9,246,245,0,18,0,1
decode,9,247,246,0,18,0,1
decode,9,248,247,0,18,0,1
decode,9,249,248,0,18,0,1
decode,9,250,249,0,18,0,1
decode,9,251,250,0,18,0,1
decode,9,252,251,0,18,0,1
decode,9,253,252,0,18,0,1
decode,9,254,253,0,18,0,1
decode,9,255,254,0,18,0,1
decode,9,256,255,0,18,0,1
decode,10,1,14,3,18,0.166666666666667,0.166666666666667
decode,10,2,16,3,18,0.166666666666667,0.333333333333333
decode,10,3,25,2,18,0.111111111111111,0.444444444444444
decode,10,4,62,2,18,0.111111111111111,0.555555555555556
decode,10,5,66,2,18,0.111111111111111,0.666666666666667
decode,10,6,99,2,18,0.111111111111111,0.777777777777778
decode,10,7,64,1,18,0.0555555555555556,0.833333333333333
decode,10,8,69,1,18,0.0555555555555556,0.888888888888889
decode,10,9,222,1,18,0.0555555555555556,0.944444444444445
decode,10,10,242,1,18,0.0555555555555556,1
decode,10,11,0,0,18,0,1
decode,10,12,1,0,18,0,1
decode,10,13,2,0,18,0,1
decode,10,14,3,0,18,0,1
decode,10,15,4,0,18,0,1
decode,10,16,5,0,18,0,1
decode,10,17,6,0,18,0,1
decode,10,18,7,0,18,0,1
decode,10,19,8,0,18,0,1
decode,10,20,9,0,18,0,1
decode,10,21,10,0,18,0,1
decode,10,22,11,0,18,0,1
decode,10,23,12,0,18,0,1
decode,10,24,13,0,18,0,1
decode,10,25,15,0,18,0,1
decode,10,26,17,0,18,0,1
decode,10,27,18,0,18,0,1
decode,10,28,19,0,18,0,1
decode,10,29,20,0,18,0,1
decode,10,30,21,0,18,0,1
decode,10,31,22,0,18,0,1
decode,10,32,23,0,18,0,1
decode,10,33,24,0,18,0,1
decode,10,34,26,0,18,0,1
decode,10,35,27,0,18,0,1
decode,10,36,28,0,18,0,1
decode,10,37,29,0,18,0,1
decode,10,38,30,0,18,0,1
decode,10,39,31,0,18,0,1
decode,10,40,32,0,18,0,1
decode,10,41,33,0,18,0,1
decode,10,42,34,0,18,0,1
decode,10,43,35,0,18,0,1
decode,10,44,36,0,18,0,1
decode,10,45,37,0,18,0,1
decode,10,46,38,0,18,0,1
decode,10,47,39,0,18,0,1
decode,10,48,40,0,18,0,1
decode,10,49,41,0,18,0,1
decode,10,50,42,0,18,0,1
decode,10,51,43,0,18,0,1
decode,10,52,44,0,18,0,1
decode,10,53,45,0,18,0,1
decode,10,54,46,0,18,0,1
decode,10,55,47,0,18,0,1
decode,10,56,48,0,18,0,1
decode,10,57,49,0,18,0,1
decode,10,58,50,0,18,0,1
decode,10,59,51,0,18,0,1
decode,10,60,52,0,18,0,1
decode,10,61,53,0,18,0,1
decode,10,62,54,0,18,0,1
decode,10,63,55,0,18,0,1
decode,10,64,56,0,18,0,1
decode,10,65,57,0,18,0,1
decode,10,66,58,0,18,0,1
decode,10,67,59,0,18,0,1
decode,10,68,60,0,18,0,1
decode,10,69,61,0,18,0,1
decode,10,70,63,0,18,0,1
decode,10,71,65,0,18,0,1
decode,10,72,67,0,18,0,1
decode,10,73,68,0,18,0,1
decode,10,74,70,0,18,0,1
decode,10,75,71,0,18,0,1
decode,10,76,72,0,18,0,1
decode,10,77,73,0,18,0,1
decode,10,78,74,0,18,0,1
decode,10,79,75,0,18,0,1
decode,10,80,76,0,18,0,1
decode,10,81,77,0,18,0,1
decode,10,82,78,0,18,0,1
decode,10,83,79,0,18,0,1
decode,10,84,80,0,18,0,1
decode,10,85,81,0,18,0,1
decode,10,86,82,0,18,0,1
decode,10,87,83,0,18,0,1
decode,10,88,84,0,18,0,1
decode,10,89,85,0,18,0,1
decode,10,90,86,0,18,0,1
decode,10,91,87,0,18,0,1
decode,10,92,88,0,18,0,1
decode,10,93,89,0,18,0,1
decode,10,94,90,0,18,0,1
decode,10,95,91,0,18,0,1
decode,10,96,92,0,18,0,1
decode,10,97,93,0,18,0,1
decode,10,98,94,0,18,0,1
decode,10,99,95,0,18,0,1
decode,10,100,96,0,18,0,1
decode,10,101,97,0,18,0,1
decode,10,102,98,0,18,0,1
decode,10,103,100,0,18,0,1
decode,10,104,101,0,18,0,1
decode,10,105,102,0,18,0,1
decode,10,106,103,0,18,0,1
decode,10,107,104,0,18,0,1
decode,10,108,105,0,18,0,1
decode,10,109,106,0,18,0,1
decode,10,110,107,0,18,0,1
decode,10,111,108,0,18,0,1
decode,10,112,109,0,18,0,1
decode,10,113,110,0,18,0,1
decode,10,114,111,0,18,0,1
decode,10,115,112,0,18,0,1
decode,10,116,113,0,18,0,1
decode,10,117,114,0,18,0,1
decode,10,118,115,0,18,0,1
decode,10,119,116,0,18,0,1
decode,10,120,117,0,18,0,1
decode,10,121,118,0,18,0,1
decode,10,122,119,0,18,0,1
decode,10,123,120,0,18,0,1
decode,10,124,121,0,18,0,1
decode,10,125,122,0,18,0,1
decode,10,126,123,0,18,0,1
decode,10,127,124,0,18,0,1
decode,10,128,125,0,18,0,1
decode,10,129,126,0,18,0,1
decode,10,130,127,0,18,0,1
decode,10,131,128,0,18,0,1
decode,10,132,129,0,18,0,1
decode,10,133,130,0,18,0,1
decode,10,134,131,0,18,0,1
decode,10,135,132,0,18,0,1
decode,10,136,133,0,18,0,1
decode,10,137,134,0,18,0,1
decode,10,138,135,0,18,0,1
decode,10,139,136,0,18,0,1
decode,10,140,137,0,18,0,1
decode,10,141,138,0,18,0,1
decode,10,142,139,0,18,0,1
decode,10,143,140,0,18,0,1
decode,10,144,141,0,18,0,1
decode,10,145,142,0,18,0,1
decode,10,146,143,0,18,0,1
decode,10,147,144,0,18,0,1
decode,10,148,145,0,18,0,1
decode,10,149,146,0,18,0,1
decode,10,150,147,0,18,0,1
decode,10,151,148,0,18,0,1
decode,10,152,149,0,18,0,1
decode,10,153,150,0,18,0,1
decode,10,154,151,0,18,0,1
decode,10,155,152,0,18,0,1
decode,10,156,153,0,18,0,1
decode,10,157,154,0,18,0,1
decode,10,158,155,0,18,0,1
decode,10,159,156,0,18,0,1
decode,10,160,157,0,18,0,1
decode,10,161,158,0,18,0,1
decode,10,162,159,0,18,0,1
decode,10,163,160,0,18,0,1
decode,10,164,161,0,18,0,1
decode,10,165,162,0,18,0,1
decode,10,166,163,0,18,0,1
decode,10,167,164,0,18,0,1
decode,10,168,165,0,18,0,1
decode,10,169,166,0,18,0,1
decode,10,170,167,0,18,0,1
decode,10,171,168,0,18,0,1
decode,10,172,169,0,18,0,1
decode,10,173,170,0,18,0,1
decode,10,174,171,0,18,0,1
decode,10,175,172,0,18,0,1
decode,10,176,173,0,18,0,1
decode,10,177,174,0,18,0,1
decode,10,178,175,0,18,0,1
decode,10,179,176,0,18,0,1
decode,10,180,177,0,18,0,1
decode,10,181,178,0,18,0,1
decode,10,182,179,0,18,0,1
decode,10,183,180,0,18,0,1
decode,10,184,181,0,18,0,1
decode,10,185,182,0,18,0,1
decode,10,186,183,0,18,0,1
decode,10,187,184,0,18,0,1
decode,10,188,185,0,18,0,1
decode,10,189,186,0,18,0,1
decode,10,190,187,0,18,0,1
decode,10,191,188,0,18,0,1
decode,10,192,189,0,18,0,1
decode,10,193,190,0,18,0,1
decode,10,194,191,0,18,0,1
decode,10,195,192,0,18,0,1
decode,10,196,193,0,18,0,1
decode,10,197,194,0,18,0,1
decode,10,198,195,0,18,0,1
decode,10,199,196,0,18,0,1
decode,10,200,197,0,18,0,1
decode,10,201,198,0,18,0,1
decode,10,202,199,0,18,0,1
decode,10,203,200,0,18,0,1
decode,10,204,201,0,18,0,1
decode,10,205,202,0,18,0,1
decode,10,206,203,0,18,0,1
decode,10,207,204,0,18,0,1
decode,10,208,205,0,18,0,1
decode,10,209,206,0,18,0,1
decode,10,210,207,0,18,0,1
decode,10,211,208,0,18,0,1
decode,10,212,209,0,18,0,1
decode,10,213,210,0,18,0,1
decode,10,214,211,0,18,0,1
decode,10,215,212,0,18,0,1
decode,10,216,213,0,18,0,1
decode,10,217,214,0,18,0,1
decode,10,218,215,0,18,0,1
decode,10,219,216,0,18,0,1
decode,10,220,217,0,18,0,1
decode,10,221,218,0,18,0,1
decode,10,222,219,0,18,0,1
decode,10,223,220,0,18,0,1
decode,10,224,221,0,18,0,1
decode,10,225,223,0,18,0,1
decode,10,226,224,0,18,0,1
decode,10,227,225,0,18,0,1
decode,10,228,226,0,18,0,1
decode,10,229,227,0,18,0,1
decode,10,230,228,0,18,0,1
decode,10,231,229,0,18,0,1
decode,10,232,230,0,18,0,1
decode,10,233,231,0,18,0,1
decode,10,234,232,0,18,0,1
decode,10,235,233,0,18,0,1
decode,10,236,234,0,18,0,1
decode,10,237,235,0,18,0,1
decode,10,238,236,0,18,0,1
decode,10,239,237,0,18,0,1
decode,10,240,238,0,18,0,1
decode,10,241,239,0,18,0,1
decode,10,242,240,0,18,0,1
decode,10,243,241,0,18,0,1
decode,10,244,243,0,18,0,1
decode,10,245,244,0,18,0,1
decode,10,246,245,0,18,0,1
decode,10,247,246,0,18,0,1
decode,10,248,247,0,18,0,1
decode,10,249,248,0,18,0,1
decode,10,250,249,0,18,0,1
decode,10,251,250,0,18,0,1
decode,10,252,251,0,18,0,1
decode,10,253,252,0,18,0,1
decode,10,254,253,0,18,0,1
decode,10,255,254,0,18,0,1
decode,10,256,255,0,18,0,1
decode,11,1,240,3,18,0.166666666666667,0.166666666666667
decode,11,2,28,2,18,0.111111111111111,0.277777777777778
decode,11,3,109,2,18,0.111111111111111,0.388888888888889
decode,11,4,118,2,18,0.111111111111111,0.5
decode,11,5,186,2,18,0.111111111111111,0.611111111111111
decode,11,6,218,2,18,0.111111111111111,0.722222222222222
decode,11,7,34,1,18,0.0555555555555556,0.777777777777778
decode,11,8,36,1,18,0.0555555555555556,0.833333333333333
decode,11,9,124,1,18,0.0555555555555556,0.888888888888889
decode,11,10,161,1,18,0.0555555555555556,0.944444444444445
decode,11,11,222,1,18,0.0555555555555556,1
decode,11,12,0,0,18,0,1
decode,11,13,1,0,18,0,1
decode,11,14,2,0,18,0,1
decode,11,15,3,0,18,0,1
decode,11,16,4,0,18,0,1
decode,11,17,5,0,18,0,1
decode,11,18,6,0,18,0,1
decode,11,19,7,0,18,0,1
decode,11,20,8,0,18,0,1
decode,11,21,9,0,18,0,1
decode,11,22,10,0,18,0,1
decode,11,23,11,0,18,0,1
decode,11,24,12,0,18,0,1
decode,11,25,13,0,18,0,1
decode,11,26,14,0,18,0,1
decode,11,27,15,0,18,0,1
decode,11,28,16,0,18,0,1
decode,11,29,17,0,18,0,1
decode,11,30,18,0,18,0,1
decode,11,31,19,0,18,0,1
decode,11,32,20,0,18,0,1
decode,11,33,21,0,18,0,1
decode,11,34,22,0,18,0,1
decode,11,35,23,0,18,0,1
decode,11,36,24,0,18,0,1
decode,11,37,25,0,18,0,1
decode,11,38,26,0,18,0,1
decode,11,39,27,0,18,0,1
decode,11,40,29,0,18,0,1
decode,11,41,30,0,18,0,1
decode,11,42,31,0,18,0,1
decode,11,43,32,0,18,0,1
decode,11,44,33,0,18,0,1
decode,11,45,35,0,18,0,1
decode,11,46,37,0,18,0,1
decode,11,47,38,0,18,0,1
decode,11,48,39,0,18,0,1
decode,11,49,40,0,18,0,1
decode,11,50,41,0,18,0,1
decode,11,51,42,0,18,0,1
decode,11,52,43,0,18,0,1
decode,11,53,44,0,18,0,1
decode,11,54,45,0,18,0,1
decode,11,55,46,0,18,0,1
decode,11,56,47,0,18,0,1
decode,11,57,48,0,18,0,1
decode,11,58,49,0,18,0,1
decode,11,59,50,0,18,0,1
decode,11,60,51,0,18,0,1
decode,11,61,52,0,18,0,1
decode,11,62,53,0,18,0,1
decode,11,63,54,0,18,0,1
decode,11,64,55,0,18,0,1
decode,11,65,56,0,18,0,1
decode,11,66,57,0,18,0,1
decode,11,67,58,0,18,0,1
decode,11,68,59,0,18,0,1
decode,11,69,60,0,18,0,1
decode,11,70,61,0,18,0,1
decode,11,71,62,0,18,0,1
decode,11,72,63,0,18,0,1
decode,11,73,64,0,18,0,1
decode,11,74,65,0,18,0,1
decode,11,75,66,0,18,0,1
decode,11,76,67,0,18,0,1
decode,11,77,68,0,18,0,1
decode,11,78,69,0,18,0,1
decode,11,79,70,0,18,0,1
decode,11,80,71,0,18,0,1
decode,11,81,72,0,18,0,1
decode,11,82,73,0,18,0,1
decode,11,83,74,0,18,0,1
decode,11,84,75,0,18,0,1
decode,11,85,76,0,18,0,1
decode,11,86,77,0,18,0,1
decode,11,87,78,0,18,0,1
decode,11,88,79,0,18,0,1
decode,11,89,80,0,18,0,1
decode,11,90,81,0,18,0,1
decode,11,91,82,0,18,0,1
decode,11,92,83,0,18,0,1
decode,11,93,84,0,18,0,1
decode,11,94,85,0,18,0,1
decode,11,95,86,0,18,0,1
decode,11,96,87,0,18,0,1
decode,11,97,88,0,18,0,1
decode,11,98,89,0,18,0,1
decode,11,99,90,0,18,0,1
decode,11,100,91,0,18,0,1
decode,11,101,92,0,18,0,1
decode,11,102,93,0,18,0,1
decode,11,103,94,0,18,0,1
decode,11,104,95,0,18,0,1
decode,11,105,96,0,18,0,1
decode,11,106,97,0,18,0,1
decode,11,107,98,0,18,0,1
decode,11,108,99,0,18,0,1
decode,11,109,100,0,18,0,1
decode,11,110,101,0,18,0,1
decode,11,111,102,0,18,0,1
decode,11,112,103,0,18,0,1
decode,11,113,104,0,18,0,1
decode,11,114,105,0,18,0,1
decode,11,115,106,0,18,0,1
decode,11,116,107,0,18,0,1
decode,11,117,108,0,18,0,1
decode,11,118,110,0,18,0,1
decode,11,119,111,0,18,0,1
decode,11,120,112,0,18,0,1
decode,11,121,113,0,18,0,1
decode,11,122,114,0,18,0,1
decode,11,123,115,0,18,0,1
decode,11,124,116,0,18,0,1
decode,11,125,117,0,18,0,1
decode,11,126,119,0,18,0,1
decode,11,127,120,0,18,0,1
decode,11,128,121,0,18,0,1
decode,11,129,122,0,18,0,1
decode,11,130,123,0,18,0,1
decode,11,131,125,0,18,0,1
decode,11,132,126,0,18,0,1
decode,11,133,127,0,18,0,1
decode,11,134,128,0,18,0,1
decode,11,135,129,0,18,0,1
decode,11,136,130,0,18,0,1
decode,11,137,131,0,18,0,1
decode,11,138,132,0,18,0,1
decode,11,139,133,0,18,0,1
decode,11,140,134,0,18,0,1
decode,11,141,135,0,18,0,1
decode,11,142,136,0,18,0,1
decode,11,143,137,0,18,0,1
decode,11,144,138,0,18,0,1
decode,11,145,139,0,18,0,1
decode,11,146,140,0,18,0,1
decode,11,147,141,0,18,0,1
decode,11,148,142,0,18,0,1
decode,11,149,143,0,18,0,1
decode,11,150,144,0,18,0,1
decode,11,151,145,0,18,0,1
decode,11,152,146,0,18,0,1
decode,11,153,147,0,18,0,1
decode,11,154,148,0,18,0,1
decode,11,155,149,0,18,0,1
decode,11,156,150,0,18,0,1
decode,11,157,151,0,18,0,1
decode,11,158,152,0,18,0,1
decode,11,159,153,0,18,0,1
decode,11,160,154,0,18,0,1
decode,11,161,155,0,18,0,1
decode,11,162,156,0,18,0,1
decode,11,163,157,0,18,0,1
decode,11,164,158,0,18,0,1
decode,11,165,159,0,18,0,1
decode,11,166,160,0,18,0,1
decode,11,167,162,0,18,0,1
decode,11,168,163,0,18,0,1
decode,11,169,164,0,18,0,1
decode,11,170,165,0,18,0,1
decode,11,171,166,0,18,0,1
decode,11,172,167,0,18,0,1
decode,11,173,168,0,18,0,1
decode,11,174,169,0,18,0,1
decode,11,175,170,0,18,0,1
decode,11,176,171,0,18,0,1
decode,11,177,172,0,18,0,1
decode,11,178,173,0,18,0,1
decode,11,179,174,0,18,0,1
decode,11,180,175,0,18,0,1
decode,11,181,176,0,18,0,1
decode,11,182,177,0,18,0,1
decode,11,183,178,0,18,0,1
decode,11,184,179,0,18,0,1
decode,11,185,180,0,18,0,1
decode,11,186,181,0,18,0,1
decode,11,187,182,0,18,0,1
decode,11,188,183,0,18,0,1
decode,11,189,184,0,18,0,1
decode,11,190,185,0,18,0,1
decode,11,191,187,0,18,0,1
decode,11,192,188,0,18,0,1
decode,11,193,189,0,18,0,1
decode,11,194,190,0,18,0,1
decode,11,195,191,0,18,0,1
decode,11,196,192,0,18,0,1
decode,11,197,193,0,18,0,1
decode,11,198,194,0,18,0,1
decode,11,199,195,0,18,0,1
decode,11,200,196,0,18,0,1
decode,11,201,197,0,18,0,1
decode,11,202,198,0,18,0,1
decode,11,203,199,0,18,0,1
decode,11,204,200,0,18,0,1
decode,11,205,201,0,18,0,1
decode,11,206,202,0,18,0,1
decode,11,207,203,0,18,0,1
decode,11,208,204,0,18,0,1
decode,11,209,205,0,18,0,1
decode,11,210,206,0,18,0,1
decode,11,211,207,0,18,0,1
decode,11,212,208,0,18,0,1
decode,11,213,209,0,18,0,1
decode,11,214,210,0,18,0,1
decode,11,215,211,0,18,0,1
decode,11,216,212,0,18,0,1
decode,11,217,213,0,18,0,1
decode,11,218,214,0,18,0,1
decode,11,219,215,0,18,0,1
decode,11,220,216,0,18,0,1
decode,11,221,217,0,18,0,1
decode,11,222,219,0,18,0,1
decode,11,223,220,0,18,0,1
decode,11,224,221,0,18,0,1
decode,11,225,223,0,18,0,1
decode,11,226,224,0,18,0,1
decode,11,227,225,0,18,0,1
decode,11,228,226,0,18,0,1
decode,11,229,227,0,18,0,1
decode,11,230,228,0,18,0,1
decode,11,231,229,0,18,0,1
decode,11,232,230,0,18,0,1
decode,11,233,231,0,18,0,1
decode,11,234,232,0,18,0,1
decode,11,235,233,0,18,0,1
decode,11,236,234,0,18,0,1
decode,11,237,235,0,18,0,1
decode,11,238,236,0,18,0,1
decode,11,239,237,0,18,0,1
decode,11,240,238,0,18,0,1
decode,11,241,239,0,18,0,1
decode,11,242,241,0,18,0,1
decode,11,243,242,0,18,0,1
decode,11,244,243,0,18,0,1
decode,11,245,244,0,18,0,1
decode,11,246,245,0,18,0,1
decode,11,247,246,0,18,0,1
decode,11,248,247,0,18,0,1
decode,11,249,248,0,18,0,1
decode,11,250,249,0,18,0,1
decode,11,251,250,0,18,0,1
decode,11,252,251,0,18,0,1
decode,11,253,252,0,18,0,1
decode,11,254,253,0,18,0,1
decode,11,255,254,0,18,0,1
decode,11,256,255,0,18,0,1
decode,12,1,19,3,18,0.166666666666667,0.166666666666667
decode,12,2,228,3,18,0.166666666666667,0.333333333333333
decode,12,3,244,3,18,0.166666666666667,0.5
decode,12,4,43,2,18,0.111111111111111,0.611111111111111
decode,12,5,164,2,18,0.111111111111111,0.722222222222222
decode,12,6,35,1,18,0.0555555555555556,0.777777777777778
decode,12,7,124,1,18,0.0555555555555556,0.833333333333333
decode,12,8,133,1,18,0.0555555555555556,0.888888888888889
decode,12,9,154,1,18,0.0555555555555556,0.944444444444445
decode,12,10,247,1,18,0.0555555555555556,1
decode,12,11,0,0,18,0,1
decode,12,12,1,0,18,0,1
decode,12,13,2,0,18,0,1
decode,12,14,3,0,18,0,1
decode,12,15,4,0,18,0,1
decode,12,16,5,0,18,0,1
decode,12,17,6,0,18,0,1
decode,12,18,7,0,18,0,1
decode,12,19,8,0,18,0,1
decode,12,20,9,0,18,0,1
decode,12,21,10,0,18,0,1
decode,12,22,11,0,18,0,1
decode,12,23,12,0,18,0,1
decode,12,24,13,0,18,0,1
decode,12,25,14,0,18,0,1
decode,12,26,15,0,18,0,1
decode,12,27,16,0,18,0,1
decode,12,28,17,0,18,0,1
decode,12,29,18,0,18,0,1
decode,12,30,20,0,18,0,1
decode,12,31,21,0,18,0,1
decode,12,32,22,0,18,0,1
decode,12,33,23,0,18,0,1
decode,12,34,24,0,18,0,1
decode,12,35,25,0,18,0,1
decode,12,36,26,0,18,0,1
decode,12,37,27,0,18,0,1
decode,12,38,28,0,18,0,1
decode,12,39,29,0,18,0,1
decode,12,40,30,0,18,0,1
decode,12,41,31,0,18,0,1
decode,12,42,32,0,18,0,1
decode,12,43,33,0,18,0,1
decode,12,44,34,0,18,0,1
decode,12,45,36,0,18,0,1
decode,12,46,37,0,18,0,1
decode,12,47,38,0,18,0,1
decode,12,48,39,0,18,0,1
decode,12,49,40,0,18,0,1
decode,12,50,41,0,18,0,1
decode,12,51,42,0,18,0,1
decode,12,52,44,0,18,0,1
decode,12,53,45,0,18,0,1
decode,12,54,46,0,18,0,1
decode,12,55,47,0,18,0,1
decode,12,56,48,0,18,0,1
decode,12,57,49,0,18,0,1
decode,12,58,50,0,18,0,1
decode,12,59,51,0,18,0,1
decode,12,60,52,0,18,0,1
decode,12,61,53,0,18,0,1
decode,12,62,54,0,18,0,1
decode,12,63,55,0,18,0,1
decode,12,64,56,0,18,0,1
decode,12,65,57,0,18,0,1
decode,12,66,58,0,18,0,1
decode,12,67,59,0,18,0,1
decode,12,68,60,0,18,0,1
decode,12,69,61,0,18,0,1
decode,12,70,62,0,18,0,1
decode,12,71,63,0,18,0,1
decode,12,72,64,0,18,0,1
decode,12,73,65,0,18,0,1
decode,12,74,66,0,18,0,1
decode,12,75,67,0,18,0,1
decode,12,76,68,0,18,0,1
decode,12,77,69,0,18,0,1
decode,12,78,70,0,18,0,1
decode,12,79,71,0,18,0,1
decode,12,80,72,0,18,0,1
decode,12,81,73,0,18,0,1
decode,12,82,74,0,18,0,1
decode,12,83,75,0,18,0,1
decode,12,84,76,0,18,0,1
decode,12,85,77,0,18,0,1
decode,12,86,78,0,18,0,1
decode,12,87,79,0,18,0,1
decode,12,88,80,0,18,0,1
decode,12,89,81,0,18,0,1
decode,12,90,82,0,18,0,1
decode,12,91,83,0,18,0,1
decode,12,92,84,0,18,0,1
decode,12,93,85,0,18,0,1
decode,12,94,86,0,18,0,1
decode,12,95,87,0,18,0,1
decode,12,96,88,0,18,0,1
decode,12,97,89,0,18,0,1
decode,12,98,90,0,18,0,1
decode,12,99,91,0,18,0,1
decode,12,100,92,0,18,0,1
decode,12,101,93,0,18,0,1
decode,12,102,94,0,18,0,1
decode,12,103,95,0,18,0,1
decode,12,104,96,0,18,0,1
decode,12,105,97,0,18,0,1
decode,12,106,98,0,18,0,1
decode,12,107,99,0,18,0,1
decode,12,108,100,0,18,0,1
decode,12,109,101,0,18,0,1
decode,12,110,102,0,18,0,1
decode,12,111,103,0,18,0,1
decode,12,112,104,0,18,0,1
decode,12,113,105,0,18,0,1
decode,12,114,106,0,18,0,1
decode,12,115,107,0,18,0,1
decode,12,116,108,0,18,0,1
decode,12,117,109,0,18,0,1
decode,12,118,110,0,18,0,1
decode,12,119,111,0,18,0,1
decode,12,120,112,0,18,0,1
decode,12,121,113,0,18,0,1
decode,12,122,114,0,18,0,1
decode,12,123,115,0,18,0,1
decode,12,124,116,0,18,0,1
decode,12,125,117,0,18,0,1
decode,12,126,118,0,18,0,1
decode,12,127,119,0,18,0,1
decode,12,128,120,0,18,0,1
decode,12,129,121,0,18,0,1
decode,12,130,122,0,18,0,1
decode,12,131,123,0,18,0,1
decode,12,132,125,0,18,0,1
decode,12,133,126,0,18,0,1
decode,12,134,127,0,18,0,1
decode,12,135,128,0,18,0,1
decode,12,136,129,0,18,0,1
decode,12,137,130,0,18,0,1
decode,12,138,131,0,18,0,1
decode,12,139,132,0,18,0,1
decode,12,140,134,0,18,0,1
decode,12,141,135,0,18,0,1
decode,12,142,136,0,18,0,1
decode,12,143,137,0,18,0,1
decode,12,144,138,0,18,0,1
decode,12,145,139,0,18,0,1
decode,12,146,140,0,18,0,1
decode,12,147,141,0,18,0,1
decode,12,148,142,0,18,0,1
decode,12,149,143,0,18,0,1
decode,12,150,144,0,18,0,1
decode,12,151,145,0,18,0,1
decode,12,152,146,0,18,0,1
decode,12,153,147,0,18,0,1
decode,12,154,148,0,18,0,1
decode,12,155,149,0,18,0,1
decode,12,156,150,0,18,0,1
decode,12,157,151,0,18,0,1
decode,12,158,152,0,18,0,1
decode,12,159,153,0,18,0,1
decode,12,160,155,0,18,0,1
decode,12,161,156,0,18,0,1
decode,12,162,157,0,18,0,1
decode,12,163,158,0,18,0,1
decode,12,164,159,0,18,0,1
decode,12,165,160,0,18,0,1
decode,12,166,161,0,18,0,1
decode,12,167,162,0,18,0,1
decode,12,168,163,0,18,0,1
decode,12,169,165,0,18,0,1
decode,12,170,166,0,18,0,1
decode,12,171,167,0,18,0,1
decode,12,172,168,0,18,0,1
decode,12,173,169,0,18,0,1
decode,12,174,170,0,18,0,1
decode,12,175,171,0,18,0,1
decode,12,176,172,0,18,0,1
decode,12,177,173,0,18,0,1
decode,12,178,174,0,18,0,1
decode,12,179,175,0,18,0,1
decode,12,180,176,0,18,0,1
decode,12,181,177,0,18,0,1
decode,12,182,178,0,18,0,1
decode,12,183,179,0,18,0,1
decode,12,184,180,0,18,0,1
decode,12,185,181,0,18,0,1
decode,12,186,182,0,18,0,1
decode,12,187,183,0,18,0,1
decode,12,188,184,0,18,0,1
decode,12,189,185,0,18,0,1
decode,12,190,186,0,18,0,1
decode,12,191,187,0,18,0,1
decode,12,192,188,0,18,0,1
decode,12,193,189,0,18,0,1
decode,12,194,190,0,18,0,1
decode,12,195,191,0,18,0,1
decode,12,196,192,0,18,0,1
decode,12,197,193,0,18,0,1
decode,12,198,194,0,18,0,1
decode,12,199,195,0,18,0,1
decode,12,200,196,0,18,0,1
decode,12,201,197,0,18,0,1
decode,12,202,198,0,18,0,1
decode,12,203,199,0,18,0,1
decode,12,204,200,0,18,0,1
decode,12,205,201,0,18,0,1
decode,12,206,202,0,18,0,1
decode,12,207,203,0,18,0,1
decode,12,208,204,0,18,0,1
decode,12,209,205,0,18,0,1
decode,12,210,206,0,18,0,1
decode,12,211,207,0,18,0,1
decode,12,212,208,0,18,0,1
decode,12,213,209,0,18,0,1
decode,12,214,210,0,18,0,1
decode,12,215,211,0,18,0,1
decode,12,216,212,0,18,0,1
decode,12,217,213,0,18,0,1
decode,12,218,214,0,18,0,1
decode,12,219,215,0,18,0,1
decode,12,220,216,0,18,0,1
decode,12,221,217,0,18,0,1
decode,12,222,218,0,18,0,1
decode,12,223,219,0,18,0,1
decode,12,224,220,0,18,0,1
decode,12,225,221,0,18,0,1
decode,12,226,222,0,18,0,1
decode,12,227,223,0,18,0,1
decode,12,228,224,0,18,0,1
decode,12,229,225,0,18,0,1
decode,12,230,226,0,18,0,1
decode,12,231,227,0,18,0,1
decode,12,232,229,0,18,0,1
decode,12,233,230,0,18,0,1
decode,12,234,231,0,18,0,1
decode,12,235,232,0,18,0,1
decode,12,236,233,0,18,0,1
decode,12,237,234,0,18,0,1
decode,12,238,235,0,18,0,1
decode,12,239,236,0,18,0,1
decode,12,240,237,0,18,0,1
decode,12,241,238,0,18,0,1
decode,12,242,239,0,18,0,1
decode,12,243,240,0,18,0,1
decode,12,244,241,0,18,0,1
decode,12,245,242,0,18,0,1
decode,12,246,243,0,18,0,1
decode,12,247,245,0,18,0,1
decode,12,248,246,0,18,0,1
decode,12,249,248,0,18,0,1
decode,12,250,249,0,18,0,1
decode,12,251,250,0,18,0,1
decode,12,252,251,0,18,0,1
decode,12,253,252,0,18,0,1
decode,12,254,253,0,18,0,1
decode,12,255,254,0,18,0,1
decode,12,256,255,0,18,0,1
decode,13,1,62,3,18,0.166666666666667,0.166666666666667
decode,13,2,148,3,18,0.166666666666667,0.333333333333333
decode,13,3,72,2,18,0.111111111111111,0.444444444444444
decode,13,4,108,2,18,0.111111111111111,0.555555555555556
decode,13,5,182,2,18,0.111111111111111,0.666666666666667
decode,13,6,248,2,18,0.111111111111111,0.777777777777778
decode,13,7,7,1,18,0.0555555555555556,0.833333333333333
decode,13,8,19,1,18,0.0555555555555556,0.888888888888889
decode,13,9,39,1,18,0.0555555555555556,0.944444444444445
decode,13,10,63,1,18,0.0555555555555556,1
decode,13,11,0,0,18,0,1
decode,13,12,1,0,18,0,1
decode,13,13,2,0,18,0,1
decode,13,14,3,0,18,0,1
decode,13,15,4,0,18,0,1
decode,13,16,5,0,18,0,1
decode,13,17,6,0,18,0,1
decode,13,18,8,0,18,0,1
decode,13,19,9,0,18,0,1
decode,13,20,10,0,18,0,1
decode,13,21,11,0,18,0,1
decode,13,22,12,0,18,0,1
decode,13,23,13,0,18,0,1
decode,13,24,14,0,18,0,1
decode,13,25,15,0,18,0,1
decode,13,26,16,0,18,0,1
decode,13,27,17,0,18,0,1
decode,13,28,18,0,18,0,1
decode,13,29,20,0,18,0,1
decode,13,30,21,0,18,0,1
decode,13,31,22,0,18,0,1
decode,13,32,23,0,18,0,1
decode,13,33,24,0,18,0,1
decode,13,34,25,0,18,0,1
decode,13,35,26,0,18,0,1
decode,13,36,27,0,18,0,1
decode,13,37,28,0,18,0,1
decode,13,38,29,0,18,0,1
decode,13,39,30,0,18,0,1
decode,13,40,31,0,18,0,1
decode,13,41,32,0,18,0,1
decode,13,42,33,0,18,0,1
decode,13,43,34,0,18,0,1
decode,13,44,35,0,18,0,1
decode,13,45,36,0,18,0,1
decode,13,46,37,0,18,0,1
decode,13,47,38,0,18,0,1
decode,13,48,40,0,18,0,1
decode,13,49,41,0,18,0,1
decode,13,50,42,0,18,0,1
decode,13,51,43,0,18,0,1
decode,13,52,44,0,18,0,1
decode,13,53,45,0,18,0,1
decode,13,54,46,0,18,0,1
decode,13,55,47,0,18,0,1
decode,13,56,48,0,18,0,1
decode,13,57,49,0,18,0,1
decode,13,58,50,0,18,0,1
decode,13,59,51,0,18,0,1
decode,13,60,52,0,18,0,1
decode,13,61,53,0,18,0,1
decode,13,62,54,0,18,0,1
decode,13,63,55,0,18,0,1
decode,13,64,56,0,18,0,1
decode,13,65,57,0,18,0,1
decode,13,66,58,0,18,0,1
decode,13,67,59,0,18,0,1
decode,13,68,60,0,18,0,1
decode,13,69,61,0,18,0,1
decode,13,70,64,0,18,0,1
decode,13,71,65,0,18,0,1
decode,13,72,66,0,18,0,1
decode,13,73,67,0,18,0,1
decode,13,74,68,0,18,0,1
decode,13,75,69,0,18,0,1
decode,13,76,70,0,18,0,1
decode,13,77,71,0,18,0,1
decode,13,78,73,0,18,0,1
decode,13,79,74,0,18,0,1
decode,13,80,75,0,18,0,1
decode,13,81,76,0,18,0,1
decode,13,82,77,0,18,0,1
decode,13,83,78,0,18,0,1
decode,13,84,79,0,18,0,1
decode,13,85,80,0,18,0,1
decode,13,86,81,0,18,0,1
decode,13,87,82,0,18,0,1
decode,13,88,83,0,18,0,1
decode,13,89,84,0,18,0,1
decode,13,90,85,0,18,0,1
decode,13,91,86,0,18,0,1
decode,13,92,87,0,18,0,1
decode,13,93,88,0,18,0,1
decode,13,94,89,0,18,0,1
decode,13,95,90,0,18,0,1
decode,13,96,91,0,18,0,1
decode,13,97,92,0,18,0,1
decode,13,98,93,0,18,0,1
decode,13,99,94,0,18,0,1
decode,13,100,95,0,18,0,1
decode,13,101,96,0,18,0,1
decode,13,102,97,0,18,0,1
decode,13,103,98,0,18,0,1
decode,13,104,99,0,18,0,1
decode,13,105,100,0,18,0,1
decode,13,106,101,0,18,0,1
decode,13,107,102,0,18,0,1
decode,13,108,103,0,18,0,1
decode,13,109,104,0,18,0,1
decode,13,110,105,0,18,0,1
decode,13,111,106,0,18,0,1
decode,13,112,107,0,18,0,1
decode,13,113,109,0,18,0,1
decode,13,114,110,0,18,0,1
decode,13,115,111,0,18,0,1
decode,13,116,112,0,18,0,1
decode,13,117,113,0,18,0,1
decode,13,118,114,0,18,0,1
decode,13,119,115,0,18,0,1
decode,13,120,116,0,18,0,1
decode,13,121,117,0,18,0,1
decode,13,122,118,0,18,0,1
decode,13,123,119,0,18,0,1
decode,13,124,120,0,18,0,1
decode,13,125,121,0,18,0,1
decode,13,126,122,0,18,0,1
decode,13,127,123,0,18,0,1
decode,13,128,124,0,18,0,1
decode,13,129,125,0,18,0,1
decode,13,130,126,0,18,0,1
decode,13,131,127,0,18,0,1
decode,13,132,128,0,18,0,1
decode,13,133,129,0,18,0,1
decode,13,134,130,0,18,0,1
decode,13,135,131,0,18,0,1
decode,13,136,132,0,18,0,1
decode,13,137,133,0,18,0,1
decode,13,138,134,0,18,0,1
decode,13,139,135,0,18,0,1
decode,13,140,136,0,18,0,1
decode,13,141,137,0,18,0,1
decode,13,142,138,0,18,0,1
decode,13,143,139,0,18,0,1
decode,13,144,140,0,18,0,1
decode,13,145,141,0,18,0,1
decode,13,146,142,0,18,0,1
decode,13,147,143,0,18,0,1
decode,13,148,144,0,18,0,1
decode,13,149,145,0,18,0,1
decode,13,150,146,0,18,0,1
decode,13,151,147,0,18,0,1
decode,13,152,149,0,18,0,1
decode,13,153,150,0,18,0,1
decode,13,154,151,0,18,0,1
decode,13,155,152,0,18,0,1
decode,13,156,153,0,18,0,1
decode,13,157,154,0,18,0,1
decode,13,158,155,0,18,0,1
decode,13,159,156,0,18,0,1
decode,13,160,157,0,18,0,1
decode,13,161,158,0,18,0,1
decode,13,162,159,0,18,0,1
decode,13,163,160,0,18,0,1
decode,13,164,161,0,18,0,1
decode,13,165,162,0,18,0,1
decode,13,166,163,0,18,0,1
decode,13,167,164,0,18,0,1
decode,13,168,165,0,18,0,1
decode,13,169,166,0,18,0,1
decode,13,170,167,0,18,0,1
decode,13,171,168,0,18,0,1
decode,13,172,169,0,18,0,1
decode,13,173,170,0,18,0,1
decode,13,174,171,0,18,0,1
decode,13,175,172,0,18,0,1
decode,13,176,173,0,18,0,1
decode,13,177,174,0,18,0,1
decode,13,178,175,0,18,0,1
decode,13,179,176,0,18,0,1
decode,13,180,177,0,18,0,1
decode,13,181,178,0,18,0,1
decode,13,182,179,0,18,0,1
decode,13,183,180,0,18,0,1
decode,13,184,181,0,18,0,1
decode,13,185,183,0,18,0,1
decode,13,186,184,0,18,0,1
decode,13,187,185,0,18,0,1
decode,13,188,186,0,18,0,1
decode,13,189,187,0,18,0,1
decode,13,190,188,0,18,0,1
decode,13,191,189,0,18,0,1
decode,13,192,190,0,18,0,1
decode,13,193,191,0,18,0,1
decode,13,194,192,0,18,0,1
decode,13,195,193,0,18,0,1
decode,13,196,194,0,18,0,1
decode,13,197,195,0,18,0,1
decode,13,198,196,0,18,0,1
decode,13,199,197,0,18,0,1
decode,13,200,198,0,18,0,1
decode,13,201,199,0,18,0,1
decode,13,202,200,0,18,0,1
decode,13,203,201,0,18,0,1
decode,13,204,202,0,18,0,1
decode,13,205,203,0,18,0,1
decode,13,206,204,0,18,0,1
decode,13,207,205,0,18,0,1
decode,13,208,206,0,18,0,1
decode,13,209,207,0,18,0,1
decode,13,210,208,0,18,0,1
decode,13,211,209,0,18,0,1
decode,13,212,210,0,18,0,1
decode,13,213,211,0,18,0,1
decode,13,214,212,0,18,0,1
decode,13,215,213,0,18,0,1
decode,13,216,214,0,18,0,1
decode,13,217,215,0,18,0,1
decode,13,218,216,0,18,0,1
decode,13,219,217,0,18,0,1
decode,13,220,218,0,18,0,1
decode,13,221,219,0,18,0,1
decode,13,222,220,0,18,0,1
decode,13,223,221,0,18,0,1
decode,13,224,222,0,18,0,1
decode,13,225,223,0,18,0,1
decode,13,226,224,0,18,0,1
decode,13,227,225,0,18,0,1
decode,13,228,226,0,18,0,1
decode,13,229,227,0,18,0,1
decode,13,230,228,0,18,0,1
decode,13,231,229,0,18,0,1
decode,13,232,230,0,18,0,1
decode,13,233,231,0,18,0,1
decode,13,234,232,0,18,0,1
decode,13,235,233,0,18,0,1
decode,13,236,234,0,18,0,1
decode,13,237,235,0,18,0,1
decode,13,238,236,0,18,0,1
decode,13,239,237,0,18,0,1
decode,13,240,238,0,18,0,1
decode,13,241,239,0,18,0,1
decode,13,242,240,0,18,0,1
decode,13,243,241,0,18,0,1
decode,13,244,242,0,18,0,1
decode,13,245,243,0,18,0,1
decode,13,246,244,0,18,0,1
decode,13,247,245,0,18,0,1
decode,13,248,246,0,18,0,1
decode,13,249,247,0,18,0,1
decode,13,250,249,0,18,0,1
decode,13,251,250,0,18,0,1
decode,13,252,251,0,18,0,1
decode,13,253,252,0,18,0,1
decode,13,254,253,0,18,0,1
decode,13,255,254,0,18,0,1
decode,13,256,255,0,18,0,1
decode,14,1,70,3,18,0.166666666666667,0.166666666666667
decode,14,2,188,3,18,0.166666666666667,0.333333333333333
decode,14,3,197,3,18,0.166666666666667,0.5
decode,14,4,59,2,18,0.111111111111111,0.611111111111111
decode,14,5,83,2,18,0.111111111111111,0.722222222222222
decode,14,6,182,2,18,0.111111111111111,0.833333333333333
decode,14,7,35,1,18,0.0555555555555556,0.888888888888889
decode,14,8,38,1,18,0.0555555555555556,0.944444444444445
decode,14,9,189,1,18,0.0555555555555556,1
decode,14,10,0,0,18,0,1
decode,14,11,1,0,18,0,1
decode,14,12,2,0,18,0,1
decode,14,13,3,0,18,0,1
decode,14,14,4,0,18,0,1
decode,14,15,5,0,18,0,1
decode,14,16,6,0,18,0,1
decode,14,17,7,0,18,0,1
decode,14,18,8,0,18,0,1
decode,14,19,9,0,18,0,1
decode,14,20,10,0,18,0,1
decode,14,21,11,0,18,0,1
decode,14,22,12,0,18,0,1
decode,14,23,13,0,18,0,1
decode,14,24,14,0,18,0,1
decode,14,25,15,0,18,0,1
decode,14,26,16,0,18,0,1
decode,14,27,17,0,18,0,1
decode,14,28,18,0,18,0,1
decode,14,29,19,0,18,0,1
decode,14,30,20,0,18,0,1
decode,14,31,21,0,18,0,1
decode,14,32,22,0,18,0,1
decode,14,33,23,0,18,0,1
decode,14,34,24,0,18,0,1
decode,14,35,25,0,18,0,1
decode,14,36,26,0,18,0,1
decode,14,37,27,0,18,0,1
decode,14,38,28,0,18,0,1
decode,14,39,29,0,18,0,1
decode,14,40,30,0,18,0,1
decode,14,41,31,0,18,0,1
decode,14,42,32,0,18,0,1
decode,14,43,33,0,18,0,1
decode,14,44,34,0,18,0,1
decode,14,45,36,0,18,0,1
decode,14,46,37,0,18,0,1
decode,14,47,39,0,18,0,1
decode,14,48,40,0,18,0,1
decode,14,49,41,0,18,0,1
decode,14,50,42,0,18,0,1
decode,14,51,43,0,18,0,1
decode,14,52,44,0,18,0,1
decode,14,53,45,0,18,0,1
decode,14,54,46,0,18,0,1
decode,14,55,47,0,18,0,1
decode,14,56,48,0,18,0,1
decode,14,57,49,0,18,0,1
decode,14,58,50,0,18,0,1
decode,14,59,51,0,18,0,1
decode,14,60,52,0,18,0,1
decode,14,61,53,0,18,0,1
decode,14,62,54,0,18,0,1
decode,14,63,55,0,18,0,1
decode,14,64,56,0,18,0,1
decode,14,65,57,0,18,0,1
decode,14,66,58,0,18,0,1
decode,14,67,60,0,18,0,1
decode,14,68,61,0,18,0,1
decode,14,69,62,0,18,0,1
decode,14,70,63,0,18,0,1
decode,14,71,64,0,18,0,1
decode,14,72,65,0,18,0,1
decode,14,73,66,0,18,0,1
decode,14,74,67,0,18,0,1
decode,14,75,68,0,18,0,1
decode,14,76,69,0,18,0,1
decode,14,77,71,0,18,0,1
decode,14,78,72,0,18,0,1
decode,14,79,73,0,18,0,1
decode,14,80,74,0,18,0,1
decode,14,81,75,0,18,0,1
decode,14,82,76,0,18,0,1
decode,14,83,77,0,18,0,1
decode,14,84,78,0,18,0,1
decode,14,85,79,0,18,0,1
decode,14,86,80,0,18,0,1
decode,14,87,81,0,18,0,1
decode,14,88,82,0,18,0,1
decode,14,89,84,0,18,0,1
decode,14,90,85,0,18,0,1
decode,14,91,86,0,18,0,1
decode,14,92,87,0,18,0,1
decode,14,93,88,0,18,0,1
decode,14,94,89,0,18,0,1
decode,14,95,90,0,18,0,1
decode,14,96,91,0,18,0,1
decode,14,97,92,0,18,0,1
decode,14,98,93,0,18,0,1
decode,14,99,94,0,18,0,1
decode,14,100,95,0,18,0,1
decode,14,101,96,0,18,0,1
decode,14,102,97,0,18,0,1
decode,14,103,98,0,18,0,1
decode,14,104,99,0,18,0,1
decode,14,105,100,0,18,0,1
decode,14,106,101,0,18,0,1
decode,14,107,102,0,18,0,1
decode,14,108,103,0,18,0,1
decode,14,109,104,0,18,0,1
decode,14,110,105,0,18,0,1
decode,14,111,106,0,18,0,1
decode,14,112,107,0,18,0,1
decode,14,113,108,0,18,0,1
decode,14,114,109,0,18,0,1
decode,14,115,110,0,18,0,1
decode,14,116,111,0,18,0,1
decode,14,117,112,0,18,0,1
decode,14,118,113,0,18,0,1
decode,14,119,114,0,18,0,1
decode,14,120,115,0,18,0,1
decode,14,121,116,0,18,0,1
decode,14,122,117,0,18,0,1
decode,14,123,118,0,18,0,1
decode,14,124,119,0,18,0,1
decode,14,125,120,0,18,0,1
decode,14,126,121,0,18,0,1
decode,14,127,122,0,18,0,1
decode,14,128,123,0,18,0,1
decode,14,129,124,0,18,0,1
decode,14,130,125,0,18,0,1
decode,14,131,126,0,18,0,1
decode,14,132,127,0,18,0,1
decode,14,133,128,0,18,0,1
decode,14,134,129,0,18,0,1
decode,14,135,130,0,18,0,1
decode,14,136,131,0,18,0,1
decode,14,137,132,0,18,0,1
decode,14,138,133,0,18,0,1
decode,14,139,134,0,18,0,1
decode,14,140,135,0,18,0,1
decode,14,141,136,0,18,0,1
decode,14,142,137,0,18,0,1
decode,14,143,138,0,18,0,1
decode,14,144,139,0,18,0,1
decode,14,145,140,0,18,0,1
decode,14,146,141,0,18,0,1
decode,14,147,142,0,18,0,1
decode,14,148,143,0,18,0,1
decode,14,149,144,0,18,0,1
decode,14,150,145,0,18,0,1
decode,14,151,146,0,18,0,1
decode,14,152,147,0,18,0,1
decode,14,153,148,0,18,0,1
decode,14,154,149,0,18,0,1
decode,14,155,150,0,18,0,1
decode,14,156,151,0,18,0,1
decode,14,157,152,0,18,0,1
decode,14,158,153,0,18,0,1
decode,14,159,154,0,18,0,1
decode,14,160,155,0,18,0,1
decode,14,161,156,0,18,0,1
decode,14,162,157,0,18,0,1
decode,14,163,158,0,18,0,1
decode,14,164,159,0,18,0,1
decode,14,165,160,0,18,0,1
decode,14,166,161,0,18,0,1
decode,14,167,162,0,18,0,1
decode,14,168,163,0,18,0,1
decode,14,169,164,0,18,0,1
decode,14,170,165,0,18,0,1
decode,14,171,166,0,18,0,1
decode,14,172,167,0,18,0,1
decode,14,173,168,0,18,0,1
decode,14,174,169,0,18,0,1
decode,14,175,170,0,18,0,1
decode,14,176,171,0,18,0,1
decode,14,177,172,0,18,0,1
decode,14,178,173,0,18,0,1
decode,14,179,174,0,18,0,1
decode,14,180,175,0,18,0,1
decode,14,181,176,0,18,0,1
decode,14,182,177,0,18,0,1
decode,14,183,178,0,18,0,1
decode,14,184,179,0,18,0,1
decode,14,185,180,0,18,0,1
decode,14,186,181,0,18,0,1
decode,14,187,183,0,18,0,1
decode,14,188,184,0,18,0,1
decode,14,189,185,0,18,0,1
decode,14,190,186,0,18,0,1
decode,14,191,187,0,18,0,1
decode,14,192,190,0,18,0,1
decode,14,193,191,0,18,0,1
decode,14,194,192,0,18,0,1
decode,14,195,193,0,18,0,1
decode,14,196,194,0,18,0,1
decode,14,197,195,0,18,0,1
decode,14,198,196,0,18,0,1
decode,14,199,198,0,18,0,1
decode,14,200,199,0,18,0,1
decode,14,201,200,0,18,0,1
decode,14,202,201,0,18,0,1
decode,14,203,202,0,18,0,1
decode,14,204,203,0,18,0,1
decode,14,205,204,0,18,0,1
decode,14,206,205,0,18,0,1
decode,14,207,206,0,18,0,1
decode,14,208,207,0,18,0,1
decode,14,209,208,0,18,0,1
decode,14,210,209,0,18,0,1
decode,14,211,210,0,18,0,1
decode,14,212,211,0,18,0,1
decode,14,213,212,0,18,0,1
decode,14,214,213,0,18,0,1
decode,14,215,214,0,18,0,1
decode,14,216,215,0,18,0,1
decode,14,217,216,0,18,0,1
decode,14,218,217,0,18,0,1
decode,14,219,218,0,18,0,1
decode,14,220,219,0,18,0,1
decode,14,221,220,0,18,0,1
decode,14,222,221,0,18,0,1
decode,14,223,222,0,18,0,1
decode,14,224,223,0,18,0,1
decode,14,225,224,0,18,0,1
decode,14,226,225,0,18,0,1
decode,14,227,226,0,18,0,1
decode,14,228,227,0,18,0,1
decode,14,229,228,0,18,0,1
decode,14,230,229,0,18,0,1
decode,14,231,230,0,18,0,1
decode,14,232,231,0,18,0,1
decode,14,233,232,0,18,0,1
decode,14,234,233,0,18,0,1
decode,14,235,234,0,18,0,1
decode,14,236,235,0,18,0,1
decode,14,237,236,0,18,0,1
decode,14,238,237,0,18,0,1
decode,14,239,238,0,18,0,1
decode,14,240,239,0,18,0,1
decode,14,241,240,0,18,0,1
decode,14,242,241,0,18,0,1
decode,14,243,242,0,18,0,1
decode,14,244,243,0,18,0,1
decode,14,245,244,0,18,0,1
decode,14,246,245,0,18,0,1
decode,14,247,246,0,18,0,1
decode,14,248,247,0,18,0,1
decode,14,249,248,0,18,0,1
decode,14,250,249,0,18,0,1
decode,14,251,250,0,18,0,1
decode,14,252,251,0,18,0,1
decode,14,253,252,0,18,0,1
decode,14,254,253,0,18,0,1
decode,14,255,254,0,18,0,1
decode,14,256,255,0,18,0,1
decode,15,1,121,3,18,0.166666666666667,0.166666666666667
decode,15,2,157,3,18,0.166666666666667,0.333333333333333
decode,15,3,207,3,18,0.166666666666667,0.5
decode,15,4,46,2,18,0.111111111111111,0.611111111111111
decode,15,5,255,2,18,0.111111111111111,0.722222222222222
decode,15,6,56,1,18,0.0555555555555556,0.777777777777778
decode,15,7,187,1,18,0.0555555555555556,0.833333333333333
decode,15,8,225,1,18,0.0555555555555556,0.888888888888889
decode,15,9,236,1,18,0.0555555555555556,0.944444444444445
decode,15,10,254,1,18,0.0555555555555556,1
decode,15,11,0,0,18,0,1
decode,15,12,1,0,18,0,1
decode,15,13,2,0,18,0,1
decode,15,14,3,0,18,0,1
decode,15,15,4,0,18,0,1
decode,15,16,5,0,18,0,1
decode,15,17,6,0,18,0,1
decode,15,18,7,0,18,0,1
decode,15,19,8,0,18,0,1
decode,15,20,9,0,18,0,1
decode,15,21,10,0,18,0,1
decode,15,22,11,0,18,0,1
decode,15,23,12,0,18,0,1
decode,15,24,13,0,18,0,1
decode,15,25,14,0,18,0,1
decode,15,26,15,0,18,0,1
decode,15,27,16,0,18,0,1
decode,15,28,17,0,18,0,1
decode,15,29,18,0,18,0,1
decode,15,30,19,0,18,0,1
decode,15,31,20,0,18,0,1
decode,15,32,21,0,18,0,1
decode,15,33,22,0,18,0,1
decode,15,34,23,0,18,0,1
decode,15,35,24,0,18,0,1
decode,15,36,25,0,18,0,1
decode,15,37,26,0,18,0,1
decode,15,38,27,0,18,0,1
decode,15,39,28,0,18,0,1
decode,15,40,29,0,18,0,1
decode,15,41,30,0,18,0,1
decode,15,42,31,0,18,0,1
decode,15,43,32,0,18,0,1
decode,15,44,33,0,18,0,1
decode,15,45,34,0,18,0,1
decode,15,46,35,0,18,0,1
decode,15,47,36,0,18,0,1
decode,15,48,37,0,18,0,1
decode,15,49,38,0,18,0,1
decode,15,50,39,0,18,0,1
decode,15,51,40,0,18,0,1
decode,15,52,41,0,18,0,1
decode,15,53,42,0,18,0,1
decode,15,54,43,0,18,0,1
decode,15,55,44,0,18,0,1
decode,15,56,45,0,18,0,1
decode,15,57,47,0,18,0,1
decode,15,58,48,0,18,0,1
decode,15,59,49,0,18,0,1
decode,15,60,50,0,18,0,1
decode,15,61,51,0,18,0,1
decode,15,62,52,0,18,0,1
decode,15,63,53,0,18,0,1
decode,15,64,54,0,18,0,1
decode,15,65,55,0,18,0,1
decode,15,66,57,0,18,0,1
decode,15,67,58,0,18,0,1
decode,15,68,59,0,18,0,1
decode,15,69,60,0,18,0,1
decode,15,70,61,0,18,0,1
decode,15,71,62,0,18,0,1
decode,15,72,63,0,18,0,1
decode,15,73,64,0,18,0,1
decode,15,74,65,0,18,0,1
decode,15,75,66,0,18,0,1
decode,15,76,67,0,18,0,1
decode,15,77,68,0,18,0,1
decode,15,78,69,0,18,0,1
decode,15,79,70,0,18,0,1
decode,15,80,71,0,18,0,1
decode,15,81,72,0,18,0,1
decode,15,82,73,0,18,0,1
decode,15,83,74,0,18,0,1
decode,15,84,75,0,18,0,1
decode,15,85,76,0,18,0,1
decode,15,86,77,0,18,0,1
decode,15,87,78,0,18,0,1
decode,15,88,79,0,18,0,1
decode,15,89,80,0,18,0,1
decode,15,90,81,0,18,0,1
decode,15,91,82,0,18,0,1
decode,15,92,83,0,18,0,1
decode,15,93,84,0,18,0,1
decode,15,94,85,0,18,0,1
decode,15,95,86,0,18,0,1
decode,15,96,87,0,18,0,1
decode,15,97,88,0,18,0,1
decode,15,98,89,0,18,0,1
decode,15,99,90,0,18,0,1
decode,15,100,91,0,18,0,1
decode,15,101,92,0,18,0,1
decode,15,102,93,0,18,0,1
decode,15,103,94,0,18,0,1
decode,15,104,95,0,18,0,1
decode,15,105,96,0,18,0,1
decode,15,106,97,0,18,0,1
decode,15,107,98,0,18,0,1
decode,15,108,99,0,18,0,1
decode,15,109,100,0,18,0,1
decode,15,110,101,0,18,0,1
decode,15,111,102,0,18,0,1
decode,15,112,103,0,18,0,1
decode,15,113,104,0,18,0,1
decode,15,114,105,0,18,0,1
decode,15,115,106,0,18,0,1
decode,15,116,107,0,18,0,1
decode,15,117,108,0,18,0,1
decode,15,118,109,0,18,0,1
decode,15,119,110,0,18,0,1
decode,15,120,111,0,18,0,1
decode,15,121,112,0,18,0,1
decode,15,122,113,0,18,0,1
decode,15,123,114,0,18,0,1
decode,15,124,115,0,18,0,1
decode,15,125,116,0,18,0,1
decode,15,126,117,0,18,0,1
decode,15,127,118,0,18,0,1
decode,15,128,119,0,18,0,1
decode,15,129,120,0,18,0,1
decode,15,130,122,0,18,0,1
decode,15,131,123,0,18,0,1
decode,15,132,124,0,18,0,1
decode,15,133,125,0,18,0,1
decode,15,134,126,0,18,0,1
decode,15,135,127,0,18,0,1
decode,15,136,128,0,18,0,1
decode,15,137,129,0,18,0,1
decode,15,138,130,0,18,0,1
decode,15,139,131,0,18,0,1
decode,15,140,132,0,18,0,1
decode,15,141,133,0,18,0,1
decode,15,142,134,0,18,0,1
decode,15,143,135,0,18,0,1
decode,15,144,136,0,18,0,1
decode,15,145,137,0,18,0,1
decode,15,146,138,0,18,0,1
decode,15,147,139,0,18,0,1
decode,15,148,140,0,18,0,1
decode,15,149,141,0,18,0,1
decode,15,150,142,0,18,0,1
decode,15,151,143,0,18,0,1
decode,15,152,144,0,18,0,1
decode,15,153,145,0,18,0,1
decode,15,154,146,0,18,0,1
decode,15,155,147,0,18,0,1
decode,15,156,148,0,18,0,1
decode,15,157,149,0,18,0,1
decode,15,158,150,0,18,0,1
decode,15,159,151,0,18,0,1
decode,15,160,152,0,18,0,1
decode,15,161,153,0,18,0,1
decode,15,162,154,0,18,0,1
decode,15,163,155,0,18,0,1
decode,15,164,156,0,18,0,1
decode,15,165,158,0,18,0,1
decode,15,166,159,0,18,0,1
decode,15,167,160,0,18,0,1
decode,15,168,161,0,18,0,1
decode,15,169,162,0,18,0,1
decode,15,170,163,0,18,0,1
decode,15,171,164,0,18,0,1
decode,15,172,165,0,18,0,1
decode,15,173,166,0,18,0,1
decode,15,174,167,0,18,0,1
decode,15,175,168,0,18,0,1
decode,15,176,169,0,18,0,1
decode,15,177,170,0,18,0,1
decode,15,178,171,0,18,0,1
decode,15,179,172,0,18,0,1
decode,15,180,173,0,18,0,1
decode,15,181,174,0,18,0,1
decode,15,182,175,0,18,0,1
decode,15,183,176,0,18,0,1
decode,15,184,177,0,18,0,1
decode,15,185,178,0,18,0,1
decode,15,186,179,0,18,0,1
decode,15,187,180,0,18,0,1
decode,15,188,181,0,18,0,1
decode,15,189,182,0,18,0,1
decode,15,190,183,0,18,0,1
decode,15,191,184,0,18,0,1
decode,15,192,185,0,18,0,1
decode,15,193,186,0,18,0,1
decode,15,194,188,0,18,0,1
decode,15,195,189,0,18,0,1
decode,15,196,190,0,18,0,1
decode,15,197,191,0,18,0,1
decode,15,198,192,0,18,0,1
decode,15,199,193,0,18,0,1
decode,15,200,194,0,18,0,1
decode,15,201,195,0,18,0,1
decode,15,202,196,0,18,0,1
decode,15,203,197,0,18,0,1
decode,15,204,198,0,18,0,1
decode,15,205,199,0,18,0,1
decode,15,206,200,0,18,0,1
decode,15,207,201,0,18,0,1
decode,15,208,202,0,18,0,1
decode,15,209,203,0,18,0,1
decode,15,210,204,0,18,0,1
decode,15,211,205,0,18,0,1
decode,15,212,206,0,18,0,1
decode,15,213,208,0,18,0,1
decode,15,214,209,0,18,0,1
decode,15,215,210,0,18,0,1
decode,15,216,211,0,18,0,1
decode,15,217,212,0,18,0,1
decode,15,218,213,0,18,0,1
decode,15,219,214,0,18,0,1
decode,15,220,215,0,18,0,1
decode,15,221,216,0,18,0,1
decode,15,222,217,0,18,0,1
decode,15,223,218,0,18,0,1
decode,15,224,219,0,18,0,1
decode,15,225,220,0,18,0,1
decode,15,226,221,0,18,0,1
decode,15,227,222,0,18,0,1
decode,15,228,223,0,18,0,1
decode,15,229,224,0,18,0,1
decode,15,230,226,0,18,0,1
decode,15,231,227,0,18,0,1
decode,15,232,228,0,18,0,1
decode,15,233,229,0,18,0,1
decode,15,234,230,0,18,0,1
decode,15,235,231,0,18,0,1
decode,15,236,232,0,18,0,1
decode,15,237,233,0,18,0,1
decode,15,238,234,0,18,0,1
decode,15,239,235,0,18,0,1
decode,15,240,237,0,18,0,1
decode,15,241,238,0,18,0,1
decode,15,242,239,0,18,0,1
decode,15,243,240,0,18,0,1
decode,15,244,241,0,18,0,1
decode,15,245,242,0,18,0,1
decode,15,246,243,0,18,0,1
decode,15,247,244,0,18,0,1
decode,15,248,245,0,18,0,1
decode,15,249,246,0,18,0,1
decode,15,250,247,0,18,0,1
decode,15,251,248,0,18,0,1
decode,15,252,249,0,18,0,1
decode,15,253,250,0,18,0,1
decode,15,254,251,0,18,0,1
decode,15,255,252,0,18,0,1
decode,15,256,253,0,18,0,1
decode,16,1,12,3,18,0.166666666666667,0.166666666666667
decode,16,2,175,3,18,0.166666666666667,0.333333333333333
decode,16,3,27,2,18,0.111111111111111,0.444444444444444
decode,16,4,172,2,18,0.111111111111111,0.555555555555556
decode,16,5,9,1,18,0.0555555555555556,0.611111111111111
decode,16,6,15,1,18,0.0555555555555556,0.666666666666667
decode,16,7,25,1,18,0.0555555555555556,0.722222222222222
decode,16,8,55,1,18,0.0555555555555556,0.777777777777778
decode,16,9,57,1,18,0.0555555555555556,0.833333333333333
decode,16,10,155,1,18,0.0555555555555556,0.888888888888889
decode,16,11,156,1,18,0.0555555555555556,0.944444444444445
decode,16,12,184,1,18,0.0555555555555556,1
decode,16,13,0,0,18,0,1
decode,16,14,1,0,18,0,1
decode,16,15,2,0,18,0,1
decode,16,16,3,0,18,0,1
decode,16,17,4,0,18,0,1
decode,16,18,5,0,18,0,1
decode,16,19,6,0,18,0,1
decode,16,20,7,0,18,0,1
decode,16,21,8,0,18,0,1
decode,16,22,10,0,18,0,1
decode,16,23,11,0,18,0,1
decode,16,24,13,0,18,0,1
decode,16,25,14,0,18,0,1
decode,16,26,16,0,18,0,1
decode,16,27,17,0,18,0,1
decode,16,28,18,0,18,0,1
decode,16,29,19,0,18,0,1
decode,16,30,20,0,18,0,1
decode,16,31,21,0,18,0,1
decode,16,32,22,0,18,0,1
decode,16,33,23,0,18,0,1
decode,16,34,24,0,18,0,1
decode,16,35,26,0,18,0,1
decode,16,36,28,0,18,0,1
decode,16,37,29,0,18,0,1
decode,16,38,30,0,18,0,1
decode,16,39,31,0,18,0,1
decode,16,40,32,0,18,0,1
decode,16,41,33,0,18,0,1
decode,16,42,34,0,18,0,1
decode,16,43,35,0,18,0,1
decode,16,44,36,0,18,0,1
decode,16,45,37,0,18,0,1
decode,16,46,38,0,18,0,1
decode,16,47,39,0,18,0,1
decode,16,48,40,0,18,0,1
decode,16,49,41,0,18,0,1
decode,16,50,42,0,18,0,1
decode,16,51,43,0,18,0,1
decode,16,52,44,0,18,0,1
decode,16,53,45,0,18,0,1
decode,16,54,46,0,18,0,1
decode,16,55,47,0,18,0,1
decode,16,56,48,0,18,0,1
decode,16,57,49,0,18,0,1
decode,16,58,50,0,18,0,1
decode,16,59,51,0,18,0,1
decode,16,60,52,0,18,0,1
decode,16,61,53,0,18,0,1
decode,16,62,54,0,18,0,1
decode,16,63,56,0,18,0,1
decode,16,64,58,0,18,0,1
decode,16,65,59,0,18,0,1
decode,16,66,60,0,18,0,1
decode,16,67,61,0,18,0,1
decode,16,68,62,0,18,0,1
decode,16,69,63,0,18,0,1
decode,16,70,64,0,18,0,1
decode,16,71,65,0,18,0,1
decode,16,72,66,0,18,0,1
decode,16,73,67,0,18,0,1
decode,16,74,68,0,18,0,1
decode,16,75,69,0,18,0,1
decode,16,76,70,0,18,0,1
decode,16,77,71,0,18,0,1
decode,16,78,72,0,18,0,1
decode,16,79,73,0,18,0,1
decode,16,80,74,0,18,0,1
decode,16,81,75,0,18,0,1
decode,16,82,76,0,18,0,1
decode,16,83,77,0,18,0,1
decode,16,84,78,0,18,0,1
decode,16,85,79,0,18,0,1
decode,16,86,80,0,18,0,1
decode,16,87,81,0,18,0,1
decode,16,88,82,0,18,0,1
decode,16,89,83,0,18,0,1
decode,16,90,84,0,18,0,1
decode,16,91,85,0,18,0,1
decode,16,92,86,0,18,0,1
decode,16,93,87,0,18,0,1
decode,16,94,88,0,18,0,1
decode,16,95,89,0,18,0,1
decode,16,96,90,0,18,0,1
decode,16,97,91,0,18,0,1
decode,16,98,92,0,18,0,1
decode,16,99,93,0,18,0,1
decode,16,100,94,0,18,0,1
decode,16,101,95,0,18,0,1
decode,16,102,96,0,18,0,1
decode,16,103,97,0,18,0,1
decode,16,104,98,0,18,0,1
decode,16,105,99,0,18,0,1
decode,16,106,100,0,18,0,1
decode,16,107,101,0,18,0,1
decode,16,108,102,0,18,0,1
decode,16,109,103,0,18,0,1
decode,16,110,104,0,18,0,1
decode,16,111,105,0,18,0,1
decode,16,112,106,0,18,0,1
decode,16,113,107,0,18,0,1
decode,16,114,108,0,18,0,1
decode,16,115,109,0,18,0,1
decode,16,116,110,0,18,0,1
decode,16,117,111,0,18,0,1
decode,16,118,112,0,18,0,1
decode,16,119,113,0,18,0,1
decode,16,120,114,0,18,0,1
decode,16,121,115,0,18,0,1
decode,16,122,116,0,18,0,1
decode,16,123,117,0,18,0,1
decode,16,124,118,0,18,0,1
decode,16,125,119,0,18,0,1
decode,16,126,120,0,18,0,1
decode,16,127,121,0,18,0,1
decode,16,128,122,0,18,0,1
decode,16,129,123,0,18,0,1
decode,16,130,124,0,18,0,1
decode,16,131,125,0,18,0,1
decode,16,132,126,0,18,0,1
decode,16,133,127,0,18,0,1
decode,16,134,128,0,18,0,1
decode,16,135,129,0,18,0,1
decode,16,136,130,0,18,0,1
decode,16,137,131,0,18,0,1
decode,16,138,132,0,18,0,1
decode,16,139,133,0,18,0,1
decode,16,140,134,0,18,0,1
decode,16,141,135,0,18,0,1
decode,16,142,136,0,18,0,1
decode,16,143,137,0,18,0,1
decode,16,144,138,0,18,0,1
decode,16,145,139,0,18,0,1
decode,16,146,140,0,18,0,1
decode,16,147,141,0,18,0,1
decode,16,148,142,0,18,0,1
decode,16,149,143,0,18,0,1
decode,16,150,144,0,18,0,1
decode,16,151,145,0,18,0,1
decode,16,152,146,0,18,0,1
decode,16,153,147,0,18,0,1
decode,16,154,148,0,18,0,1
decode,16,155,149,0,18,0,1
decode,16,156,150,0,18,0,1
decode,16,157,151,0,18,0,1
decode,16,158,152,0,18,0,1
decode,16,159,153,0,18,0,1
decode,16,160,154,0,18,0,1
decode,16,161,157,0,18,0,1
decode,16,162,158,0,18,0,1
decode,16,163,159,0,18,0,1
decode,16,164,160,0,18,0,1
decode,16,165,161,0,18,0,1
decode,16,166,162,0,18,0,1
decode,16,167,163,0,18,0,1
decode,16,168,164,0,18,0,1
decode,16,169,165,0,18,0,1
decode,16,170,166,0,18,0,1
decode,16,171,167,0,18,0,1
decode,16,172,168,0,18,0,1
decode,16,173,169,0,18,0,1
decode,16,174,170,0,18,0,1
decode,16,175,171,0,18,0,1
decode,16,176,173,0,18,0,1
decode,16,177,174,0,18,0,1
decode,16,178,176,0,18,0,1
decode,16,179,177,0,18,0,1
decode,16,180,178,0,18,0,1
decode,16,181,179,0,18,0,1
decode,16,182,180,0,18,0,1
decode,16,183,181,0,18,0,1
decode,16,184,182,0,18,0,1
decode,16,185,183,0,18,0,1
decode,16,186,185,0,18,0,1
decode,16,187,186,0,18,0,1
decode,16,188,187,0,18,0,1
decode,16,189,188,0,18,0,1
decode,16,190,189,0,18,0,1
decode,16,191,190,0,18,0,1
decode,16,192,191,0,18,0,1
decode,16,193,192,0,18,0,1
decode,16,194,193,0,18,0,1
decode,16,195,194,0,18,0,1
decode,16,196,195,0,18,0,1
decode,16,197,196,0,18,0,1
decode,16,198,197,0,18,0,1
decode,16,199,198,0,18,0,1
decode,16,200,199,0,18,0,1
decode,16,201,200,0,18,0,1
decode,16,202,201,0,18,0,1
decode,16,203,202,0,18,0,1
decode,16,204,203,0,18,0,1
decode,16,205,204,0,18,0,1
decode,16,206,205,0,18,0,1
decode,16,207,206,0,18,0,1
decode,16,208,207,0,18,0,1
decode,16,209,208,0,18,0,1
decode,16,210,209,0,18,0,1
decode,16,211,210,0,18,0,1
decode,16,212,211,0,18,0,1
decode,16,213,212,0,18,0,1
decode,16,214,213,0,18,0,1
decode,16,215,214,0,18,0,1
decode,16,216,215,0,18,0,1
decode,16,217,216,0,18,0,1
decode,16,218,217,0,18,0,1
decode,16,219,218,0,18,0,1
decode,16,220,219,0,18,0,1
decode,16,221,220,0,18,0,1
decode,16,222,221,0,18,0,1
decode,16,223,222,0,18,0,1
decode,16,224,223,0,18,0,1
decode,16,225,224,0,18,0,1
decode,16,226,225,0,18,0,1
decode,16,227,226,0,18,0,1
decode,16,228,227,0,18,0,1
decode,16,229,228,0,18,0,1
decode,16,230,229,0,18,0,1
decode,16,231,230,0,18,0,1
decode,16,232,231,0,18,0,1
decode,16,233,232,0,18,0,1
decode,16,234,233,0,18,0,1
decode,16,235,234,0,18,0,1
decode,16,236,235,0,18,0,1
decode,16,237,236,0,18,0,1
decode,16,238,237,0,18,0,1
decode,16,239,238,0,18,0,1
decode,16,240,239,0,18,0,1
decode,16,241,240,0,18,0,1
decode,16,242,241,0,18,0,1
decode,16,243,242,0,18,0,1
decode,16,244,243,0,18,0,1
decode,16,245,244,0,18,0,1
decode,16,246,245,0,18,0,1
decode,16,247,246,0,18,0,1
decode,16,248,247,0,18,0,1
decode,16,249,248,0,18,0,1
decode,16,250,249,0,18,0,1
decode,16,251,250,0,18,0,1
decode,16,252,251,0,18,0,1
decode,16,253,252,0,18,0,1
decode,16,254,253,0,18,0,1
decode,16,255,254,0,18,0,1
decode,16,256,255,0,18,0,1
decode,17,1,5,3,18,0.166666666666667,0.166666666666667
decode,17,2,33,3,18,0.166666666666667,0.333333333333333
decode,17,3,53,3,18,0.166666666666667,0.5
decode,17,4,146,3,18,0.166666666666667,0.666666666666667
decode,17,5,92,2,18,0.111111111111111,0.777777777777778
decode,17,6,115,2,18,0.111111111111111,0.888888888888889
decode,17,7,22,1,18,0.0555555555555556,0.944444444444444
decode,17,8,238,1,18,0.0555555555555556,1
decode,17,9,0,0,18,0,1
decode,17,10,1,0,18,0,1
decode,17,11,2,0,18,0,1
decode,17,12,3,0,18,0,1
decode,17,13,4,0,18,0,1
decode,17,14,6,0,18,0,1
decode,17,15,7,0,18,0,1
decode,17,16,8,0,18,0,1
decode,17,17,9,0,18,0,1
decode,17,18,10,0,18,0,1
decode,17,19,11,0,18,0,1
decode,17,20,12,0,18,0,1
decode,17,21,13,0,18,0,1
decode,17,22,14,0,18,0,1
decode,17,23,15,0,18,0,1
decode,17,24,16,0,18,0,1
decode,17,25,17,0,18,0,1
decode,17,26,18,0,18,0,1
decode,17,27,19,0,18,0,1
decode,17,28,20,0,18,0,1
decode,17,29,21,0,18,0,1
decode,17,30,23,0,18,0,1
decode,17,31,24,0,18,0,1
decode,17,32,25,0,18,0,1
decode,17,33,26,0,18,0,1
decode,17,34,27,0,18,0,1
decode,17,35,28,0,18,0,1
decode,17,36,29,0,18,0,1
decode,17,37,30,0,18,0,1
decode,17,38,31,0,18,0,1
decode,17,39,32,0,18,0,1
decode,17,40,34,0,18,0,1
decode,17,41,35,0,18,0,1
decode,17,42,36,0,18,0,1
decode,17,43,37,0,18,0,1
decode,17,44,38,0,18,0,1
decode,17,45,39,0,18,0,1
decode,17,46,40,0,18,0,1
decode,17,47,41,0,18,0,1
decode,17,48,42,0,18,0,1
decode,17,49,43,0,18,0,1
decode,17,50,44,0,18,0,1
decode,17,51,45,0,18,0,1
decode,17,52,46,0,18,0,1
decode,17,53,47,0,18,0,1
decode,17,54,48,0,18,0,1
decode,17,55,49,0,18,0,1
decode,17,56,50,0,18,0,1
decode,17,57,51,0,18,0,1
decode,17,58,52,0,18,0,1
decode,17,59,54,0,18,0,1
decode,17,60,55,0,18,0,1
decode,17,61,56,0,18,0,1
decode,17,62,57,0,18,0,1
decode,17,63,58,0,18,0,1
decode,17,64,59,0,18,0,1
decode,17,65,60,0,18,0,1
decode,17,66,61,0,18,0,1
decode,17,67,62,0,18,0,1
decode,17,68,63,0,18,0,1
decode,17,69,64,0,18,0,1
decode,17,70,65,0,18,0,1
decode,17,71,66,0,18,0,1
decode,17,72,67,0,18,0,1
decode,17,73,68,0,18,0,1
decode,17,74,69,0,18,0,1
decode,17,75,70,0,18,0,1
decode,17,76,71,0,18,0,1
decode,17,77,72,0,18,0,1
decode,17,78,73,0,18,0,1
decode,17,79,74,0,18,0,1
decode,17,80,75,0,18,0,1
decode,17,81,76,0,18,0,1
decode,17,82,77,0,18,0,1
decode,17,83,78,0,18,0,1
decode,17,84,79,0,18,0,1
decode,17,85,80,0,18,0,1
decode,17,86,81,0,18,0,1
decode,17,87,82,0,18,0,1
decode,17,88,83,0,18,0,1
decode,17,89,84,0,18,0,1
decode,17,90,85,0,18,0,1
decode,17,91,86,0,18,0,1
decode,17,92,87,0,18,0,1
decode,17,93,88,0,18,0,1
decode,17,94,89,0,18,0,1
decode,17,95,90,0,18,0,1
decode,17,96,91,0,18,0,1
decode,17,97,93,0,18,0,1
decode,17,98,94,0,18,0,1
decode,17,99,95,0,18,0,1
decode,17,100,96,0,18,0,1
decode,17,101,97,0,18,0,1
decode,17,102,98,0,18,0,1
decode,17,103,99,0,18,0,1
decode,17,104,100,0,18,0,1
decode,17,105,101,0,18,0,1
decode,17,106,102,0,18,0,1
decode,17,107,103,0,18,0,1
decode,17,108,104,0,18,0,1
decode,17,109,105,0,18,0,1
decode,17,110,106,0,18,0,1
decode,17,111,107,0,18,0,1
decode,17,112,108,0,18,0,1
decode,17,113,109,0,18,0,1
decode,17,114,110,0,18,0,1
decode,17,115,111,0,18,0,1
decode,17,116,112,0,18,0,1
decode,17,117,113,0,18,0,1
decode,17,118,114,0,18,0,1
decode,17,119,116,0,18,0,1
decode,17,120,117,0,18,0,1
decode,17,121,118,0,18,0,1
decode,17,122,119,0,18,0,1
decode,17,123,120,0,18,0,1
decode,17,124,121,0,18,0,1
decode,17,125,122,0,18,0,1
decode,17,126,123,0,18,0,1
decode,17,127,124,0,18,0,1
decode,17,128,125,0,18,0,1
decode,17,129,126,0,18,0,1
decode,17,130,127,0,18,0,1
decode,17,131,128,0,18,0,1
decode,17,132,129,0,18,0,1
decode,17,133,130,0,18,0,1
decode,17,134,131,0,18,0,1
decode,17,135,132,0,18,0,1
decode,17,136,133,0,18,0,1
decode,17,137,134,0,18,0,1
decode,17,138,135,0,18,0,1
decode,17,139,136,0,18,0,1
decode,17,140,137,0,18,0,1
decode,17,141,138,0,18,0,1
decode,17,142,139,0,18,0,1
decode,17,143,140,0,18,0,1
decode,17,144,141,0,18,0,1
decode,17,145,142,0,18,0,1
decode,17,146,143,0,18,0,1
decode,17,147,144,0,18,0,1
decode,17,148,145,0,18,0,1
decode,17,149,147,0,18,0,1
decode,17,150,148,0,18,0,1
decode,17,151,149,0,18,0,1
decode,17,152,150,0,18,0,1
decode,17,153,151,0,18,0,1
decode,17,154,152,0,18,0,1
decode,17,155,153,0,18,0,1
decode,17,156,154,0,18,0,1
decode,17,157,155,0,18,0,1
decode,17,158,156,0,18,0,1
decode,17,159,157,0,18,0,1
decode,17,160,158,0,18,0,1
decode,17,161,159,0,18,0,1
decode,17,162,160,0,18,0,1
decode,17,163,161,0,18,0,1
decode,17,164,162,0,18,0,1
decode,17,165,163,0,18,0,1
decode,17,166,164,0,18,0,1
decode,17,167,165,0,18,0,1
decode,17,168,166,0,18,0,1
decode,17,169,167,0,18,0,1
decode,17,170,168,0,18,0,1
decode,17,171,169,0,18,0,1
decode,17,172,170,0,18,0,1
decode,17,173,171,0,18,0,1
decode,17,174,172,0,18,0,1
decode,17,175,173,0,18,0,1
decode,17,176,174,0,18,0,1
decode,17,177,175,0,18,0,1
decode,17,178,176,0,18,0,1
decode,17,179,177,0,18,0,1
decode,17,180,178,0,18,0,1
decode,17,181,179,0,18,0,1
decode,17,182,180,0,18,0,1
decode,17,183,181,0,18,0,1
decode,17,184,182,0,18,0,1
decode,17,185,183,0,18,0,1
decode,17,186,184,0,18,0,1
decode,17,187,185,0,18,0,1
decode,17,188,186,0,18,0,1
decode,17,189,187,0,18,0,1
decode,17,190,188,0,18,0,1
decode,17,191,189,0,18,0,1
decode,17,192,190,0,18,0,1
decode,17,193,191,0,18,0,1
decode,17,194,192,0,18,0,1
decode,17,195,193,0,18,0,1
decode,17,196,194,0,18,0,1
decode,17,197,195,0,18,0,1
decode,17,198,196,0,18,0,1
decode,17,199,197,0,18,0,1
decode,17,200,198,0,18,0,1
decode,17,201,199,0,18,0,1
decode,17,202,200,0,18,0,1
decode,17,203,201,0,18,0,1
decode,17,204,202,0,18,0,1
decode,17,205,203,0,18,0,1
decode,17,206,204,0,18,0,1
decode,17,207,205,0,18,0,1
decode,17,208,206,0,18,0,1
decode,17,209,207,0,18,0,1
decode,17,210,208,0,18,0,1
decode,17,211,209,0,18,0,1
decode,17,212,210,0,18,0,1
decode,17,213,211,0,18,0,1
decode,17,214,212,0,18,0,1
decode,17,215,213,0,18,0,1
decode,17,216,214,0,18,0,1
decode,17,217,215,0,18,0,1
decode,17,218,216,0,18,0,1
decode,17,219,217,0,18,0,1
decode,17,220,218,0,18,0,1
decode,17,221,219,0,18,0,1
decode,17,222,220,0,18,0,1
decode,17,223,221,0,18,0,1
decode,17,224,222,0,18,0,1
decode,17,225,223,0,18,0,1
decode,17,226,224,0,18,0,1
decode,17,227,225,0,18,0,1
decode,17,228,226,0,18,0,1
decode,17,229,227,0,18,0,1
decode,17,230,228,0,18,0,1
decode,17,231,229,0,18,0,1
decode,17,232,230,0,18,0,1
decode,17,233,231,0,18,0,1
decode,17,234,232,0,18,0,1
decode,17,235,233,0,18,0,1
decode,17,236,234,0,18,0,1
decode,17,237,235,0,18,0,1
decode,17,238,236,0,18,0,1
decode,17,239,237,0,18,0,1
decode,17,240,239,0,18,0,1
decode,17,241,240,0,18,0,1
decode,17,242,241,0,18,0,1
decode,17,243,242,0,18,0,1
decode,17,244,243,0,18,0,1
decode,17,245,244,0,18,0,1
decode,17,246,245,0,18,0,1
decode,17,247,246,0,18,0,1
decode,17,248,247,0,18,0,1
decode,17,249,248,0,18,0,1
decode,17,250,249,0,18,0,1
decode,17,251,250,0,18,0,1
decode,17,252,251,0,18,0,1
decode,17,253,252,0,18,0,1
decode,17,254,253,0,18,0,1
decode,17,255,254,0,18,0,1
decode,17,256,255,0,18,0,1
decode,18,1,161,3,18,0.166666666666667,0.166666666666667
decode,18,2,99,2,18,0.111111111111111,0.277777777777778
decode,18,3,103,2,18,0.111111111111111,0.388888888888889
decode,18,4,109,2,18,0.111111111111111,0.5
decode,18,5,183,2,18,0.111111111111111,0.611111111111111
decode,18,6,211,2,18,0.111111111111111,0.722222222222222
decode,18,7,90,1,18,0.0555555555555556,0.777777777777778
decode,18,8,96,1,18,0.0555555555555556,0.833333333333333
decode,18,9,116,1,18,0.0555555555555556,0.888888888888889
decode,18,10,153,1,18,0.0555555555555556,0.944444444444445
decode,18,11,193,1,18,0.0555555555555556,1
decode,18,12,0,0,18,0,1
decode,18,13,1,0,18,0,1
decode,18,14,2,0,18,0,1
decode,18,15,3,0,18,0,1
decode,18,16,4,0,18,0,1
decode,18,17,5,0,18,0,1
decode,18,18,6,0,18,0,1
decode,18,19,7,0,18,0,1
decode,18,20,8,0,18,0,1
decode,18,21,9,0,18,0,1
decode,18,22,10,0,18,0,1
decode,18,23,11,0,18,0,1
decode,18,24,12,0,18,0,1
decode,18,25,13,0,18,0,1
decode,18,26,14,0,18,0,1
decode,18,27,15,0,18,0,1
decode,18,28,16,0,18,0,1
decode,18,29,17,0,18,0,1
decode,18,30,18,0,18,0,1
decode,18,31,19,0,18,0,1
decode,18,32,20,0,18,0,1
decode,18,33,21,0,18,0,1
decode,18,34,22,0,18,0,1
decode,18,35,23,0,18,0,1
decode,18,36,24,0,18,0,1
decode,18,37,25,0,18,0,1
decode,18,38,26,0,18,0,1
decode,18,39,27,0,18,0,1
decode,18,40,28,0,18,0,1
decode,18,41,29,0,18,0,1
decode,18,42,30,0,18,0,1
decode,18,43,31,0,18,0,1
decode,18,44,32,0,18,0,1
decode,18,45,33,0,18,0,1
decode,18,46,34,0,18,0,1
decode,18,47,35,0,18,0,1
decode,18,48,36,0,18,0,1
decode,18,49,37,0,18,0,1
decode,18,50,38,0,18,0,1
decode,18,51,39,0,18,0,1
decode,18,52,40,0,18,0,1
decode,18,53,41,0,18,0,1
decode,18,54,42,0,18,0,1
decode,18,55,43,0,18,0,1
decode,18,56,44,0,18,0,1
decode,18,57,45,0,18,0,1
decode,18,58,46,0,18,0,1
decode,18,59,47,0,18,0,1
decode,18,60,48,0,18,0,1
decode,18,61,49,0,18,0,1
decode,18,62,50,0,18,0,1
decode,18,63,51,0,18,0,1
decode,18,64,52,0,18,0,1
decode,18,65,53,0,18,0,1
decode,18,66,54,0,18,0,1
decode,18,67,55,0,18,0,1
decode,18,68,56,0,18,0,1
decode,18,69,57,0,18,0,1
decode,18,70,58,0,18,0,1
decode,18,71,59,0,18,0,1
decode,18,72,60,0,18,0,1
decode,18,73,61,0,18,0,1
decode,18,74,62,0,18,0,1
decode,18,75,63,0,18,0,1
decode,18,76,64,0,18,0,1
decode,18,77,65,0,18,0,1
decode,18,78,66,0,18,0,1
decode,18,79,67,0,18,0,1
decode,18,80,68,0,18,0,1
decode,18,81,69,0,18,0,1
decode,18,82,70,0,18,0,1
decode,18,83,71,0,18,0,1
decode,18,84,72,0,18,0,1
decode,18,85,73,0,18,0,1
decode,18,86,74,0,18,0,1
decode,18,87,75,0,18,0,1
decode,18,88,76,0,18,0,1
decode,18,89,77,0,18,0,1
decode,18,90,78,0,18,0,1
decode,18,91,79,0,18,0,1
decode,18,92,80,0,18,0,1
decode,18,93,81,0,18,0,1
decode,18,94,82,0,18,0,1
decode,18,95,83,0,18,0,1
decode,18,96,84,0,18,0,1
decode,18,97,85,0,18,0,1
decode,18,98,86,0,18,0,1
decode,18,99,87,0,18,0,1
decode,18,100,88,0,18,0,1
decode,18,101,89,0,18,0,1
decode,18,102,91,0,18,0,1
decode,18,103,92,0,18,0,1
decode,18,104,93,0,18,0,1
decode,18,105,94,0,18,0,1
decode,18,106,95,0,18,0,1
decode,18,107,97,0,18,0,1
decode,18,108,98,0,18,0,1
decode,18,109,100,0,18,0,1
decode,18,110,101,0,18,0,1
decode,18,111,102,0,18,0,1
decode,18,112,104,0,18,0,1
decode,18,113,105,0,18,0,1
decode,18,114,106,0,18,0,1
decode,18,115,107,0,18,0,1
decode,18,116,108,0,18,0,1
decode,18,117,110,0,18,0,1
decode,18,118,111,0,18,0,1
decode,18,119,112,0,18,0,1
decode,18,120,113,0,18,0,1
decode,18,121,114,0,18,0,1
decode,18,122,115,0,18,0,1
decode,18,123,117,0,18,0,1
decode,18,124,118,0,18,0,1
decode,18,125,119,0,18,0,1
decode,18,126,120,0,18,0,1
decode,18,127,121,0,18,0,1
decode,18,128,122,0,18,0,1
decode,18,129,123,0,18,0,1
decode,18,130,124,0,18,0,1
decode,18,131,125,0,18,0,1
decode,18,132,126,0,18,0,1
decode,18,133,127,0,18,0,1
decode,18,134,128,0,18,0,1
decode,18,135,129,0,18,0,1
decode,18,136,130,0,18,0,1
decode,18,137,131,0,18,0,1
decode,18,138,132,0,18,0,1
decode,18,139,133,0,18,0,1
decode,18,140,134,0,18,0,1
decode,18,141,135,0,18,0,1
decode,18,142,136,0,18,0,1
decode,18,143,137,0,18,0,1
decode,18,144,138,0,18,0,1
decode,18,145,139,0,18,0,1
decode,18,146,140,0,18,0,1
decode,18,147,141,0,18,0,1
decode,18,148,142,0,18,0,1
decode,18,149,143,0,18,0,1
decode,18,150,144,0,18,0,1
decode,18,151,145,0,18,0,1
decode,18,152,146,0,18,0,1
decode,18,153,147,0,18,0,1
decode,18,154,148,0,18,0,1
decode,18,155,149,0,18,0,1
decode,18,156,150,0,18,0,1
decode,18,157,151,0,18,0,1
decode,18,158,152,0,18,0,1
decode,18,159,154,0,18,0,1
decode,18,160,155,0,18,0,1
decode,18,161,156,0,18,0,1
decode,18,162,157,0,18,0,1
decode,18,163,158,0,18,0,1
decode,18,164,159,0,18,0,1
decode,18,165,160,0,18,0,1
decode,18,166,162,0,18,0,1
decode,18,167,163,0,18,0,1
decode,18,168,164,0,18,0,1
decode,18,169,165,0,18,0,1
decode,18,170,166,0,18,0,1
decode,18,171,167,0,18,0,1
decode,18,172,168,0,18,0,1
decode,18,173,169,0,18,0,1
decode,18,174,170,0,18,0,1
decode,18,175,171,0,18,0,1
decode,18,176,172,0,18,0,1
decode,18,177,173,0,18,0,1
decode,18,178,174,0,18,0,1
decode,18,179,175,0,18,0,1
decode,18,180,176,0,18,0,1
decode,18,181,177,0,18,0,1
decode,18,182,178,0,18,0,1
decode,18,183,179,0,18,0,1
decode,18,184,180,0,18,0,1
decode,18,185,181,0,18,0,1
decode,18,186,182,0,18,0,1
decode,18,187,184,0,18,0,1
decode,18,188,185,0,18,0,1
decode,18,189,186,0,18,0,1
decode,18,190,187,0,18,0,1
decode,18,191,188,0,18,0,1
decode,18,192,189,0,18,0,1
decode,18,193,190,0,18,0,1
decode,18,194,191,0,18,0,1
decode,18,195,192,0,18,0,1
decode,18,196,194,0,18,0,1
decode,18,197,195,0,18,0,1
decode,18,198,196,0,18,0,1
decode,18,199,197,0,18,0,1
decode,18,200,198,0,18,0,1
decode,18,201,199,0,18,0,1
decode,18,202,200,0,18,0,1
decode,18,203,201,0,18,0,1
decode,18,204,202,0,18,0,1
decode,18,205,203,0,18,0,1
decode,18,206,204,0,18,0,1
decode,18,207,205,0,18,0,1
decode,18,208,206,0,18,0,1
decode,18,209,207,0,18,0,1
decode,18,210,208,0,18,0,1
decode,18,211,209,0,18,0,1
decode,18,212,210,0,18,0,1
decode,18,213,212,0,18,0,1
decode,18,214,213,0,18,0,1
decode,18,215,214,0,18,0,1
decode,18,216,215,0,18,0,1
decode,18,217,216,0,18,0,1
decode,18,218,217,0,18,0,1
decode,18,219,218,0,18,0,1
decode,18,220,219,0,18,0,1
decode,18,221,220,0,18,0,1
decode,18,222,221,0,18,0,1
decode,18,223,222,0,18,0,1
decode,18,224,223,0,18,0,1
decode,18,225,224,0,18,0,1
decode,18,226,225,0,18,0,1
decode,18,227,226,0,18,0,1
decode,18,228,227,0,18,0,1
decode,18,229,228,0,18,0,1
decode,18,230,229,0,18,0,1
decode,18,231,230,0,18,0,1
decode,18,232,231,0,18,0,1
decode,18,233,232,0,18,0,1
decode,18,234,233,0,18,0,1
decode,18,235,234,0,18,0,1
decode,18,236,235,0,18,0,1
decode,18,237,236,0,18,0,1
decode,18,238,237,0,18,0,1
decode,18,239,238,0,18,0,1
decode,18,240,239,0,18,0,1
decode,18,241,240,0,18,0,1
decode,18,242,241,0,18,0,1
decode,18,243,242,0,18,0,1
decode,18,244,243,0,18,0,1
decode,18,245,244,0,18,0,1
decode,18,246,245,0,18,0,1
decode,18,247,246,0,18,0,1
decode,18,248,247,0,18,0,1
decode,18,249,248,0,18,0,1
decode,18,250,249,0,18,0,1
decode,18,251,250,0,18,0,1
decode,18,252,251,0,18,0,1
decode,18,253,252,0,18,0,1
decode,18,254,253,0,18,0,1
decode,18,255,254,0,18,0,1
decode,18,256,255,0,18,0,1
decode,19,1,57,3,18,0.166666666666667,0.166666666666667
decode,19,2,176,3,18,0.166666666666667,0.333333333333333
decode,19,3,89,2,18,0.111111111111111,0.444444444444444
decode,19,4,137,2,18,0.111111111111111,0.555555555555556
decode,19,5,246,2,18,0.111111111111111,0.666666666666667
decode,19,6,46,1,18,0.0555555555555556,0.722222222222222
decode,19,7,88,1,18,0.0555555555555556,0.777777777777778
decode,19,8,104,1,18,0.0555555555555556,0.833333333333333
decode,19,9,200,1,18,0.0555555555555556,0.888888888888889
decode,19,10,201,1,18,0.0555555555555556,0.944444444444445
decode,19,11,241,1,18,0.0555555555555556,1
decode,19,12,0,0,18,0,1
decode,19,13,1,0,18,0,1
decode,19,14,2,0,18,0,1
decode,19,15,3,0,18,0,1
decode,19,16,4,0,18,0,1
decode,19,17,5,0,18,0,1
decode,19,18,6,0,18,0,1
decode,19,19,7,0,18,0,1
decode,19,20,8,0,18,0,1
decode,19,21,9,0,18,0,1
decode,19,22,10,0,18,0,1
decode,19,23,11,0,18,0,1
decode,19,24,12,0,18,0,1
decode,19,25,13,0,18,0,1
decode,19,26,14,0,18,0,1
decode,19,27,15,0,18,0,1
decode,19,28,16,0,18,0,1
decode,19,29,17,0,18,0,1
decode,19,30,18,0,18,0,1
decode,19,31,19,0,18,0,1
decode,19,32,20,0,18,0,1
decode,19,33,21,0,18,0,1
decode,19,34,22,0,18,0,1
decode,19,35,23,0,18,0,1
decode,19,36,24,0,18,0,1
decode,19,37,25,0,18,0,1
decode,19,38,26,0,18,0,1
decode,19,39,27,0,18,0,1
decode,19,40,28,0,18,0,1
decode,19,41,29,0,18,0,1
decode,19,42,30,0,18,0,1
decode,19,43,31,0,18,0,1
decode,19,44,32,0,18,0,1
decode,19,45,33,0,18,0,1
decode,19,46,34,0,18,0,1
decode,19,47,35,0,18,0,1
decode,19,48,36,0,18,0,1
decode,19,49,37,0,18,0,1
decode,19,50,38,0,18,0,1
decode,19,51,39,0,18,0,1
decode,19,52,40,0,18,0,1
decode,19,53,41,0,18,0,1
decode,19,54,42,0,18,0,1
decode,19,55,43,0,18,0,1
decode,19,56,44,0,18,0,1
decode,19,57,45,0,18,0,1
decode,19,58,47,0,18,0,1
decode,19,59,48,0,18,0,1
decode,19,60,49,0,18,0,1
decode,19,61,50,0,18,0,1
decode,19,62,51,0,18,0,1
decode,19,63,52,0,18,0,1
decode,19,64,53,0,18,0,1
decode,19,65,54,0,18,0,1
decode,19,66,55,0,18,0,1
decode,19,67,56,0,18,0,1
decode,19,68,58,0,18,0,1
decode,19,69,59,0,18,0,1
decode,19,70,60,0,18,0,1
decode,19,71,61,0,18,0,1
decode,19,72,62,0,18,0,1
decode,19,73,63,0,18,0,1
decode,19,74,64,0,18,0,1
decode,19,75,65,0,18,0,1
decode,19,76,66,0,18,0,1
decode,19,77,67,0,18,0,1
decode,19,78,68,0,18,0,1
decode,19,79,69,0,18,0,1
decode,19,80,70,0,18,0,1
decode,19,81,71,0,18,0,1
decode,19,82,72,0,18,0,1
decode,19,83,73,0,18,0,1
decode,19,84,74,0,18,0,1
decode,19,85,75,0,18,0,1
decode,19,86,76,0,18,0,1
decode,19,87,77,0,18,0,1
decode,19,88,78,0,18,0,1
decode,19,89,79,0,18,0,1
decode,19,90,80,0,18,0,1
decode,19,91,81,0,18,0,1
decode,19,92,82,0,18,0,1
decode,19,93,83,0,18,0,1
decode,19,94,84,0,18,0,1
decode,19,95,85,0,18,0,1
decode,19,96,86,0,18,0,1
decode,19,97,87,0,18,0,1
decode,19,98,90,0,18,0,1
decode,19,99,91,0,18,0,1
decode,19,100,92,0,18,0,1
decode,19,101,93,0,18,0,1
decode,19,102,94,0,18,0,1
decode,19,103,95,0,18,0,1
decode,19,104,96,0,18,0,1
decode,19,105,97,0,18,0,1
decode,19,106,98,0,18,0,1
decode,19,107,99,0,18,0,1
decode,19,108,100,0,18,0,1
decode,19,109,101,0,18,0,1
decode,19,110,102,0,18,0,1
decode,19,111,103,0,18,0,1
decode,19,112,105,0,18,0,1
decode,19,113,106,0,18,0,1
decode,19,114,107,0,18,0,1
decode,19,115,108,0,18,0,1
decode,19,116,109,0,18,0,1
decode,19,117,110,0,18,0,1
decode,19,118,111,0,18,0,1
decode,19,119,112,0,18,0,1
decode,19,120,113,0,18,0,1
decode,19,121,114,0,18,0,1
decode,19,122,115,0,18,0,1
decode,19,123,116,0,18,0,1
decode,19,124,117,0,18,0,1
decode,19,125,118,0,18,0,1
decode,19,126,119,0,18,0,1
decode,19,127,120,0,18,0,1
decode,19,128,121,0,18,0,1
decode,19,129,122,0,18,0,1
decode,19,130,123,0,18,0,1
decode,19,131,124,0,18,0,1
decode,19,132,125,0,18,0,1
decode,19,133,126,0,18,0,1
decode,19,134,127,0,18,0,1
decode,19,135,128,0,18,0,1
decode,19,136,129,0,18,0,1
decode,19,137,130,0,18,0,1
decode,19,138,131,0,18,0,1
decode,19,139,132,0,18,0,1
decode,19,140,133,0,18,0,1
decode,19,141,134,0,18,0,1
decode,19,142,135,0,18,0,1
decode,19,143,136,0,18,0,1
decode,19,144,138,0,18,0,1
decode,19,145,139,0,18,0,1
decode,19,146,140,0,18,0,1
decode,19,147,141,0,18,0,1
decode,19,148,142,0,18,0,1
decode,19,149,143,0,18,0,1
decode,19,150,144,0,18,0,1
decode,19,151,145,0,18,0,1
decode,19,152,146,0,18,0,1
decode,19,153,147,0,18,0,1
decode,19,154,148,0,18,0,1
decode,19,155,149,0,18,0,1
decode,19,156,150,0,18,0,1
decode,19,157,151,0,18,0,1
decode,19,158,152,0,18,0,1
decode,19,159,153,0,18,0,1
decode,19,160,154,0,18,0,1
decode,19,161,155,0,18,0,1
decode,19,162,156,0,18,0,1
decode,19,163,157,0,18,0,1
decode,19,164,158,0,18,0,1
decode,19,165,159,0,18,0,1
decode,19,166,160,0,18,0,1
decode,19,167,161,0,18,0,1
decode,19,168,162,0,18,0,1
decode,19,169,163,0,18,0,1
decode,19,170,164,0,18,0,1
decode,19,171,165,0,18,0,1
decode,19,172,166,0,18,0,1
decode,19,173,167,0,18,0,1
decode,19,174,168,0,18,0,1
decode,19,175,169,0,18,0,1
decode,19,176,170,0,18,0,1
decode,19,177,171,0,18,0,1
decode,19,178,172,0,18,0,1
decode,19,179,173,0,18,0,1
decode,19,180,174,0,18,0,1
decode,19,181,175,0,18,0,1
decode,19,182,177,0,18,0,1
decode,19,183,178,0,18,0,1
decode,19,184,179,0,18,0,1
decode,19,185,180,0,18,0,1
decode,19,186,181,0,18,0,1
decode,19,187,182,0,18,0,1
decode,19,188,183,0,18,0,1
decode,19,189,184,0,18,0,1
decode,19,190,185,0,18,0,1
decode,19,191,186,0,18,0,1
decode,19,192,187,0,18,0,1
decode,19,193,188,0,18,0,1
decode,19,194,189,0,18,0,1
decode,19,195,190,0,18,0,1
decode,19,196,191,0,18,0,1
decode,19,197,192,0,18,0,1
decode,19,198,193,0,18,0,1
decode,19,199,194,0,18,0,1
decode,19,200,195,0,18,0,1
decode,19,201,196,0,18,0,1
decode,19,202,197,0,18,0,1
decode,19,203,198,0,18,0,1
decode,19,204,199,0,18,0,1
decode,19,205,202,0,18,0,1
decode,19,206,203,0,18,0,1
decode,19,207,204,0,18,0,1
decode,19,208,205,0,18,0,1
decode,19,209,206,0,18,0,1
decode,19,210,207,0,18,0,1
decode,19,211,208,0,18,0,1
decode,19,212,209,0,18,0,1
decode,19,213,210,0,18,0,1
decode,19,214,211,0,18,0,1
decode,19,215,212,0,18,0,1
decode,19,216,213,0,18,0,1
decode,19,217,214,0,18,0,1
decode,19,218,215,0,18,0,1
decode,19,219,216,0,18,0,1
decode,19,220,217,0,18,0,1
decode,19,221,218,0,18,0,1
decode,19,222,219,0,18,0,1
decode,19,223,220,0,18,0,1
decode,19,224,221,0,18,0,1
decode,19,225,222,0,18,0,1
decode,19,226,223,0,18,0,1
decode,19,227,224,0,18,0,1
decode,19,228,225,0,18,0,1
decode,19,229,226,0,18,0,1
decode,19,230,227,0,18,0,1
decode,19,231,228,0,18,0,1
decode,19,232,229,0,18,0,1
decode,19,233,230,0,18,0,1
decode,19,234,231,0,18,0,1
decode,19,235,232,0,18,0,1
decode,19,236,233,0,18,0,1
decode,19,237,234,0,18,0,1
decode,19,238,235,0,18,0,1
decode,19,239,236,0,18,0,1
decode,19,240,237,0,18,0,1
decode,19,241,238,0,18,0,1
decode,19,242,239,0,18,0,1
decode,19,243,240,0,18,0,1
decode,19,244,242,0,18,0,1
decode,19,245,243,0,18,0,1
decode,19,246,244,0,18,0,1
decode,19,247,245,0,18,0,1
decode,19,248,247,0,18,0,1
decode,19,249,248,0,18,0,1
decode,19,250,249,0,18,0,1
decode,19,251,250,0,18,0,1
decode,19,252,251,0,18,0,1
decode,19,253,252,0,18,0,1
decode,19,254,253,0,18,0,1
decode,19,255,254,0,18,0,1
decode,19,256,255,0,18,0,1
decode,20,1,131,3,18,0.166666666666667,0.166666666666667
decode,20,2,149,3,18,0.166666666666667,0.333333333333333
decode,20,3,218,3,18,0.166666666666667,0.5
decode,20,4,67,2,18,0.111111111111111,0.611111111111111
decode,20,5,102,2,18,0.111111111111111,0.722222222222222
decode,20,6,109,2,18,0.111111111111111,0.833333333333333
decode,20,7,128,2,18,0.111111111111111,0.944444444444445
decode,20,8,175,1,18,0.0555555555555556,1
decode,20,9,0,0,18,0,1
decode,20,10,1,0,18,0,1
decode,20,11,2,0,18,0,1
decode,20,12,3,0,18,0,1
decode,20,13,4,0,18,0,1
decode,20,14,5,0,18,0,1
decode,20,15,6,0,18,0,1
decode,20,16,7,0,18,0,1
decode,20,17,8,0,18,0,1
decode,20,18,9,0,18,0,1
decode,20,19,10,0,18,0,1
decode,20,20,11,0,18,0,1
decode,20,21,12,0,18,0,1
decode,20,22,13,0,18,0,1
decode,20,23,14,0,18,0,1
decode,20,24,15,0,18,0,1
decode,20,25,16,0,18,0,1
decode,20,26,17,0,18,0,1
decode,20,27,18,0,18,0,1
decode,20,28,19,0,18,0,1
decode,20,29,20,0,18,0,1
decode,20,30,21,0,18,0,1
decode,20,31,22,0,18,0,1
decode,20,32,23,0,18,0,1
decode,20,33,24,0,18,0,1
decode,20,34,25,0,18,0,1
decode,20,35,26,0,18,0,1
decode,20,36,27,0,18,0,1
decode,20,37,28,0,18,0,1
decode,20,38,29,0,18,0,1
decode,20,39,30,0,18,0,1
decode,20,40,31,0,18,0,1
decode,20,41,32,0,18,0,1
decode,20,42,33,0,18,0,1
decode,20,43,34,0,18,0,1
decode,20,44,35,0,18,0,1
decode,20,45,36,0,18,0,1
decode,20,46,37,0,18,0,1
decode,20,47,38,0,18,0,1
decode,20,48,39,0,18,0,1
decode,20,49,40,0,18,0,1
decode,20,50,41,0,18,0,1
decode,20,51,42,0,18,0,1
decode,20,52,43,0,18,0,1
decode,20,53,44,0,18,0,1
decode,20,54,45,0,18,0,1
decode,20,55,46,0,18,0,1
decode,20,56,47,0,18,0,1
decode,20,57,48,0,18,0,1
decode,20,58,49,0,18,0,1
decode,20,59,50,0,18,0,1
decode,20,60,51,0,18,0,1
decode,20,61,52,0,18,0,1
decode,20,62,53,0,18,0,1
decode,20,63,54,0,18,0,1
decode,20,64,55,0,18,0,1
decode,20,65,56,0,18,0,1
decode,20,66,57,0,18,0,1
decode,20,67,58,0,18,0,1
decode,20,68,59,0,18,0,1
decode,20,69,60,0,18,0,1
decode,20,70,61,0,18,0,1
decode,20,71,62,0,18,0,1
decode,20,72,63,0,18,0,1
decode,20,73,64,0,18,0,1
decode,20,74,65,0,18,0,1
decode,20,75,66,0,18,0,1
decode,20,76,68,0,18,0,1
decode,20,77,69,0,18,0,1
decode,20,78,70,0,18,0,1
decode,20,79,71,0,18,0,1
decode,20,80,72,0,18,0,1
decode,20,81,73,0,18,0,1
decode,20,82,74,0,18,0,1
decode,20,83,75,0,18,0,1
decode,20,84,76,0,18,0,1
decode,20,85,77,0,18,0,1
decode,20,86,78,0,18,0,1
decode,20,87,79,0,18,0,1
decode,20,88,80,0,18,0,1
decode,20,89,81,0,18,0,1
decode,20,90,82,0,18,0,1
decode,20,91,83,0,18,0,1
decode,20,92,84,0,18,0,1
decode,20,93,85,0,18,0,1
decode,20,94,86,0,18,0,1
decode,20,95,87,0,18,0,1
decode,20,96,88,0,18,0,1
decode,20,97,89,0,18,0,1
decode,20,98,90,0,18,0,1
decode,20,99,91,0,18,0,1
decode,20,100,92,0,18,0,1
decode,20,101,93,0,18,0,1
decode,20,102,94,0,18,0,1
decode,20,103,95,0,18,0,1
decode,20,104,96,0,18,0,1
decode,20,105,97,0,18,0,1
decode,20,106,98,0,18,0,1
decode,20,107,99,0,18,0,1
decode,20,108,100,0,18,0,1
decode,20,109,101,0,18,0,1
decode,20,110,103,0,18,0,1
decode,20,111,104,0,18,0,1
decode,20,112,105,0,18,0,1
decode,20,113,106,0,18,0,1
decode,20,114,107,0,18,0,1
decode,20,115,108,0,18,0,1
decode,20,116,110,0,18,0,1
decode,20,117,111,0,18,0,1
decode,20,118,112,0,18,0,1
decode,20,119,113,0,18,0,1
decode,20,120,114,0,18,0,1
decode,20,121,115,0,18,0,1
decode,20,122,116,0,18,0,1
decode,20,123,117,0,18,0,1
decode,20,124,118,0,18,0,1
decode,20,125,119,0,18,0,1
decode,20,126,120,0,18,0,1
decode,20,127,121,0,18,0,1
decode,20,128,122,0,18,0,1
decode,20,129,123,0,18,0,1
decode,20,130,124,0,18,0,1
decode,20,131,125,0,18,0,1
decode,20,132,126,0,18,0,1
decode,20,133,127,0,18,0,1
decode,20,134,129,0,18,0,1
decode,20,135,130,0,18,0,1
decode,20,136,132,0,18,0,1
decode,20,137,133,0,18,0,1
decode,20,138,134,0,18,0,1
decode,20,139,135,0,18,0,1
decode,20,140,136,0,18,0,1
decode,20,141,137,0,18,0,1
decode,20,142,138,0,18,0,1
decode,20,143,139,0,18,0,1
decode,20,144,140,0,18,0,1
decode,20,145,141,0,18,0,1
decode,20,146,142,0,18,0,1
decode,20,147,143,0,18,0,1
decode,20,148,144,0,18,0,1
decode,20,149,145,0,18,0,1
decode,20,150,146,0,18,0,1
decode,20,151,147,0,18,0,1
decode,20,152,148,0,18,0,1
decode,20,153,150,0,18,0,1
decode,20,154,151,0,18,0,1
decode,20,155,152,0,18,0,1
decode,20,156,153,0,18,0,1
decode,20,157,154,0,18,0,1
decode,20,158,155,0,18,0,1
decode,20,159,156,0,18,0,1
decode,20,160,157,0,18,0,1
decode,20,161,158,0,18,0,1
decode,20,162,159,0,18,0,1
decode,20,163,160,0,18,0,1
decode,20,164,161,0,18,0,1
decode,20,165,162,0,18,0,1
decode,20,166,163,0,18,0,1
decode,20,167,164,0,18,0,1
decode,20,168,165,0,18,0,1
decode,20,169,166,0,18,0,1
decode,20,170,167,0,18,0,1
decode,20,171,168,0,18,0,1
decode,20,172,169,0,18,0,1
decode,20,173,170,0,18,0,1
decode,20,174,171,0,18,0,1
decode,20,175,172,0,18,0,1
decode,20,176,173,0,18,0,1
decode,20,177,174,0,18,0,1
decode,20,178,176,0,18,0,1
decode,20,179,177,0,18,0,1
decode,20,180,178,0,18,0,1
decode,20,181,179,0,18,0,1
decode,20,182,180,0,18,0,1
decode,20,183,181,0,18,0,1
decode,20,184,182,0,18,0,1
decode,20,185,183,0,18,0,1
decode,20,186,184,0,18,0,1
decode,20,187,185,0,18,0,1
decode,20,188,186,0,18,0,1
decode,20,189,187,0,18,0,1
decode,20,190,188,0,18,0,1
decode,20,191,189,0,18,0,1
decode,20,192,190,0,18,0,1
decode,20,193,191,0,18,0,1
decode,20,194,192,0,18,0,1
decode,20,195,193,0,18,0,1
decode,20,196,194,0,18,0,1
decode,20,197,195,0,18,0,1
decode,20,198,196,0,18,0,1
decode,20,199,197,0,18,0,1
decode,20,200,198,0,18,0,1
decode,20,201,199,0,18,0,1
decode,20,202,200,0,18,0,1
decode,20,203,201,0,18,0,1
decode,20,204,202,0,18,0,1
decode,20,205,203,0,18,0,1
decode,20,206,204,0,18,0,1
decode,20,207,205,0,18,0,1
decode,20,208,206,0,18,0,1
decode,20,209,207,0,18,0,1
decode,20,210,208,0,18,0,1
decode,20,211,209,0,18,0,1
decode,20,212,210,0,18,0,1
decode,20,213,211,0,18,0,1
decode,20,214,212,0,18,0,1
decode,20,215,213,0,18,0,1
decode,20,216,214,0,18,0,1
decode,20,217,215,0,18,0,1
decode,20,218,216,0,18,0,1
decode,20,219,217,0,18,0,1
decode,20,220,219,0,18,0,1
decode,20,221,220,0,18,0,1
decode,20,222,221,0,18,0,1
decode,20,223,222,0,18,0,1
decode,20,224,223,0,18,0,1
decode,20,225,224,0,18,0,1
decode,20,226,225,0,18,0,1
decode,20,227,226,0,18,0,1
decode,20,228,227,0,18,0,1
decode,20,229,228,0,18,0,1
decode,20,230,229,0,18,0,1
decode,20,231,230,0,18,0,1
decode,20,232,231,0,18,0,1
decode,20,233,232,0,18,0,1
decode,20,234,233,0,18,0,1
decode,20,235,234,0,18,0,1
decode,20,236,235,0,18,0,1
decode,20,237,236,0,18,0,1
decode,20,238,237,0,18,0,1
decode,20,239,238,0,18,0,1
decode,20,240,239,0,18,0,1
decode,20,241,240,0,18,0,1
decode,20,242,241,0,18,0,1
decode,20,243,242,0,18,0,1
decode,20,244,243,0,18,0,1
decode,20,245,244,0,18,0,1
decode,20,246,245,0,18,0,1
decode,20,247,246,0,18,0,1
decode,20,248,247,0,18,0,1
decode,20,249,248,0,18,0,1
decode,20,250,249,0,18,0,1
decode,20,251,250,0,18,0,1
decode,20,252,251,0,18,0,1
decode,20,253,252,0,18,0,1
decode,20,254,253,0,18,0,1
decode,20,255,254,0,18,0,1
decode,20,256,255,0,18,0,1
decode,21,1,49,3,18,0.166666666666667,0.166666666666667
decode,21,2,173,3,18,0.166666666666667,0.333333333333333
decode,21,3,205,3,18,0.166666666666667,0.5
decode,21,4,5,2,18,0.111111111111111,0.611111111111111
decode,21,5,110,2,18,0.111111111111111,0.722222222222222
decode,21,6,215,2,18,0.111111111111111,0.833333333333333
decode,21,7,19,1,18,0.0555555555555556,0.888888888888889
decode,21,8,129,1,18,0.0555555555555556,0.944444444444445
decode,21,9,243,1,18,0.0555555555555556,1
decode,21,10,0,0,18,0,1
decode,21,11,1,0,18,0,1
decode,21,12,2,0,18,0,1
decode,21,13,3,0,18,0,1
decode,21,14,4,0,18,0,1
decode,21,15,6,0,18,0,1
decode,21,16,7,0,18,0,1
decode,21,17,8,0,18,0,1
decode,21,18,9,0,18,0,1
decode,21,19,10,0,18,0,1
decode,21,20,11,0,18,0,1
decode,21,21,12,0,18,0,1
decode,21,22,13,0,18,0,1
decode,21,23,14,0,18,0,1
decode,21,24,15,0,18,0,1
decode,21,25,16,0,18,0,1
decode,21,26,17,0,18,0,1
decode,21,27,18,0,18,0,1
decode,21,28,20,0,18,0,1
decode,21,29,21,0,18,0,1
decode,21,30,22,0,18,0,1
decode,21,31,23,0,18,0,1
decode,21,32,24,0,18,0,1
decode,21,33,25,0,18,0,1
decode,21,34,26,0,18,0,1
decode,21,35,27,0,18,0,1
decode,21,36,28,0,18,0,1
decode,21,37,29,0,18,0,1
decode,21,38,30,0,18,0,1
decode,21,39,31,0,18,0,1
decode,21,40,32,0,18,0,1
decode,21,41,33,0,18,0,1
decode,21,42,34,0,18,0,1
decode,21,43,35,0,18,0,1
decode,21,44,36,0,18,0,1
decode,21,45,37,0,18,0,1
decode,21,46,38,0,18,0,1
decode,21,47,39,0,18,0,1
decode,21,48,40,0,18,0,1
decode,21,49,41,0,18,0,1
decode,21,50,42,0,18,0,1
decode,21,51,43,0,18,0,1
decode,21,52,44,0,18,0,1
decode,21,53,45,0,18,0,1
decode,21,54,46,0,18,0,1
decode,21,55,47,0,18,0,1
decode,21,56,48,0,18,0,1
decode,21,57,50,0,18,0,1
decode,21,58,51,0,18,0,1
decode,21,59,52,0,18,0,1
decode,21,60,53,0,18,0,1
decode,21,61,54,0,18,0,1
decode,21,62,55,0,18,0,1
decode,21,63,56,0,18,0,1
decode,21,64,57,0,18,0,1
decode,21,65,58,0,18,0,1
decode,21,66,59,0,18,0,1
decode,21,67,60,0,18,0,1
decode,21,68,61,0,18,0,1
decode,21,69,62,0,18,0,1
decode,21,70,63,0,18,0,1
decode,21,71,64,0,18,0,1
decode,21,72,65,0,18,0,1
decode,21,73,66,0,18,0,1
decode,21,74,67,0,18,0,1
decode,21,75,68,0,18,0,1
decode,21,76,69,0,18,0,1
decode,21,77,70,0,18,0,1
decode,21,78,71,0,18,0,1
decode,21,79,72,0,18,0,1
decode,21,80,73,0,18,0,1
decode,21,81,74,0,18,0,1
decode,21,82,75,0,18,0,1
decode,21,83,76,0,18,0,1
decode,21,84,77,0,18,0,1
decode,21,85,78,0,18,0,1
decode,21,86,79,0,18,0,1
decode,21,87,80,0,18,0,1
decode,21,88,81,0,18,0,1
decode,21,89,82,0,18,0,1
decode,21,90,83,0,18,0,1
decode,21,91,84,0,18,0,1
decode,21,92,85,0,18,0,1
decode,21,93,86,0,18,0,1
decode,21,94,87,0,18,0,1
decode,21,95,88,0,18,0,1
decode,21,96,89,0,18,0,1
decode,21,97,90,0,18,0,1
decode,21,98,91,0,18,0,1
decode,21,99,92,0,18,0,1
decode,21,100,93,0,18,0,1
decode,21,101,94,0,18,0,1
decode,21,102,95,0,18,0,1
decode,21,103,96,0,18,0,1
decode,21,104,97,0,18,0,1
decode,21,105,98,0,18,0,1
decode,21,106,99,0,18,0,1
decode,21,107,100,0,18,0,1
decode,21,108,101,0,18,0,1
decode,21,109,102,0,18,0,1
decode,21,110,103,0,18,0,1
decode,21,111,104,0,18,0,1
decode,21,112,105,0,18,0,1
decode,21,113,106,0,18,0,1
decode,21,114,107,0,18,0,1
decode,21,115,108,0,18,0,1
decode,21,116,109,0,18,0,1
decode,21,117,111,0,18,0,1
decode,21,118,112,0,18,0,1
decode,21,119,113,0,18,0,1
decode,21,120,114,0,18,0,1
decode,21,121,115,0,18,0,1
decode,21,122,116,0,18,0,1
decode,21,123,117,0,18,0,1
decode,21,124,118,0,18,0,1
decode,21,125,119,0,18,0,1
decode,21,126,120,0,18,0,1
decode,21,127,121,0,18,0,1
decode,21,128,122,0,18,0,1
decode,21,129,123,0,18,0,1
decode,21,130,124,0,18,0,1
decode,21,131,125,0,18,0,1
decode,21,132,126,0,18,0,1
decode,21,133,127,0,18,0,1
decode,21,134,128,0,18,0,1
decode,21,135,130,0,18,0,1
decode,21,136,131,0,18,0,1
decode,21,137,132,0,18,0,1
decode,21,138,133,0,18,0,1
decode,21,139,134,0,18,0,1
decode,21,140,135,0,18,0,1
decode,21,141,136,0,18,0,1
decode,21,142,137,0,18,0,1
decode,21,143,138,0,18,0,1
decode,21,144,139,0,18,0,1
decode,21,145,140,0,18,0,1
decode,21,146,141,0,18,0,1
decode,21,147,142,0,18,0,1
decode,21,148,143,0,18,0,1
decode,21,149,144,0,18,0,1
decode,21,150,145,0,18,0,1
decode,21,151,146,0,18,0,1
decode,21,152,147,0,18,0,1
decode,21,153,148,0,18,0,1
decode,21,154,149,0,18,0,1
decode,21,155,150,0,18,0,1
decode,21,156,151,0,18,0,1
decode,21,157,152,0,18,0,1
decode,21,158,153,0,18,0,1
decode,21,159,154,0,18,0,1
decode,21,160,155,0,18,0,1
decode,21,161,156,0,18,0,1
decode,21,162,157,0,18,0,1
decode,21,163,158,0,18,0,1
decode,21,164,159,0,18,0,1
decode,21,165,160,0,18,0,1
decode,21,166,161,0,18,0,1
decode,21,167,162,0,18,0,1
decode,21,168,163,0,18,0,1
decode,21,169,164,0,18,0,1
decode,21,170,165,0,18,0,1
decode,21,171,166,0,18,0,1
decode,21,172,167,0,18,0,1
decode,21,173,168,0,18,0,1
decode,21,174,169,0,18,0,1
decode,21,175,170,0,18,0,1
decode,21,176,171,0,18,0,1
decode,21,177,172,0,18,0,1
decode,21,178,174,0,18,0,1
decode,21,179,175,0,18,0,1
decode,21,180,176,0,18,0,1
decode,21,181,177,0,18,0,1
decode,21,182,178,0,18,0,1
decode,21,183,179,0,18,0,1
decode,21,184,180,0,18,0,1
decode,21,185,181,0,18,0,1
decode,21,186,182,0,18,0,1
decode,21,187,183,0,18,0,1
decode,21,188,184,0,18,0,1
decode,21,189,185,0,18,0,1
decode,21,190,186,0,18,0,1
decode,21,191,187,0,18,0,1
decode,21,192,188,0,18,0,1
decode,21,193,189,0,18,0,1
decode,21,194,190,0,18,0,1
decode,21,195,191,0,18,0,1
decode,21,196,192,0,18,0,1
decode,21,197,193,0,18,0,1
decode,21,198,194,0,18,0,1
decode,21,199,195,0,18,0,1
decode,21,200,196,0,18,0,1
decode,21,201,197,0,18,0,1
decode,21,202,198,0,18,0,1
decode,21,203,199,0,18,0,1
decode,21,204,200,0,18,0,1
decode,21,205,201,0,18,0,1
decode,21,206,202,0,18,0,1
decode,21,207,203,0,18,0,1
decode,21,208,204,0,18,0,1
decode,21,209,206,0,18,0,1
decode,21,210,207,0,18,0,1
decode,21,211,208,0,18,0,1
decode,21,212,209,0,18,0,1
decode,21,213,210,0,18,0,1
decode,21,214,211,0,18,0,1
decode,21,215,212,0,18,0,1
decode,21,216,213,0,18,0,1
decode,21,217,214,0,18,0,1
decode,21,218,216,0,18,0,1
decode,21,219,217,0,18,0,1
decode,21,220,218,0,18,0,1
decode,21,221,219,0,18,0,1
decode,21,222,220,0,18,0,1
decode,21,223,221,0,18,0,1
decode,21,224,222,0,18,0,1
decode,21,225,223,0,18,0,1
decode,21,226,224,0,18,0,1
decode,21,227,225,0,18,0,1
decode,21,228,226,0,18,0,1
decode,21,229,227,0,18,0,1
decode,21,230,228,0,18,0,1
decode,21,231,229,0,18,0,1
decode,21,232,230,0,18,0,1
decode,21,233,231,0,18,0,1
decode,21,234,232,0,18,0,1
decode,21,235,233,0,18,0,1
decode,21,236,234,0,18,0,1
decode,21,237,235,0,18,0,1
decode,21,238,236,0,18,0,1
decode,21,239,237,0,18,0,1
decode,21,240,238,0,18,0,1
decode,21,241,239,0,18,0,1
decode,21,242,240,0,18,0,1
decode,21,243,241,0,18,0,1
decode,21,244,242,0,18,0,1
decode,21,245,244,0,18,0,1
decode,21,246,245,0,18,0,1
decode,21,247,246,0,18,0,1
decode,21,248,247,0,18,0,1
decode,21,249,248,0,18,0,1
decode,21,250,249,0,18,0,1
decode,21,251,250,0,18,0,1
decode,21,252,251,0,18,0,1
decode,21,253,252,0,18,0,1
decode,21,254,253,0,18,0,1
decode,21,255,254,0,18,0,1
decode,21,256,255,0,18,0,1
decode,22,1,103,3,18,0.166666666666667,0.166666666666667
decode,22,2,166,3,18,0.166666666666667,0.333333333333333
decode,22,3,173,3,18,0.166666666666667,0.5
decode,22,4,238,3,18,0.166666666666667,0.666666666666667
decode,22,5,47,2,18,0.111111111111111,0.777777777777778
decode,22,6,246,2,18,0.111111111111111,0.888888888888889
decode,22,7,37,1,18,0.0555555555555556,0.944444444444444
decode,22,8,127,1,18,0.0555555555555556,1
decode,22,9,0,0,18,0,1
decode,22,10,1,0,18,0,1
decode,22,11,2,0,18,0,1
decode,22,12,3,0,18,0,1
decode,22,13,4,0,18,0,1
decode,22,14,5,0,18,0,1
decode,22,15,6,0,18,0,1
decode,22,16,7,0,18,0,1
decode,22,17,8,0,18,0,1
decode,22,18,9,0,18,0,1
decode,22,19,10,0,18,0,1
decode,22,20,11,0,18,0,1
decode,22,21,12,0,18,0,1
decode,22,22,13,0,18,0,1
decode,22,23,14,0,18,0,1
decode,22,24,15,0,18,0,1
decode,22,25,16,0,18,0,1
decode,22,26,17,0,18,0,1
decode,22,27,18,0,18,0,1
decode,22,28,19,0,18,0,1
decode,22,29,20,0,18,0,1
decode,22,30,21,0,18,0,1
decode,22,31,22,0,18,0,1
decode,22,32,23,0,18,0,1
decode,22,33,24,0,18,0,1
decode,22,34,25,0,18,0,1
decode,22,35,26,0,18,0,1
decode,22,36,27,0,18,0,1
decode,22,37,28,0,18,0,1
decode,22,38,29,0,18,0,1
decode,22,39,30,0,18,0,1
decode,22,40,31,0,18,0,1
decode,22,41,32,0,18,0,1
decode,22,42,33,0,18,0,1
decode,22,43,34,0,18,0,1
decode,22,44,35,0,18,0,1
decode,22,45,36,0,18,0,1
decode,22,46,38,0,18,0,1
decode,22,47,39,0,18,0,1
decode,22,48,40,0,18,0,1
decode,22,49,41,0,18,0,1
decode,22,50,42,0,18,0,1
decode,22,51,43,0,18,0,1
decode,22,52,44,0,18,0,1
decode,22,53,45,0,18,0,1
decode,22,54,46,0,18,0,1
decode,22,55,48,0,18,0,1
decode,22,56,49,0,18,0,1
decode,22,57,50,0,18,0,1
decode,22,58,51,0,18,0,1
decode,22,59,52,0,18,0,1
decode,22,60,53,0,18,0,1
decode,22,61,54,0,18,0,1
decode,22,62,55,0,18,0,1
decode,22,63,56,0,18,0,1
decode,22,64,57,0,18,0,1
decode,22,65,58,0,18,0,1
decode,22,66,59,0,18,0,1
decode,22,67,60,0,18,0,1
decode,22,68,61,0,18,0,1
decode,22,69,62,0,18,0,1
decode,22,70,63,0,18,0,1
decode,22,71,64,0,18,0,1
decode,22,72,65,0,18,0,1
decode,22,73,66,0,18,0,1
decode,22,74,67,0,18,0,1
decode,22,75,68,0,18,0,1
decode,22,76,69,0,18,0,1
decode,22,77,70,0,18,0,1
decode,22,78,71,0,18,0,1
decode,22,79,72,0,18,0,1
decode,22,80,73,0,18,0,1
decode,22,81,74,0,18,0,1
decode,22,82,75,0,18,0,1
decode,22,83,76,0,18,0,1
decode,22,84,77,0,18,0,1
decode,22,85,78,0,18,0,1
decode,22,86,79,0,18,0,1
decode,22,87,80,0,18,0,1
decode,22,88,81,0,18,0,1
decode,22,89,82,0,18,0,1
decode,22,90,83,0,18,0,1
decode,22,91,84,0,18,0,1
decode,22,92,85,0,18,0,1
decode,22,93,86,0,18,0,1
decode,22,94,87,0,18,0,1
decode,22,95,88,0,18,0,1
decode,22,96,89,0,18,0,1
decode,22,97,90,0,18,0,1
decode,22,98,91,0,18,0,1
decode,22,99,92,0,18,0,1
decode,22,100,93,0,18,0,1
decode,22,101,94,0,18,0,1
decode,22,102,95,0,18,0,1
decode,22,103,96,0,18,0,1
decode,22,104,97,0,18,0,1
decode,22,105,98,0,18,0,1
decode,22,106,99,0,18,0,1
decode,22,107,100,0,18,0,1
decode,22,108,101,0,18,0,1
decode,22,109,102,0,18,0,1
decode,22,110,104,0,18,0,1
decode,22,111,105,0,18,0,1
decode,22,112,106,0,18,0,1
decode,22,113,107,0,18,0,1
decode,22,114,108,0,18,0,1
decode,22,115,109,0,18,0,1
decode,22,116,110,0,18,0,1
decode,22,117,111,0,18,0,1
decode,22,118,112,0,18,0,1
decode,22,119,113,0,18,0,1
decode,22,120,114,0,18,0,1
decode,22,121,115,0,18,0,1
decode,22,122,116,0,18,0,1
decode,22,123,117,0,18,0,1
decode,22,124,118,0,18,0,1
decode,22,125,119,0,18,0,1
decode,22,126,120,0,18,0,1
decode,22,127,121,0,18,0,1
decode,22,128,122,0,18,0,1
decode,22,129,123,0,18,0,1
decode,22,130,124,0,18,0,1
decode,22,131,125,0,18,0,1
decode,22,132,126,0,18,0,1
decode,22,133,128,0,18,0,1
decode,22,134,129,0,18,0,1
decode,22,135,130,0,18,0,1
decode,22,136,131,0,18,0,1
decode,22,137,132,0,18,0,1
decode,22,138,133,0,18,0,1
decode,22,139,134,0,18,0,1
decode,22,140,135,0,18,0,1
decode,22,141,136,0,18,0,1
decode,22,142,137,0,18,0,1
decode,22,143,138,0,18,0,1
decode,22,144,139,0,18,0,1
decode,22,145,140,0,18,0,1
decode,22,146,141,0,18,0,1
decode,22,147,142,0,18,0,1
decode,22,148,143,0,18,0,1
decode,22,149,144,0,18,0,1
decode,22,150,145,0,18,0,1
decode,22,151,146,0,18,0,1
decode,22,152,147,0,18,0,1
decode,22,153,148,0,18,0,1
decode,22,154,149,0,18,0,1
decode,22,155,150,0,18,0,1
decode,22,156,151,0,18,0,1
decode,22,157,152,0,18,0,1
decode,22,158,153,0,18,0,1
decode,22,159,154,0,18,0,1
decode,22,160,155,0,18,0,1
decode,22,161,156,0,18,0,1
decode,22,162,157,0,18,0,1
decode,22,163,158,0,18,0,1
decode,22,164,159,0,18,0,1
decode,22,165,160,0,18,0,1
decode,22,166,161,0,18,0,1
decode,22,167,162,0,18,0,1
decode,22,168,163,0,18,0,1
decode,22,169,164,0,18,0,1
decode,22,170,165,0,18,0,1
decode,22,171,167,0,18,0,1
decode,22,172,168,0,18,0,1
decode,22,173,169,0,18,0,1
decode,22,174,170,0,18,0,1
decode,22,175,171,0,18,0,1
decode,22,176,172,0,18,0,1
decode,22,177,174,0,18,0,1
decode,22,178,175,0,18,0,1
decode,22,179,176,0,18,0,1
decode,22,180,177,0,18,0,1
decode,22,181,178,0,18,0,1
decode,22,182,179,0,18,0,1
decode,22,183,180,0,18,0,1
decode,22,184,181,0,18,0,1
decode,22,185,182,0,18,0,1
decode,22,186,183,0,18,0,1
decode,22,187,184,0,18,0,1
decode,22,188,185,0,18,0,1
decode,22,189,186,0,18,0,1
decode,22,190,187,0,18,0,1
decode,22,191,188,0,18,0,1
decode,22,192,189,0,18,0,1
decode,22,193,190,0,18,0,1
decode,22,194,191,0,18,0,1
decode,22,195,192,0,18,0,1
decode,22,196,193,0,18,0,1
decode,22,197,194,0,18,0,1
decode,22,198,195,0,18,0,1
decode,22,199,196,0,18,0,1
decode,22,200,197,0,18,0,1
decode,22,201,198,0,18,0,1
decode,22,202,199,0,18,0,1
decode,22,203,200,0,18,0,1
decode,22,204,201,0,18,0,1
decode,22,205,202,0,18,0,1
decode,22,206,203,0,18,0,1
decode,22,207,204,0,18,0,1
decode,22,208,205,0,18,0,1
decode,22,209,206,0,18,0,1
decode,22,210,207,0,18,0,1
decode,22,211,208,0,18,0,1
decode,22,212,209,0,18,0,1
decode,22,213,210,0,18,0,1
decode,22,214,211,0,18,0,1
decode,22,215,212,0,18,0,1
decode,22,216,213,0,18,0,1
decode,22,217,214,0,18,0,1
decode,22,218,215,0,18,0,1
decode,22,219,216,0,18,0,1
decode,22,220,217,0,18,0,1
decode,22,221,218,0,18,0,1
decode,22,222,219,0,18,0,1
decode,22,223,220,0,18,0,1
decode,22,224,221,0,18,0,1
decode,22,225,222,0,18,0,1
decode,22,226,223,0,18,0,1
decode,22,227,224,0,18,0,1
decode,22,228,225,0,18,0,1
decode,22,229,226,0,18,0,1
decode,22,230,227,0,18,0,1
decode,22,231,228,0,18,0,1
decode,22,232,229,0,18,0,1
decode,22,233,230,0,18,0,1
decode,22,234,231,0,18,0,1
decode,22,235,232,0,18,0,1
decode,22,236,233,0,18,0,1
decode,22,237,234,0,18,0,1
decode,22,238,235,0,18,0,1
decode,22,239,236,0,18,0,1
decode,22,240,237,0,18,0,1
decode,22,241,239,0,18,0,1
decode,22,242,240,0,18,0,1
decode,22,243,241,0,18,0,1
decode,22,244,242,0,18,0,1
decode,22,245,243,0,18,0,1
decode,22,246,244,0,18,0,1
decode,22,247,245,0,18,0,1
decode,22,248,247,0,18,0,1
decode,22,249,248,0,18,0,1
decode,22,250,249,0,18,0,1
decode,22,251,250,0,18,0,1
decode,22,252,251,0,18,0,1
decode,22,253,252,0,18,0,1
decode,22,254,253,0,18,0,1
decode,22,255,254,0,18,0,1
decode,22,256,255,0,18,0,1
decode,23,1,30,2,18,0.111111111111111,0.111111111111111
decode,23,2,76,2,18,0.111111111111111,0.222222222222222
decode,23,3,142,2,18,0.111111111111111,0.333333333333333
decode,23,4,197,2,18,0.111111111111111,0.444444444444444
decode,23,5,210,2,18,0.111111111111111,0.555555555555556
decode,23,6,21,1,18,0.0555555555555556,0.611111111111111
decode,23,7,49,1,18,0.0555555555555556,0.666666666666667
decode,23,8,196,1,18,0.0555555555555556,0.722222222222222
decode,23,9,217,1,18,0.0555555555555556,0.777777777777778
decode,23,10,227,1,18,0.0555555555555556,0.833333333333333
decode,23,11,228,1,18,0.0555555555555556,0.888888888888889
decode,23,12,249,1,18,0.0555555555555556,0.944444444444445
decode,23,13,252,1,18,0.0555555555555556,1
decode,23,14,0,0,18,0,1
decode,23,15,1,0,18,0,1
decode,23,16,2,0,18,0,1
decode,23,17,3,0,18,0,1
decode,23,18,4,0,18,0,1
decode,23,19,5,0,18,0,1
decode,23,20,6,0,18,0,1
decode,23,21,7,0,18,0,1
decode,23,22,8,0,18,0,1
decode,23,23,9,0,18,0,1
decode,23,24,10,0,18,0,1
decode,23,25,11,0,18,0,1
decode,23,26,12,0,18,0,1
decode,23,27,13,0,18,0,1
decode,23,28,14,0,18,0,1
decode,23,29,15,0,18,0,1
decode,23,30,16,0,18,0,1
decode,23,31,17,0,18,0,1
decode,23,32,18,0,18,0,1
decode,23,33,19,0,18,0,1
decode,23,34,20,0,18,0,1
decode,23,35,22,0,18,0,1
decode,23,36,23,0,18,0,1
decode,23,37,24,0,18,0,1
decode,23,38,25,0,18,0,1
decode,23,39,26,0,18,0,1
decode,23,40,27,0,18,0,1
decode,23,41,28,0,18,0,1
decode,23,42,29,0,18,0,1
decode,23,43,31,0,18,0,1
decode,23,44,32,0,18,0,1
decode,23,45,33,0,18,0,1
decode,23,46,34,0,18,0,1
decode,23,47,35,0,18,0,1
decode,23,48,36,0,18,0,1
decode,23,49,37,0,18,0,1
decode,23,50,38,0,18,0,1
decode,23,51,39,0,18,0,1
decode,23,52,40,0,18,0,1
decode,23,53,41,0,18,0,1
decode,23,54,42,0,18,0,1
decode,23,55,43,0,18,0,1
decode,23,56,44,0,18,0,1
decode,23,57,45,0,18,0,1
decode,23,58,46,0,18,0,1
decode,23,59,47,0,18,0,1
decode,23,60,48,0,18,0,1
decode,23,61,50,0,18,0,1
decode,23,62,51,0,18,0,1
decode,23,63,52,0,18,0,1
decode,23,64,53,0,18,0,1
decode,23,65,54,0,18,0,1
decode,23,66,55,0,18,0,1
decode,23,67,56,0,18,0,1
decode,23,68,57,0,18,0,1
decode,23,69,58,0,18,0,1
decode,23,70,59,0,18,0,1
decode,23,71,60,0,18,0,1
decode,23,72,61,0,18,0,1
decode,23,73,62,0,18,0,1
decode,23,74,63,0,18,0,1
decode,23,75,64,0,18,0,1
decode,23,76,65,0,18,0,1
decode,23,77,66,0,18,0,1
decode,23,78,67,0,18,0,1
decode,23,79,68,0,18,0,1
decode,23,80,69,0,18,0,1
decode,23,81,70,0,18,0,1
decode,23,82,71,0,18,0,1
decode,23,83,72,0,18,0,1
decode,23,84,73,0,18,0,1
decode,23,85,74,0,18,0,1
decode,23,86,75,0,18,0,1
decode,23,87,77,0,18,0,1
decode,23,88,78,0,18,0,1
decode,23,89,79,0,18,0,1
decode,23,90,80,0,18,0,1
decode,23,91,81,0,18,0,1
decode,23,92,82,0,18,0,1
decode,23,93,83,0,18,0,1
decode,23,94,84,0,18,0,1
decode,23,95,85,0,18,0,1
decode,23,96,86,0,18,0,1
decode,23,97,87,0,18,0,1
decode,23,98,88,0,18,0,1
decode,23,99,89,0,18,0,1
decode,23,100,90,0,18,0,1
decode,23,101,91,0,18,0,1
decode,23,102,92,0,18,0,1
decode,23,103,93,0,18,0,1
decode,23,104,94,0,18,0,1
decode,23,105,95,0,18,0,1
decode,23,106,96,0,18,0,1
decode,23,107,97,0,18,0,1
decode,23,108,98,0,18,0,1
decode,23,109,99,0,18,0,1
decode,23,110,100,0,18,0,1
decode,23,111,101,0,18,0,1
decode,23,112,102,0,18,0,1
decode,23,113,103,0,18,0,1
decode,23,114,104,0,18,0,1
decode,23,115,105,0,18,0,1
decode,23,116,106,0,18,0,1
decode,23,117,107,0,18,0,1
decode,23,118,108,0,18,0,1
decode,23,119,109,0,18,0,1
decode,23,120,110,0,18,0,1
decode,23,121,111,0,18,0,1
decode,23,122,112,0,18,0,1
decode,23,123,113,0,18,0,1
decode,23,124,114,0,18,0,1
decode,23,125,115,0,18,0,1
decode,23,126,116,0,18,0,1
decode,23,127,117,0,18,0,1
decode,23,128,118,0,18,0,1
decode,23,129,119,0,18,0,1
decode,23,130,120,0,18,0,1
decode,23,131,121,0,18,0,1
decode,23,132,122,0,18,0,1
decode,23,133,123,0,18,0,1
decode,23,134,124,0,18,0,1
decode,23,135,125,0,18,0,1
decode,23,136,126,0,18,0,1
decode,23,137,127,0,18,0,1
decode,23,138,128,0,18,0,1
decode,23,139,129,0,18,0,1
decode,23,140,130,0,18,0,1
decode,23,141,131,0,18,0,1
decode,23,142,132,0,18,0,1
decode,23,143,133,0,18,0,1
decode,23,144,134,0,18,0,1
decode,23,145,135,0,18,0,1
decode,23,146,136,0,18,0,1
decode,23,147,137,0,18,0,1
decode,23,148,138,0,18,0,1
decode,23,149,139,0,18,0,1
decode,23,150,140,0,18,0,1
decode,23,151,141,0,18,0,1
decode,23,152,143,0,18,0,1
decode,23,153,144,0,18,0,1
decode,23,154,145,0,18,0,1
decode,23,155,146,0,18,0,1
decode,23,156,147,0,18,0,1
decode,23,157,148,0,18,0,1
decode,23,158,149,0,18,0,1
decode,23,159,150,0,18,0,1
decode,23,160,151,0,18,0,1
decode,23,161,152,0,18,0,1
decode,23,162,153,0,18,0,1
decode,23,163,154,0,18,0,1
decode,23,164,155,0,18,0,1
decode,23,165,156,0,18,0,1
decode,23,166,157,0,18,0,1
decode,23,167,158,0,18,0,1
decode,23,168,159,0,18,0,1
decode,23,169,160,0,18,0,1
decode,23,170,161,0,18,0,1
decode,23,171,162,0,18,0,1
decode,23,172,163,0,18,0,1
decode,23,173,164,0,18,0,1
decode,23,174,165,0,18,0,1
decode,23,175,166,0,18,0,1
decode,23,176,167,0,18,0,1
decode,23,177,168,0,18,0,1
decode,23,178,169,0,18,0,1
decode,23,179,170,0,18,0,1
decode,23,180,171,0,18,0,1
decode,23,181,172,0,18,0,1
decode,23,182,173,0,18,0,1
decode,23,183,174,0,18,0,1
decode,23,184,175,0,18,0,1
decode,23,185,176,0,18,0,1
decode,23,186,177,0,18,0,1
decode,23,187,178,0,18,0,1
decode,23,188,179,0,18,0,1
decode,23,189,180,0,18,0,1
decode,23,190,181,0,18,0,1
decode,23,191,182,0,18,0,1
decode,23,192,183,0,18,0,1
decode,23,193,184,0,18,0,1
decode,23,194,185,0,18,0,1
decode,23,195,186,0,18,0,1
decode,23,196,187,0,18,0,1
decode,23,197,188,0,18,0,1
decode,23,198,189,0,18,0,1
decode,23,199,190,0,18,0,1
decode,23,200,191,0,18,0,1
decode,23,201,192,0,18,0,1
decode,23,202,193,0,18,0,1
decode,23,203,194,0,18,0,1
decode,23,204,195,0,18,0,1
decode,23,205,198,0,18,0,1
decode,23,206,199,0,18,0,1
decode,23,207,200,0,18,0,1
decode,23,208,201,0,18,0,1
decode,23,209,202,0,18,0,1
decode,23,210,203,0,18,0,1
decode,23,211,204,0,18,0,1
decode,23,212,205,0,18,0,1
decode,23,213,206,0,18,0,1
decode,23,214,207,0,18,0,1
decode,23,215,208,0,18,0,1
decode,23,216,209,0,18,0,1
decode,23,217,211,0,18,0,1
decode,23,218,212,0,18,0,1
decode,23,219,213,0,18,0,1
decode,23,220,214,0,18,0,1
decode,23,221,215,0,18,0,1
decode,23,222,216,0,18,0,1
decode,23,223,218,0,18,0,1
decode,23,224,219,0,18,0,1
decode,23,225,220,0,18,0,1
decode,23,226,221,0,18,0,1
decode,23,227,222,0,18,0,1
decode,23,228,223,0,18,0,1
decode,23,229,224,0,18,0,1
decode,23,230,225,0,18,0,1
decode,23,231,226,0,18,0,1
decode,23,232,229,0,18,0,1
decode,23,233,230,0,18,0,1
decode,23,234,231,0,18,0,1
decode,23,235,232,0,18,0,1
decode,23,236,233,0,18,0,1
decode,23,237,234,0,18,0,1
decode,23,238,235,0,18,0,1
decode,23,239,236,0,18,0,1
decode,23,240,237,0,18,0,1
decode,23,241,238,0,18,0,1
decode,23,242,239,0,18,0,1
decode,23,243,240,0,18,0,1
decode,23,244,241,0,18,0,1
decode,23,245,242,0,18,0,1
decode,23,246,243,0,18,0,1
decode,23,247,244,0,18,0,1
decode,23,248,245,0,18,0,1
decode,23,249,246,0,18,0,1
decode,23,250,247,0,18,0,1
decode,23,251,248,0,18,0,1
decode,23,252,250,0,18,0,1
decode,23,253,251,0,18,0,1
decode,23,254,253,0,18,0,1
decode,23,255,254,0,18,0,1
decode,23,256,255,0,18,0,1
decode,24,1,61,3,18,0.166666666666667,0.166666666666667
decode,24,2,123,3,18,0.166666666666667,0.333333333333333
decode,24,3,91,2,18,0.111111111111111,0.444444444444444
decode,24,4,135,2,18,0.111111111111111,0.555555555555556
decode,24,5,183,2,18,0.111111111111111,0.666666666666667
decode,24,6,4,1,18,0.0555555555555556,0.722222222222222
decode,24,7,29,1,18,0.0555555555555556,0.777777777777778
decode,24,8,80,1,18,0.0555555555555556,0.833333333333333
decode,24,9,114,1,18,0.0555555555555556,0.888888888888889
decode,24,10,189,1,18,0.0555555555555556,0.944444444444445
decode,24,11,194,1,18,0.0555555555555556,1
decode,24,12,0,0,18,0,1
decode,24,13,1,0,18,0,1
decode,24,14,2,0,18,0,1
decode,24,15,3,0,18,0,1
decode,24,16,5,0,18,0,1
decode,24,17,6,0,18,0,1
decode,24,18,7,0,18,0,1
decode,24,19,8,0,18,0,1
decode,24,20,9,0,18,0,1
decode,24,21,10,0,18,0,1
decode,24,22,11,0,18,0,1
decode,24,23,12,0,18,0,1
decode,24,24,13,0,18,0,1
decode,24,25,14,0,18,0,1
decode,24,26,15,0,18,0,1
decode,24,27,16,0,18,0,1
decode,24,28,17,0,18,0,1
decode,24,29,18,0,18,0,1
decode,24,30,19,0,18,0,1
decode,24,31,20,0,18,0,1
decode,24,32,21,0,18,0,1
decode,24,33,22,0,18,0,1
decode,24,34,23,0,18,0,1
decode,24,35,24,0,18,0,1
decode,24,36,25,0,18,0,1
decode,24,37,26,0,18,0,1
decode,24,38,27,0,18,0,1
decode,24,39,28,0,18,0,1
decode,24,40,30,0,18,0,1
decode,24,41,31,0,18,0,1
decode,24,42,32,0,18,0,1
decode,24,43,33,0,18,0,1
decode,24,44,34,0,18,0,1
decode,24,45,35,0,18,0,1
decode,24,46,36,0,18,0,1
decode,24,47,37,0,18,0,1
decode,24,48,38,0,18,0,1
decode,24,49,39,0,18,0,1
decode,24,50,40,0,18,0,1
decode,24,51,41,0,18,0,1
decode,24,52,42,0,18,0,1
decode,24,53,43,0,18,0,1
decode,24,54,44,0,18,0,1
decode,24,55,45,0,18,0,1
decode,24,56,46,0,18,0,1
decode,24,57,47,0,18,0,1
decode,24,58,48,0,18,0,1
decode,24,59,49,0,18,0,1
decode,24,60,50,0,18,0,1
decode,24,61,51,0,18,0,1
decode,24,62,52,0,18,0,1
decode,24,63,53,0,18,0,1
decode,24,64,54,0,18,0,1
decode,24,65,55,0,18,0,1
decode,24,66,56,0,18,0,1
decode,24,67,57,0,18,0,1
decode,24,68,58,0,18,0,1
decode,24,69,59,0,18,0,1
decode,24,70,60,0,18,0,1
decode,24,71,62,0,18,0,1
decode,24,72,63,0,18,0,1
decode,24,73,64,0,18,0,1
decode,24,74,65,0,18,0,1
decode,24,75,66,0,18,0,1
decode,24,76,67,0,18,0,1
decode,24,77,68,0,18,0,1
decode,24,78,69,0,18,0,1
decode,24,79,70,0,18,0,1
decode,24,80,71,0,18,0,1
decode,24,81,72,0,18,0,1
decode,24,82,73,0,18,0,1
decode,24,83,74,0,18,0,1
decode,24,84,75,0,18,0,1
decode,24,85,76,0,18,0,1
decode,24,86,77,0,18,0,1
decode,24,87,78,0,18,0,1
decode,24,88,79,0,18,0,1
decode,24,89,81,0,18,0,1
decode,24,90,82,0,18,0,1
decode,24,91,83,0,18,0,1
decode,24,92,84,0,18,0,1
decode,24,93,85,0,18,0,1
decode,24,94,86,0,18,0,1
decode,24,95,87,0,18,0,1
decode,24,96,88,0,18,0,1
decode,24,97,89,0,18,0,1
decode,24,98,90,0,18,0,1
decode,24,99,92,0,18,0,1
decode,24,100,93,0,18,0,1
decode,24,101,94,0,18,0,1
decode,24,102,95,0,18,0,1
decode,24,103,96,0,18,0,1
decode,24,104,97,0,18,0,1
decode,24,105,98,0,18,0,1
decode,24,106,99,0,18,0,1
decode,24,107,100,0,18,0,1
decode,24,108,101,0,18,0,1
decode,24,109,102,0,18,0,1
decode,24,110,103,0,18,0,1
decode,24,111,104,0,18,0,1
decode,24,112,105,0,18,0,1
decode,24,113,106,0,18,0,1
decode,24,114,107,0,18,0,1
decode,24,115,108,0,18,0,1
decode,24,116,109,0,18,0,1
decode,24,117,110,0,18,0,1
decode,24,118,111,0,18,0,1
decode,24,119,112,0,18,0,1
decode,24,120,113,0,18,0,1
decode,24,121,115,0,18,0,1
decode,24,122,116,0,18,0,1
decode,24,123,117,0,18,0,1
decode,24,124,118,0,18,0,1
decode,24,125,119,0,18,0,1
decode,24,126,120,0,18,0,1
decode,24,127,121,0,18,0,1
decode,24,128,122,0,18,0,1
decode,24,129,124,0,18,0,1
decode,24,130,125,0,18,0,1
decode,24,131,126,0,18,0,1
decode,24,132,127,0,18,0,1
decode,24,133,128,0,18,0,1
decode,24,134,129,0,18,0,1
decode,24,135,130,0,18,0,1
decode,24,136,131,0,18,0,1
decode,24,137,132,0,18,0,1
decode,24,138,133,0,18,0,1
decode,24,139,134,0,18,0,1
decode,24,140,136,0,18,0,1
decode,24,141,137,0,18,0,1
decode,24,142,138,0,18,0,1
decode,24,143,139,0,18,0,1
decode,24,144,140,0,18,0,1
decode,24,145,141,0,18,0,1
decode,24,146,142,0,18,0,1
decode,24,147,143,0,18,0,1
decode,24,148,144,0,18,0,1
decode,24,149,145,0,18,0,1
decode,24,150,146,0,18,0,1
decode,24,151,147,0,18,0,1
decode,24,152,148,0,18,0,1
decode,24,153,149,0,18,0,1
decode,24,154,150,0,18,0,1
decode,24,155,151,0,18,0,1
decode,24,156,152,0,18,0,1
decode,24,157,153,0,18,0,1
decode,24,158,154,0,18,0,1
decode,24,159,155,0,18,0,1
decode,24,160,156,0,18,0,1
decode,24,161,157,0,18,0,1
decode,24,162,158,0,18,0,1
decode,24,163,159,0,18,0,1
decode,24,164,160,0,18,0,1
decode,24,165,161,0,18,0,1
decode,24,166,162,0,18,0,1
decode,24,167,163,0,18,0,1
decode,24,168,164,0,18,0,1
decode,24,169,165,0,18,0,1
decode,24,170,166,0,18,0,1
decode,24,171,167,0,18,0,1
decode,24,172,168,0,18,0,1
decode,24,173,169,0,18,0,1
decode,24,174,170,0,18,0,1
decode,24,175,171,0,18,0,1
decode,24,176,172,0,18,0,1
decode,24,177,173,0,18,0,1
decode,24,178,174,0,18,0,1
decode,24,179,175,0,18,0,1
decode,24,180,176,0,18,0,1
decode,24,181,177,0,18,0,1
decode,24,182,178,0,18,0,1
decode,24,183,179,0,18,0,1
decode,24,184,180,0,18,0,1
decode,24,185,181,0,18,0,1
decode,24,186,182,0,18,0,1
decode,24,187,184,0,18,0,1
decode,24,188,185,0,18,0,1
decode,24,189,186,0,18,0,1
decode,24,190,187,0,18,0,1
decode,24,191,188,0,18,0,1
decode,24,192,190,0,18,0,1
decode,24,193,191,0,18,0,1
decode,24,194,192,0,18,0,1
decode,24,195,193,0,18,0,1
decode,24,196,195,0,18,0,1
decode,24,197,196,0,18,0,1
decode,24,198,197,0,18,0,1
decode,24,199,198,0,18,0,1
decode,24,200,199,0,18,0,1
decode,24,201,200,0,18,0,1
decode,24,202,201,0,18,0,1
decode,24,203,202,0,18,0,1
decode,24,204,203,0,18,0,1
decode,24,205,204,0,18,0,1
decode,24,206,205,0,18,0,1
decode,24,207,206,0,18,0,1
decode,24,208,207,0,18,0,1
decode,24,209,208,0,18,0,1
decode,24,210,209,0,18,0,1
decode,24,211,210,0,18,0,1
decode,24,212,211,0,18,0,1
decode,24,213,212,0,18,0,1
decode,24,214,213,0,18,0,1
decode,24,215,214,0,18,0,1
decode,24,216,215,0,18,0,1
decode,24,217,216,0,18,0,1
decode,24,218,217,0,18,0,1
decode,24,219,218,0,18,0,1
decode,24,220,219,0,18,0,1
decode,24,221,220,0,18,0,1
decode,24,222,221,0,18,0,1
decode,24,223,222,0,18,0,1
decode,24,224,223,0,18,0,1
decode,24,225,224,0,18,0,1
decode,24,226,225,0,18,0,1
decode,24,227,226,0,18,0,1
decode,24,228,227,0,18,0,1
decode,24,229,228,0,18,0,1
decode,24,230,229,0,18,0,1
decode,24,231,230,0,18,0,1
decode,24,232,231,0,18,0,1
decode,24,233,232,0,18,0,1
decode,24,234,233,0,18,0,1
decode,24,235,234,0,18,0,1
decode,24,236,235,0,18,0,1
decode,24,237,236,0,18,0,1
decode,24,238,237,0,18,0,1
decode,24,239,238,0,18,0,1
decode,24,240,239,0,18,0,1
decode,24,241,240,0,18,0,1
decode,24,242,241,0,18,0,1
decode,24,243,242,0,18,0,1
decode,24,244,243,0,18,0,1
decode,24,245,244,0,18,0,1
decode,24,246,245,0,18,0,1
decode,24,247,246,0,18,0,1
decode,24,248,247,0,18,0,1
decode,24,249,248,0,18,0,1
decode,24,250,249,0,18,0,1
decode,24,251,250,0,18,0,1
decode,24,252,251,0,18,0,1
decode,24,253,252,0,18,0,1
decode,24,254,253,0,18,0,1
decode,24,255,254,0,18,0,1
decode,24,256,255,0,18,0,1
decode,25,1,68,3,18,0.166666666666667,0.166666666666667
decode,25,2,216,3,18,0.166666666666667,0.333333333333333
decode,25,3,18,2,18,0.111111111111111,0.444444444444444
decode,25,4,67,2,18,0.111111111111111,0.555555555555556
decode,25,5,129,2,18,0.111111111111111,0.666666666666667
decode,25,6,214,2,18,0.111111111111111,0.777777777777778
decode,25,7,244,2,18,0.111111111111111,0.888888888888889
decode,25,8,49,1,18,0.0555555555555556,0.944444444444445
decode,25,9,108,1,18,0.0555555555555556,1
decode,25,10,0,0,18,0,1
decode,25,11,1,0,18,0,1
decode,25,12,2,0,18,0,1
decode,25,13,3,0,18,0,1
decode,25,14,4,0,18,0,1
decode,25,15,5,0,18,0,1
decode,25,16,6,0,18,0,1
decode,25,17,7,0,18,0,1
decode,25,18,8,0,18,0,1
decode,25,19,9,0,18,0,1
decode,25,20,10,0,18,0,1
decode,25,21,11,0,18,0,1
decode,25,22,12,0,18,0,1
decode,25,23,13,0,18,0,1
decode,25,24,14,0,18,0,1
decode,25,25,15,0,18,0,1
decode,25,26,16,0,18,0,1
decode,25,27,17,0,18,0,1
decode,25,28,19,0,18,0,1
decode,25,29,20,0,18,0,1
decode,25,30,21,0,18,0,1
decode,25,31,22,0,18,0,1
decode,25,32,23,0,18,0,1
decode,25,33,24,0,18,0,1
decode,25,34,25,0,18,0,1
decode,25,35,26,0,18,0,1
decode,25,36,27,0,18,0,1
decode,25,37,28,0,18,0,1
decode,25,38,29,0,18,0,1
decode,25,39,30,0,18,0,1
decode,25,40,31,0,18,0,1
decode,25,41,32,0,18,0,1
decode,25,42,33,0,18,0,1
decode,25,43,34,0,18,0,1
decode,25,44,35,0,18,0,1
decode,25,45,36,0,18,0,1
decode,25,46,37,0,18,0,1
decode,25,47,38,0,18,0,1
decode,25,48,39,0,18,0,1
decode,25,49,40,0,18,0,1
decode,25,50,41,0,18,0,1
decode,25,51,42,0,18,0,1
decode,25,52,43,0,18,0,1
decode,25,53,44,0,18,0,1
decode,25,54,45,0,18,0,1
decode,25,55,46,0,18,0,1
decode,25,56,47,0,18,0,1
decode,25,57,48,0,18,0,1
decode,25,58,50,0,18,0,1
decode,25,59,51,0,18,0,1
decode,25,60,52,0,18,0,1
decode,25,61,53,0,18,0,1
decode,25,62,54,0,18,0,1
decode,25,63,55,0,18,0,1
decode,25,64,56,0,18,0,1
decode,25,65,57,0,18,0,1
decode,25,66,58,0,18,0,1
decode,25,67,59,0,18,0,1
decode,25,68,60,0,18,0,1
decode,25,69,61,0,18,0,1
decode,25,70,62,0,18,0,1
decode,25,71,63,0,18,0,1
decode,25,72,64,0,18,0,1
decode,25,73,65,0,18,0,1
decode,25,74,66,0,18,0,1
decode,25,75,69,0,18,0,1
decode,25,76,70,0,18,0,1
decode,25,77,71,0,18,0,1
decode,25,78,72,0,18,0,1
decode,25,79,73,0,18,0,1
decode,25,80,74,0,18,0,1
decode,25,81,75,0,18,0,1
decode,25,82,76,0,18,0,1
decode,25,83,77,0,18,0,1
decode,25,84,78,0,18,0,1
decode,25,85,79,0,18,0,1
decode,25,86,80,0,18,0,1
decode,25,87,81,0,18,0,1
decode,25,88,82,0,18,0,1
decode,25,89,83,0,18,0,1
decode,25,90,84,0,18,0,1
decode,25,91,85,0,18,0,1
decode,25,92,86,0,18,0,1
decode,25,93,87,0,18,0,1
decode,25,94,88,0,18,0,1
decode,25,95,89,0,18,0,1
decode,25,96,90,0,18,0,1
decode,25,97,91,0,18,0,1
decode,25,98,92,0,18,0,1
decode,25,99,93,0,18,0,1
decode,25,100,94,0,18,0,1
decode,25,101,95,0,18,0,1
decode,25,102,96,0,18,0,1
decode,25,103,97,0,18,0,1
decode,25,104,98,0,18,0,1
decode,25,105,99,0,18,0,1
decode,25,106,100,0,18,0,1
decode,25,107,101,0,18,0,1
decode,25,108,102,0,18,0,1
decode,25,109,103,0,18,0,1
decode,25,110,104,0,18,0,1
decode,25,111,105,0,18,0,1
decode,25,112,106,0,18,0,1
decode,25,113,107,0,18,0,1
decode,25,114,109,0,18,0,1
decode,25,115,110,0,18,0,1
decode,25,116,111,0,18,0,1
decode,25,117,112,0,18,0,1
decode,25,118,113,0,18,0,1
decode,25,119,114,0,18,0,1
decode,25,120,115,0,18,0,1
decode,25,121,116,0,18,0,1
decode,25,122,117,0,18,0,1
decode,25,123,118,0,18,0,1
decode,25,124,119,0,18,0,1
decode,25,125,120,0,18,0,1
decode,25,126,121,0,18,0,1
decode,25,127,122,0,18,0,1
decode,25,128,123,0,18,0,1
decode,25,129,124,0,18,0,1
decode,25,130,125,0,18,0,1
decode,25,131,126,0,18,0,1
decode,25,132,127,0,18,0,1
decode,25,133,128,0,18,0,1
decode,25,134,130,0,18,0,1
decode,25,135,131,0,18,0,1
decode,25,136,132,0,18,0,1
decode,25,137,133,0,18,0,1
decode,25,138,134,0,18,0,1
decode,25,139,135,0,18,0,1
decode,25,140,136,0,18,0,1
decode,25,141,137,0,18,0,1
decode,25,142,138,0,18,0,1
decode,25,143,139,0,18,0,1
decode,25,144,140,0,18,0,1
decode,25,145,141,0,18,0,1
decode,25,146,142,0,18,0,1
decode,25,147,143,0,18,0,1
decode,25,148,144,0,18,0,1
decode,25,149,145,0,18,0,1
decode,25,150,146,0,18,0,1
decode,25,151,147,0,18,0,1
decode,25,152,148,0,18,0,1
decode,25,153,149,0,18,0,1
decode,25,154,150,0,18,0,1
decode,25,155,151,0,18,0,1
decode,25,156,152,0,18,0,1
decode,25,157,153,0,18,0,1
decode,25,158,154,0,18,0,1
decode,25,159,155,0,18,0,1
decode,25,160,156,0,18,0,1
decode,25,161,157,0,18,0,1
decode,25,162,158,0,18,0,1
decode,25,163,159,0,18,0,1
decode,25,164,160,0,18,0,1
decode,25,165,161,0,18,0,1
decode,25,166,162,0,18,0,1
decode,25,167,163,0,18,0,1
decode,25,168,164,0,18,0,1
decode,25,169,165,0,18,0,1
decode,25,170,166,0,18,0,1
decode,25,171,167,0,18,0,1
decode,25,172,168,0,18,0,1
decode,25,173,169,0,18,0,1
decode,25,174,170,0,18,0,1
decode,25,175,171,0,18,0,1
decode,25,176,172,0,18,0,1
decode,25,177,173,0,18,0,1
decode,25,178,174,0,18,0,1
decode,25,179,175,0,18,0,1
decode,25,180,176,0,18,0,1
decode,25,181,177,0,18,0,1
decode,25,182,178,0,18,0,1
decode,25,183,179,0,18,0,1
decode,25,184,180,0,18,0,1
decode,25,185,181,0,18,0,1
decode,25,186,182,0,18,0,1
decode,25,187,183,0,18,0,1
decode,25,188,184,0,18,0,1
decode,25,189,185,0,18,0,1
decode,25,190,186,0,18,0,1
decode,25,191,187,0,18,0,1
decode,25,192,188,0,18,0,1
decode,25,193,189,0,18,0,1
decode,25,194,190,0,18,0,1
decode,25,195,191,0,18,0,1
decode,25,196,192,0,18,0,1
decode,25,197,193,0,18,0,1
decode,25,198,194,0,18,0,1
decode,25,199,195,0,18,0,1
decode,25,200,196,0,18,0,1
decode,25,201,197,0,18,0,1
decode,25,202,198,0,18,0,1
decode,25,203,199,0,18,0,1
decode,25,204,200,0,18,0,1
decode,25,205,201,0,18,0,1
decode,25,206,202,0,18,0,1
decode,25,207,203,0,18,0,1
decode,25,208,204,0,18,0,1
decode,25,209,205,0,18,0,1
decode,25,210,206,0,18,0,1
decode,25,211,207,0,18,0,1
decode,25,212,208,0,18,0,1
decode,25,213,209,0,18,0,1
decode,25,214,210,0,18,0,1
decode,25,215,211,0,18,0,1
decode,25,216,212,0,18,0,1
decode,25,217,213,0,18,0,1
decode,25,218,215,0,18,0,1
decode,25,219,217,0,18,0,1
decode,25,220,218,0,18,0,1
decode,25,221,219,0,18,0,1
decode,25,222,220,0,18,0,1
decode,25,223,221,0,18,0,1
decode,25,224,222,0,18,0,1
decode,25,225,223,0,18,0,1
decode,25,226,224,0,18,0,1
decode,25,227,225,0,18,0,1
decode,25,228,226,0,18,0,1
decode,25,229,227,0,18,0,1
decode,25,230,228,0,18,0,1
decode,25,231,229,0,18,0,1
decode,25,232,230,0,18,0,1
decode,25,233,231,0,18,0,1
decode,25,234,232,0,18,0,1
decode,25,235,233,0,18,0,1
decode,25,236,234,0,18,0,1
decode,25,237,235,0,18,0,1
decode,25,238,236,0,18,0,1
decode,25,239,237,0,18,0,1
decode,25,240,238,0,18,0,1
decode,25,241,239,0,18,0,1
decode,25,242,240,0,18,0,1
decode,25,243,241,0,18,0,1
decode,25,244,242,0,18,0,1
decode,25,245,243,0,18,0,1
decode,25,246,245,0,18,0,1
decode,25,247,246,0,18,0,1
decode,25,248,247,0,18,0,1
decode,25,249,248,0,18,0,1
decode,25,250,249,0,18,0,1
decode,25,251,250,0,18,0,1
decode,25,252,251,0,18,0,1
decode,25,253,252,0,18,0,1
decode,25,254,253,0,18,0,1
decode,25,255,254,0,18,0,1
decode,25,256,255,0,18,0,1
decode,26,1,26,3,18,0.166666666666667,0.166666666666667
decode,26,2,49,2,18,0.111111111111111,0.277777777777778
decode,26,3,52,2,18,0.111111111111111,0.388888888888889
decode,26,4,195,2,18,0.111111111111111,0.5
decode,26,5,233,2,18,0.111111111111111,0.611111111111111
decode,26,6,19,1,18,0.0555555555555556,0.666666666666667
decode,26,7,32,1,18,0.0555555555555556,0.722222222222222
decode,26,8,97,1,18,0.0555555555555556,0.777777777777778
decode,26,9,132,1,18,0.0555555555555556,0.833333333333333
decode,26,10,166,1,18,0.0555555555555556,0.888888888888889
decode,26,11,205,1,18,0.0555555555555556,0.944444444444445
decode,26,12,209,1,18,0.0555555555555556,1
decode,26,13,0,0,18,0,1
decode,26,14,1,0,18,0,1
decode,26,15,2,0,18,0,1
decode,26,16,3,0,18,0,1
decode,26,17,4,0,18,0,1
decode,26,18,5,0,18,0,1
decode,26,19,6,0,18,0,1
decode,26,20,7,0,18,0,1
decode,26,21,8,0,18,0,1
decode,26,22,9,0,18,0,1
decode,26,23,10,0,18,0,1
decode,26,24,11,0,18,0,1
decode,26,25,12,0,18,0,1
decode,26,26,13,0,18,0,1
decode,26,27,14,0,18,0,1
decode,26,28,15,0,18,0,1
decode,26,29,16,0,18,0,1
decode,26,30,17,0,18,0,1
decode,26,31,18,0,18,0,1
decode,26,32,20,0,18,0,1
decode,26,33,21,0,18,0,1
decode,26,34,22,0,18,0,1
decode,26,35,23,0,18,0,1
decode,26,36,24,0,18,0,1
decode,26,37,25,0,18,0,1
decode,26,38,27,0,18,0,1
decode,26,39,28,0,18,0,1
decode,26,40,29,0,18,0,1
decode,26,41,30,0,18,0,1
decode,26,42,31,0,18,0,1
decode,26,43,33,0,18,0,1
decode,26,44,34,0,18,0,1
decode,26,45,35,0,18,0,1
decode,26,46,36,0,18,0,1
decode,26,47,37,0,18,0,1
decode,26,48,38,0,18,0,1
decode,26,49,39,0,18,0,1
decode,26,50,40,0,18,0,1
decode,26,51,41,0,18,0,1
decode,26,52,42,0,18,0,1
decode,26,53,43,0,18,0,1
decode,26,54,44,0,18,0,1
decode,26,55,45,0,18,0,1
decode,26,56,46,0,18,0,1
decode,26,57,47,0,18,0,1
decode,26,58,48,0,18,0,1
decode,26,59,50,0,18,0,1
decode,26,60,51,0,18,0,1
decode,26,61,53,0,18,0,1
decode,26,62,54,0,18,0,1
decode,26,63,55,0,18,0,1
decode,26,64,56,0,18,0,1
decode,26,65,57,0,18,0,1
decode,26,66,58,0,18,0,1
decode,26,67,59,0,18,0,1
decode,26,68,60,0,18,0,1
decode,26,69,61,0,18,0,1
decode,26,70,62,0,18,0,1
decode,26,71,63,0,18,0,1
decode,26,72,64,0,18,0,1
decode,26,73,65,0,18,0,1
decode,26,74,66,0,18,0,1
decode,26,75,67,0,18,0,1
decode,26,76,68,0,18,0,1
decode,26,77,69,0,18,0,1
decode,26,78,70,0,18,0,1
decode,26,79,71,0,18,0,1
decode,26,80,72,0,18,0,1
decode,26,81,73,0,18,0,1
decode,26,82,74,0,18,0,1
decode,26,83,75,0,18,0,1
decode,26,84,76,0,18,0,1
decode,26,85,77,0,18,0,1
decode,26,86,78,0,18,0,1
decode,26,87,79,0,18,0,1
decode,26,88,80,0,18,0,1
decode,26,89,81,0,18,0,1
decode,26,90,82,0,18,0,1
decode,26,91,83,0,18,0,1
decode,26,92,84,0,18,0,1
decode,26,93,85,0,18,0,1
decode,26,94,86,0,18,0,1
decode,26,95,87,0,18,0,1
decode,26,96,88,0,18,0,1
decode,26,97,89,0,18,0,1
decode,26,98,90,0,18,0,1
decode,26,99,91,0,18,0,1
decode,26,100,92,0,18,0,1
decode,26,101,93,0,18,0,1
decode,26,102,94,0,18,0,1
decode,26,103,95,0,18,0,1
decode,26,104,96,0,18,0,1
decode,26,105,98,0,18,0,1
decode,26,106,99,0,18,0,1
decode,26,107,100,0,18,0,1
decode,26,108,101,0,18,0,1
decode,26,109,102,0,18,0,1
decode,26,110,103,0,18,0,1
decode,26,111,104,0,18,0,1
decode,26,112,105,0,18,0,1
decode,26,113,106,0,18,0,1
decode,26,114,107,0,18,0,1
decode,26,115,108,0,18,0,1
decode,26,116,109,0,18,0,1
decode,26,117,110,0,18,0,1
decode,26,118,111,0,18,0,1
decode,26,119,112,0,18,0,1
decode,26,120,113,0,18,0,1
decode,26,121,114,0,18,0,1
decode,26,122,115,0,18,0,1
decode,26,123,116,0,18,0,1
decode,26,124,117,0,18,0,1
decode,26,125,118,0,18,0,1
decode,26,126,119,0,18,0,1
decode,26,127,120,0,18,0,1
decode,26,128,121,0,18,0,1
decode,26,129,122,0,18,0,1
decode,26,130,123,0,18,0,1
decode,26,131,124,0,18,0,1
decode,26,132,125,0,18,0,1
decode,26,133,126,0,18,0,1
decode,26,134,127,0,18,0,1
decode,26,135,128,0,18,0,1
decode,26,136,129,0,18,0,1
decode,26,137,130,0,18,0,1
decode,26,138,131,0,18,0,1
decode,26,139,133,0,18,0,1
decode,26,140,134,0,18,0,1
decode,26,141,135,0,18,0,1
decode,26,142,136,0,18,0,1
decode,26,143,137,0,18,0,1
decode,26,144,138,0,18,0,1
decode,26,145,139,0,18,0,1
decode,26,146,140,0,18,0,1
decode,26,147,141,0,18,0,1
decode,26,148,142,0,18,0,1
decode,26,149,143,0,18,0,1
decode,26,150,144,0,18,0,1
decode,26,151,145,0,18,0,1
decode,26,152,146,0,18,0,1
decode,26,153,147,0,18,0,1
decode,26,154,148,0,18,0,1
decode,26,155,149,0,18,0,1
decode,26,156,150,0,18,0,1
decode,26,157,151,0,18,0,1
decode,26,158,152,0,18,0,1
decode,26,159,153,0,18,0,1
decode,26,160,154,0,18,0,1
decode,26,161,155,0,18,0,1
decode,26,162,156,0,18,0,1
decode,26,163,157,0,18,0,1
decode,26,164,158,0,18,0,1
decode,26,165,159,0,18,0,1
decode,26,166,160,0,18,0,1
decode,26,167,161,0,18,0,1
decode,26,168,162,0,18,0,1
decode,26,169,163,0,18,0,1
decode,26,170,164,0,18,0,1
decode,26,171,165,0,18,0,1
decode,26,172,167,0,18,0,1
decode,26,173,168,0,18,0,1
decode,26,174,169,0,18,0,1
decode,26,175,170,0,18,0,1
decode,26,176,171,0,18,0,1
decode,26,177,172,0,18,0,1
decode,26,178,173,0,18,0,1
decode,26,179,174,0,18,0,1
decode,26,180,175,0,18,0,1
decode,26,181,176,0,18,0,1
decode,26,182,177,0,18,0,1
decode,26,183,178,0,18,0,1
decode,26,184,179,0,18,0,1
decode,26,185,180,0,18,0,1
decode,26,186,181,0,18,0,1
decode,26,187,182,0,18,0,1
decode,26,188,183,0,18,0,1
decode,26,189,184,0,18,0,1
decode,26,190,185,0,18,0,1
decode,26,191,186,0,18,0,1
decode,26,192,187,0,18,0,1
decode,26,193,188,0,18,0,1
decode,26,194,189,0,18,0,1
decode,26,195,190,0,18,0,1
decode,26,196,191,0,18,0,1
decode,26,197,192,0,18,0,1
decode,26,198,193,0,18,0,1
decode,26,199,194,0,18,0,1
decode,26,200,196,0,18,0,1
decode,26,201,197,0,18,0,1
decode,26,202,198,0,18,0,1
decode,26,203,199,0,18,0,1
decode,26,204,200,0,18,0,1
decode,26,205,201,0,18,0,1
decode,26,206,202,0,18,0,1
decode,26,207,203,0,18,0,1
decode,26,208,204,0,18,0,1
decode,26,209,206,0,18,0,1
decode,26,210,207,0,18,0,1
decode,26,211,208,0,18,0,1
decode,26,212,210,0,18,0,1
decode,26,213,211,0,18,0,1
decode,26,214,212,0,18,0,1
decode,26,215,213,0,18,0,1
decode,26,216,214,0,18,0,1
decode,26,217,215,0,18,0,1
decode,26,218,216,0,18,0,1
decode,26,219,217,0,18,0,1
decode,26,220,218,0,18,0,1
decode,26,221,219,0,18,0,1
decode,26,222,220,0,18,0,1
decode,26,223,221,0,18,0,1
decode,26,224,222,0,18,0,1
decode,26,225,223,0,18,0,1
decode,26,226,224,0,18,0,1
decode,26,227,225,0,18,0,1
decode,26,228,226,0,18,0,1
decode,26,229,227,0,18,0,1
decode,26,230,228,0,18,0,1
decode,26,231,229,0,18,0,1
decode,26,232,230,0,18,0,1
decode,26,233,231,0,18,0,1
decode,26,234,232,0,18,0,1
decode,26,235,234,0,18,0,1
decode,26,236,235,0,18,0,1
decode,26,237,236,0,18,0,1
decode,26,238,237,0,18,0,1
decode,26,239,238,0,18,0,1
decode,26,240,239,0,18,0,1
decode,26,241,240,0,18,0,1
decode,26,242,241,0,18,0,1
decode,26,243,242,0,18,0,1
decode,26,244,243,0,18,0,1
decode,26,245,244,0,18,0,1
decode,26,246,245,0,18,0,1
decode,26,247,246,0,18,0,1
decode,26,248,247,0,18,0,1
decode,26,249,248,0,18,0,1
decode,26,250,249,0,18,0,1
decode,26,251,250,0,18,0,1
decode,26,252,251,0,18,0,1
decode,26,253,252,0,18,0,1
decode,26,254,253,0,18,0,1
decode,26,255,254,0,18,0,1
decode,26,256,255,0,18,0,1
decode,27,1,197,3,18,0.166666666666667,0.166666666666667
decode,27,2,221,3,18,0.166666666666667,0.333333333333333
decode,27,3,2,2,18,0.111111111111111,0.444444444444444
decode,27,4,105,2,18,0.111111111111111,0.555555555555556
decode,27,5,210,2,18,0.111111111111111,0.666666666666667
decode,27,6,234,2,18,0.111111111111111,0.777777777777778
decode,27,7,72,1,18,0.0555555555555556,0.833333333333333
decode,27,8,184,1,18,0.0555555555555556,0.888888888888889
decode,27,9,224,1,18,0.0555555555555556,0.944444444444445
decode,27,10,232,1,18,0.0555555555555556,1
decode,27,11,0,0,18,0,1
decode,27,12,1,0,18,0,1
decode,27,13,3,0,18,0,1
decode,27,14,4,0,18,0,1
decode,27,15,5,0,18,0,1
decode,27,16,6,0,18,0,1
decode,27,17,7,0,18,0,1
decode,27,18,8,0,18,0,1
decode,27,19,9,0,18,0,1
decode,27,20,10,0,18,0,1
decode,27,21,11,0,18,0,1
decode,27,22,12,0,18,0,1
decode,27,23,13,0,18,0,1
decode,27,24,14,0,18,0,1
decode,27,25,15,0,18,0,1
decode,27,26,16,0,18,0,1
decode,27,27,17,0,18,0,1
decode,27,28,18,0,18,0,1
decode,27,29,19,0,18,0,1
decode,27,30,20,0,18,0,1
decode,27,31,21,0,18,0,1
decode,27,32,22,0,18,0,1
decode,27,33,23,0,18,0,1
decode,27,34,24,0,18,0,1
decode,27,35,25,0,18,0,1
decode,27,36,26,0,18,0,1
decode,27,37,27,0,18,0,1
decode,27,38,28,0,18,0,1
decode,27,39,29,0,18,0,1
decode,27,40,30,0,18,0,1
decode,27,41,31,0,18,0,1
decode,27,42,32,0,18,0,1
decode,27,43,33,0,18,0,1
decode,27,44,34,0,18,0,1
decode,27,45,35,0,18,0,1
decode,27,46,36,0,18,0,1
decode,27,47,37,0,18,0,1
decode,27,48,38,0,18,0,1
decode,27,49,39,0,18,0,1
decode,27,50,40,0,18,0,1
decode,27,51,41,0,18,0,1
decode,27,52,42,0,18,0,1
decode,27,53,43,0,18,0,1
decode,27,54,44,0,18,0,1
decode,27,55,45,0,18,0,1
decode,27,56,46,0,18,0,1
decode,27,57,47,0,18,0,1
decode,27,58,48,0,18,0,1
decode,27,59,49,0,18,0,1
decode,27,60,50,0,18,0,1
decode,27,61,51,0,18,0,1
decode,27,62,52,0,18,0,1
decode,27,63,53,0,18,0,1
decode,27,64,54,0,18,0,1
decode,27,65,55,0,18,0,1
decode,27,66,56,0,18,0,1
decode,27,67,57,0,18,0,1
decode,27,68,58,0,18,0,1
decode,27,69,59,0,18,0,1
decode,27,70,60,0,18,0,1
decode,27,71,61,0,18,0,1
decode,27,72,62,0,18,0,1
decode,27,73,63,0,18,0,1
decode,27,74,64,0,18,0,1
decode,27,75,65,0,18,0,1
decode,27,76,66,0,18,0,1
decode,27,77,67,0,18,0,1
decode,27,78,68,0,18,0,1
decode,27,79,69,0,18,0,1
decode,27,80,70,0,18,0,1
decode,27,81,71,0,18,0,1
decode,27,82,73,0,18,0,1
decode,27,83,74,0,18,0,1
decode,27,84,75,0,18,0,1
decode,27,85,76,0,18,0,1
decode,27,86,77,0,18,0,1
decode,27,87,78,0,18,0,1
decode,27,88,79,0,18,0,1
decode,27,89,80,0,18,0,1
decode,27,90,81,0,18,0,1
decode,27,91,82,0,18,0,1
decode,27,92,83,0,18,0,1
decode,27,93,84,0,18,0,1
decode,27,94,85,0,18,0,1
decode,27,95,86,0,18,0,1
decode,27,96,87,0,18,0,1
decode,27,97,88,0,18,0,1
decode,27,98,89,0,18,0,1
decode,27,99,90,0,18,0,1
decode,27,100,91,0,18,0,1
decode,27,101,92,0,18,0,1
decode,27,102,93,0,18,0,1
decode,27,103,94,0,18,0,1
decode,27,104,95,0,18,0,1
decode,27,105,96,0,18,0,1
decode,27,106,97,0,18,0,1
decode,27,107,98,0,18,0,1
decode,27,108,99,0,18,0,1
decode,27,109,100,0,18,0,1
decode,27,110,101,0,18,0,1
decode,27,111,102,0,18,0,1
decode,27,112,103,0,18,0,1
decode,27,113,104,0,18,0,1
decode,27,114,106,0,18,0,1
decode,27,115,107,0,18,0,1
decode,27,116,108,0,18,0,1
decode,27,117,109,0,18,0,1
decode,27,118,110,0,18,0,1
decode,27,119,111,0,18,0,1
decode,27,120,112,0,18,0,1
decode,27,121,113,0,18,0,1
decode,27,122,114,0,18,0,1
decode,27,123,115,0,18,0,1
decode,27,124,116,0,18,0,1
decode,27,125,117,0,18,0,1
decode,27,126,118,0,18,0,1
decode,27,127,119,0,18,0,1
decode,27,128,120,0,18,0,1
decode,27,129,121,0,18,0,1
decode,27,130,122,0,18,0,1
decode,27,131,123,0,18,0,1
decode,27,132,124,0,18,0,1
decode,27,133,125,0,18,0,1
decode,27,134,126,0,18,0,1
decode,27,135,127,0,18,0,1
decode,27,136,128,0,18,0,1
decode,27,137,129,0,18,0,1
decode,27,138,130,0,18,0,1
decode,27,139,131,0,18,0,1
decode,27,140,132,0,18,0,1
decode,27,141,133,0,18,0,1
decode,27,142,134,0,18,0,1
decode,27,143,135,0,18,0,1
decode,27,144,136,0,18,0,1
decode,27,145,137,0,18,0,1
decode,27,146,138,0,18,0,1
decode,27,147,139,0,18,0,1
decode,27,148,140,0,18,0,1
decode,27,149,141,0,18,0,1
decode,27,150,142,0,18,0,1
decode,27,151,143,0,18,0,1
decode,27,152,144,0,18,0,1
decode,27,153,145,0,18,0,1
decode,27,154,146,0,18,0,1
decode,27,155,147,0,18,0,1
decode,27,156,148,0,18,0,1
decode,27,157,149,0,18,0,1
decode,27,158,150,0,18,0,1
decode,27,159,151,0,18,0,1
decode,27,160,152,0,18,0,1
decode,27,161,153,0,18,0,1
decode,27,162,154,0,18,0,1
decode,27,163,155,0,18,0,1
decode,27,164,156,0,18,0,1
decode,27,165,157,0,18,0,1
decode,27,166,158,0,18,0,1
decode,27,167,159,0,18,0,1
decode,27,168,160,0,18,0,1
decode,27,169,161,0,18,0,1
decode,27,170,162,0,18,0,1
decode,27,171,163,0,18,0,1
decode,27,172,164,0,18,0,1
decode,27,173,165,0,18,0,1
decode,27,174,166,0,18,0,1
decode,27,175,167,0,18,0,1
decode,27,176,168,0,18,0,1
decode,27,177,169,0,18,0,1
decode,27,178,170,0,18,0,1
decode,27,179,171,0,18,0,1
decode,27,180,172,0,18,0,1
decode,27,181,173,0,18,0,1
decode,27,182,174,0,18,0,1
decode,27,183,175,0,18,0,1
decode,27,184,176,0,18,0,1
decode,27,185,177,0,18,0,1
decode,27,186,178,0,18,0,1
decode,27,187,179,0,18,0,1
decode,27,188,180,0,18,0,1
decode,27,189,181,0,18,0,1
decode,27,190,182,0,18,0,1
decode,27,191,183,0,18,0,1
decode,27,192,185,0,18,0,1
decode,27,193,186,0,18,0,1
decode,27,194,187,0,18,0,1
decode,27,195,188,0,18,0,1
decode,27,196,189,0,18,0,1
decode,27,197,190,0,18,0,1
decode,27,198,191,0,18,0,1
decode,27,199,192,0,18,0,1
decode,27,200,193,0,18,0,1
decode,27,201,194,0,18,0,1
decode,27,202,195,0,18,0,1
decode,27,203,196,0,18,0,1
decode,27,204,198,0,18,0,1
decode,27,205,199,0,18,0,1
decode,27,206,200,0,18,0,1
decode,27,207,201,0,18,0,1
decode,27,208,202,0,18,0,1
decode,27,209,203,0,18,0,1
decode,27,210,204,0,18,0,1
decode,27,211,205,0,18,0,1
decode,27,212,206,0,18,0,1
decode,27,213,207,0,18,0,1
decode,27,214,208,0,18,0,1
decode,27,215,209,0,18,0,1
decode,27,216,211,0,18,0,1
decode,27,217,212,0,18,0,1
decode,27,218,213,0,18,0,1
decode,27,219,214,0,18,0,1
decode,27,220,215,0,18,0,1
decode,27,221,216,0,18,0,1
decode,27,222,217,0,18,0,1
decode,27,223,218,0,18,0,1
decode,27,224,219,0,18,0,1
decode,27,225,220,0,18,0,1
decode,27,226,222,0,18,0,1
decode,27,227,223,0,18,0,1
decode,27,228,225,0,18,0,1
decode,27,229,226,0,18,0,1
decode,27,230,227,0,18,0,1
decode,27,231,228,0,18,0,1
decode,27,232,229,0,18,0,1
decode,27,233,230,0,18,0,1
decode,27,234,231,0,18,0,1
decode,27,235,233,0,18,0,1
decode,27,236,235,0,18,0,1
decode,27,237,236,0,18,0,1
decode,27,238,237,0,18,0,1
decode,27,239,238,0,18,0,1
decode,27,240,239,0,18,0,1
decode,27,241,240,0,18,0,1
decode,27,242,241,0,18,0,1
decode,27,243,242,0,18,0,1
decode,27,244,243,0,18,0,1
decode,27,245,244,0,18,0,1
decode,27,246,245,0,18,0,1
decode,27,247,246,0,18,0,1
decode,27,248,247,0,18,0,1
decode,27,249,248,0,18,0,1
decode,27,250,249,0,18,0,1
decode,27,251,250,0,18,0,1
decode,27,252,251,0,18,0,1
decode,27,253,252,0,18,0,1
decode,27,254,253,0,18,0,1
decode,27,255,254,0,18,0,1
decode,27,256,255,0,18,0,1
decode,28,1,207,3,18,0.166666666666667,0.166666666666667
decode,28,2,56,2,18,0.111111111111111,0.277777777777778
decode,28,3,88,2,18,0.111111111111111,0.388888888888889
decode,28,4,139,2,18,0.111111111111111,0.5
decode,28,5,217,2,18,0.111111111111111,0.611111111111111
decode,28,6,36,1,18,0.0555555555555556,0.666666666666667
decode,28,7,46,1,18,0.0555555555555556,0.722222222222222
decode,28,8,85,1,18,0.0555555555555556,0.777777777777778
decode,28,9,157,1,18,0.0555555555555556,0.833333333333333
decode,28,10,192,1,18,0.0555555555555556,0.888888888888889
decode,28,11,218,1,18,0.0555555555555556,0.944444444444445
decode,28,12,226,1,18,0.0555555555555556,1
decode,28,13,0,0,18,0,1
decode,28,14,1,0,18,0,1
decode,28,15,2,0,18,0,1
decode,28,16,3,0,18,0,1
decode,28,17,4,0,18,0,1
decode,28,18,5,0,18,0,1
decode,28,19,6,0,18,0,1
decode,28,20,7,0,18,0,1
decode,28,21,8,0,18,0,1
decode,28,22,9,0,18,0,1
decode,28,23,10,0,18,0,1
decode,28,24,11,0,18,0,1
decode,28,25,12,0,18,0,1
decode,28,26,13,0,18,0,1
decode,28,27,14,0,18,0,1
decode,28,28,15,0,18,0,1
decode,28,29,16,0,18,0,1
decode,28,30,17,0,18,0,1
decode,28,31,18,0,18,0,1
decode,28,32,19,0,18,0,1
decode,28,33,20,0,18,0,1
decode,28,34,21,0,18,0,1
decode,28,35,22,0,18,0,1
decode,28,36,23,0,18,0,1
decode,28,37,24,0,18,0,1
decode,28,38,25,0,18,0,1
decode,28,39,26,0,18,0,1
decode,28,40,27,0,18,0,1
decode,28,41,28,0,18,0,1
decode,28,42,29,0,18,0,1
decode,28,43,30,0,18,0,1
decode,28,44,31,0,18,0,1
decode,28,45,32,0,18,0,1
decode,28,46,33,0,18,0,1
decode,28,47,34,0,18,0,1
decode,28,48,35,0,18,0,1
decode,28,49,37,0,18,0,1
decode,28,50,38,0,18,0,1
decode,28,51,39,0,18,0,1
decode,28,52,40,0,18,0,1
decode,28,53,41,0,18,0,1
decode,28,54,42,0,18,0,1
decode,28,55,43,0,18,0,1
decode,28,56,44,0,18,0,1
decode,28,57,45,0,18,0,1
decode,28,58,47,0,18,0,1
decode,28,59,48,0,18,0,1
decode,28,60,49,0,18,0,1
decode,28,61,50,0,18,0,1
decode,28,62,51,0,18,0,1
decode,28,63,52,0,18,0,1
decode,28,64,53,0,18,0,1
decode,28,65,54,0,18,0,1
decode,28,66,55,0,18,0,1
decode,28,67,57,0,18,0,1
decode,28,68,58,0,18,0,1
decode,28,69,59,0,18,0,1
decode,28,70,60,0,18,0,1
decode,28,71,61,0,18,0,1
decode,28,72,62,0,18,0,1
decode,28,73,63,0,18,0,1
decode,28,74,64,0,18,0,1
decode,28,75,65,0,18,0,1
decode,28,76,66,0,18,0,1
decode,28,77,67,0,18,0,1
decode,28,78,68,0,18,0,1
decode,28,79,69,0,18,0,1
decode,28,80,70,0,18,0,1
decode,28,81,71,0,18,0,1
decode,28,82,72,0,18,0,1
decode,28,83,73,0,18,0,1
decode,28,84,74,0,18,0,1
decode,28,85,75,0,18,0,1
decode,28,86,76,0,18,0,1
decode,28,87,77,0,18,0,1
decode,28,88,78,0,18,0,1
decode,28,89,79,0,18,0,1
decode,28,90,80,0,18,0,1
decode,28,91,81,0,18,0,1
decode,28,92,82,0,18,0,1
decode,28,93,83,0,18,0,1
decode,28,94,84,0,18,0,1
decode,28,95,86,0,18,0,1
decode,28,96,87,0,18,0,1
decode,28,97,89,0,18,0,1
decode,28,98,90,0,18,0,1
decode,28,99,91,0,18,0,1
decode,28,100,92,0,18,0,1
decode,28,101,93,0,18,0,1
decode,28,102,94,0,18,0,1
decode,28,103,95,0,18,0,1
decode,28,104,96,0,18,0,1
decode,28,105,97,0,18,0,1
decode,28,106,98,0,18,0,1
decode,28,107,99,0,18,0,1
decode,28,108,100,0,18,0,1
decode,28,109,101,0,18,0,1
decode,28,110,102,0,18,0,1
decode,28,111,103,0,18,0,1
decode,28,112,104,0,18,0,1
decode,28,113,105,0,18,0,1
decode,28,114,106,0,18,0,1
decode,28,115,107,0,18,0,1
decode,28,116,108,0,18,0,1
decode,28,117,109,0,18,0,1
decode,28,118,110,0,18,0,1
decode,28,119,111,0,18,0,1
decode,28,120,112,0,18,0,1
decode,28,121,113,0,18,0,1
decode,28,122,114,0,18,0,1
decode,28,123,115,0,18,0,1
decode,28,124,116,0,18,0,1
decode,28,125,117,0,18,0,1
decode,28,126,118,0,18,0,1
decode,28,127,119,0,18,0,1
decode,28,128,120,0,18,0,1
decode,28,129,121,0,18,0,1
decode,28,130,122,0,18,0,1
decode,28,131,123,0,18,0,1
decode,28,132,124,0,18,0,1
decode,28,133,125,0,18,0,1
decode,28,134,126,0,18,0,1
decode,28,135,127,0,18,0,1
decode,28,136,128,0,18,0,1
decode,28,137,129,0,18,0,1
decode,28,138,130,0,18,0,1
decode,28,139,131,0,18,0,1
decode,28,140,132,0,18,0,1
decode,28,141,133,0,18,0,1
decode,28,142,134,0,18,0,1
decode,28,143,135,0,18,0,1
decode,28,144,136,0,18,0,1
decode,28,145,137,0,18,0,1
decode,28,146,138,0,18,0,1
decode,28,147,140,0,18,0,1
decode,28,148,141,0,18,0,1
decode,28,149,142,0,18,0,1
decode,28,150,143,0,18,0,1
decode,28,151,144,0,18,0,1
decode,28,152,145,0,18,0,1
decode,28,153,146,0,18,0,1
decode,28,154,147,0,18,0,1
decode,28,155,148,0,18,0,1
decode,28,156,149,0,18,0,1
decode,28,157,150,0,18,0,1
decode,28,158,151,0,18,0,1
decode,28,159,152,0,18,0,1
decode,28,160,153,0,18,0,1
decode,28,161,154,0,18,0,1
decode,28,162,155,0,18,0,1
decode,28,163,156,0,18,0,1
decode,28,164,158,0,18,0,1
decode,28,165,159,0,18,0,1
decode,28,166,160,0,18,0,1
decode,28,167,161,0,18,0,1
decode,28,168,162,0,18,0,1
decode,28,169,163,0,18,0,1
decode,28,170,164,0,18,0,1
decode,28,171,165,0,18,0,1
decode,28,172,166,0,18,0,1
decode,28,173,167,0,18,0,1
decode,28,174,168,0,18,0,1
decode,28,175,169,0,18,0,1
decode,28,176,170,0,18,0,1
decode,28,177,171,0,18,0,1
decode,28,178,172,0,18,0,1
decode,28,179,173,0,18,0,1
decode,28,180,174,0,18,0,1
decode,28,181,175,0,18,0,1
decode,28,182,176,0,18,0,1
decode,28,183,177,0,18,0,1
decode,28,184,178,0,18,0,1
decode,28,185,179,0,18,0,1
decode,28,186,180,0,18,0,1
decode,28,187,181,0,18,0,1
decode,28,188,182,0,18,0,1
decode,28,189,183,0,18,0,1
decode,28,190,184,0,18,0,1
decode,28,191,185,0,18,0,1
decode,28,192,186,0,18,0,1
decode,28,193,187,0,18,0,1
decode,28,194,188,0,18,0,1
decode,28,195,189,0,18,0,1
decode,28,196,190,0,18,0,1
decode,28,197,191,0,18,0,1
decode,28,198,193,0,18,0,1
decode,28,199,194,0,18,0,1
decode,28,200,195,0,18,0,1
decode,28,201,196,0,18,0,1
decode,28,202,197,0,18,0,1
decode,28,203,198,0,18,0,1
decode,28,204,199,0,18,0,1
decode,28,205,200,0,18,0,1
decode,28,206,201,0,18,0,1
decode,28,207,202,0,18,0,1
decode,28,208,203,0,18,0,1
decode,28,209,204,0,18,0,1
decode,28,210,205,0,18,0,1
decode,28,211,206,0,18,0,1
decode,28,212,208,0,18,0,1
decode,28,213,209,0,18,0,1
decode,28,214,210,0,18,0,1
decode,28,215,211,0,18,0,1
decode,28,216,212,0,18,0,1
decode,28,217,213,0,18,0,1
decode,28,218,214,0,18,0,1
decode,28,219,215,0,18,0,1
decode,28,220,216,0,18,0,1
decode,28,221,219,0,18,0,1
decode,28,222,220,0,18,0,1
decode,28,223,221,0,18,0,1
decode,28,224,222,0,18,0,1
decode,28,225,223,0,18,0,1
decode,28,226,224,0,18,0,1
decode,28,227,225,0,18,0,1
decode,28,228,227,0,18,0,1
decode,28,229,228,0,18,0,1
decode,28,230,229,0,18,0,1
decode,28,231,230,0,18,0,1
decode,28,232,231,0,18,0,1
decode,28,233,232,0,18,0,1
decode,28,234,233,0,18,0,1
decode,28,235,234,0,18,0,1
decode,28,236,235,0,18,0,1
decode,28,237,236,0,18,0,1
decode,28,238,237,0,18,0,1
decode,28,239,238,0,18,0,1
decode,28,240,239,0,18,0,1
decode,28,241,240,0,18,0,1
decode,28,242,241,0,18,0,1
decode,28,243,242,0,18,0,1
decode,28,244,243,0,18,0,1
decode,28,245,244,0,18,0,1
decode,28,246,245,0,18,0,1
decode,28,247,246,0,18,0,1
decode,28,248,247,0,18,0,1
decode,28,249,248,0,18,0,1
decode,28,250,249,0,18,0,1
decode,28,251,250,0,18,0,1
decode,28,252,251,0,18,0,1
decode,28,253,252,0,18,0,1
decode,28,254,253,0,18,0,1
decode,28,255,254,0,18,0,1
decode,28,256,255,0,18,0,1
decode,29,1,140,3,18,0.166666666666667,0.166666666666667
decode,29,2,185,3,18,0.166666666666667,0.333333333333333
decode,29,3,107,2,18,0.111111111111111,0.444444444444444
decode,29,4,145,2,18,0.111111111111111,0.555555555555556
decode,29,5,161,2,18,0.111111111111111,0.666666666666667
decode,29,6,192,2,18,0.111111111111111,0.777777777777778
decode,29,7,2,1,18,0.0555555555555556,0.833333333333333
decode,29,8,178,1,18,0.0555555555555556,0.888888888888889
decode,29,9,189,1,18,0.0555555555555556,0.944444444444445
decode,29,10,249,1,18,0.0555555555555556,1
decode,29,11,0,0,18,0,1
decode,29,12,1,0,18,0,1
decode,29,13,3,0,18,0,1
decode,29,14,4,0,18,0,1
decode,29,15,5,0,18,0,1
decode,29,16,6,0,18,0,1
decode,29,17,7,0,18,0,1
decode,29,18,8,0,18,0,1
decode,29,19,9,0,18,0,1
decode,29,20,10,0,18,0,1
decode,29,21,11,0,18,0,1
decode,29,22,12,0,18,0,1
decode,29,23,13,0,18,0,1
decode,29,24,14,0,18,0,1
decode,29,25,15,0,18,0,1
decode,29,26,16,0,18,0,1
decode,29,27,17,0,18,0,1
decode,29,28,18,0,18,0,1
decode,29,29,19,0,18,0,1
decode,29,30,20,0,18,0,1
decode,29,31,21,0,18,0,1
decode,29,32,22,0,18,0,1
decode,29,33,23,0,18,0,1
decode,29,34,24,0,18,0,1
decode,29,35,25,0,18,0,1
decode,29,36,26,0,18,0,1
decode,29,37,27,0,18,0,1
decode,29,38,28,0,18,0,1
decode,29,39,29,0,18,0,1
decode,29,40,30,0,18,0,1
decode,29,41,31,0,18,0,1
decode,29,42,32,0,18,0,1
decode,29,43,33,0,18,0,1
decode,29,44,34,0,18,0,1
decode,29,45,35,0,18,0,1
decode,29,46,36,0,18,0,1
decode,29,47,37,0,18,0,1
decode,29,48,38,0,18,0,1
decode,29,49,39,0,18,0,1
decode,29,50,40,0,18,0,1
decode,29,51,41,0,18,0,1
decode,29,52,42,0,18,0,1
decode,29,53,43,0,18,0,1
decode,29,54,44,0,18,0,1
decode,29,55,45,0,18,0,1
decode,29,56,46,0,18,0,1
decode,29,57,47,0,18,0,1
decode,29,58,48,0,18,0,1
decode,29,59,49,0,18,0,1
decode,29,60,50,0,18,0,1
decode,29,61,51,0,18,0,1
decode,29,62,52,0,18,0,1
decode,29,63,53,0,18,0,1
decode,29,64,54,0,18,0,1
decode,29,65,55,0,18,0,1
decode,29,66,56,0,18,0,1
decode,29,67,57,0,18,0,1
decode,29,68,58,0,18,0,1
decode,29,69,59,0,18,0,1
decode,29,70,60,0,18,0,1
decode,29,71,61,0,18,0,1
decode,29,72,62,0,18,0,1
decode,29,73,63,0,18,0,1
decode,29,74,64,0,18,0,1
decode,29,75,65,0,18,0,1
decode,29,76,66,0,18,0,1
decode,29,77,67,0,18,0,1
decode,29,78,68,0,18,0,1
decode,29,79,69,0,18,0,1
decode,29,80,70,0,18,0,1
decode,29,81,71,0,18,0,1
decode,29,82,72,0,18,0,1
decode,29,83,73,0,18,0,1
decode,29,84,74,0,18,0,1
decode,29,85,75,0,18,0,1
decode,29,86,76,0,18,0,1
decode,29,87,77,0,18,0,1
decode,29,88,78,0,18,0,1
decode,29,89,79,0,18,0,1
decode,29,90,80,0,18,0,1
decode,29,91,81,0,18,0,1
decode,29,92,82,0,18,0,1
decode,29,93,83,0,18,0,1
decode,29,94,84,0,18,0,1
decode,29,95,85,0,18,0,1
decode,29,96,86,0,18,0,1
decode,29,97,87,0,18,0,1
decode,29,98,88,0,18,0,1
decode,29,99,89,0,18,0,1
decode,29,100,90,0,18,0,1
decode,29,101,91,0,18,0,1
decode,29,102,92,0,18,0,1
decode,29,103,93,0,18,0,1
decode,29,104,94,0,18,0,1
decode,29,105,95,0,18,0,1
decode,29,106,96,0,18,0,1
decode,29,107,97,0,18,0,1
decode,29,108,98,0,18,0,1
decode,29,109,99,0,18,0,1
decode,29,110,100,0,18,0,1
decode,29,111,101,0,18,0,1
decode,29,112,102,0,18,0,1
decode,29,113,103,0,18,0,1
decode,29,114,104,0,18,0,1
decode,29,115,105,0,18,0,1
decode,29,116,106,0,18,0,1
decode,29,117,108,0,18,0,1
decode,29,118,109,0,18,0,1
decode,29,119,110,0,18,0,1
decode,29,120,111,0,18,0,1
decode,29,121,112,0,18,0,1
decode,29,122,113,0,18,0,1
decode,29,123,114,0,18,0,1
decode,29,124,115,0,18,0,1
decode,29,125,116,0,18,0,1
decode,29,126,117,0,18,0,1
decode,29,127,118,0,18,0,1
decode,29,128,119,0,18,0,1
decode,29,129,120,0,18,0,1
decode,29,130,121,0,18,0,1
decode,29,131,122,0,18,0,1
decode,29,132,123,0,18,0,1
decode,29,133,124,0,18,0,1
decode,29,134,125,0,18,0,1
decode,29,135,126,0,18,0,1
decode,29,136,127,0,18,0,1
decode,29,137,128,0,18,0,1
decode,29,138,129,0,18,0,1
decode,29,139,130,0,18,0,1
decode,29,140,131,0,18,0,1
decode,29,141,132,0,18,0,1
decode,29,142,133,0,18,0,1
decode,29,143,134,0,18,0,1
decode,29,144,135,0,18,0,1
decode,29,145,136,0,18,0,1
decode,29,146,137,0,18,0,1
decode,29,147,138,0,18,0,1
decode,29,148,139,0,18,0,1
decode,29,149,141,0,18,0,1
decode,29,150,142,0,18,0,1
decode,29,151,143,0,18,0,1
decode,29,152,144,0,18,0,1
decode,29,153,146,0,18,0,1
decode,29,154,147,0,18,0,1
decode,29,155,148,0,18,0,1
decode,29,156,149,0,18,0,1
decode,29,157,150,0,18,0,1
decode,29,158,151,0,18,0,1
decode,29,159,152,0,18,0,1
decode,29,160,153,0,18,0,1
decode,29,161,154,0,18,0,1
decode,29,162,155,0,18,0,1
decode,29,163,156,0,18,0,1
decode,29,164,157,0,18,0,1
decode,29,165,158,0,18,0,1
decode,29,166,159,0,18,0,1
decode,29,167,160,0,18,0,1
decode,29,168,162,0,18,0,1
decode,29,169,163,0,18,0,1
decode,29,170,164,0,18,0,1
decode,29,171,165,0,18,0,1
decode,29,172,166,0,18,0,1
decode,29,173,167,0,18,0,1
decode,29,174,168,0,18,0,1
decode,29,175,169,0,18,0,1
decode,29,176,170,0,18,0,1
decode,29,177,171,0,18,0,1
decode,29,178,172,0,18,0,1
decode,29,179,173,0,18,0,1
decode,29,180,174,0,18,0,1
decode,29,181,175,0,18,0,1
decode,29,182,176,0,18,0,1
decode,29,183,177,0,18,0,1
decode,29,184,179,0,18,0,1
decode,29,185,180,0,18,0,1
decode,29,186,181,0,18,0,1
decode,29,187,182,0,18,0,1
decode,29,188,183,0,18,0,1
decode,29,189,184,0,18,0,1
decode,29,190,186,0,18,0,1
decode,29,191,187,0,18,0,1
decode,29,192,188,0,18,0,1
decode,29,193,190,0,18,0,1
decode,29,194,191,0,18,0,1
decode,29,195,193,0,18,0,1
decode,29,196,194,0,18,0,1
decode,29,197,195,0,18,0,1
decode,29,198,196,0,18,0,1
decode,29,199,197,0,18,0,1
decode,29,200,198,0,18,0,1
decode,29,201,199,0,18,0,1
decode,29,202,200,0,18,0,1
decode,29,203,201,0,18,0,1
decode,29,204,202,0,18,0,1
decode,29,205,203,0,18,0,1
decode,29,206,204,0,18,0,1
decode,29,207,205,0,18,0,1
decode,29,208,206,0,18,0,1
decode,29,209,207,0,18,0,1
decode,29,210,208,0,18,0,1
decode,29,211,209,0,18,0,1
decode,29,212,210,0,18,0,1
decode,29,213,211,0,18,0,1
decode,29,214,212,0,18,0,1
decode,29,215,213,0,18,0,1
decode,29,216,214,0,18,0,1
decode,29,217,215,0,18,0,1
decode,29,218,216,0,18,0,1
decode,29,219,217,0,18,0,1
decode,29,220,218,0,18,0,1
decode,29,221,219,0,18,0,1
decode,29,222,220,0,18,0,1
decode,29,223,221,0,18,0,1
decode,29,224,222,0,18,0,1
decode,29,225,223,0,18,0,1
decode,29,226,224,0,18,0,1
decode,29,227,225,0,18,0,1
decode,29,228,226,0,18,0,1
decode,29,229,227,0,18,0,1
decode,29,230,228,0,18,0,1
decode,29,231,229,0,18,0,1
decode,29,232,230,0,18,0,1
decode,29,233,231,0,18,0,1
decode,29,234,232,0,18,0,1
decode,29,235,233,0,18,0,1
decode,29,236,234,0,18,0,1
decode,29,237,235,0,18,0,1
decode,29,238,236,0,18,0,1
decode,29,239,237,0,18,0,1
decode,29,240,238,0,18,0,1
decode,29,241,239,0,18,0,1
decode,29,242,240,0,18,0,1
decode,29,243,241,0,18,0,1
decode,29,244,242,0,18,0,1
decode,29,245,243,0,18,0,1
decode,29,246,244,0,18,0,1
decode,29,247,245,0,18,0,1
decode,29,248,246,0,18,0,1
decode,29,249,247,0,18,0,1
decode,29,250,248,0,18,0,1
decode,29,251,250,0,18,0,1
decode,29,252,251,0,18,0,1
decode,29,253,252,0,18,0,1
decode,29,254,253,0,18,0,1
decode,29,255,254,0,18,0,1
decode,29,256,255,0,18,0,1
decode,30,1,82,3,18,0.166666666666667,0.166666666666667
decode,30,2,246,3,18,0.166666666666667,0.333333333333333
decode,30,3,252,3,18,0.166666666666667,0.5
decode,30,4,146,2,18,0.111111111111111,0.611111111111111
decode,30,5,191,2,18,0.111111111111111,0.722222222222222
decode,30,6,37,1,18,0.0555555555555556,0.777777777777778
decode,30,7,107,1,18,0.0555555555555556,0.833333333333333
decode,30,8,110,1,18,0.0555555555555556,0.888888888888889
decode,30,9,117,1,18,0.0555555555555556,0.944444444444445
decode,30,10,119,1,18,0.0555555555555556,1
decode,30,11,0,0,18,0,1
decode,30,12,1,0,18,0,1
decode,30,13,2,0,18,0,1
decode,30,14,3,0,18,0,1
decode,30,15,4,0,18,0,1
decode,30,16,5,0,18,0,1
decode,30,17,6,0,18,0,1
decode,30,18,7,0,18,0,1
decode,30,19,8,0,18,0,1
decode,30,20,9,0,18,0,1
decode,30,21,10,0,18,0,1
decode,30,22,11,0,18,0,1
decode,30,23,12,0,18,0,1
decode,30,24,13,0,18,0,1
decode,30,25,14,0,18,0,1
decode,30,26,15,0,18,0,1
decode,30,27,16,0,18,0,1
decode,30,28,17,0,18,0,1
decode,30,29,18,0,18,0,1
decode,30,30,19,0,18,0,1
decode,30,31,20,0,18,0,1
decode,30,32,21,0,18,0,1
decode,30,33,22,0,18,0,1
decode,30,34,23,0,18,0,1
decode,30,35,24,0,18,0,1
decode,30,36,25,0,18,0,1
decode,30,37,26,0,18,0,1
decode,30,38,27,0,18,0,1
decode,30,39,28,0,18,0,1
decode,30,40,29,0,18,0,1
decode,30,41,30,0,18,0,1
decode,30,42,31,0,18,0,1
decode,30,43,32,0,18,0,1
decode,30,44,33,0,18,0,1
decode,30,45,34,0,18,0,1
decode,30,46,35,0,18,0,1
decode,30,47,36,0,18,0,1
decode,30,48,38,0,18,0,1
decode,30,49,39,0,18,0,1
decode,30,50,40,0,18,0,1
decode,30,51,41,0,18,0,1
decode,30,52,42,0,18,0,1
decode,30,53,43,0,18,0,1
decode,30,54,44,0,18,0,1
decode,30,55,45,0,18,0,1
decode,30,56,46,0,18,0,1
decode,30,57,47,0,18,0,1
decode,30,58,48,0,18,0,1
decode,30,59,49,0,18,0,1
decode,30,60,50,0,18,0,1
decode,30,61,51,0,18,0,1
decode,30,62,52,0,18,0,1
decode,30,63,53,0,18,0,1
decode,30,64,54,0,18,0,1
decode,30,65,55,0,18,0,1
decode,30,66,56,0,18,0,1
decode,30,67,57,0,18,0,1
decode,30,68,58,0,18,0,1
decode,30,69,59,0,18,0,1
decode,30,70,60,0,18,0,1
decode,30,71,61,0,18,0,1
decode,30,72,62,0,18,0,1
decode,30,73,63,0,18,0,1
decode,30,74,64,0,18,0,1
decode,30,75,65,0,18,0,1
decode,30,76,66,0,18,0,1
decode,30,77,67,0,18,0,1
decode,30,78,68,0,18,0,1
decode,30,79,69,0,18,0,1
decode,30,80,70,0,18,0,1
decode,30,81,71,0,18,0,1
decode,30,82,72,0,18,0,1
decode,30,83,73,0,18,0,1
decode,30,84,74,0,18,0,1
decode,30,85,75,0,18,0,1
decode,30,86,76,0,18,0,1
decode,30,87,77,0,18,0,1
decode,30,88,78,0,18,0,1
decode,30,89,79,0,18,0,1
decode,30,90,80,0,18,0,1
decode,30,91,81,0,18,0,1
decode,30,92,83,0,18,0,1
decode,30,93,84,0,18,0,1
decode,30,94,85,0,18,0,1
decode,30,95,86,0,18,0,1
decode,30,96,87,0,18,0,1
decode,30,97,88,0,18,0,1
decode,30,98,89,0,18,0,1
decode,30,99,90,0,18,0,1
decode,30,100,91,0,18,0,1
decode,30,101,92,0,18,0,1
decode,30,102,93,0,18,0,1
decode,30,103,94,0,18,0,1
decode,30,104,95,0,18,0,1
decode,30,105,96,0,18,0,1
decode,30,106,97,0,18,0,1
decode,30,107,98,0,18,0,1
decode,30,108,99,0,18,0,1
decode,30,109,100,0,18,0,1
decode,30,110,101,0,18,0,1
decode,30,111,102,0,18,0,1
decode,30,112,103,0,18,0,1
decode,30,113,104,0,18,0,1
decode,30,114,105,0,18,0,1
decode,30,115,106,0,18,0,1
decode,30,116,108,0,18,0,1
decode,30,117,109,0,18,0,1
decode,30,118,111,0,18,0,1
decode,30,119,112,0,18,0,1
decode,30,120,113,0,18,0,1
decode,30,121,114,0,18,0,1
decode,30,122,115,0,18,0,1
decode,30,123,116,0,18,0,1
decode,30,124,118,0,18,0,1
decode,30,125,120,0,18,0,1
decode,30,126,121,0,18,0,1
decode,30,127,122,0,18,0,1
decode,30,128,123,0,18,0,1
decode,30,129,124,0,18,0,1
decode,30,130,125,0,18,0,1
decode,30,131,126,0,18,0,1
decode,30,132,127,0,18,0,1
decode,30,133,128,0,18,0,1
decode,30,134,129,0,18,0,1
decode,30,135,130,0,18,0,1
decode,30,136,131,0,18,0,1
decode,30,137,132,0,18,0,1
decode,30,138,133,0,18,0,1
decode,30,139,134,0,18,0,1
decode,30,140,135,0,18,0,1
decode,30,141,136,0,18,0,1
decode,30,142,137,0,18,0,1
decode,30,143,138,0,18,0,1
decode,30,144,139,0,18,0,1
decode,30,145,140,0,18,0,1
decode,30,146,141,0,18,0,1
decode,30,147,142,0,18,0,1
decode,30,148,143,0,18,0,1
decode,30,149,144,0,18,0,1
decode,30,150,145,0,18,0,1
decode,30,151,147,0,18,0,1
decode,30,152,148,0,18,0,1
decode,30,153,149,0,18,0,1
decode,30,154,150,0,18,0,1
decode,30,155,151,0,18,0,1
decode,30,156,152,0,18,0,1
decode,30,157,153,0,18,0,1
decode,30,158,154,0,18,0,1
decode,30,159,155,0,18,0,1
decode,30,160,156,0,18,0,1
decode,30,161,157,0,18,0,1
decode,30,162,158,0,18,0,1
decode,30,163,159,0,18,0,1
decode,30,164,160,0,18,0,1
decode,30,165,161,0,18,0,1
decode,30,166,162,0,18,0,1
decode,30,167,163,0,18,0,1
decode,30,168,164,0,18,0,1
decode,30,169,165,0,18,0,1
decode,30,170,166,0,18,0,1
decode,30,171,167,0,18,0,1
decode,30,172,168,0,18,0,1
decode,30,173,169,0,18,0,1
decode,30,174,170,0,18,0,1
decode,30,175,171,0,18,0,1
decode,30,176,172,0,18,0,1
decode,30,177,173,0,18,0,1
decode,30,178,174,0,18,0,1
decode,30,179,175,0,18,0,1
decode,30,180,176,0,18,0,1
decode,30,181,177,0,18,0,1
decode,30,182,178,0,18,0,1
decode,30,183,179,0,18,0,1
decode,30,184,180,0,18,0,1
decode,30,185,181,0,18,0,1
decode,30,186,182,0,18,0,1
decode,30,187,183,0,18,0,1
decode,30,188,184,0,18,0,1
decode,30,189,185,0,18,0,1
decode,30,190,186,0,18,0,1
decode,30,191,187,0,18,0,1
decode,30,192,188,0,18,0,1
decode,30,193,189,0,18,0,1
decode,30,194,190,0,18,0,1
decode,30,195,192,0,18,0,1
decode,30,196,193,0,18,0,1
decode,30,197,194,0,18,0,1
decode,30,198,195,0,18,0,1
decode,30,199,196,0,18,0,1
decode,30,200,197,0,18,0,1
decode,30,201,198,0,18,0,1
decode,30,202,199,0,18,0,1
decode,30,203,200,0,18,0,1
decode,30,204,201,0,18,0,1
decode,30,205,202,0,18,0,1
decode,30,206,203,0,18,0,1
decode,30,207,204,0,18,0,1
decode,30,208,205,0,18,0,1
decode,30,209,206,0,18,0,1
decode,30,210,207,0,18,0,1
decode,30,211,208,0,18,0,1
decode,30,212,209,0,18,0,1
decode,30,213,210,0,18,0,1
decode,30,214,211,0,18,0,1
decode,30,215,212,0,18,0,1
decode,30,216,213,0,18,0,1
decode,30,217,214,0,18,0,1
decode,30,218,215,0,18,0,1
decode,30,219,216,0,18,0,1
decode,30,220,217,0,18,0,1
decode,30,221,218,0,18,0,1
decode,30,222,219,0,18,0,1
decode,30,223,220,0,18,0,1
decode,30,224,221,0,18,0,1
decode,30,225,222,0,18,0,1
decode,30,226,223,0,18,0,1
decode,30,227,224,0,18,0,1
decode,30,228,225,0,18,0,1
decode,30,229,226,0,18,0,1
decode,30,230,227,0,18,0,1
decode,30,231,228,0,18,0,1
decode,30,232,229,0,18,0,1
decode,30,233,230,0,18,0,1
decode,30,234,231,0,18,0,1
decode,30,235,232,0,18,0,1
decode,30,236,233,0,18,0,1
decode,30,237,234,0,18,0,1
decode,30,238,235,0,18,0,1
decode,30,239,236,0,18,0,1
decode,30,240,237,0,18,0,1
decode,30,241,238,0,18,0,1
decode,30,242,239,0,18,0,1
decode,30,243,240,0,18,0,1
decode,30,244,241,0,18,0,1
decode,30,245,242,0,18,0,1
decode,30,246,243,0,18,0,1
decode,30,247,244,0,18,0,1
decode,30,248,245,0,18,0,1
decode,30,249,247,0,18,0,1
decode,30,250,248,0,18,0,1
decode,30,251,249,0,18,0,1
decode,30,252,250,0,18,0,1
decode,30,253,251,0,18,0,1
decode,30,254,253,0,18,0,1
decode,30,255,254,0,18,0,1
decode,30,256,255,0,18,0,1
decode,31,1,65,3,18,0.166666666666667,0.166666666666667
decode,31,2,78,3,18,0.166666666666667,0.333333333333333
decode,31,3,91,3,18,0.166666666666667,0.5
decode,31,4,117,3,18,0.166666666666667,0.666666666666667
decode,31,5,174,2,18,0.111111111111111,0.777777777777778
decode,31,6,51,1,18,0.0555555555555556,0.833333333333333
decode,31,7,125,1,18,0.0555555555555556,0.888888888888889
decode,31,8,203,1,18,0.0555555555555556,0.944444444444444
decode,31,9,242,1,18,0.0555555555555556,1
decode,31,10,0,0,18,0,1
decode,31,11,1,0,18,0,1
decode,31,12,2,0,18,0,1
decode,31,13,3,0,18,0,1
decode,31,14,4,0,18,0,1
decode,31,15,5,0,18,0,1
decode,31,16,6,0,18,0,1
decode,31,17,7,0,18,0,1
decode,31,18,8,0,18,0,1
decode,31,19,9,0,18,0,1
decode,31,20,10,0,18,0,1
decode,31,21,11,0,18,0,1
decode,31,22,12,0,18,0,1
decode,31,23,13,0,18,0,1
decode,31,24,14,0,18,0,1
decode,31,25,15,0,18,0,1
decode,31,26,16,0,18,0,1
decode,31,27,17,0,18,0,1
decode,31,28,18,0,18,0,1
decode,31,29,19,0,18,0,1
decode,31,30,20,0,18,0,1
decode,31,31,21,0,18,0,1
decode,31,32,22,0,18,0,1
decode,31,33,23,0,18,0,1
decode,31,34,24,0,18,0,1
decode,31,35,25,0,18,0,1
decode,31,36,26,0,18,0,1
decode,31,37,27,0,18,0,1
decode,31,38,28,0,18,0,1
decode,31,39,29,0,18,0,1
decode,31,40,30,0,18,0,1
decode,31,41,31,0,18,0,1
decode,31,42,32,0,18,0,1
decode,31,43,33,0,18,0,1
decode,31,44,34,0,18,0,1
decode,31,45,35,0,18,0,1
decode,31,46,36,0,18,0,1
decode,31,47,37,0,18,0,1
decode,31,48,38,0,18,0,1
decode,31,49,39,0,18,0,1
decode,31,50,40,0,18,0,1
decode,31,51,41,0,18,0,1
decode,31,52,42,0,18,0,1
decode,31,53,43,0,18,0,1
decode,31,54,44,0,18,0,1
decode,31,55,45,0,18,0,1
decode,31,56,46,0,18,0,1
decode,31,57,47,0,18,0,1
decode,31,58,48,0,18,0,1
decode,31,59,49,0,18,0,1
decode,31,60,50,0,18,0,1
decode,31,61,52,0,18,0,1
decode,31,62,53,0,18,0,1
decode,31,63,54,0,18,0,1
decode,31,64,55,0,18,0,1
decode,31,65,56,0,18,0,1
decode,31,66,57,0,18,0,1
decode,31,67,58,0,18,0,1
decode,31,68,59,0,18,0,1
decode,31,69,60,0,18,0,1
decode,31,70,61,0,18,0,1
decode,31,71,62,0,18,0,1
decode,31,72,63,0,18,0,1
decode,31,73,64,0,18,0,1
decode,31,74,66,0,18,0,1
decode,31,75,67,0,18,0,1
decode,31,76,68,0,18,0,1
decode,31,77,69,0,18,0,1
decode,31,78,70,0,18,0,1
decode,31,79,71,0,18,0,1
decode,31,80,72,0,18,0,1
decode,31,81,73,0,18,0,1
decode,31,82,74,0,18,0,1
decode,31,83,75,0,18,0,1
decode,31,84,76,0,18,0,1
decode,31,85,77,0,18,0,1
decode,31,86,79,0,18,0,1
decode,31,87,80,0,18,0,1
decode,31,88,81,0,18,0,1
decode,31,89,82,0,18,0,1
decode,31,90,83,0,18,0,1
decode,31,91,84,0,18,0,1
decode,31,92,85,0,18,0,1
decode,31,93,86,0,18,0,1
decode,31,94,87,0,18,0,1
decode,31,95,88,0,18,0,1
decode,31,96,89,0,18,0,1
decode,31,97,90,0,18,0,1
decode,31,98,92,0,18,0,1
decode,31,99,93,0,18,0,1
decode,31,100,94,0,18,0,1
decode,31,101,95,0,18,0,1
decode,31,102,96,0,18,0,1
decode,31,103,97,0,18,0,1
decode,31,104,98,0,18,0,1
decode,31,105,99,0,18,0,1
decode,31,106,100,0,18,0,1
decode,31,107,101,0,18,0,1
decode,31,108,102,0,18,0,1
decode,31,109,103,0,18,0,1
decode,31,110,104,0,18,0,1
decode,31,111,105,0,18,0,1
decode,31,112,106,0,18,0,1
decode,31,113,107,0,18,0,1
decode,31,114,108,0,18,0,1
decode,31,115,109,0,18,0,1
decode,31,116,110,0,18,0,1
decode,31,117,111,0,18,0,1
decode,31,118,112,0,18,0,1
decode,31,119,113,0,18,0,1
decode,31,120,114,0,18,0,1
decode,31,121,115,0,18,0,1
decode,31,122,116,0,18,0,1
decode,31,123,118,0,18,0,1
decode,31,124,119,0,18,0,1
decode,31,125,120,0,18,0,1
decode,31,126,121,0,18,0,1
decode,31,127,122,0,18,0,1
decode,31,128,123,0,18,0,1
decode,31,129,124,0,18,0,1
decode,31,130,126,0,18,0,1
decode,31,131,127,0,18,0,1
decode,31,132,128,0,18,0,1
decode,31,133,129,0,18,0,1
decode,31,134,130,0,18,0,1
decode,31,135,131,0,18,0,1
decode,31,136,132,0,18,0,1
decode,31,137,133,0,18,0,1
decode,31,138,134,0,18,0,1
decode,31,139,135,0,18,0,1
decode,31,140,136,0,18,0,1
decode,31,141,137,0,18,0,1
decode,31,142,138,0,18,0,1
decode,31,143,139,0,18,0,1
decode,31,144,140,0,18,0,1
decode,31,145,141,0,18,0,1
decode,31,146,142,0,18,0,1
decode,31,147,143,0,18,0,1
decode,31,148,144,0,18,0,1
decode,31,149,145,0,18,0,1
decode,31,150,146,0,18,0,1
decode,31,151,147,0,18,0,1
decode,31,152,148,0,18,0,1
decode,31,153,149,0,18,0,1
decode,31,154,150,0,18,0,1
decode,31,155,151,0,18,0,1
decode,31,156,152,0,18,0,1
decode,31,157,153,0,18,0,1
decode,31,158,154,0,18,0,1
decode,31,159,155,0,18,0,1
decode,31,160,156,0,18,0,1
decode,31,161,157,0,18,0,1
decode,31,162,158,0,18,0,1
decode,31,163,159,0,18,0,1
decode,31,164,160,0,18,0,1
decode,31,165,161,0,18,0,1
decode,31,166,162,0,18,0,1
decode,31,167,163,0,18,0,1
decode,31,168,164,0,18,0,1
decode,31,169,165,0,18,0,1
decode,31,170,166,0,18,0,1
decode,31,171,167,0,18,0,1
decode,31,172,168,0,18,0,1
decode,31,173,169,0,18,0,1
decode,31,174,170,0,18,0,1
decode,31,175,171,0,18,0,1
decode,31,176,172,0,18,0,1
decode,31,177,173,0,18,0,1
decode,31,178,175,0,18,0,1
decode,31,179,176,0,18,0,1
decode,31,180,177,0,18,0,1
decode,31,181,178,0,18,0,1
decode,31,182,179,0,18,0,1
decode,31,183,180,0,18,0,1
decode,31,184,181,0,18,0,1
decode,31,185,182,0,18,0,1
decode,31,186,183,0,18,0,1
decode,31,187,184,0,18,0,1
decode,31,188,185,0,18,0,1
decode,31,189,186,0,18,0,1
decode,31,190,187,0,18,0,1
decode,31,191,188,0,18,0,1
decode,31,192,189,0,18,0,1
decode,31,193,190,0,18,0,1
decode,31,194,191,0,18,0,1
decode,31,195,192,0,18,0,1
decode,31,196,193,0,18,0,1
decode,31,197,194,0,18,0,1
decode,31,198,195,0,18,0,1
decode,31,199,196,0,18,0,1
decode,31,200,197,0,18,0,1
decode,31,201,198,0,18,0,1
decode,31,202,199,0,18,0,1
decode,31,203,200,0,18,0,1
decode,31,204,201,0,18,0,1
decode,31,205,202,0,18,0,1
decode,31,206,204,0,18,0,1
decode,31,207,205,0,18,0,1
decode,31,208,206,0,18,0,1
decode,31,209,207,0,18,0,1
decode,31,210,208,0,18,0,1
decode,31,211,209,0,18,0,1
decode,31,212,210,0,18,0,1
decode,31,213,211,0,18,0,1
decode,31,214,212,0,18,0,1
decode,31,215,213,0,18,0,1
decode,31,216,214,0,18,0,1
decode,31,217,215,0,18,0,1
decode,31,218,216,0,18,0,1
decode,31,219,217,0,18,0,1
decode,31,220,218,0,18,0,1
decode,31,221,219,0,18,0,1
decode,31,222,220,0,18,0,1
decode,31,223,221,0,18,0,1
decode,31,224,222,0,18,0,1
decode,31,225,223,0,18,0,1
decode,31,226,224,0,18,0,1
decode,31,227,225,0,18,0,1
decode,31,228,226,0,18,0,1
decode,31,229,227,0,18,0,1
decode,31,230,228,0,18,0,1
decode,31,231,229,0,18,0,1
decode,31,232,230,0,18,0,1
decode,31,233,231,0,18,0,1
decode,31,234,232,0,18,0,1
decode,31,235,233,0,18,0,1
decode,31,236,234,0,18,0,1
decode,31,237,235,0,18,0,1
decode,31,238,236,0,18,0,1
decode,31,239,237,0,18,0,1
decode,31,240,238,0,18,0,1
decode,31,241,239,0,18,0,1
decode,31,242,240,0,18,0,1
decode,31,243,241,0,18,0,1
decode,31,244,243,0,18,0,1
decode,31,245,244,0,18,0,1
decode,31,246,245,0,18,0,1
decode,31,247,246,0,18,0,1
decode,31,248,247,0,18,0,1
decode,31,249,248,0,18,0,1
decode,31,250,249,0,18,0,1
decode,31,251,250,0,18,0,1
decode,31,252,251,0,18,0,1
decode,31,253,252,0,18,0,1
decode,31,254,253,0,18,0,1
decode,31,255,254,0,18,0,1
decode,31,256,255,0,18,0,1
decode,32,1,87,3,18,0.166666666666667,0.166666666666667
decode,32,2,94,3,18,0.166666666666667,0.333333333333333
decode,32,3,143,3,18,0.166666666666667,0.5
decode,32,4,193,3,18,0.166666666666667,0.666666666666667
decode,32,5,165,2,18,0.111111111111111,0.777777777777778
decode,32,6,62,1,18,0.0555555555555556,0.833333333333333
decode,32,7,186,1,18,0.0555555555555556,0.888888888888889
decode,32,8,234,1,18,0.0555555555555556,0.944444444444444
decode,32,9,244,1,18,0.0555555555555556,1
decode,32,10,0,0,18,0,1
decode,32,11,1,0,18,0,1
decode,32,12,2,0,18,0,1
decode,32,13,3,0,18,0,1
decode,32,14,4,0,18,0,1
decode,32,15,5,0,18,0,1
decode,32,16,6,0,18,0,1
decode,32,17,7,0,18,0,1
decode,32,18,8,0,18,0,1
decode,32,19,9,0,18,0,1
decode,32,20,10,0,18,0,1
decode,32,21,11,0,18,0,1
decode,32,22,12,0,18,0,1
decode,32,23,13,0,18,0,1
decode,32,24,14,0,18,0,1
decode,32,25,15,0,18,0,1
decode,32,26,16,0,18,0,1
decode,32,27,17,0,18,0,1
decode,32,28,18,0,18,0,1
decode,32,29,19,0,18,0,1
decode,32,30,20,0,18,0,1
decode,32,31,21,0,18,0,1
decode,32,32,22,0,18,0,1
decode,32,33,23,0,18,0,1
decode,32,34,24,0,18,0,1
decode,32,35,25,0,18,0,1
decode,32,36,26,0,18,0,1
decode,32,37,27,0,18,0,1
decode,32,38,28,0,18,0,1
decode,32,39,29,0,18,0,1
decode,32,40,30,0,18,0,1
decode,32,41,31,0,18,0,1
decode,32,42,32,0,18,0,1
decode,32,43,33,0,18,0,1
decode,32,44,34,0,18,0,1
decode,32,45,35,0,18,0,1
decode,32,46,36,0,18,0,1
decode,32,47,37,0,18,0,1
decode,32,48,38,0,18,0,1
decode,32,49,39,0,18,0,1
decode,32,50,40,0,18,0,1
decode,32,51,41,0,18,0,1
decode,32,52,42,0,18,0,1
decode,32,53,43,0,18,0,1
decode,32,54,44,0,18,0,1
decode,32,55,45,0,18,0,1
decode,32,56,46,0,18,0,1
decode,32,57,47,0,18,0,1
decode,32,58,48,0,18,0,1
decode,32,59,49,0,18,0,1
decode,32,60,50,0,18,0,1
decode,32,61,51,0,18,0,1
decode,32,62,52,0,18,0,1
decode,32,63,53,0,18,0,1
decode,32,64,54,0,18,0,1
decode,32,65,55,0,18,0,1
decode,32,66,56,0,18,0,1
decode,32,67,57,0,18,0,1
decode,32,68,58,0,18,0,1
decode,32,69,59,0,18,0,1
decode,32,70,60,0,18,0,1
decode,32,71,61,0,18,0,1
decode,32,72,63,0,18,0,1
decode,32,73,64,0,18,0,1
decode,32,74,65,0,18,0,1
decode,32,75,66,0,18,0,1
decode,32,76,67,0,18,0,1
decode,32,77,68,0,18,0,1
decode,32,78,69,0,18,0,1
decode,32,79,70,0,18,0,1
decode,32,80,71,0,18,0,1
decode,32,81,72,0,18,0,1
decode,32,82,73,0,18,0,1
decode,32,83,74,0,18,0,1
decode,32,84,75,0,18,0,1
decode,32,85,76,0,18,0,1
decode,32,86,77,0,18,0,1
decode,32,87,78,0,18,0,1
decode,32,88,79,0,18,0,1
decode,32,89,80,0,18,0,1
decode,32,90,81,0,18,0,1
decode,32,91,82,0,18,0,1
decode,32,92,83,0,18,0,1
decode,32,93,84,0,18,0,1
decode,32,94,85,0,18,0,1
decode,32,95,86,0,18,0,1
decode,32,96,88,0,18,0,1
decode,32,97,89,0,18,0,1
decode,32,98,90,0,18,0,1
decode,32,99,91,0,18,0,1
decode,32,100,92,0,18,0,1
decode,32,101,93,0,18,0,1
decode,32,102,95,0,18,0,1
decode,32,103,96,0,18,0,1
decode,32,104,97,0,18,0,1
decode,32,105,98,0,18,0,1
decode,32,106,99,0,18,0,1
decode,32,107,100,0,18,0,1
decode,32,108,101,0,18,0,1
decode,32,109,102,0,18,0,1
decode,32,110,103,0,18,0,1
decode,32,111,104,0,18,0,1
decode,32,112,105,0,18,0,1
decode,32,113,106,0,18,0,1
decode,32,114,107,0,18,0,1
decode,32,115,108,0,18,0,1
decode,32,116,109,0,18,0,1
decode,32,117,110,0,18,0,1
decode,32,118,111,0,18,0,1
decode,32,119,112,0,18,0,1
decode,32,120,113,0,18,0,1
decode,32,121,114,0,18,0,1
decode,32,122,115,0,18,0,1
decode,32,123,116,0,18,0,1
decode,32,124,117,0,18,0,1
decode,32,125,118,0,18,0,1
decode,32,126,119,0,18,0,1
decode,32,127,120,0,18,0,1
decode,32,128,121,0,18,0,1
decode,32,129,122,0,18,0,1
decode,32,130,123,0,18,0,1
decode,32,131,124,0,18,0,1
decode,32,132,125,0,18,0,1
decode,32,133,126,0,18,0,1
decode,32,134,127,0,18,0,1
decode,32,135,128,0,18,0,1
decode,32,136,129,0,18,0,1
decode,32,137,130,0,18,0,1
decode,32,138,131,0,18,0,1
decode,32,139,132,0,18,0,1
decode,32,140,133,0,18,0,1
decode,32,141,134,0,18,0,1
decode,32,142,135,0,18,0,1
decode,32,143,136,0,18,0,1
decode,32,144,137,0,18,0,1
decode,32,145,138,0,18,0,1
decode,32,146,139,0,18,0,1
decode,32,147,140,0,18,0,1
decode,32,148,141,0,18,0,1
decode,32,149,142,0,18,0,1
decode,32,150,144,0,18,0,1
decode,32,151,145,0,18,0,1
decode,32,152,146,0,18,0,1
decode,32,153,147,0,18,0,1
decode,32,154,148,0,18,0,1
decode,32,155,149,0,18,0,1
decode,32,156,150,0,18,0,1
decode,32,157,151,0,18,0,1
decode,32,158,152,0,18,0,1
decode,32,159,153,0,18,0,1
decode,32,160,154,0,18,0,1
decode,32,161,155,0,18,0,1
decode,32,162,156,0,18,0,1
decode,32,163,157,0,18,0,1
decode,32,164,158,0,18,0,1
decode,32,165,159,0,18,0,1
decode,32,166,160,0,18,0,1
decode,32,167,161,0,18,0,1
decode,32,168,162,0,18,0,1
decode,32,169,163,0,18,0,1
decode,32,170,164,0,18,0,1
decode,32,171,166,0,18,0,1
decode,32,172,167,0,18,0,1
decode,32,173,168,0,18,0,1
decode,32,174,169,0,18,0,1
decode,32,175,170,0,18,0,1
decode,32,176,171,0,18,0,1
decode,32,177,172,0,18,0,1
decode,32,178,173,0,18,0,1
decode,32,179,174,0,18,0,1
decode,32,180,175,0,18,0,1
decode,32,181,176,0,18,0,1
decode,32,182,177,0,18,0,1
decode,32,183,178,0,18,0,1
decode,32,184,179,0,18,0,1
decode,32,185,180,0,18,0,1
decode,32,186,181,0,18,0,1
decode,32,187,182,0,18,0,1
decode,32,188,183,0,18,0,1
decode,32,189,184,0,18,0,1
decode,32,190,185,0,18,0,1
decode,32,191,187,0,18,0,1
decode,32,192,188,0,18,0,1
decode,32,193,189,0,18,0,1
decode,32,194,190,0,18,0,1
decode,32,195,191,0,18,0,1
decode,32,196,192,0,18,0,1
decode,32,197,194,0,18,0,1
decode,32,198,195,0,18,0,1
decode,32,199,196,0,18,0,1
decode,32,200,197,0,18,0,1
decode,32,201,198,0,18,0,1
decode,32,202,199,0,18,0,1
decode,32,203,200,0,18,0,1
decode,32,204,201,0,18,0,1
decode,32,205,202,0,18,0,1
decode,32,206,203,0,18,0,1
decode,32,207,204,0,18,0,1
decode,32,208,205,0,18,0,1
decode,32,209,206,0,18,0,1
decode,32,210,207,0,18,0,1
decode,32,211,208,0,18,0,1
decode,32,212,209,0,18,0,1
decode,32,213,210,0,18,0,1
decode,32,214,211,0,18,0,1
decode,32,215,212,0,18,0,1
decode,32,216,213,0,18,0,1
decode,32,217,214,0,18,0,1
decode,32,218,215,0,18,0,1
decode,32,219,216,0,18,0,1
decode,32,220,217,0,18,0,1
decode,32,221,218,0,18,0,1
decode,32,222,219,0,18,0,1
decode,32,223,220,0,18,0,1
decode,32,224,221,0,18,0,1
decode,32,225,222,0,18,0,1
decode,32,226,223,0,18,0,1
decode,32,227,224,0,18,0,1
decode,32,228,225,0,18,0,1
decode,32,229,226,0,18,0,1
decode,32,230,227,0,18,0,1
decode,32,231,228,0,18,0,1
decode,32,232,229,0,18,0,1
decode,32,233,230,0,18,0,1
decode,32,234,231,0,18,0,1
decode,32,235,232,0,18,0,1
decode,32,236,233,0,18,0,1
decode,32,237,235,0,18,0,1
decode,32,238,236,0,18,0,1
decode,32,239,237,0,18,0,1
decode,32,240,238,0,18,0,1
decode,32,241,239,0,18,0,1
decode,32,242,240,0,18,0,1
decode,32,243,241,0,18,0,1
decode,32,244,242,0,18,0,1
decode,32,245,243,0,18,0,1
decode,32,246,245,0,18,0,1
decode,32,247,246,0,18,0,1
decode,32,248,247,0,18,0,1
decode,32,249,248,0,18,0,1
decode,32,250,249,0,18,0,1
decode,32,251,250,0,18,0,1
decode,32,252,251,0,18,0,1
decode,32,253,252,0,18,0,1
decode,32,254,253,0,18,0,1
decode,32,255,254,0,18,0,1
decode,32,256,255,0,18,0,1
decode,33,1,4,3,18,0.166666666666667,0.166666666666667
decode,33,2,58,3,18,0.166666666666667,0.333333333333333
decode,33,3,41,2,18,0.111111111111111,0.444444444444444
decode,33,4,79,2,18,0.111111111111111,0.555555555555556
decode,33,5,116,2,18,0.111111111111111,0.666666666666667
decode,33,6,253,2,18,0.111111111111111,0.777777777777778
decode,33,7,15,1,18,0.0555555555555556,0.833333333333333
decode,33,8,74,1,18,0.0555555555555556,0.888888888888889
decode,33,9,110,1,18,0.0555555555555556,0.944444444444445
decode,33,10,136,1,18,0.0555555555555556,1
decode,33,11,0,0,18,0,1
decode,33,12,1,0,18,0,1
decode,33,13,2,0,18,0,1
decode,33,14,3,0,18,0,1
decode,33,15,5,0,18,0,1
decode,33,16,6,0,18,0,1
decode,33,17,7,0,18,0,1
decode,33,18,8,0,18,0,1
decode,33,19,9,0,18,0,1
decode,33,20,10,0,18,0,1
decode,33,21,11,0,18,0,1
decode,33,22,12,0,18,0,1
decode,33,23,13,0,18,0,1
decode,33,24,14,0,18,0,1
decode,33,25,16,0,18,0,1
decode,33,26,17,0,18,0,1
decode,33,27,18,0,18,0,1
decode,33,28,19,0,18,0,1
decode,33,29,20,0,18,0,1
decode,33,30,21,0,18,0,1
decode,33,31,22,0,18,0,1
decode,33,32,23,0,18,0,1
decode,33,33,24,0,18,0,1
decode,33,34,25,0,18,0,1
decode,33,35,26,0,18,0,1
decode,33,36,27,0,18,0,1
decode,33,37,28,0,18,0,1
decode,33,38,29,0,18,0,1
decode,33,39,30,0,18,0,1
decode,33,40,31,0,18,0,1
decode,33,41,32,0,18,0,1
decode,33,42,33,0,18,0,1
decode,33,43,34,0,18,0,1
decode,33,44,35,0,18,0,1
decode,33,45,36,0,18,0,1
decode,33,46,37,0,18,0,1
decode,33,47,38,0,18,0,1
decode,33,48,39,0,18,0,1
decode,33,49,40,0,18,0,1
decode,33,50,42,0,18,0,1
decode,33,51,43,0,18,0,1
decode,33,52,44,0,18,0,1
decode,33,53,45,0,18,0,1
decode,33,54,46,0,18,0,1
decode,33,55,47,0,18,0,1
decode,33,56,48,0,18,0,1
decode,33,57,49,0,18,0,1
decode,33,58,50,0,18,0,1
decode,33,59,51,0,18,0,1
decode,33,60,52,0,18,0,1
decode,33,61,53,0,18,0,1
decode,33,62,54,0,18,0,1
decode,33,63,55,0,18,0,1
decode,33,64,56,0,18,0,1
decode,33,65,57,0,18,0,1
decode,33,66,59,0,18,0,1
decode,33,67,60,0,18,0,1
decode,33,68,61,0,18,0,1
decode,33,69,62,0,18,0,1
decode,33,70,63,0,18,0,1
decode,33,71,64,0,18,0,1
decode,33,72,65,0,18,0,1
decode,33,73,66,0,18,0,1
decode,33,74,67,0,18,0,1
decode,33,75,68,0,18,0,1
decode,33,76,69,0,18,0,1
decode,33,77,70,0,18,0,1
decode,33,78,71,0,18,0,1
decode,33,79,72,0,18,0,1
decode,33,80,73,0,18,0,1
decode,33,81,75,0,18,0,1
decode,33,82,76,0,18,0,1
decode,33,83,77,0,18,0,1
decode,33,84,78,0,18,0,1
decode,33,85,80,0,18,0,1
decode,33,86,81,0,18,0,1
decode,33,87,82,0,18,0,1
decode,33,88,83,0,18,0,1
decode,33,89,84,0,18,0,1
decode,33,90,85,0,18,0,1
decode,33,91,86,0,18,0,1
decode,33,92,87,0,18,0,1
decode,33,93,88,0,18,0,1
decode,33,94,89,0,18,0,1
decode,33,95,90,0,18,0,1
decode,33,96,91,0,18,0,1
decode,33,97,92,0,18,0,1
decode,33,98,93,0,18,0,1
decode,33,99,94,0,18,0,1
decode,33,100,95,0,18,0,1
decode,33,101,96,0,18,0,1
decode,33,102,97,0,18,0,1
decode,33,103,98,0,18,0,1
decode,33,104,99,0,18,0,1
decode,33,105,100,0,18,0,1
decode,33,106,101,0,18,0,1
decode,33,107,102,0,18,0,1
decode,33,108,103,0,18,0,1
decode,33,109,104,0,18,0,1
decode,33,110,105,0,18,0,1
decode,33,111,106,0,18,0,1
decode,33,112,107,0,18,0,1
decode,33,113,108,0,18,0,1
decode,33,114,109,0,18,0,1
decode,33,115,111,0,18,0,1
decode,33,116,112,0,18,0,1
decode,33,117,113,0,18,0,1
decode,33,118,114,0,18,0,1
decode,33,119,115,0,18,0,1
decode,33,120,117,0,18,0,1
decode,33,121,118,0,18,0,1
decode,33,122,119,0,18,0,1
decode,33,123,120,0,18,0,1
decode,33,124,121,0,18,0,1
decode,33,125,122,0,18,0,1
decode,33,126,123,0,18,0,1
decode,33,127,124,0,18,0,1
decode,33,128,125,0,18,0,1
decode,33,129,126,0,18,0,1
decode,33,130,127,0,18,0,1
decode,33,131,128,0,18,0,1
decode,33,132,129,0,18,0,1
decode,33,133,130,0,18,0,1
decode,33,134,131,0,18,0,1
decode,33,135,132,0,18,0,1
decode,33,136,133,0,18,0,1
decode,33,137,134,0,18,0,1
decode,33,138,135,0,18,0,1
decode,33,139,137,0,18,0,1
decode,33,140,138,0,18,0,1
decode,33,141,139,0,18,0,1
decode,33,142,140,0,18,0,1
decode,33,143,141,0,18,0,1
decode,33,144,142,0,18,0,1
decode,33,145,143,0,18,0,1
decode,33,146,144,0,18,0,1
decode,33,147,145,0,18,0,1
decode,33,148,146,0,18,0,1
decode,33,149,147,0,18,0,1
decode,33,150,148,0,18,0,1
decode,33,151,149,0,18,0,1
decode,33,152,150,0,18,0,1
decode,33,153,151,0,18,0,1
decode,33,154,152,0,18,0,1
decode,33,155,153,0,18,0,1
decode,33,156,154,0,18,0,1
decode,33,157,155,0,18,0,1
decode,33,158,156,0,18,0,1
decode,33,159,157,0,18,0,1
decode,33,160,158,0,18,0,1
decode,33,161,159,0,18,0,1
decode,33,162,160,0,18,0,1
decode,33,163,161,0,18,0,1
decode,33,164,162,0,18,0,1
decode,33,165,163,0,18,0,1
decode,33,166,164,0,18,0,1
decode,33,167,165,0,18,0,1
decode,33,168,166,0,18,0,1
decode,33,169,167,0,18,0,1
decode,33,170,168,0,18,0,1
decode,33,171,169,0,18,0,1
decode,33,172,170,0,18,0,1
decode,33,173,171,0,18,0,1
decode,33,174,172,0,18,0,1
decode,33,175,173,0,18,0,1
decode,33,176,174,0,18,0,1
decode,33,177,175,0,18,0,1
decode,33,178,176,0,18,0,1
decode,33,179,177,0,18,0,1
decode,33,180,178,0,18,0,1
decode,33,181,179,0,18,0,1
decode,33,182,180,0,18,0,1
decode,33,183,181,0,18,0,1
decode,33,184,182,0,18,0,1
decode,33,185,183,0,18,0,1
decode,33,186,184,0,18,0,1
decode,33,187,185,0,18,0,1
decode,33,188,186,0,18,0,1
decode,33,189,187,0,18,0,1
decode,33,190,188,0,18,0,1
decode,33,191,189,0,18,0,1
decode,33,192,190,0,18,0,1
decode,33,193,191,0,18,0,1
decode,33,194,192,0,18,0,1
decode,33,195,193,0,18,0,1
decode,33,196,194,0,18,0,1
decode,33,197,195,0,18,0,1
decode,33,198,196,0,18,0,1
decode,33,199,197,0,18,0,1
decode,33,200,198,0,18,0,1
decode,33,201,199,0,18,0,1
decode,33,202,200,0,18,0,1
decode,33,203,201,0,18,0,1
decode,33,204,202,0,18,0,1
decode,33,205,203,0,18,0,1
decode,33,206,204,0,18,0,1
decode,33,207,205,0,18,0,1
decode,33,208,206,0,18,0,1
decode,33,209,207,0,18,0,1
decode,33,210,208,0,18,0,1
decode,33,211,209,0,18,0,1
decode,33,212,210,0,18,0,1
decode,33,213,211,0,18,0,1
decode,33,214,212,0,18,0,1
decode,33,215,213,0,18,0,1
decode,33,216,214,0,18,0,1
decode,33,217,215,0,18,0,1
decode,33,218,216,0,18,0,1
decode,33,219,217,0,18,0,1
decode,33,220,218,0,18,0,1
decode,33,221,219,0,18,0,1
decode,33,222,220,0,18,0,1
decode,33,223,221,0,18,0,1
decode,33,224,222,0,18,0,1
decode,33,225,223,0,18,0,1
decode,33,226,224,0,18,0,1
decode,33,227,225,0,18,0,1
decode,33,228,226,0,18,0,1
decode,33,229,227,0,18,0,1
decode,33,230,228,0,18,0,1
decode,33,231,229,0,18,0,1
decode,33,232,230,0,18,0,1
decode,33,233,231,0,18,0,1
decode,33,234,232,0,18,0,1
decode,33,235,233,0,18,0,1
decode,33,236,234,0,18,0,1
decode,33,237,235,0,18,0,1
decode,33,238,236,0,18,0,1
decode,33,239,237,0,18,0,1
decode,33,240,238,0,18,0,1
decode,33,241,239,0,18,0,1
decode,33,242,240,0,18,0,1
decode,33,243,241,0,18,0,1
decode,33,244,242,0,18,0,1
decode,33,245,243,0,18,0,1
decode,33,246,244,0,18,0,1
decode,33,247,245,0,18,0,1
decode,33,248,246,0,18,0,1
decode,33,249,247,0,18,0,1
decode,33,250,248,0,18,0,1
decode,33,251,249,0,18,0,1
decode,33,252,250,0,18,0,1
decode,33,253,251,0,18,0,1
decode,33,254,252,0,18,0,1
decode,33,255,254,0,18,0,1
decode,33,256,255,0,18,0,1
decode,34,1,42,3,18,0.166666666666667,0.166666666666667
decode,34,2,54,3,18,0.166666666666667,0.333333333333333
decode,34,3,226,3,18,0.166666666666667,0.5
decode,34,4,126,2,18,0.111111111111111,0.611111111111111
decode,34,5,237,2,18,0.111111111111111,0.722222222222222
decode,34,6,28,1,18,0.0555555555555556,0.777777777777778
decode,34,7,35,1,18,0.0555555555555556,0.833333333333333
decode,34,8,80,1,18,0.0555555555555556,0.888888888888889
decode,34,9,124,1,18,0.0555555555555556,0.944444444444445
decode,34,10,193,1,18,0.0555555555555556,1
decode,34,11,0,0,18,0,1
decode,34,12,1,0,18,0,1
decode,34,13,2,0,18,0,1
decode,34,14,3,0,18,0,1
decode,34,15,4,0,18,0,1
decode,34,16,5,0,18,0,1
decode,34,17,6,0,18,0,1
decode,34,18,7,0,18,0,1
decode,34,19,8,0,18,0,1
decode,34,20,9,0,18,0,1
decode,34,21,10,0,18,0,1
decode,34,22,11,0,18,0,1
decode,34,23,12,0,18,0,1
decode,34,24,13,0,18,0,1
decode,34,25,14,0,18,0,1
decode,34,26,15,0,18,0,1
decode,34,27,16,0,18,0,1
decode,34,28,17,0,18,0,1
decode,34,29,18,0,18,0,1
decode,34,30,19,0,18,0,1
decode,34,31,20,0,18,0,1
decode,34,32,21,0,18,0,1
decode,34,33,22,0,18,0,1
decode,34,34,23,0,18,0,1
decode,34,35,24,0,18,0,1
decode,34,36,25,0,18,0,1
decode,34,37,26,0,18,0,1
decode,34,38,27,0,18,0,1
decode,34,39,29,0,18,0,1
decode,34,40,30,0,18,0,1
decode,34,41,31,0,18,0,1
decode,34,42,32,0,18,0,1
decode,34,43,33,0,18,0,1
decode,34,44,34,0,18,0,1
decode,34,45,36,0,18,0,1
decode,34,46,37,0,18,0,1
decode,34,47,38,0,18,0,1
decode,34,48,39,0,18,0,1
decode,34,49,40,0,18,0,1
decode,34,50,41,0,18,0,1
decode,34,51,43,0,18,0,1
decode,34,52,44,0,18,0,1
decode,34,53,45,0,18,0,1
decode,34,54,46,0,18,0,1
decode,34,55,47,0,18,0,1
decode,34,56,48,0,18,0,1
decode,34,57,49,0,18,0,1
decode,34,58,50,0,18,0,1
decode,34,59,51,0,18,0,1
decode,34,60,52,0,18,0,1
decode,34,61,53,0,18,0,1
decode,34,62,55,0,18,0,1
decode,34,63,56,0,18,0,1
decode,34,64,57,0,18,0,1
decode,34,65,58,0,18,0,1
decode,34,66,59,0,18,0,1
decode,34,67,60,0,18,0,1
decode,34,68,61,0,18,0,1
decode,34,69,62,0,18,0,1
decode,34,70,63,0,18,0,1
decode,34,71,64,0,18,0,1
decode,34,72,65,0,18,0,1
decode,34,73,66,0,18,0,1
decode,34,74,67,0,18,0,1
decode,34,75,68,0,18,0,1
decode,34,76,69,0,18,0,1
decode,34,77,70,0,18,0,1
decode,34,78,71,0,18,0,1
decode,34,79,72,0,18,0,1
decode,34,80,73,0,18,0,1
decode,34,81,74,0,18,0,1
decode,34,82,75,0,18,0,1
decode,34,83,76,0,18,0,1
decode,34,84,77,0,18,0,1
decode,34,85,78,0,18,0,1
decode,34,86,79,0,18,0,1
decode,34,87,81,0,18,0,1
decode,34,88,82,0,18,0,1
decode,34,89,83,0,18,0,1
decode,34,90,84,0,18,0,1
decode,34,91,85,0,18,0,1
decode,34,92,86,0,18,0,1
decode,34,93,87,0,18,0,1
decode,34,94,88,0,18,0,1
decode,34,95,89,0,18,0,1
decode,34,96,90,0,18,0,1
decode,34,97,91,0,18,0,1
decode,34,98,92,0,18,0,1
decode,34,99,93,0,18,0,1
decode,34,100,94,0,18,0,1
decode,34,101,95,0,18,0,1
decode,34,102,96,0,18,0,1
decode,34,103,97,0,18,0,1
decode,34,104,98,0,18,0,1
decode,34,105,99,0,18,0,1
decode,34,106,100,0,18,0,1
decode,34,107,101,0,18,0,1
decode,34,108,102,0,18,0,1
decode,34,109,103,0,18,0,1
decode,34,110,104,0,18,0,1
decode,34,111,105,0,18,0,1
decode,34,112,106,0,18,0,1
decode,34,113,107,0,18,0,1
decode,34,114,108,0,18,0,1
decode,34,115,109,0,18,0,1
decode,34,116,110,0,18,0,1
decode,34,117,111,0,18,0,1
decode,34,118,112,0,18,0,1
decode,34,119,113,0,18,0,1
decode,34,120,114,0,18,0,1
decode,34,121,115,0,18,0,1
decode,34,122,116,0,18,0,1
decode,34,123,117,0,18,0,1
decode,34,124,118,0,18,0,1
decode,34,125,119,0,18,0,1
decode,34,126,120,0,18,0,1
decode,34,127,121,0,18,0,1
decode,34,128,122,0,18,0,1
decode,34,129,123,0,18,0,1
decode,34,130,125,0,18,0,1
decode,34,131,127,0,18,0,1
decode,34,132,128,0,18,0,1
decode,34,133,129,0,18,0,1
decode,34,134,130,0,18,0,1
decode,34,135,131,0,18,0,1
decode,34,136,132,0,18,0,1
decode,34,137,133,0,18,0,1
decode,34,138,134,0,18,0,1
decode,34,139,135,0,18,0,1
decode,34,140,136,0,18,0,1
decode,34,141,137,0,18,0,1
decode,34,142,138,0,18,0,1
decode,34,143,139,0,18,0,1
decode,34,144,140,0,18,0,1
decode,34,145,141,0,18,0,1
decode,34,146,142,0,18,0,1
decode,34,147,143,0,18,0,1
decode,34,148,144,0,18,0,1
decode,34,149,145,0,18,0,1
decode,34,150,146,0,18,0,1
decode,34,151,147,0,18,0,1
decode,34,152,148,0,18,0,1
decode,34,153,149,0,18,0,1
decode,34,154,150,0,18,0,1
decode,34,155,151,0,18,0,1
decode,34,156,152,0,18,0,1
decode,34,157,153,0,18,0,1
decode,34,158,154,0,18,0,1
decode,34,159,155,0,18,0,1
decode,34,160,156,0,18,0,1
decode,34,161,157,0,18,0,1
decode,34,162,158,0,18,0,1
decode,34,163,159,0,18,0,1
decode,34,164,160,0,18,0,1
decode,34,165,161,0,18,0,1
decode,34,166,162,0,18,0,1
decode,34,167,163,0,18,0,1
decode,34,168,164,0,18,0,1
decode,34,169,165,0,18,0,1
decode,34,170,166,0,18,0,1
decode,34,171,167,0,18,0,1
decode,34,172,168,0,18,0,1
decode,34,173,169,0,18,0,1
decode,34,174,170,0,18,0,1
decode,34,175,171,0,18,0,1
decode,34,176,172,0,18,0,1
decode,34,177,173,0,18,0,1
decode,34,178,174,0,18,0,1
decode,34,179,175,0,18,0,1
decode,34,180,176,0,18,0,1
decode,34,181,177,0,18,0,1
decode,34,182,178,0,18,0,1
decode,34,183,179,0,18,0,1
decode,34,184,180,0,18,0,1
decode,34,185,181,0,18,0,1
decode,34,186,182,0,18,0,1
decode,34,187,183,0,18,0,1
decode,34,188,184,0,18,0,1
decode,34,189,185,0,18,0,1
decode,34,190,186,0,18,0,1
decode,34,191,187,0,18,0,1
decode,34,192,188,0,18,0,1
decode,34,193,189,0,18,0,1
decode,34,194,190,0,18,0,1
decode,34,195,191,0,18,0,1
decode,34,196,192,0,18,0,1
decode,34,197,194,0,18,0,1
decode,34,198,195,0,18,0,1
decode,34,199,196,0,18,0,1
decode,34,200,197,0,18,0,1
decode,34,201,198,0,18,0,1
decode,34,202,199,0,18,0,1
decode,34,203,200,0,18,0,1
decode,34,204,201,0,18,0,1
decode,34,205,202,0,18,0,1
decode,34,206,203,0,18,0,1
decode,34,207,204,0,18,0,1
decode,34,208,205,0,18,0,1
decode,34,209,206,0,18,0,1
decode,34,210,207,0,18,0,1
decode,34,211,208,0,18,0,1
decode,34,212,209,0,18,0,1
decode,34,213,210,0,18,0,1
decode,34,214,211,0,18,0,1
decode,34,215,212,0,18,0,1
decode,34,216,213,0,18,0,1
decode,34,217,214,0,18,0,1
decode,34,218,215,0,18,0,1
decode,34,219,216,0,18,0,1
decode,34,220,217,0,18,0,1
decode,34,221,218,0,18,0,1
decode,34,222,219,0,18,0,1
decode,34,223,220,0,18,0,1
decode,34,224,221,0,18,0,1
decode,34,225,222,0,18,0,1
decode,34,226,223,0,18,0,1
decode,34,227,224,0,18,0,1
decode,34,228,225,0,18,0,1
decode,34,229,227,0,18,0,1
decode,34,230,228,0,18,0,1
decode,34,231,229,0,18,0,1
decode,34,232,230,0,18,0,1
decode,34,233,231,0,18,0,1
decode,34,234,232,0,18,0,1
decode,34,235,233,0,18,0,1
decode,34,236,234,0,18,0,1
decode,34,237,235,0,18,0,1
decode,34,238,236,0,18,0,1
decode,34,239,238,0,18,0,1
decode,34,240,239,0,18,0,1
decode,34,241,240,0,18,0,1
decode,34,242,241,0,18,0,1
decode,34,243,242,0,18,0,1
decode,34,244,243,0,18,0,1
decode,34,245,244,0,18,0,1
decode,34,246,245,0,18,0,1
decode,34,247,246,0,18,0,1
decode,34,248,247,0,18,0,1
decode,34,249,248,0,18,0,1
decode,34,250,249,0,18,0,1
decode,34,251,250,0,18,0,1
decode,34,252,251,0,18,0,1
decode,34,253,252,0,18,0,1
decode,34,254,253,0,18,0,1
decode,34,255,254,0,18,0,1
decode,34,256,255,0,18,0,1
decode,35,1,174,3,18,0.166666666666667,0.166666666666667
decode,35,2,80,2,18,0.111111111111111,0.277777777777778
decode,35,3,100,2,18,0.111111111111111,0.388888888888889
decode,35,4,103,2,18,0.111111111111111,0.5
decode,35,5,223,2,18,0.111111111111111,0.611111111111111
decode,35,6,38,1,18,0.0555555555555556,0.666666666666667
decode,35,7,53,1,18,0.0555555555555556,0.722222222222222
decode,35,8,71,1,18,0.0555555555555556,0.777777777777778
decode,35,9,111,1,18,0.0555555555555556,0.833333333333333
decode,35,10,112,1,18,0.0555555555555556,0.888888888888889
decode,35,11,214,1,18,0.0555555555555556,0.944444444444445
decode,35,12,228,1,18,0.0555555555555556,1
decode,35,13,0,0,18,0,1
decode,35,14,1,0,18,0,1
decode,35,15,2,0,18,0,1
decode,35,16,3,0,18,0,1
decode,35,17,4,0,18,0,1
decode,35,18,5,0,18,0,1
decode,35,19,6,0,18,0,1
decode,35,20,7,0,18,0,1
decode,35,21,8,0,18,0,1
decode,35,22,9,0,18,0,1
decode,35,23,10,0,18,0,1
decode,35,24,11,0,18,0,1
decode,35,25,12,0,18,0,1
decode,35,26,13,0,18,0,1
decode,35,27,14,0,18,0,1
decode,35,28,15,0,18,0,1
decode,35,29,16,0,18,0,1
decode,35,30,17,0,18,0,1
decode,35,31,18,0,18,0,1
decode,35,32,19,0,18,0,1
decode,35,33,20,0,18,0,1
decode,35,34,21,0,18,0,1
decode,35,35,22,0,18,0,1
decode,35,36,23,0,18,0,1
decode,35,37,24,0,18,0,1
decode,35,38,25,0,18,0,1
decode,35,39,26,0,18,0,1
decode,35,40,27,0,18,0,1
decode,35,41,28,0,18,0,1
decode,35,42,29,0,18,0,1
decode,35,43,30,0,18,0,1
decode,35,44,31,0,18,0,1
decode,35,45,32,0,18,0,1
decode,35,46,33,0,18,0,1
decode,35,47,34,0,18,0,1
decode,35,48,35,0,18,0,1
decode,35,49,36,0,18,0,1
decode,35,50,37,0,18,0,1
decode,35,51,39,0,18,0,1
decode,35,52,40,0,18,0,1
decode,35,53,41,0,18,0,1
decode,35,54,42,0,18,0,1
decode,35,55,43,0,18,0,1
decode,35,56,44,0,18,0,1
decode,35,57,45,0,18,0,1
decode,35,58,46,0,18,0,1
decode,35,59,47,0,18,0,1
decode,35,60,48,0,18,0,1
decode,35,61,49,0,18,0,1
decode,35,62,50,0,18,0,1
decode,35,63,51,0,18,0,1
decode,35,64,52,0,18,0,1
decode,35,65,54,0,18,0,1
decode,35,66,55,0,18,0,1
decode,35,67,56,0,18,0,1
decode,35,68,57,0,18,0,1
decode,35,69,58,0,18,0,1
decode,35,70,59,0,18,0,1
decode,35,71,60,0,18,0,1
decode,35,72,61,0,18,0,1
decode,35,73,62,0,18,0,1
decode,35,74,63,0,18,0,1
decode,35,75,64,0,18,0,1
decode,35,76,65,0,18,0,1
decode,35,77,66,0,18,0,1
decode,35,78,67,0,18,0,1
decode,35,79,68,0,18,0,1
decode,35,80,69,0,18,0,1
decode,35,81,70,0,18,0,1
decode,35,82,72,0,18,0,1
decode,35,83,73,0,18,0,1
decode,35,84,74,0,18,0,1
decode,35,85,75,0,18,0,1
decode,35,86,76,0,18,0,1
decode,35,87,77,0,18,0,1
decode,35,88,78,0,18,0,1
decode,35,89,79,0,18,0,1
decode,35,90,81,0,18,0,1
decode,35,91,82,0,18,0,1
decode,35,92,83,0,18,0,1
decode,35,93,84,0,18,0,1
decode,35,94,85,0,18,0,1
decode,35,95,86,0,18,0,1
decode,35,96,87,0,18,0,1
decode,35,97,88,0,18,0,1
decode,35,98,89,0,18,0,1
decode,35,99,90,0,18,0,1
decode,35,100,91,0,18,0,1
decode,35,101,92,0,18,0,1
decode,35,102,93,0,18,0,1
decode,35,103,94,0,18,0,1
decode,35,104,95,0,18,0,1
decode,35,105,96,0,18,0,1
decode,35,106,97,0,18,0,1
decode,35,107,98,0,18,0,1
decode,35,108,99,0,18,0,1
decode,35,109,101,0,18,0,1
decode,35,110,102,0,18,0,1
decode,35,111,104,0,18,0,1
decode,35,112,105,0,18,0,1
decode,35,113,106,0,18,0,1
decode,35,114,107,0,18,0,1
decode,35,115,108,0,18,0,1
decode,35,116,109,0,18,0,1
decode,35,117,110,0,18,0,1
decode,35,118,113,0,18,0,1
decode,35,119,114,0,18,0,1
decode,35,120,115,0,18,0,1
decode,35,121,116,0,18,0,1
decode,35,122,117,0,18,0,1
decode,35,123,118,0,18,0,1
decode,35,124,119,0,18,0,1
decode,35,125,120,0,18,0,1
decode,35,126,121,0,18,0,1
decode,35,127,122,0,18,0,1
decode,35,128,123,0,18,0,1
decode,35,129,124,0,18,0,1
decode,35,130,125,0,18,0,1
decode,35,131,126,0,18,0,1
decode,35,132,127,0,18,0,1
decode,35,133,128,0,18,0,1
decode,35,134,129,0,18,0,1
decode,35,135,130,0,18,0,1
decode,35,136,131,0,18,0,1
decode,35,137,132,0,18,0,1
decode,35,138,133,0,18,0,1
decode,35,139,134,0,18,0,1
decode,35,140,135,0,18,0,1
decode,35,141,136,0,18,0,1
decode,35,142,137,0,18,0,1
decode,35,143,138,0,18,0,1
decode,35,144,139,0,18,0,1
decode,35,145,140,0,18,0,1
decode,35,146,141,0,18,0,1
decode,35,147,142,0,18,0,1
decode,35,148,143,0,18,0,1
decode,35,149,144,0,18,0,1
decode,35,150,145,0,18,0,1
decode,35,151,146,0,18,0,1
decode,35,152,147,0,18,0,1
decode,35,153,148,0,18,0,1
decode,35,154,149,0,18,0,1
decode,35,155,150,0,18,0,1
decode,35,156,151,0,18,0,1
decode,35,157,152,0,18,0,1
decode,35,158,153,0,18,0,1
decode,35,159,154,0,18,0,1
decode,35,160,155,0,18,0,1
decode,35,161,156,0,18,0,1
decode,35,162,157,0,18,0,1
decode,35,163,158,0,18,0,1
decode,35,164,159,0,18,0,1
decode,35,165,160,0,18,0,1
decode,35,166,161,0,18,0,1
decode,35,167,162,0,18,0,1
decode,35,168,163,0,18,0,1
decode,35,169,164,0,18,0,1
decode,35,170,165,0,18,0,1
decode,35,171,166,0,18,0,1
decode,35,172,167,0,18,0,1
decode,35,173,168,0,18,0,1
decode,35,174,169,0,18,0,1
decode,35,175,170,0,18,0,1
decode,35,176,171,0,18,0,1
decode,35,177,172,0,18,0,1
decode,35,178,173,0,18,0,1
decode,35,179,175,0,18,0,1
decode,35,180,176,0,18,0,1
decode,35,181,177,0,18,0,1
decode,35,182,178,0,18,0,1
decode,35,183,179,0,18,0,1
decode,35,184,180,0,18,0,1
decode,35,185,181,0,18,0,1
decode,35,186,182,0,18,0,1
decode,35,187,183,0,18,0,1
decode,35,188,184,0,18,0,1
decode,35,189,185,0,18,0,1
decode,35,190,186,0,18,0,1
decode,35,191,187,0,18,0,1
decode,35,192,188,0,18,0,1
decode,35,193,189,0,18,0,1
decode,35,194,190,0,18,0,1
decode,35,195,191,0,18,0,1
decode,35,196,192,0,18,0,1
decode,35,197,193,0,18,0,1
decode,35,198,194,0,18,0,1
decode,35,199,195,0,18,0,1
decode,35,200,196,0,18,0,1
decode,35,201,197,0,18,0,1
decode,35,202,198,0,18,0,1
decode,35,203,199,0,18,0,1
decode,35,204,200,0,18,0,1
decode,35,205,201,0,18,0,1
decode,35,206,202,0,18,0,1
decode,35,207,203,0,18,0,1
decode,35,208,204,0,18,0,1
decode,35,209,205,0,18,0,1
decode,35,210,206,0,18,0,1
decode,35,211,207,0,18,0,1
decode,35,212,208,0,18,0,1
decode,35,213,209,0,18,0,1
decode,35,214,210,0,18,0,1
decode,35,215,211,0,18,0,1
decode,35,216,212,0,18,0,1
decode,35,217,213,0,18,0,1
decode,35,218,215,0,18,0,1
decode,35,219,216,0,18,0,1
decode,35,220,217,0,18,0,1
decode,35,221,218,0,18,0,1
decode,35,222,219,0,18,0,1
decode,35,223,220,0,18,0,1
decode,35,224,221,0,18,0,1
decode,35,225,222,0,18,0,1
decode,35,226,224,0,18,0,1
decode,35,227,225,0,18,0,1
decode,35,228,226,0,18,0,1
decode,35,229,227,0,18,0,1
decode,35,230,229,0,18,0,1
decode,35,231,230,0,18,0,1
decode,35,232,231,0,18,0,1
decode,35,233,232,0,18,0,1
decode,35,234,233,0,18,0,1
decode,35,235,234,0,18,0,1
decode,35,236,235,0,18,0,1
decode,35,237,236,0,18,0,1
decode,35,238,237,0,18,0,1
decode,35,239,238,0,18,0,1
decode,35,240,239,0,18,0,1
decode,35,241,240,0,18,0,1
decode,35,242,241,0,18,0,1
decode,35,243,242,0,18,0,1
decode,35,244,243,0,18,0,1
decode,35,245,244,0,18,0,1
decode,35,246,245,0,18,0,1
decode,35,247,246,0,18,0,1
decode,35,248,247,0,18,0,1
decode,35,249,248,0,18,0,1
decode,35,250,249,0,18,0,1
decode,35,251,250,0,18,0,1
decode,35,252,251,0,18,0,1
decode,35,253,252,0,18,0,1
decode,35,254,253,0,18,0,1
decode,35,255,254,0,18,0,1
decode,35,256,255,0,18,0,1
decode,36,1,28,3,18,0.166666666666667,0.166666666666667
decode,36,2,223,3,18,0.166666666666667,0.333333333333333
decode,36,3,225,3,18,0.166666666666667,0.5
decode,36,4,39,2,18,0.111111111111111,0.611111111111111
decode,36,5,137,2,18,0.111111111111111,0.722222222222222
decode,36,6,222,2,18,0.111111111111111,0.833333333333333
decode,36,7,19,1,18,0.0555555555555556,0.888888888888889
decode,36,8,124,1,18,0.0555555555555556,0.944444444444445
decode,36,9,173,1,18,0.0555555555555556,1
decode,36,10,0,0,18,0,1
decode,36,11,1,0,18,0,1
decode,36,12,2,0,18,0,1
decode,36,13,3,0,18,0,1
decode,36,14,4,0,18,0,1
decode,36,15,5,0,18,0,1
decode,36,16,6,0,18,0,1
decode,36,17,7,0,18,0,1
decode,36,18,8,0,18,0,1
decode,36,19,9,0,18,0,1
decode,36,20,10,0,18,0,1
decode,36,21,11,0,18,0,1
decode,36,22,12,0,18,0,1
decode,36,23,13,0,18,0,1
decode,36,24,14,0,18,0,1
decode,36,25,15,0,18,0,1
decode,36,26,16,0,18,0,1
decode,36,27,17,0,18,0,1
decode,36,28,18,0,18,0,1
decode,36,29,20,0,18,0,1
decode,36,30,21,0,18,0,1
decode,36,31,22,0,18,0,1
decode,36,32,23,0,18,0,1
decode,36,33,24,0,18,0,1
decode,36,34,25,0,18,0,1
decode,36,35,26,0,18,0,1
decode,36,36,27,0,18,0,1
decode,36,37,29,0,18,0,1
decode,36,38,30,0,18,0,1
decode,36,39,31,0,18,0,1
decode,36,40,32,0,18,0,1
decode,36,41,33,0,18,0,1
decode,36,42,34,0,18,0,1
decode,36,43,35,0,18,0,1
decode,36,44,36,0,18,0,1
decode,36,45,37,0,18,0,1
decode,36,46,38,0,18,0,1
decode,36,47,40,0,18,0,1
decode,36,48,41,0,18,0,1
decode,36,49,42,0,18,0,1
decode,36,50,43,0,18,0,1
decode,36,51,44,0,18,0,1
decode,36,52,45,0,18,0,1
decode,36,53,46,0,18,0,1
decode,36,54,47,0,18,0,1
decode,36,55,48,0,18,0,1
decode,36,56,49,0,18,0,1
decode,36,57,50,0,18,0,1
decode,36,58,51,0,18,0,1
decode,36,59,52,0,18,0,1
decode,36,60,53,0,18,0,1
decode,36,61,54,0,18,0,1
decode,36,62,55,0,18,0,1
decode,36,63,56,0,18,0,1
decode,36,64,57,0,18,0,1
decode,36,65,58,0,18,0,1
decode,36,66,59,0,18,0,1
decode,36,67,60,0,18,0,1
decode,36,68,61,0,18,0,1
decode,36,69,62,0,18,0,1
decode,36,70,63,0,18,0,1
decode,36,71,64,0,18,0,1
decode,36,72,65,0,18,0,1
decode,36,73,66,0,18,0,1
decode,36,74,67,0,18,0,1
decode,36,75,68,0,18,0,1
decode,36,76,69,0,18,0,1
decode,36,77,70,0,18,0,1
decode,36,78,71,0,18,0,1
decode,36,79,72,0,18,0,1
decode,36,80,73,0,18,0,1
decode,36,81,74,0,18,0,1
decode,36,82,75,0,18,0,1
decode,36,83,76,0,18,0,1
decode,36,84,77,0,18,0,1
decode,36,85,78,0,18,0,1
decode,36,86,79,0,18,0,1
decode,36,87,80,0,18,0,1
decode,36,88,81,0,18,0,1
decode,36,89,82,0,18,0,1
decode,36,90,83,0,18,0,1
decode,36,91,84,0,18,0,1
decode,36,92,85,0,18,0,1
decode,36,93,86,0,18,0,1
decode,36,94,87,0,18,0,1
decode,36,95,88,0,18,0,1
decode,36,96,89,0,18,0,1
decode,36,97,90,0,18,0,1
decode,36,98,91,0,18,0,1
decode,36,99,92,0,18,0,1
decode,36,100,93,0,18,0,1
decode,36,101,94,0,18,0,1
decode,36,102,95,0,18,0,1
decode,36,103,96,0,18,0,1
decode,36,104,97,0,18,0,1
decode,36,105,98,0,18,0,1
decode,36,106,99,0,18,0,1
decode,36,107,100,0,18,0,1
decode,36,108,101,0,18,0,1
decode,36,109,102,0,18,0,1
decode,36,110,103,0,18,0,1
decode,36,111,104,0,18,0,1
decode,36,112,105,0,18,0,1
decode,36,113,106,0,18,0,1
decode,36,114,107,0,18,0,1
decode,36,115,108,0,18,0,1
decode,36,116,109,0,18,0,1
decode,36,117,110,0,18,0,1
decode,36,118,111,0,18,0,1
decode,36,119,112,0,18,0,1
decode,36,120,113,0,18,0,1
decode,36,121,114,0,18,0,1
decode,36,122,115,0,18,0,1
decode,36,123,116,0,18,0,1
decode,36,124,117,0,18,0,1
decode,36,125,118,0,18,0,1
decode,36,126,119,0,18,0,1
decode,36,127,120,0,18,0,1
decode,36,128,121,0,18,0,1
decode,36,129,122,0,18,0,1
decode,36,130,123,0,18,0,1
decode,36,131,125,0,18,0,1
decode,36,132,126,0,18,0,1
decode,36,133,127,0,18,0,1
decode,36,134,128,0,18,0,1
decode,36,135,129,0,18,0,1
decode,36,136,130,0,18,0,1
decode,36,137,131,0,18,0,1
decode,36,138,132,0,18,0,1
decode,36,139,133,0,18,0,1
decode,36,140,134,0,18,0,1
decode,36,141,135,0,18,0,1
decode,36,142,136,0,18,0,1
decode,36,143,138,0,18,0,1
decode,36,144,139,0,18,0,1
decode,36,145,140,0,18,0,1
decode,36,146,141,0,18,0,1
decode,36,147,142,0,18,0,1
decode,36,148,143,0,18,0,1
decode,36,149,144,0,18,0,1
decode,36,150,145,0,18,0,1
decode,36,151,146,0,18,0,1
decode,36,152,147,0,18,0,1
decode,36,153,148,0,18,0,1
decode,36,154,149,0,18,0,1
decode,36,155,150,0,18,0,1
decode,36,156,151,0,18,0,1
decode,36,157,152,0,18,0,1
decode,36,158,153,0,18,0,1
decode,36,159,154,0,18,0,1
decode,36,160,155,0,18,0,1
decode,36,161,156,0,18,0,1
decode,36,162,157,0,18,0,1
decode,36,163,158,0,18,0,1
decode,36,164,159,0,18,0,1
decode,36,165,160,0,18,0,1
decode,36,166,161,0,18,0,1
decode,36,167,162,0,18,0,1
decode,36,168,163,0,18,0,1
decode,36,169,164,0,18,0,1
decode,36,170,165,0,18,0,1
decode,36,171,166,0,18,0,1
decode,36,172,167,0,18,0,1
decode,36,173,168,0,18,0,1
decode,36,174,169,0,18,0,1
decode,36,175,170,0,18,0,1
decode,36,176,171,0,18,0,1
decode,36,177,172,0,18,0,1
decode,36,178,174,0,18,0,1
decode,36,179,175,0,18,0,1
decode,36,180,176,0,18,0,1
decode,36,181,177,0,18,0,1
decode,36,182,178,0,18,0,1
decode,36,183,179,0,18,0,1
decode,36,184,180,0,18,0,1
decode,36,185,181,0,18,0,1
decode,36,186,182,0,18,0,1
decode,36,187,183,0,18,0,1
decode,36,188,184,0,18,0,1
decode,36,189,185,0,18,0,1
decode,36,190,186,0,18,0,1
decode,36,191,187,0,18,0,1
decode,36,192,188,0,18,0,1
decode,36,193,189,0,18,0,1
decode,36,194,190,0,18,0,1
decode,36,195,191,0,18,0,1
decode,36,196,192,0,18,0,1
decode,36,197,193,0,18,0,1
decode,36,198,194,0,18,0,1
decode,36,199,195,0,18,0,1
decode,36,200,196,0,18,0,1
decode,36,201,197,0,18,0,1
decode,36,202,198,0,18,0,1
decode,36,203,199,0,18,0,1
decode,36,204,200,0,18,0,1
decode,36,205,201,0,18,0,1
decode,36,206,202,0,18,0,1
decode,36,207,203,0,18,0,1
decode,36,208,204,0,18,0,1
decode,36,209,205,0,18,0,1
decode,36,210,206,0,18,0,1
decode,36,211,207,0,18,0,1
decode,36,212,208,0,18,0,1
decode,36,213,209,0,18,0,1
decode,36,214,210,0,18,0,1
decode,36,215,211,0,18,0,1
decode,36,216,212,0,18,0,1
decode,36,217,213,0,18,0,1
decode,36,218,214,0,18,0,1
decode,36,219,215,0,18,0,1
decode,36,220,216,0,18,0,1
decode,36,221,217,0,18,0,1
decode,36,222,218,0,18,0,1
decode,36,223,219,0,18,0,1
decode,36,224,220,0,18,0,1
decode,36,225,221,0,18,0,1
decode,36,226,224,0,18,0,1
decode,36,227,226,0,18,0,1
decode,36,228,227,0,18,0,1
decode,36,229,228,0,18,0,1
decode,36,230,229,0,18,0,1
decode,36,231,230,0,18,0,1
decode,36,232,231,0,18,0,1
decode,36,233,232,0,18,0,1
decode,36,234,233,0,18,0,1
decode,36,235,234,0,18,0,1
decode,36,236,235,0,18,0,1
decode,36,237,236,0,18,0,1
decode,36,238,237,0,18,0,1
decode,36,239,238,0,18,0,1
decode,36,240,239,0,18,0,1
decode,36,241,240,0,18,0,1
decode,36,242,241,0,18,0,1
decode,36,243,242,0,18,0,1
decode,36,244,243,0,18,0,1
decode,36,245,244,0,18,0,1
decode,36,246,245,0,18,0,1
decode,36,247,246,0,18,0,1
decode,36,248,247,0,18,0,1
decode,36,249,248,0,18,0,1
decode,36,250,249,0,18,0,1
decode,36,251,250,0,18,0,1
decode,36,252,251,0,18,0,1
decode,36,253,252,0,18,0,1
decode,36,254,253,0,18,0,1
decode,36,255,254,0,18,0,1
decode,36,256,255,0,18,0,1
decode,37,1,67,3,18,0.166666666666667,0.166666666666667
decode,37,2,160,3,18,0.166666666666667,0.333333333333333
decode,37,3,40,2,18,0.111111111111111,0.444444444444444
decode,37,4,66,2,18,0.111111111111111,0.555555555555556
decode,37,5,194,2,18,0.111111111111111,0.666666666666667
decode,37,6,12,1,18,0.0555555555555556,0.722222222222222
decode,37,7,74,1,18,0.0555555555555556,0.777777777777778
decode,37,8,158,1,18,0.0555555555555556,0.833333333333333
decode,37,9,181,1,18,0.0555555555555556,0.888888888888889
decode,37,10,222,1,18,0.0555555555555556,0.944444444444445
decode,37,11,231,1,18,0.0555555555555556,1
decode,37,12,0,0,18,0,1
decode,37,13,1,0,18,0,1
decode,37,14,2,0,18,0,1
decode,37,15,3,0,18,0,1
decode,37,16,4,0,18,0,1
decode,37,17,5,0,18,0,1
decode,37,18,6,0,18,0,1
decode,37,19,7,0,18,0,1
decode,37,20,8,0,18,0,1
decode,37,21,9,0,18,0,1
decode,37,22,10,0,18,0,1
decode,37,23,11,0,18,0,1
decode,37,24,13,0,18,0,1
decode,37,25,14,0,18,0,1
decode,37,26,15,0,18,0,1
decode,37,27,16,0,18,0,1
decode,37,28,17,0,18,0,1
decode,37,29,18,0,18,0,1
decode,37,30,19,0,18,0,1
decode,37,31,20,0,18,0,1
decode,37,32,21,0,18,0,1
decode,37,33,22,0,18,0,1
decode,37,34,23,0,18,0,1
decode,37,35,24,0,18,0,1
decode,37,36,25,0,18,0,1
decode,37,37,26,0,18,0,1
decode,37,38,27,0,18,0,1
decode,37,39,28,0,18,0,1
decode,37,40,29,0,18,0,1
decode,37,41,30,0,18,0,1
decode,37,42,31,0,18,0,1
decode,37,43,32,0,18,0,1
decode,37,44,33,0,18,0,1
decode,37,45,34,0,18,0,1
decode,37,46,35,0,18,0,1
decode,37,47,36,0,18,0,1
decode,37,48,37,0,18,0,1
decode,37,49,38,0,18,0,1
decode,37,50,39,0,18,0,1
decode,37,51,41,0,18,0,1
decode,37,52,42,0,18,0,1
decode,37,53,43,0,18,0,1
decode,37,54,44,0,18,0,1
decode,37,55,45,0,18,0,1
decode,37,56,46,0,18,0,1
decode,37,57,47,0,18,0,1
decode,37,58,48,0,18,0,1
decode,37,59,49,0,18,0,1
decode,37,60,50,0,18,0,1
decode,37,61,51,0,18,0,1
decode,37,62,52,0,18,0,1
decode,37,63,53,0,18,0,1
decode,37,64,54,0,18,0,1
decode,37,65,55,0,18,0,1
decode,37,66,56,0,18,0,1
decode,37,67,57,0,18,0,1
decode,37,68,58,0,18,0,1
decode,37,69,59,0,18,0,1
decode,37,70,60,0,18,0,1
decode,37,71,61,0,18,0,1
decode,37,72,62,0,18,0,1
decode,37,73,63,0,18,0,1
decode,37,74,64,0,18,0,1
decode,37,75,65,0,18,0,1
decode,37,76,68,0,18,0,1
decode,37,77,69,0,18,0,1
decode,37,78,70,0,18,0,1
decode,37,79,71,0,18,0,1
decode,37,80,72,0,18,0,1
decode,37,81,73,0,18,0,1
decode,37,82,75,0,18,0,1
decode,37,83,76,0,18,0,1
decode,37,84,77,0,18,0,1
decode,37,85,78,0,18,0,1
decode,37,86,79,0,18,0,1
decode,37,87,80,0,18,0,1
decode,37,88,81,0,18,0,1
decode,37,89,82,0,18,0,1
decode,37,90,83,0,18,0,1
decode,37,91,84,0,18,0,1
decode,37,92,85,0,18,0,1
decode,37,93,86,0,18,0,1
decode,37,94,87,0,18,0,1
decode,37,95,88,0,18,0,1
decode,37,96,89,0,18,0,1
decode,37,97,90,0,18,0,1
decode,37,98,91,0,18,0,1
decode,37,99,92,0,18,0,1
decode,37,100,93,0,18,0,1
decode,37,101,94,0,18,0,1
decode,37,102,95,0,18,0,1
decode,37,103,96,0,18,0,1
decode,37,104,97,0,18,0,1
decode,37,105,98,0,18,0,1
decode,37,106,99,0,18,0,1
decode,37,107,100,0,18,0,1
decode,37,108,101,0,18,0,1
decode,37,109,102,0,18,0,1
decode,37,110,103,0,18,0,1
decode,37,111,104,0,18,0,1
decode,37,112,105,0,18,0,1
decode,37,113,106,0,18,0,1
decode,37,114,107,0,18,0,1
decode,37,115,108,0,18,0,1
decode,37,116,109,0,18,0,1
decode,37,117,110,0,18,0,1
decode,37,118,111,0,18,0,1
decode,37,119,112,0,18,0,1
decode,37,120,113,0,18,0,1
decode,37,121,114,0,18,0,1
decode,37,122,115,0,18,0,1
decode,37,123,116,0,18,0,1
decode,37,124,117,0,18,0,1
decode,37,125,118,0,18,0,1
decode,37,126,119,0,18,0,1
decode,37,127,120,0,18,0,1
decode,37,128,121,0,18,0,1
decode,37,129,122,0,18,0,1
decode,37,130,123,0,18,0,1
decode,37,131,124,0,18,0,1
decode,37,132,125,0,18,0,1
decode,37,133,126,0,18,0,1
decode,37,134,127,0,18,0,1
decode,37,135,128,0,18,0,1
decode,37,136,129,0,18,0,1
decode,37,137,130,0,18,0,1
decode,37,138,131,0,18,0,1
decode,37,139,132,0,18,0,1
decode,37,140,133,0,18,0,1
decode,37,141,134,0,18,0,1
decode,37,142,135,0,18,0,1
decode,37,143,136,0,18,0,1
decode,37,144,137,0,18,0,1
decode,37,145,138,0,18,0,1
decode,37,146,139,0,18,0,1
decode,37,147,140,0,18,0,1
decode,37,148,141,0,18,0,1
decode,37,149,142,0,18,0,1
decode,37,150,143,0,18,0,1
decode,37,151,144,0,18,0,1
decode,37,152,145,0,18,0,1
decode,37,153,146,0,18,0,1
decode,37,154,147,0,18,0,1
decode,37,155,148,0,18,0,1
decode,37,156,149,0,18,0,1
decode,37,157,150,0,18,0,1
decode,37,158,151,0,18,0,1
decode,37,159,152,0,18,0,1
decode,37,160,153,0,18,0,1
decode,37,161,154,0,18,0,1
decode,37,162,155,0,18,0,1
decode,37,163,156,0,18,0,1
decode,37,164,157,0,18,0,1
decode,37,165,159,0,18,0,1
decode,37,166,161,0,18,0,1
decode,37,167,162,0,18,0,1
decode,37,168,163,0,18,0,1
decode,37,169,164,0,18,0,1
decode,37,170,165,0,18,0,1
decode,37,171,166,0,18,0,1
decode,37,172,167,0,18,0,1
decode,37,173,168,0,18,0,1
decode,37,174,169,0,18,0,1
decode,37,175,170,0,18,0,1
decode,37,176,171,0,18,0,1
decode,37,177,172,0,18,0,1
decode,37,178,173,0,18,0,1
decode,37,179,174,0,18,0,1
decode,37,180,175,0,18,0,1
decode,37,181,176,0,18,0,1
decode,37,182,177,0,18,0,1
decode,37,183,178,0,18,0,1
decode,37,184,179,0,18,0,1
decode,37,185,180,0,18,0,1
decode,37,186,182,0,18,0,1
decode,37,187,183,0,18,0,1
decode,37,188,184,0,18,0,1
decode,37,189,185,0,18,0,1
decode,37,190,186,0,18,0,1
decode,37,191,187,0,18,0,1
decode,37,192,188,0,18,0,1
decode,37,193,189,0,18,0,1
decode,37,194,190,0,18,0,1
decode,37,195,191,0,18,0,1
decode,37,196,192,0,18,0,1
decode,37,197,193,0,18,0,1
decode,37,198,195,0,18,0,1
decode,37,199,196,0,18,0,1
decode,37,200,197,0,18,0,1
decode,37,201,198,0,18,0,1
decode,37,202,199,0,18,0,1
decode,37,203,200,0,18,0,1
decode,37,204,201,0,18,0,1
decode,37,205,202,0,18,0,1
decode,37,206,203,0,18,0,1
decode,37,207,204,0,18,0,1
decode,37,208,205,0,18,0,1
decode,37,209,206,0,18,0,1
decode,37,210,207,0,18,0,1
decode,37,211,208,0,18,0,1
decode,37,212,209,0,18,0,1
decode,37,213,210,0,18,0,1
decode,37,214,211,0,18,0,1
decode,37,215,212,0,18,0,1
decode,37,216,213,0,18,0,1
decode,37,217,214,0,18,0,1
decode,37,218,215,0,18,0,1
decode,37,219,216,0,18,0,1
decode,37,220,217,0,18,0,1
decode,37,221,218,0,18,0,1
decode,37,222,219,0,18,0,1
decode,37,223,220,0,18,0,1
decode,37,224,221,0,18,0,1
decode,37,225,223,0,18,0,1
decode,37,226,224,0,18,0,1
decode,37,227,225,0,18,0,1
decode,37,228,226,0,18,0,1
decode,37,229,227,0,18,0,1
decode,37,230,228,0,18,0,1
decode,37,231,229,0,18,0,1
decode,37,232,230,0,18,0,1
decode,37,233,232,0,18,0,1
decode,37,234,233,0,18,0,1
decode,37,235,234,0,18,0,1
decode,37,236,235,0,18,0,1
decode,37,237,236,0,18,0,1
decode,37,238,237,0,18,0,1
decode,37,239,238,0,18,0,1
decode,37,240,239,0,18,0,1
decode,37,241,240,0,18,0,1
decode,37,242,241,0,18,0,1
decode,37,243,242,0,18,0,1
decode,37,244,243,0,18,0,1
decode,37,245,244,0,18,0,1
decode,37,246,245,0,18,0,1
decode,37,247,246,0,18,0,1
decode,37,248,247,0,18,0,1
decode,37,249,248,0,18,0,1
decode,37,250,249,0,18,0,1
decode,37,251,250,0,18,0,1
decode,37,252,251,0,18,0,1
decode,37,253,252,0,18,0,1
decode,37,254,253,0,18,0,1
decode,37,255,254,0,18,0,1
decode,37,256,255,0,18,0,1
decode,38,1,10,3,18,0.166666666666667,0.166666666666667
decode,38,2,95,3,18,0.166666666666667,0.333333333333333
decode,38,3,240,3,18,0.166666666666667,0.5
decode,38,4,68,2,18,0.111111111111111,0.611111111111111
decode,38,5,74,2,18,0.111111111111111,0.722222222222222
decode,38,6,26,1,18,0.0555555555555556,0.777777777777778
decode,38,7,98,1,18,0.0555555555555556,0.833333333333333
decode,38,8,106,1,18,0.0555555555555556,0.888888888888889
decode,38,9,156,1,18,0.0555555555555556,0.944444444444445
decode,38,10,234,1,18,0.0555555555555556,1
decode,38,11,0,0,18,0,1
decode,38,12,1,0,18,0,1
decode,38,13,2,0,18,0,1
decode,38,14,3,0,18,0,1
decode,38,15,4,0,18,0,1
decode,38,16,5,0,18,0,1
decode,38,17,6,0,18,0,1
decode,38,18,7,0,18,0,1
decode,38,19,8,0,18,0,1
decode,38,20,9,0,18,0,1
decode,38,21,11,0,18,0,1
decode,38,22,12,0,18,0,1
decode,38,23,13,0,18,0,1
decode,38,24,14,0,18,0,1
decode,38,25,15,0,18,0,1
decode,38,26,16,0,18,0,1
decode,38,27,17,0,18,0,1
decode,38,28,18,0,18,0,1
decode,38,29,19,0,18,0,1
decode,38,30,20,0,18,0,1
decode,38,31,21,0,18,0,1
decode,38,32,22,0,18,0,1
decode,38,33,23,0,18,0,1
decode,38,34,24,0,18,0,1
decode,38,35,25,0,18,0,1
decode,38,36,27,0,18,0,1
decode,38,37,28,0,18,0,1
decode,38,38,29,0,18,0,1
decode,38,39,30,0,18,0,1
decode,38,40,31,0,18,0,1
decode,38,41,32,0,18,0,1
decode,38,42,33,0,18,0,1
decode,38,43,34,0,18,0,1
decode,38,44,35,0,18,0,1
decode,38,45,36,0,18,0,1
decode,38,46,37,0,18,0,1
decode,38,47,38,0,18,0,1
decode,38,48,39,0,18,0,1
decode,38,49,40,0,18,0,1
decode,38,50,41,0,18,0,1
decode,38,51,42,0,18,0,1
decode,38,52,43,0,18,0,1
decode,38,53,44,0,18,0,1
decode,38,54,45,0,18,0,1
decode,38,55,46,0,18,0,1
decode,38,56,47,0,18,0,1
decode,38,57,48,0,18,0,1
decode,38,58,49,0,18,0,1
decode,38,59,50,0,18,0,1
decode,38,60,51,0,18,0,1
decode,38,61,52,0,18,0,1
decode,38,62,53,0,18,0,1
decode,38,63,54,0,18,0,1
decode,38,64,55,0,18,0,1
decode,38,65,56,0,18,0,1
decode,38,66,57,0,18,0,1
decode,38,67,58,0,18,0,1
decode,38,68,59,0,18,0,1
decode,38,69,60,0,18,0,1
decode,38,70,61,0,18,0,1
decode,38,71,62,0,18,0,1
decode,38,72,63,0,18,0,1
decode,38,73,64,0,18,0,1
decode,38,74,65,0,18,0,1
decode,38,75,66,0,18,0,1
decode,38,76,67,0,18,0,1
decode,38,77,69,0,18,0,1
decode,38,78,70,0,18,0,1
decode,38,79,71,0,18,0,1
decode,38,80,72,0,18,0,1
decode,38,81,73,0,18,0,1
decode,38,82,75,0,18,0,1
decode,38,83,76,0,18,0,1
decode,38,84,77,0,18,0,1
decode,38,85,78,0,18,0,1
decode,38,86,79,0,18,0,1
decode,38,87,80,0,18,0,1
decode,38,88,81,0,18,0,1
decode,38,89,82,0,18,0,1
decode,38,90,83,0,18,0,1
decode,38,91,84,0,18,0,1
decode,38,92,85,0,18,0,1
decode,38,93,86,0,18,0,1
decode,38,94,87,0,18,0,1
decode,38,95,88,0,18,0,1
decode,38,96,89,0,18,0,1
decode,38,97,90,0,18,0,1
decode,38,98,91,0,18,0,1
decode,38,99,92,0,18,0,1
decode,38,100,93,0,18,0,1
decode,38,101,94,0,18,0,1
decode,38,102,96,0,18,0,1
decode,38,103,97,0,18,0,1
decode,38,104,99,0,18,0,1
decode,38,105,100,0,18,0,1
decode,38,106,101,0,18,0,1
decode,38,107,102,0,18,0,1
decode,38,108,103,0,18,0,1
decode,38,109,104,0,18,0,1
decode,38,110,105,0,18,0,1
decode,38,111,107,0,18,0,1
decode,38,112,108,0,18,0,1
decode,38,113,109,0,18,0,1
decode,38,114,110,0,18,0,1
decode,38,115,111,0,18,0,1
decode,38,116,112,0,18,0,1
decode,38,117,113,0,18,0,1
decode,38,118,114,0,18,0,1
decode,38,119,115,0,18,0,1
decode,38,120,116,0,18,0,1
decode,38,121,117,0,18,0,1
decode,38,122,118,0,18,0,1
decode,38,123,119,0,18,0,1
decode,38,124,120,0,18,0,1
decode,38,125,121,0,18,0,1
decode,38,126,122,0,18,0,1
decode,38,127,123,0,18,0,1
decode,38,128,124,0,18,0,1
decode,38,129,125,0,18,0,1
decode,38,130,126,0,18,0,1
decode,38,131,127,0,18,0,1
decode,38,132,128,0,18,0,1
decode,38,133,129,0,18,0,1
decode,38,134,130,0,18,0,1
decode,38,135,131,0,18,0,1
decode,38,136,132,0,18,0,1
decode,38,137,133,0,18,0,1
decode,38,138,134,0,18,0,1
decode,38,139,135,0,18,0,1
decode,38,140,136,0,18,0,1
decode,38,141,137,0,18,0,1
decode,38,142,138,0,18,0,1
decode,38,143,139,0,18,0,1
decode,38,144,140,0,18,0,1
decode,38,145,141,0,18,0,1
decode,38,146,142,0,18,0,1
decode,38,147,143,0,18,0,1
decode,38,148,144,0,18,0,1
decode,38,149,145,0,18,0,1
decode,38,150,146,0,18,0,1
decode,38,151,147,0,18,0,1
decode,38,152,148,0,18,0,1
decode,38,153,149,0,18,0,1
decode,38,154,150,0,18,0,1
decode,38,155,151,0,18,0,1
decode,38,156,152,0,18,0,1
decode,38,157,153,0,18,0,1
decode,38,158,154,0,18,0,1
decode,38,159,155,0,18,0,1
decode,38,160,157,0,18,0,1
decode,38,161,158,0,18,0,1
decode,38,162,159,0,18,0,1
decode,38,163,160,0,18,0,1
decode,38,164,161,0,18,0,1
decode,38,165,162,0,18,0,1
decode,38,166,163,0,18,0,1
decode,38,167,164,0,18,0,1
decode,38,168,165,0,18,0,1
decode,38,169,166,0,18,0,1
decode,38,170,167,0,18,0,1
decode,38,171,168,0,18,0,1
decode,38,172,169,0,18,0,1
decode,38,173,170,0,18,0,1
decode,38,174,171,0,18,0,1
decode,38,175,172,0,18,0,1
decode,38,176,173,0,18,0,1
decode,38,177,174,0,18,0,1
decode,38,178,175,0,18,0,1
decode,38,179,176,0,18,0,1
decode,38,180,177,0,18,0,1
decode,38,181,178,0,18,0,1
decode,38,182,179,0,18,0,1
decode,38,183,180,0,18,0,1
decode,38,184,181,0,18,0,1
decode,38,185,182,0,18,0,1
decode,38,186,183,0,18,0,1
decode,38,187,184,0,18,0,1
decode,38,188,185,0,18,0,1
decode,38,189,186,0,18,0,1
decode,38,190,187,0,18,0,1
decode,38,191,188,0,18,0,1
decode,38,192,189,0,18,0,1
decode,38,193,190,0,18,0,1
decode,38,194,191,0,18,0,1
decode,38,195,192,0,18,0,1
decode,38,196,193,0,18,0,1
decode,38,197,194,0,18,0,1
decode,38,198,195,0,18,0,1
decode,38,199,196,0,18,0,1
decode,38,200,197,0,18,0,1
decode,38,201,198,0,18,0,1
decode,38,202,199,0,18,0,1
decode,38,203,200,0,18,0,1
decode,38,204,201,0,18,0,1
decode,38,205,202,0,18,0,1
decode,38,206,203,0,18,0,1
decode,38,207,204,0,18,0,1
decode,38,208,205,0,18,0,1
decode,38,209,206,0,18,0,1
decode,38,210,207,0,18,0,1
decode,38,211,208,0,18,0,1
decode,38,212,209,0,18,0,1
decode,38,213,210,0,18,0,1
decode,38,214,211,0,18,0,1
decode,38,215,212,0,18,0,1
decode,38,216,213,0,18,0,1
decode,38,217,214,0,18,0,1
decode,38,218,215,0,18,0,1
decode,38,219,216,0,18,0,1
decode,38,220,217,0,18,0,1
decode,38,221,218,0,18,0,1
decode,38,222,219,0,18,0,1
decode,38,223,220,0,18,0,1
decode,38,224,221,0,18,0,1
decode,38,225,222,0,18,0,1
decode,38,226,223,0,18,0,1
decode,38,227,224,0,18,0,1
decode,38,228,225,0,18,0,1
decode,38,229,226,0,18,0,1
decode,38,230,227,0,18,0,1
decode,38,231,228,0,18,0,1
decode,38,232,229,0,18,0,1
decode,38,233,230,0,18,0,1
decode,38,234,231,0,18,0,1
decode,38,235,232,0,18,0,1
decode,38,236,233,0,18,0,1
decode,38,237,235,0,18,0,1
decode,38,238,236,0,18,0,1
decode,38,239,237,0,18,0,1
decode,38,240,238,0,18,0,1
decode,38,241,239,0,18,0,1
decode,38,242,241,0,18,0,1
decode,38,243,242,0,18,0,1
decode,38,244,243,0,18,0,1
decode,38,245,244,0,18,0,1
decode,38,246,245,0,18,0,1
decode,38,247,246,0,18,0,1
decode,38,248,247,0,18,0,1
decode,38,249,248,0,18,0,1
decode,38,250,249,0,18,0,1
decode,38,251,250,0,18,0,1
decode,38,252,251,0,18,0,1
decode,38,253,252,0,18,0,1
decode,38,254,253,0,18,0,1
decode,38,255,254,0,18,0,1
decode,38,256,255,0,18,0,1
decode,39,1,29,2,18,0.111111111111111,0.111111111111111
decode,39,2,113,2,18,0.111111111111111,0.222222222222222
decode,39,3,114,2,18,0.111111111111111,0.333333333333333
decode,39,4,131,2,18,0.111111111111111,0.444444444444444
decode,39,5,156,2,18,0.111111111111111,0.555555555555556
decode,39,6,23,1,18,0.0555555555555556,0.611111111111111
decode,39,7,49,1,18,0.0555555555555556,0.666666666666667
decode,39,8,142,1,18,0.0555555555555556,0.722222222222222
decode,39,9,180,1,18,0.0555555555555556,0.777777777777778
decode,39,10,210,1,18,0.0555555555555556,0.833333333333333
decode,39,11,224,1,18,0.0555555555555556,0.888888888888889
decode,39,12,243,1,18,0.0555555555555556,0.944444444444445
decode,39,13,249,1,18,0.0555555555555556,1
decode,39,14,0,0,18,0,1
decode,39,15,1,0,18,0,1
decode,39,16,2,0,18,0,1
decode,39,17,3,0,18,0,1
decode,39,18,4,0,18,0,1
decode,39,19,5,0,18,0,1
decode,39,20,6,0,18,0,1
decode,39,21,7,0,18,0,1
decode,39,22,8,0,18,0,1
decode,39,23,9,0,18,0,1
decode,39,24,10,0,18,0,1
decode,39,25,11,0,18,0,1
decode,39,26,12,0,18,0,1
decode,39,27,13,0,18,0,1
decode,39,28,14,0,18,0,1
decode,39,29,15,0,18,0,1
decode,39,30,16,0,18,0,1
decode,39,31,17,0,18,0,1
decode,39,32,18,0,18,0,1
decode,39,33,19,0,18,0,1
decode,39,34,20,0,18,0,1
decode,39,35,21,0,18,0,1
decode,39,36,22,0,18,0,1
decode,39,37,24,0,18,0,1
decode,39,38,25,0,18,0,1
decode,39,39,26,0,18,0,1
decode,39,40,27,0,18,0,1
decode,39,41,28,0,18,0,1
decode,39,42,30,0,18,0,1
decode,39,43,31,0,18,0,1
decode,39,44,32,0,18,0,1
decode,39,45,33,0,18,0,1
decode,39,46,34,0,18,0,1
decode,39,47,35,0,18,0,1
decode,39,48,36,0,18,0,1
decode,39,49,37,0,18,0,1
decode,39,50,38,0,18,0,1
decode,39,51,39,0,18,0,1
decode,39,52,40,0,18,0,1
decode,39,53,41,0,18,0,1
decode,39,54,42,0,18,0,1
decode,39,55,43,0,18,0,1
decode,39,56,44,0,18,0,1
decode,39,57,45,0,18,0,1
decode,39,58,46,0,18,0,1
decode,39,59,47,0,18,0,1
decode,39,60,48,0,18,0,1
decode,39,61,50,0,18,0,1
decode,39,62,51,0,18,0,1
decode,39,63,52,0,18,0,1
decode,39,64,53,0,18,0,1
decode,39,65,54,0,18,0,1
decode,39,66,55,0,18,0,1
decode,39,67,56,0,18,0,1
decode,39,68,57,0,18,0,1
decode,39,69,58,0,18,0,1
decode,39,70,59,0,18,0,1
decode,39,71,60,0,18,0,1
decode,39,72,61,0,18,0,1
decode,39,73,62,0,18,0,1
decode,39,74,63,0,18,0,1
decode,39,75,64,0,18,0,1
decode,39,76,65,0,18,0,1
decode,39,77,66,0,18,0,1
decode,39,78,67,0,18,0,1
decode,39,79,68,0,18,0,1
decode,39,80,69,0,18,0,1
decode,39,81,70,0,18,0,1
decode,39,82,71,0,18,0,1
decode,39,83,72,0,18,0,1
decode,39,84,73,0,18,0,1
decode,39,85,74,0,18,0,1
decode,39,86,75,0,18,0,1
decode,39,87,76,0,18,0,1
decode,39,88,77,0,18,0,1
decode,39,89,78,0,18,0,1
decode,39,90,79,0,18,0,1
decode,39,91,80,0,18,0,1
decode,39,92,81,0,18,0,1
decode,39,93,82,0,18,0,1
decode,39,94,83,0,18,0,1
decode,39,95,84,0,18,0,1
decode,39,96,85,0,18,0,1
decode,39,97,86,0,18,0,1
decode,39,98,87,0,18,0,1
decode,39,99,88,0,18,0,1
decode,39,100,89,0,18,0,1
decode,39,101,90,0,18,0,1
decode,39,102,91,0,18,0,1
decode,39,103,92,0,18,0,1
decode,39,104,93,0,18,0,1
decode,39,105,94,0,18,0,1
decode,39,106,95,0,18,0,1
decode,39,107,96,0,18,0,1
decode,39,108,97,0,18,0,1
decode,39,109,98,0,18,0,1
decode,39,110,99,0,18,0,1
decode,39,111,100,0,18,0,1
decode,39,112,101,0,18,0,1
decode,39,113,102,0,18,0,1
decode,39,114,103,0,18,0,1
decode,39,115,104,0,18,0,1
decode,39,116,105,0,18,0,1
decode,39,117,106,0,18,0,1
decode,39,118,107,0,18,0,1
decode,39,119,108,0,18,0,1
decode,39,120,109,0,18,0,1
decode,39,121,110,0,18,0,1
decode,39,122,111,0,18,0,1
decode,39,123,112,0,18,0,1
decode,39,124,115,0,18,0,1
decode,39,125,116,0,18,0,1
decode,39,126,117,0,18,0,1
decode,39,127,118,0,18,0,1
decode,39,128,119,0,18,0,1
decode,39,129,120,0,18,0,1
decode,39,130,121,0,18,0,1
decode,39,131,122,0,18,0,1
decode,39,132,123,0,18,0,1
decode,39,133,124,0,18,0,1
decode,39,134,125,0,18,0,1
decode,39,135,126,0,18,0,1
decode,39,136,127,0,18,0,1
decode,39,137,128,0,18,0,1
decode,39,138,129,0,18,0,1
decode,39,139,130,0,18,0,1
decode,39,140,132,0,18,0,1
decode,39,141,133,0,18,0,1
decode,39,142,134,0,18,0,1
decode,39,143,135,0,18,0,1
decode,39,144,136,0,18,0,1
decode,39,145,137,0,18,0,1
decode,39,146,138,0,18,0,1
decode,39,147,139,0,18,0,1
decode,39,148,140,0,18,0,1
decode,39,149,141,0,18,0,1
decode,39,150,143,0,18,0,1
decode,39,151,144,0,18,0,1
decode,39,152,145,0,18,0,1
decode,39,153,146,0,18,0,1
decode,39,154,147,0,18,0,1
decode,39,155,148,0,18,0,1
decode,39,156,149,0,18,0,1
decode,39,157,150,0,18,0,1
decode,39,158,151,0,18,0,1
decode,39,159,152,0,18,0,1
decode,39,160,153,0,18,0,1
decode,39,161,154,0,18,0,1
decode,39,162,155,0,18,0,1
decode,39,163,157,0,18,0,1
decode,39,164,158,0,18,0,1
decode,39,165,159,0,18,0,1
decode,39,166,160,0,18,0,1
decode,39,167,161,0,18,0,1
decode,39,168,162,0,18,0,1
decode,39,169,163,0,18,0,1
decode,39,170,164,0,18,0,1
decode,39,171,165,0,18,0,1
decode,39,172,166,0,18,0,1
decode,39,173,167,0,18,0,1
decode,39,174,168,0,18,0,1
decode,39,175,169,0,18,0,1
decode,39,176,170,0,18,0,1
decode,39,177,171,0,18,0,1
decode,39,178,172,0,18,0,1
decode,39,179,173,0,18,0,1
decode,39,180,174,0,18,0,1
decode,39,181,175,0,18,0,1
decode,39,182,176,0,18,0,1
decode,39,183,177,0,18,0,1
decode,39,184,178,0,18,0,1
decode,39,185,179,0,18,0,1
decode,39,186,181,0,18,0,1
decode,39,187,182,0,18,0,1
decode,39,188,183,0,18,0,1
decode,39,189,184,0,18,0,1
decode,39,190,185,0,18,0,1
decode,39,191,186,0,18,0,1
decode,39,192,187,0,18,0,1
decode,39,193,188,0,18,0,1
decode,39,194,189,0,18,0,1
decode,39,195,190,0,18,0,1
decode,39,196,191,0,18,0,1
decode,39,197,192,0,18,0,1
decode,39,198,193,0,18,0,1
decode,39,199,194,0,18,0,1
decode,39,200,195,0,18,0,1
decode,39,201,196,0,18,0,1
decode,39,202,197,0,18,0,1
decode,39,203,198,0,18,0,1
decode,39,204,199,0,18,0,1
decode,39,205,200,0,18,0,1
decode,39,206,201,0,18,0,1
decode,39,207,202,0,18,0,1
decode,39,208,203,0,18,0,1
decode,39,209,204,0,18,0,1
decode,39,210,205,0,18,0,1
decode,39,211,206,0,18,0,1
decode,39,212,207,0,18,0,1
decode,39,213,208,0,18,0,1
decode,39,214,209,0,18,0,1
decode,39,215,211,0,18,0,1
decode,39,216,212,0,18,0,1
decode,39,217,213,0,18,0,1
decode,39,218,214,0,18,0,1
decode,39,219,215,0,18,0,1
decode,39,220,216,0,18,0,1
decode,39,221,217,0,18,0,1
decode,39,222,218,0,18,0,1
decode,39,223,219,0,18,0,1
decode,39,224,220,0,18,0,1
decode,39,225,221,0,18,0,1
decode,39,226,222,0,18,0,1
decode,39,227,223,0,18,0,1
decode,39,228,225,0,18,0,1
decode,39,229,226,0,18,0,1
decode,39,230,227,0,18,0,1
decode,39,231,228,0,18,0,1
decode,39,232,229,0,18,0,1
decode,39,233,230,0,18,0,1
decode,39,234,231,0,18,0,1
decode,39,235,232,0,18,0,1
decode,39,236,233,0,18,0,1
decode,39,237,234,0,18,0,1
decode,39,238,235,0,18,0,1
decode,39,239,236,0,18,0,1
decode,39,240,237,0,18,0,1
decode,39,241,238,0,18,0,1
decode,39,242,239,0,18,0,1
decode,39,243,240,0,18,0,1
decode,39,244,241,0,18,0,1
decode,39,245,242,0,18,0,1
decode,39,246,244,0,18,0,1
decode,39,247,245,0,18,0,1
decode,39,248,246,0,18,0,1
decode,39,249,247,0,18,0,1
decode,39,250,248,0,18,0,1
decode,39,251,250,0,18,0,1
decode,39,252,251,0,18,0,1
decode,39,253,252,0,18,0,1
decode,39,254,253,0,18,0,1
decode,39,255,254,0,18,0,1
decode,39,256,255,0,18,0,1
decode,40,1,62,3,18,0.166666666666667,0.166666666666667
decode,40,2,74,3,18,0.166666666666667,0.333333333333333
decode,40,3,223,3,18,0.166666666666667,0.5
decode,40,4,128,2,18,0.111111111111111,0.611111111111111
decode,40,5,195,2,18,0.111111111111111,0.722222222222222
decode,40,6,4,1,18,0.0555555555555556,0.777777777777778
decode,40,7,34,1,18,0.0555555555555556,0.833333333333333
decode,40,8,122,1,18,0.0555555555555556,0.888888888888889
decode,40,9,157,1,18,0.0555555555555556,0.944444444444445
decode,40,10,216,1,18,0.0555555555555556,1
decode,40,11,0,0,18,0,1
decode,40,12,1,0,18,0,1
decode,40,13,2,0,18,0,1
decode,40,14,3,0,18,0,1
decode,40,15,5,0,18,0,1
decode,40,16,6,0,18,0,1
decode,40,17,7,0,18,0,1
decode,40,18,8,0,18,0,1
decode,40,19,9,0,18,0,1
decode,40,20,10,0,18,0,1
decode,40,21,11,0,18,0,1
decode,40,22,12,0,18,0,1
decode,40,23,13,0,18,0,1
decode,40,24,14,0,18,0,1
decode,40,25,15,0,18,0,1
decode,40,26,16,0,18,0,1
decode,40,27,17,0,18,0,1
decode,40,28,18,0,18,0,1
decode,40,29,19,0,18,0,1
decode,40,30,20,0,18,0,1
decode,40,31,21,0,18,0,1
decode,40,32,22,0,18,0,1
decode,40,33,23,0,18,0,1
decode,40,34,24,0,18,0,1
decode,40,35,25,0,18,0,1
decode,40,36,26,0,18,0,1
decode,40,37,27,0,18,0,1
decode,40,38,28,0,18,0,1
decode,40,39,29,0,18,0,1
decode,40,40,30,0,18,0,1
decode,40,41,31,0,18,0,1
decode,40,42,32,0,18,0,1
decode,40,43,33,0,18,0,1
decode,40,44,35,0,18,0,1
decode,40,45,36,0,18,0,1
decode,40,46,37,0,18,0,1
decode,40,47,38,0,18,0,1
decode,40,48,39,0,18,0,1
decode,40,49,40,0,18,0,1
decode,40,50,41,0,18,0,1
decode,40,51,42,0,18,0,1
decode,40,52,43,0,18,0,1
decode,40,53,44,0,18,0,1
decode,40,54,45,0,18,0,1
decode,40,55,46,0,18,0,1
decode,40,56,47,0,18,0,1
decode,40,57,48,0,18,0,1
decode,40,58,49,0,18,0,1
decode,40,59,50,0,18,0,1
decode,40,60,51,0,18,0,1
decode,40,61,52,0,18,0,1
decode,40,62,53,0,18,0,1
decode,40,63,54,0,18,0,1
decode,40,64,55,0,18,0,1
decode,40,65,56,0,18,0,1
decode,40,66,57,0,18,0,1
decode,40,67,58,0,18,0,1
decode,40,68,59,0,18,0,1
decode,40,69,60,0,18,0,1
decode,40,70,61,0,18,0,1
decode,40,71,63,0,18,0,1
decode,40,72,64,0,18,0,1
decode,40,73,65,0,18,0,1
decode,40,74,66,0,18,0,1
decode,40,75,67,0,18,0,1
decode,40,76,68,0,18,0,1
decode,40,77,69,0,18,0,1
decode,40,78,70,0,18,0,1
decode,40,79,71,0,18,0,1
decode,40,80,72,0,18,0,1
decode,40,81,73,0,18,0,1
decode,40,82,75,0,18,0,1
decode,40,83,76,0,18,0,1
decode,40,84,77,0,18,0,1
decode,40,85,78,0,18,0,1
decode,40,86,79,0,18,0,1
decode,40,87,80,0,18,0,1
decode,40,88,81,0,18,0,1
decode,40,89,82,0,18,0,1
decode,40,90,83,0,18,0,1
decode,40,91,84,0,18,0,1
decode,40,92,85,0,18,0,1
decode,40,93,86,0,18,0,1
decode,40,94,87,0,18,0,1
decode,40,95,88,0,18,0,1
decode,40,96,89,0,18,0,1
decode,40,97,90,0,18,0,1
decode,40,98,91,0,18,0,1
decode,40,99,92,0,18,0,1
decode,40,100,93,0,18,0,1
decode,40,101,94,0,18,0,1
decode,40,102,95,0,18,0,1
decode,40,103,96,0,18,0,1
decode,40,104,97,0,18,0,1
decode,40,105,98,0,18,0,1
decode,40,106,99,0,18,0,1
decode,40,107,100,0,18,0,1
decode,40,108,101,0,18,0,1
decode,40,109,102,0,18,0,1
decode,40,110,103,0,18,0,1
decode,40,111,104,0,18,0,1
decode,40,112,105,0,18,0,1
decode,40,113,106,0,18,0,1
decode,40,114,107,0,18,0,1
decode,40,115,108,0,18,0,1
decode,40,116,109,0,18,0,1
decode,40,117,110,0,18,0,1
decode,40,118,111,0,18,0,1
decode,40,119,112,0,18,0,1
decode,40,120,113,0,18,0,1
decode,40,121,114,0,18,0,1
decode,40,122,115,0,18,0,1
decode,40,123,116,0,18,0,1
decode,40,124,117,0,18,0,1
decode,40,125,118,0,18,0,1
decode,40,126,119,0,18,0,1
decode,40,127,120,0,18,0,1
decode,40,128,121,0,18,0,1
decode,40,129,123,0,18,0,1
decode,40,130,124,0,18,0,1
decode,40,131,125,0,18,0,1
decode,40,132,126,0,18,0,1
decode,40,133,127,0,18,0,1
decode,40,134,129,0,18,0,1
decode,40,135,130,0,18,0,1
decode,40,136,131,0,18,0,1
decode,40,137,132,0,18,0,1
decode,40,138,133,0,18,0,1
decode,40,139,134,0,18,0,1
decode,40,140,135,0,18,0,1
decode,40,141,136,0,18,0,1
decode,40,142,137,0,18,0,1
decode,40,143,138,0,18,0,1
decode,40,144,139,0,18,0,1
decode,40,145,140,0,18,0,1
decode,40,146,141,0,18,0,1
decode,40,147,142,0,18,0,1
decode,40,148,143,0,18,0,1
decode,40,149,144,0,18,0,1
decode,40,150,145,0,18,0,1
decode,40,151,146,0,18,0,1
decode,40,152,147,0,18,0,1
decode,40,153,148,0,18,0,1
decode,40,154,149,0,18,0,1
decode,40,155,150,0,18,0,1
decode,40,156,151,0,18,0,1
decode,40,157,152,0,18,0,1
decode,40,158,153,0,18,0,1
decode,40,159,154,0,18,0,1
decode,40,160,155,0,18,0,1
decode,40,161,156,0,18,0,1
decode,40,162,158,0,18,0,1
decode,40,163,159,0,18,0,1
decode,40,164,160,0,18,0,1
decode,40,165,161,0,18,0,1
decode,40,166,162,0,18,0,1
decode,40,167,163,0,18,0,1
decode,40,168,164,0,18,0,1
decode,40,169,165,0,18,0,1
decode,40,170,166,0,18,0,1
decode,40,171,167,0,18,0,1
decode,40,172,168,0,18,0,1
decode,40,173,169,0,18,0,1
decode,40,174,170,0,18,0,1
decode,40,175,171,0,18,0,1
decode,40,176,172,0,18,0,1
decode,40,177,173,0,18,0,1
decode,40,178,174,0,18,0,1
decode,40,179,175,0,18,0,1
decode,40,180,176,0,18,0,1
decode,40,181,177,0,18,0,1
decode,40,182,178,0,18,0,1
decode,40,183,179,0,18,0,1
decode,40,184,180,0,18,0,1
decode,40,185,181,0,18,0,1
decode,40,186,182,0,18,0,1
decode,40,187,183,0,18,0,1
decode,40,188,184,0,18,0,1
decode,40,189,185,0,18,0,1
decode,40,190,186,0,18,0,1
decode,40,191,187,0,18,0,1
decode,40,192,188,0,18,0,1
decode,40,193,189,0,18,0,1
decode,40,194,190,0,18,0,1
decode,40,195,191,0,18,0,1
decode,40,196,192,0,18,0,1
decode,40,197,193,0,18,0,1
decode,40,198,194,0,18,0,1
decode,40,199,196,0,18,0,1
decode,40,200,197,0,18,0,1
decode,40,201,198,0,18,0,1
decode,40,202,199,0,18,0,1
decode,40,203,200,0,18,0,1
decode,40,204,201,0,18,0,1
decode,40,205,202,0,18,0,1
decode,40,206,203,0,18,0,1
decode,40,207,204,0,18,0,1
decode,40,208,205,0,18,0,1
decode,40,209,206,0,18,0,1
decode,40,210,207,0,18,0,1
decode,40,211,208,0,18,0,1
decode,40,212,209,0,18,0,1
decode,40,213,210,0,18,0,1
decode,40,214,211,0,18,0,1
decode,40,215,212,0,18,0,1
decode,40,216,213,0,18,0,1
decode,40,217,214,0,18,0,1
decode,40,218,215,0,18,0,1
decode,40,219,217,0,18,0,1
decode,40,220,218,0,18,0,1
decode,40,221,219,0,18,0,1
decode,40,222,220,0,18,0,1
decode,40,223,221,0,18,0,1
decode,40,224,222,0,18,0,1
decode,40,225,224,0,18,0,1
decode,40,226,225,0,18,0,1
decode,40,227,226,0,18,0,1
decode,40,228,227,0,18,0,1
decode,40,229,228,0,18,0,1
decode,40,230,229,0,18,0,1
decode,40,231,230,0,18,0,1
decode,40,232,231,0,18,0,1
decode,40,233,232,0,18,0,1
decode,40,234,233,0,18,0,1
decode,40,235,234,0,18,0,1
decode,40,236,235,0,18,0,1
decode,40,237,236,0,18,0,1
decode,40,238,237,0,18,0,1
decode,40,239,238,0,18,0,1
decode,40,240,239,0,18,0,1
decode,40,241,240,0,18,0,1
decode,40,242,241,0,18,0,1
decode,40,243,242,0,18,0,1
decode,40,244,243,0,18,0,1
decode,40,245,244,0,18,0,1
decode,40,246,245,0,18,0,1
decode,40,247,246,0,18,0,1
decode,40,248,247,0,18,0,1
decode,40,249,248,0,18,0,1
decode,40,250,249,0,18,0,1
decode,40,251,250,0,18,0,1
decode,40,252,251,0,18,0,1
decode,40,253,252,0,18,0,1
decode,40,254,253,0,18,0,1
decode,40,255,254,0,18,0,1
decode,40,256,255,0,18,0,1
decode,41,1,42,3,18,0.166666666666667,0.166666666666667
decode,41,2,66,3,18,0.166666666666667,0.333333333333333
decode,41,3,97,3,18,0.166666666666667,0.5
decode,41,4,213,3,18,0.166666666666667,0.666666666666667
decode,41,5,134,2,18,0.111111111111111,0.777777777777778
decode,41,6,169,2,18,0.111111111111111,0.888888888888889
decode,41,7,78,1,18,0.0555555555555556,0.944444444444444
decode,41,8,158,1,18,0.0555555555555556,1
decode,41,9,0,0,18,0,1
decode,41,10,1,0,18,0,1
decode,41,11,2,0,18,0,1
decode,41,12,3,0,18,0,1
decode,41,13,4,0,18,0,1
decode,41,14,5,0,18,0,1
decode,41,15,6,0,18,0,1
decode,41,16,7,0,18,0,1
decode,41,17,8,0,18,0,1
decode,41,18,9,0,18,0,1
decode,41,19,10,0,18,0,1
decode,41,20,11,0,18,0,1
decode,41,21,12,0,18,0,1
decode,41,22,13,0,18,0,1
decode,41,23,14,0,18,0,1
decode,41,24,15,0,18,0,1
decode,41,25,16,0,18,0,1
decode,41,26,17,0,18,0,1
decode,41,27,18,0,18,0,1
decode,41,28,19,0,18,0,1
decode,41,29,20,0,18,0,1
decode,41,30,21,0,18,0,1
decode,41,31,22,0,18,0,1
decode,41,32,23,0,18,0,1
decode,41,33,24,0,18,0,1
decode,41,34,25,0,18,0,1
decode,41,35,26,0,18,0,1
decode,41,36,27,0,18,0,1
decode,41,37,28,0,18,0,1
decode,41,38,29,0,18,0,1
decode,41,39,30,0,18,0,1
decode,41,40,31,0,18,0,1
decode,41,41,32,0,18,0,1
decode,41,42,33,0,18,0,1
decode,41,43,34,0,18,0,1
decode,41,44,35,0,18,0,1
decode,41,45,36,0,18,0,1
decode,41,46,37,0,18,0,1
decode,41,47,38,0,18,0,1
decode,41,48,39,0,18,0,1
decode,41,49,40,0,18,0,1
decode,41,50,41,0,18,0,1
decode,41,51,43,0,18,0,1
decode,41,52,44,0,18,0,1
decode,41,53,45,0,18,0,1
decode,41,54,46,0,18,0,1
decode,41,55,47,0,18,0,1
decode,41,56,48,0,18,0,1
decode,41,57,49,0,18,0,1
decode,41,58,50,0,18,0,1
decode,41,59,51,0,18,0,1
decode,41,60,52,0,18,0,1
decode,41,61,53,0,18,0,1
decode,41,62,54,0,18,0,1
decode,41,63,55,0,18,0,1
decode,41,64,56,0,18,0,1
decode,41,65,57,0,18,0,1
decode,41,66,58,0,18,0,1
decode,41,67,59,0,18,0,1
decode,41,68,60,0,18,0,1
decode,41,69,61,0,18,0,1
decode,41,70,62,0,18,0,1
decode,41,71,63,0,18,0,1
decode,41,72,64,0,18,0,1
decode,41,73,65,0,18,0,1
decode,41,74,67,0,18,0,1
decode,41,75,68,0,18,0,1
decode,41,76,69,0,18,0,1
decode,41,77,70,0,18,0,1
decode,41,78,71,0,18,0,1
decode,41,79,72,0,18,0,1
decode,41,80,73,0,18,0,1
decode,41,81,74,0,18,0,1
decode,41,82,75,0,18,0,1
decode,41,83,76,0,18,0,1
decode,41,84,77,0,18,0,1
decode,41,85,79,0,18,0,1
decode,41,86,80,0,18,0,1
decode,41,87,81,0,18,0,1
decode,41,88,82,0,18,0,1
decode,41,89,83,0,18,0,1
decode,41,90,84,0,18,0,1
decode,41,91,85,0,18,0,1
decode,41,92,86,0,18,0,1
decode,41,93,87,0,18,0,1
decode,41,94,88,0,18,0,1
decode,41,95,89,0,18,0,1
decode,41,96,90,0,18,0,1
decode,41,97,91,0,18,0,1
decode,41,98,92,0,18,0,1
decode,41,99,93,0,18,0,1
decode,41,100,94,0,18,0,1
decode,41,101,95,0,18,0,1
decode,41,102,96,0,18,0,1
decode,41,103,98,0,18,0,1
decode,41,104,99,0,18,0,1
decode,41,105,100,0,18,0,1
decode,41,106,101,0,18,0,1
decode,41,107,102,0,18,0,1
decode,41,108,103,0,18,0,1
decode,41,109,104,0,18,0,1
decode,41,110,105,0,18,0,1
decode,41,111,106,0,18,0,1
decode,41,112,107,0,18,0,1
decode,41,113,108,0,18,0,1
decode,41,114,109,0,18,0,1
decode,41,115,110,0,18,0,1
decode,41,116,111,0,18,0,1
decode,41,117,112,0,18,0,1
decode,41,118,113,0,18,0,1
decode,41,119,114,0,18,0,1
decode,41,120,115,0,18,0,1
decode,41,121,116,0,18,0,1
decode,41,122,117,0,18,0,1
decode,41,123,118,0,18,0,1
decode,41,124,119,0,18,0,1
decode,41,125,120,0,18,0,1
decode,41,126,121,0,18,0,1
decode,41,127,122,0,18,0,1
decode,41,128,123,0,18,0,1
decode,41,129,124,0,18,0,1
decode,41,130,125,0,18,0,1
decode,41,131,126,0,18,0,1
decode,41,132,127,0,18,0,1
decode,41,133,128,0,18,0,1
decode,41,134,129,0,18,0,1
decode,41,135,130,0,18,0,1
decode,41,136,131,0,18,0,1
decode,41,137,132,0,18,0,1
decode,41,138,133,0,18,0,1
decode,41,139,135,0,18,0,1
decode,41,140,136,0,18,0,1
decode,41,141,137,0,18,0,1
decode,41,142,138,0,18,0,1
decode,41,143,139,0,18,0,1
decode,41,144,140,0,18,0,1
decode,41,145,141,0,18,0,1
decode,41,146,142,0,18,0,1
decode,41,147,143,0,18,0,1
decode,41,148,144,0,18,0,1
decode,41,149,145,0,18,0,1
decode,41,150,146,0,18,0,1
decode,41,151,147,0,18,0,1
decode,41,152,148,0,18,0,1
decode,41,153,149,0,18,0,1
decode,41,154,150,0,18,0,1
decode,41,155,151,0,18,0,1
decode,41,156,152,0,18,0,1
decode,41,157,153,0,18,0,1
decode,41,158,154,0,18,0,1
decode,41,159,155,0,18,0,1
decode,41,160,156,0,18,0,1
decode,41,161,157,0,18,0,1
decode,41,162,159,0,18,0,1
decode,41,163,160,0,18,0,1
decode,41,164,161,0,18,0,1
decode,41,165,162,0,18,0,1
decode,41,166,163,0,18,0,1
decode,41,167,164,0,18,0,1
decode,41,168,165,0,18,0,1
decode,41,169,166,0,18,0,1
decode,41,170,167,0,18,0,1
decode,41,171,168,0,18,0,1
decode,41,172,170,0,18,0,1
decode,41,173,171,0,18,0,1
decode,41,174,172,0,18,0,1
decode,41,175,173,0,18,0,1
decode,41,176,174,0,18,0,1
decode,41,177,175,0,18,0,1
decode,41,178,176,0,18,0,1
decode,41,179,177,0,18,0,1
decode,41,180,178,0,18,0,1
decode,41,181,179,0,18,0,1
decode,41,182,180,0,18,0,1
decode,41,183,181,0,18,0,1
decode,41,184,182,0,18,0,1
decode,41,185,183,0,18,0,1
decode,41,186,184,0,18,0,1
decode,41,187,185,0,18,0,1
decode,41,188,186,0,18,0,1
decode,41,189,187,0,18,0,1
decode,41,190,188,0,18,0,1
decode,41,191,189,0,18,0,1
decode,41,192,190,0,18,0,1
decode,41,193,191,0,18,0,1
decode,41,194,192,0,18,0,1
decode,41,195,193,0,18,0,1
decode,41,196,194,0,18,0,1
decode,41,197,195,0,18,0,1
decode,41,198,196,0,18,0,1
decode,41,199,197,0,18,0,1
decode,41,200,198,0,18,0,1
decode,41,201,199,0,18,0,1
decode,41,202,200,0,18,0,1
decode,41,203,201,0,18,0,1
decode,41,204,202,0,18,0,1
decode,41,205,203,0,18,0,1
decode,41,206,204,0,18,0,1
decode,41,207,205,0,18,0,1
decode,41,208,206,0,18,0,1
decode,41,209,207,0,18,0,1
decode,41,210,208,0,18,0,1
decode,41,211,209,0,18,0,1
decode,41,212,210,0,18,0,1
decode,41,213,211,0,18,0,1
decode,41,214,212,0,18,0,1
decode,41,215,214,0,18,0,1
decode,41,216,215,0,18,0,1
decode,41,217,216,0,18,0,1
decode,41,218,217,0,18,0,1
decode,41,219,218,0,18,0,1
decode,41,220,219,0,18,0,1
decode,41,221,220,0,18,0,1
decode,41,222,221,0,18,0,1
decode,41,223,222,0,18,0,1
decode,41,224,223,0,18,0,1
decode,41,225,224,0,18,0,1
decode,41,226,225,0,18,0,1
decode,41,227,226,0,18,0,1
decode,41,228,227,0,18,0,1
decode,41,229,228,0,18,0,1
decode,41,230,229,0,18,0,1
decode,41,231,230,0,18,0,1
decode,41,232,231,0,18,0,1
decode,41,233,232,0,18,0,1
decode,41,234,233,0,18,0,1
decode,41,235,234,0,18,0,1
decode,41,236,235,0,18,0,1
decode,41,237,236,0,18,0,1
decode,41,238,237,0,18,0,1
decode,41,239,238,0,18,0,1
decode,41,240,239,0,18,0,1
decode,41,241,240,0,18,0,1
decode,41,242,241,0,18,0,1
decode,41,243,242,0,18,0,1
decode,41,244,243,0,18,0,1
decode,41,245,244,0,18,0,1
decode,41,246,245,0,18,0,1
decode,41,247,246,0,18,0,1
decode,41,248,247,0,18,0,1
decode,41,249,248,0,18,0,1
decode,41,250,249,0,18,0,1
decode,41,251,250,0,18,0,1
decode,41,252,251,0,18,0,1
decode,41,253,252,0,18,0,1
decode,41,254,253,0,18,0,1
decode,41,255,254,0,18,0,1
decode,41,256,255,0,18,0,1
decode,42,1,89,3,18,0.166666666666667,0.166666666666667
decode,42,2,217,3,18,0.166666666666667,0.333333333333333
decode,42,3,126,2,18,0.111111111111111,0.444444444444444
decode,42,4,129,2,18,0.111111111111111,0.555555555555556
decode,42,5,176,2,18,0.111111111111111,0.666666666666667
decode,42,6,26,1,18,0.0555555555555556,0.722222222222222
decode,42,7,91,1,18,0.0555555555555556,0.777777777777778
decode,42,8,114,1,18,0.0555555555555556,0.833333333333333
decode,42,9,136,1,18,0.0555555555555556,0.888888888888889
decode,42,10,183,1,18,0.0555555555555556,0.944444444444445
decode,42,11,218,1,18,0.0555555555555556,1
decode,42,12,0,0,18,0,1
decode,42,13,1,0,18,0,1
decode,42,14,2,0,18,0,1
decode,42,15,3,0,18,0,1
decode,42,16,4,0,18,0,1
decode,42,17,5,0,18,0,1
decode,42,18,6,0,18,0,1
decode,42,19,7,0,18,0,1
decode,42,20,8,0,18,0,1
decode,42,21,9,0,18,0,1
decode,42,22,10,0,18,0,1
decode,42,23,11,0,18,0,1
decode,42,24,12,0,18,0,1
decode,42,25,13,0,18,0,1
decode,42,26,14,0,18,0,1
decode,42,27,15,0,18,0,1
decode,42,28,16,0,18,0,1
decode,42,29,17,0,18,0,1
decode,42,30,18,0,18,0,1
decode,42,31,19,0,18,0,1
decode,42,32,20,0,18,0,1
decode,42,33,21,0,18,0,1
decode,42,34,22,0,18,0,1
decode,42,35,23,0,18,0,1
decode,42,36,24,0,18,0,1
decode,42,37,25,0,18,0,1
decode,42,38,27,0,18,0,1
decode,42,39,28,0,18,0,1
decode,42,40,29,0,18,0,1
decode,42,41,30,0,18,0,1
decode,42,42,31,0,18,0,1
decode,42,43,32,0,18,0,1
decode,42,44,33,0,18,0,1
decode,42,45,34,0,18,0,1
decode,42,46,35,0,18,0,1
decode,42,47,36,0,18,0,1
decode,42,48,37,0,18,0,1
decode,42,49,38,0,18,0,1
decode,42,50,39,0,18,0,1
decode,42,51,40,0,18,0,1
decode,42,52,41,0,18,0,1
decode,42,53,42,0,18,0,1
decode,42,54,43,0,18,0,1
decode,42,55,44,0,18,0,1
decode,42,56,45,0,18,0,1
decode,42,57,46,0,18,0,1
decode,42,58,47,0,18,0,1
decode,42,59,48,0,18,0,1
decode,42,60,49,0,18,0,1
decode,42,61,50,0,18,0,1
decode,42,62,51,0,18,0,1
decode,42,63,52,0,18,0,1
decode,42,64,53,0,18,0,1
decode,42,65,54,0,18,0,1
decode,42,66,55,0,18,0,1
decode,42,67,56,0,18,0,1
decode,42,68,57,0,18,0,1
decode,42,69,58,0,18,0,1
decode,42,70,59,0,18,0,1
decode,42,71,60,0,18,0,1
decode,42,72,61,0,18,0,1
decode,42,73,62,0,18,0,1
decode,42,74,63,0,18,0,1
decode,42,75,64,0,18,0,1
decode,42,76,65,0,18,0,1
decode,42,77,66,0,18,0,1
decode,42,78,67,0,18,0,1
decode,42,79,68,0,18,0,1
decode,42,80,69,0,18,0,1
decode,42,81,70,0,18,0,1
decode,42,82,71,0,18,0,1
decode,42,83,72,0,18,0,1
decode,42,84,73,0,18,0,1
decode,42,85,74,0,18,0,1
decode,42,86,75,0,18,0,1
decode,42,87,76,0,18,0,1
decode,42,88,77,0,18,0,1
decode,42,89,78,0,18,0,1
decode,42,90,79,0,18,0,1
decode,42,91,80,0,18,0,1
decode,42,92,81,0,18,0,1
decode,42,93,82,0,18,0,1
decode,42,94,83,0,18,0,1
decode,42,95,84,0,18,0,1
decode,42,96,85,0,18,0,1
decode,42,97,86,0,18,0,1
decode,42,98,87,0,18,0,1
decode,42,99,88,0,18,0,1
decode,42,100,90,0,18,0,1
decode,42,101,92,0,18,0,1
decode,42,102,93,0,18,0,1
decode,42,103,94,0,18,0,1
decode,42,104,95,0,18,0,1
decode,42,105,96,0,18,0,1
decode,42,106,97,0,18,0,1
decode,42,107,98,0,18,0,1
decode,42,108,99,0,18,0,1
decode,42,109,100,0,18,0,1
decode,42,110,101,0,18,0,1
decode,42,111,102,0,18,0,1
decode,42,112,103,0,18,0,1
decode,42,113,104,0,18,0,1
decode,42,114,105,0,18,0,1
decode,42,115,106,0,18,0,1
decode,42,116,107,0,18,0,1
decode,42,117,108,0,18,0,1
decode,42,118,109,0,18,0,1
decode,42,119,110,0,18,0,1
decode,42,120,111,0,18,0,1
decode,42,121,112,0,18,0,1
decode,42,122,113,0,18,0,1
decode,42,123,115,0,18,0,1
decode,42,124,116,0,18,0,1
decode,42,125,117,0,18,0,1
decode,42,126,118,0,18,0,1
decode,42,127,119,0,18,0,1
decode,42,128,120,0,18,0,1
decode,42,129,121,0,18,0,1
decode,42,130,122,0,18,0,1
decode,42,131,123,0,18,0,1
decode,42,132,124,0,18,0,1
decode,42,133,125,0,18,0,1
decode,42,134,127,0,18,0,1
decode,42,135,128,0,18,0,1
decode,42,136,130,0,18,0,1
decode,42,137,131,0,18,0,1
decode,42,138,132,0,18,0,1
decode,42,139,133,0,18,0,1
decode,42,140,134,0,18,0,1
decode,42,141,135,0,18,0,1
decode,42,142,137,0,18,0,1
decode,42,143,138,0,18,0,1
decode,42,144,139,0,18,0,1
decode,42,145,140,0,18,0,1
decode,42,146,141,0,18,0,1
decode,42,147,142,0,18,0,1
decode,42,148,143,0,18,0,1
decode,42,149,144,0,18,0,1
decode,42,150,145,0,18,0,1
decode,42,151,146,0,18,0,1
decode,42,152,147,0,18,0,1
decode,42,153,148,0,18,0,1
decode,42,154,149,0,18,0,1
decode,42,155,150,0,18,0,1
decode,42,156,151,0,18,0,1
decode,42,157,152,0,18,0,1
decode,42,158,153,0,18,0,1
decode,42,159,154,0,18,0,1
decode,42,160,155,0,18,0,1
decode,42,161,156,0,18,0,1
decode,42,162,157,0,18,0,1
decode,42,163,158,0,18,0,1
decode,42,164,159,0,18,0,1
decode,42,165,160,0,18,0,1
decode,42,166,161,0,18,0,1
decode,42,167,162,0,18,0,1
decode,42,168,163,0,18,0,1
decode,42,169,164,0,18,0,1
decode,42,170,165,0,18,0,1
decode,42,171,166,0,18,0,1
decode,42,172,167,0,18,0,1
decode,42,173,168,0,18,0,1
decode,42,174,169,0,18,0,1
decode,42,175,170,0,18,0,1
decode,42,176,171,0,18,0,1
decode,42,177,172,0,18,0,1
decode,42,178,173,0,18,0,1
decode,42,179,174,0,18,0,1
decode,42,180,175,0,18,0,1
decode,42,181,177,0,18,0,1
decode,42,182,178,0,18,0,1
decode,42,183,179,0,18,0,1
decode,42,184,180,0,18,0,1
decode,42,185,181,0,18,0,1
decode,42,186,182,0,18,0,1
decode,42,187,184,0,18,0,1
decode,42,188,185,0,18,0,1
decode,42,189,186,0,18,0,1
decode,42,190,187,0,18,0,1
decode,42,191,188,0,18,0,1
decode,42,192,189,0,18,0,1
decode,42,193,190,0,18,0,1
decode,42,194,191,0,18,0,1
decode,42,195,192,0,18,0,1
decode,42,196,193,0,18,0,1
decode,42,197,194,0,18,0,1
decode,42,198,195,0,18,0,1
decode,42,199,196,0,18,0,1
decode,42,200,197,0,18,0,1
decode,42,201,198,0,18,0,1
decode,42,202,199,0,18,0,1
decode,42,203,200,0,18,0,1
decode,42,204,201,0,18,0,1
decode,42,205,202,0,18,0,1
decode,42,206,203,0,18,0,1
decode,42,207,204,0,18,0,1
decode,42,208,205,0,18,0,1
decode,42,209,206,0,18,0,1
decode,42,210,207,0,18,0,1
decode,42,211,208,0,18,0,1
decode,42,212,209,0,18,0,1
decode,42,213,210,0,18,0,1
decode,42,214,211,0,18,0,1
decode,42,215,212,0,18,0,1
decode,42,216,213,0,18,0,1
decode,42,217,214,0,18,0,1
decode,42,218,215,0,18,0,1
decode,42,219,216,0,18,0,1
decode,42,220,219,0,18,0,1
decode,42,221,220,0,18,0,1
decode,42,222,221,0,18,0,1
decode,42,223,222,0,18,0,1
decode,42,224,223,0,18,0,1
decode,42,225,224,0,18,0,1
decode,42,226,225,0,18,0,1
decode,42,227,226,0,18,0,1
decode,42,228,227,0,18,0,1
decode,42,229,228,0,18,0,1
decode,42,230,229,0,18,0,1
decode,42,231,230,0,18,0,1
decode,42,232,231,0,18,0,1
decode,42,233,232,0,18,0,1
decode,42,234,233,0,18,0,1
decode,42,235,234,0,18,0,1
decode,42,236,235,0,18,0,1
decode,42,237,236,0,18,0,1
decode,42,238,237,0,18,0,1
decode,42,239,238,0,18,0,1
decode,42,240,239,0,18,0,1
decode,42,241,240,0,18,0,1
decode,42,242,241,0,18,0,1
decode,42,243,242,0,18,0,1
decode,42,244,243,0,18,0,1
decode,42,245,244,0,18,0,1
decode,42,246,245,0,18,0,1
decode,42,247,246,0,18,0,1
decode,42,248,247,0,18,0,1
decode,42,249,248,0,18,0,1
decode,42,250,249,0,18,0,1
decode,42,251,250,0,18,0,1
decode,42,252,251,0,18,0,1
decode,42,253,252,0,18,0,1
decode,42,254,253,0,18,0,1
decode,42,255,254,0,18,0,1
decode,42,256,255,0,18,0,1
