phase,layer_id,expert_id,selection_count
prefill,0,0,0
prefill,0,1,1
prefill,0,2,1
prefill,0,3,0
prefill,0,4,1
prefill,0,5,0
prefill,0,6,0
prefill,0,7,0
prefill,0,8,0
prefill,0,9,0
prefill,0,10,0
prefill,0,11,0
prefill,0,12,0
prefill,0,13,2
prefill,0,14,1
prefill,0,15,0
prefill,0,16,0
prefill,0,17,0
prefill,0,18,0
prefill,0,19,1
prefill,0,20,0
prefill,0,21,0
prefill,0,22,1
prefill,0,23,1
prefill,0,24,2
prefill,0,25,0
prefill,0,26,0
prefill,0,27,0
prefill,0,28,2
prefill,0,29,2
prefill,0,30,0
prefill,0,31,0
prefill,0,32,0
prefill,0,33,0
prefill,0,34,0
prefill,0,35,0
prefill,0,36,1
prefill,0,37,1
prefill,0,38,0
prefill,0,39,1
prefill,0,40,0
prefill,0,41,0
prefill,0,42,1
prefill,0,43,0
prefill,0,44,2
prefill,0,45,0
prefill,0,46,0
prefill,0,47,1
prefill,0,48,1
prefill,0,49,0
prefill,0,50,0
prefill,0,51,1
prefill,0,52,2
prefill,0,53,0
prefill,0,54,0
prefill,0,55,1
prefill,0,56,2
prefill,0,57,0
prefill,0,58,0
prefill,0,59,0
prefill,0,60,0
prefill,0,61,0
prefill,0,62,0
prefill,0,63,0
prefill,0,64,0
prefill,0,65,0
prefill,0,66,0
prefill,0,67,0
prefill,0,68,0
prefill,0,69,1
prefill,0,70,0
prefill,0,71,0
prefill,0,72,0
prefill,0,73,1
prefill,0,74,0
prefill,0,75,0
prefill,0,76,0
prefill,0,77,2
prefill,0,78,0
prefill,0,79,1
prefill,0,80,0
prefill,0,81,1
prefill,0,82,0
prefill,0,83,0
prefill,0,84,0
prefill,0,85,0
prefill,0,86,0
prefill,0,87,0
prefill,0,88,0
prefill,0,89,0
prefill,0,90,0
prefill,0,91,0
prefill,0,92,0
prefill,0,93,0
prefill,0,94,0
prefill,0,95,0
prefill,0,96,0
prefill,0,97,0
prefill,0,98,0
prefill,0,99,0
prefill,0,100,1
prefill,0,101,0
prefill,0,102,0
prefill,0,103,0
prefill,0,104,0
prefill,0,105,1
prefill,0,106,0
prefill,0,107,1
prefill,0,108,0
prefill,0,109,0
prefill,0,110,0
prefill,0,111,0
prefill,0,112,2
prefill,0,113,1
prefill,0,114,0
prefill,0,115,0
prefill,0,116,1
prefill,0,117,0
prefill,0,118,0
prefill,0,119,0
prefill,0,120,1
prefill,0,121,0
prefill,0,122,0
prefill,0,123,2
prefill,0,124,0
prefill,0,125,0
prefill,0,126,0
prefill,0,127,1
prefill,0,128,0
prefill,0,129,1
prefill,0,130,0
prefill,0,131,0
prefill,0,132,1
prefill,0,133,1
prefill,0,134,0
prefill,0,135,2
prefill,0,136,1
prefill,0,137,0
prefill,0,138,0
prefill,0,139,0
prefill,0,140,1
prefill,0,141,0
prefill,0,142,0
prefill,0,143,0
prefill,0,144,0
prefill,0,145,0
prefill,0,146,0
prefill,0,147,0
prefill,0,148,0
prefill,0,149,2
prefill,0,150,2
prefill,0,151,2
prefill,0,152,1
prefill,0,153,0
prefill,0,154,0
prefill,0,155,1
prefill,0,156,2
prefill,0,157,0
prefill,0,158,0
prefill,0,159,0
prefill,0,160,1
prefill,0,161,0
prefill,0,162,0
prefill,0,163,0
prefill,0,164,0
prefill,0,165,0
prefill,0,166,0
prefill,0,167,1
prefill,0,168,0
prefill,0,169,1
prefill,0,170,1
prefill,0,171,1
prefill,0,172,0
prefill,0,173,1
prefill,0,174,2
prefill,0,175,0
prefill,0,176,1
prefill,0,177,0
prefill,0,178,0
prefill,0,179,0
prefill,0,180,1
prefill,0,181,1
prefill,0,182,0
prefill,0,183,1
prefill,0,184,0
prefill,0,185,0
prefill,0,186,1
prefill,0,187,0
prefill,0,188,0
prefill,0,189,0
prefill,0,190,0
prefill,0,191,0
prefill,0,192,0
prefill,0,193,0
prefill,0,194,0
prefill,0,195,1
prefill,0,196,0
prefill,0,197,0
prefill,0,198,1
prefill,0,199,0
prefill,0,200,0
prefill,0,201,3
prefill,0,202,0
prefill,0,203,2
prefill,0,204,0
prefill,0,205,0
prefill,0,206,1
prefill,0,207,1
prefill,0,208,1
prefill,0,209,0
prefill,0,210,0
prefill,0,211,1
prefill,0,212,0
prefill,0,213,1
prefill,0,214,0
prefill,0,215,0
prefill,0,216,0
prefill,0,217,1
prefill,0,218,1
prefill,0,219,0
prefill,0,220,0
prefill,0,221,0
prefill,0,222,2
prefill,0,223,0
prefill,0,224,0
prefill,0,225,0
prefill,0,226,0
prefill,0,227,0
prefill,0,228,0
prefill,0,229,0
prefill,0,230,1
prefill,0,231,0
prefill,0,232,0
prefill,0,233,0
prefill,0,234,0
prefill,0,235,0
prefill,0,236,1
prefill,0,237,0
prefill,0,238,0
prefill,0,239,0
prefill,0,240,0
prefill,0,241,0
prefill,0,242,0
prefill,0,243,0
prefill,0,244,0
prefill,0,245,0
prefill,0,246,0
prefill,0,247,0
prefill,0,248,1
prefill,0,249,0
prefill,0,250,0
prefill,0,251,0
prefill,0,252,1
prefill,0,253,0
prefill,0,254,0
prefill,0,255,0
prefill,1,0,2
prefill,1,1,1
prefill,1,2,0
prefill,1,3,0
prefill,1,4,0
prefill,1,5,0
prefill,1,6,0
prefill,1,7,1
prefill,1,8,0
prefill,1,9,0
prefill,1,10,0
prefill,1,11,1
prefill,1,12,0
prefill,1,13,0
prefill,1,14,0
prefill,1,15,1
prefill,1,16,0
prefill,1,17,0
prefill,1,18,0
prefill,1,19,1
prefill,1,20,0
prefill,1,21,0
prefill,1,22,0
prefill,1,23,0
prefill,1,24,0
prefill,1,25,2
prefill,1,26,0
prefill,1,27,0
prefill,1,28,2
prefill,1,29,0
prefill,1,30,0
prefill,1,31,0
prefill,1,32,1
prefill,1,33,0
prefill,1,34,0
prefill,1,35,0
prefill,1,36,1
prefill,1,37,2
prefill,1,38,1
prefill,1,39,0
prefill,1,40,1
prefill,1,41,0
prefill,1,42,0
prefill,1,43,0
prefill,1,44,2
prefill,1,45,0
prefill,1,46,0
prefill,1,47,0
prefill,1,48,4
prefill,1,49,0
prefill,1,50,0
prefill,1,51,0
prefill,1,52,1
prefill,1,53,0
prefill,1,54,1
prefill,1,55,0
prefill,1,56,0
prefill,1,57,0
prefill,1,58,1
prefill,1,59,0
prefill,1,60,0
prefill,1,61,2
prefill,1,62,0
prefill,1,63,0
prefill,1,64,1
prefill,1,65,0
prefill,1,66,0
prefill,1,67,0
prefill,1,68,0
prefill,1,69,1
prefill,1,70,0
prefill,1,71,0
prefill,1,72,0
prefill,1,73,0
prefill,1,74,0
prefill,1,75,2
prefill,1,76,1
prefill,1,77,2
prefill,1,78,0
prefill,1,79,0
prefill,1,80,2
prefill,1,81,0
prefill,1,82,1
prefill,1,83,0
prefill,1,84,1
prefill,1,85,0
prefill,1,86,0
prefill,1,87,0
prefill,1,88,0
prefill,1,89,0
prefill,1,90,0
prefill,1,91,0
prefill,1,92,0
prefill,1,93,0
prefill,1,94,2
prefill,1,95,0
prefill,1,96,0
prefill,1,97,0
prefill,1,98,0
prefill,1,99,0
prefill,1,100,1
prefill,1,101,0
prefill,1,102,0
prefill,1,103,0
prefill,1,104,1
prefill,1,105,0
prefill,1,106,0
prefill,1,107,0
prefill,1,108,0
prefill,1,109,0
prefill,1,110,1
prefill,1,111,0
prefill,1,112,1
prefill,1,113,0
prefill,1,114,0
prefill,1,115,0
prefill,1,116,1
prefill,1,117,1
prefill,1,118,1
prefill,1,119,1
prefill,1,120,0
prefill,1,121,0
prefill,1,122,0
prefill,1,123,0
prefill,1,124,0
prefill,1,125,0
prefill,1,126,1
prefill,1,127,1
prefill,1,128,0
prefill,1,129,1
prefill,1,130,0
prefill,1,131,0
prefill,1,132,0
prefill,1,133,0
prefill,1,134,0
prefill,1,135,0
prefill,1,136,1
prefill,1,137,0
prefill,1,138,1
prefill,1,139,2
prefill,1,140,1
prefill,1,141,1
prefill,1,142,1
prefill,1,143,0
prefill,1,144,0
prefill,1,145,0
prefill,1,146,1
prefill,1,147,0
prefill,1,148,0
prefill,1,149,0
prefill,1,150,1
prefill,1,151,1
prefill,1,152,0
prefill,1,153,0
prefill,1,154,0
prefill,1,155,1
prefill,1,156,0
prefill,1,157,1
prefill,1,158,1
prefill,1,159,0
prefill,1,160,0
prefill,1,161,0
prefill,1,162,2
prefill,1,163,0
prefill,1,164,0
prefill,1,165,0
prefill,1,166,1
prefill,1,167,0
prefill,1,168,0
prefill,1,169,2
prefill,1,170,0
prefill,1,171,0
prefill,1,172,0
prefill,1,173,0
prefill,1,174,0
prefill,1,175,0
prefill,1,176,0
prefill,1,177,0
prefill,1,178,0
prefill,1,179,0
prefill,1,180,0
prefill,1,181,0
prefill,1,182,1
prefill,1,183,0
prefill,1,184,0
prefill,1,185,0
prefill,1,186,1
prefill,1,187,0
prefill,1,188,0
prefill,1,189,0
prefill,1,190,0
prefill,1,191,1
prefill,1,192,1
prefill,1,193,0
prefill,1,194,0
prefill,1,195,1
prefill,1,196,0
prefill,1,197,0
prefill,1,198,1
prefill,1,199,0
prefill,1,200,0
prefill,1,201,1
prefill,1,202,0
prefill,1,203,0
prefill,1,204,1
prefill,1,205,0
prefill,1,206,0
prefill,1,207,1
prefill,1,208,1
prefill,1,209,0
prefill,1,210,1
prefill,1,211,1
prefill,1,212,0
prefill,1,213,0
prefill,1,214,0
prefill,1,215,0
prefill,1,216,1
prefill,1,217,0
prefill,1,218,2
prefill,1,219,0
prefill,1,220,0
prefill,1,221,1
prefill,1,222,0
prefill,1,223,0
prefill,1,224,1
prefill,1,225,0
prefill,1,226,0
prefill,1,227,1
prefill,1,228,0
prefill,1,229,1
prefill,1,230,1
prefill,1,231,0
prefill,1,232,1
prefill,1,233,0
prefill,1,234,1
prefill,1,235,0
prefill,1,236,1
prefill,1,237,0
prefill,1,238,0
prefill,1,239,0
prefill,1,240,0
prefill,1,241,0
prefill,1,242,0
prefill,1,243,0
prefill,1,244,0
prefill,1,245,1
prefill,1,246,1
prefill,1,247,0
prefill,1,248,0
prefill,1,249,0
prefill,1,250,0
prefill,1,251,1
prefill,1,252,0
prefill,1,253,0
prefill,1,254,0
prefill,1,255,0
prefill,2,0,1
prefill,2,1,0
prefill,2,2,1
prefill,2,3,1
prefill,2,4,0
prefill,2,5,0
prefill,2,6,0
prefill,2,7,1
prefill,2,8,0
prefill,2,9,0
prefill,2,10,0
prefill,2,11,1
prefill,2,12,0
prefill,2,13,1
prefill,2,14,0
prefill,2,15,0
prefill,2,16,1
prefill,2,17,0
prefill,2,18,0
prefill,2,19,0
prefill,2,20,0
prefill,2,21,1
prefill,2,22,0
prefill,2,23,0
prefill,2,24,2
prefill,2,25,0
prefill,2,26,1
prefill,2,27,0
prefill,2,28,1
prefill,2,29,0
prefill,2,30,0
prefill,2,31,0
prefill,2,32,0
prefill,2,33,0
prefill,2,34,1
prefill,2,35,0
prefill,2,36,0
prefill,2,37,1
prefill,2,38,0
prefill,2,39,2
prefill,2,40,2
prefill,2,41,0
prefill,2,42,0
prefill,2,43,0
prefill,2,44,0
prefill,2,45,0
prefill,2,46,1
prefill,2,47,0
prefill,2,48,1
prefill,2,49,1
prefill,2,50,1
prefill,2,51,0
prefill,2,52,0
prefill,2,53,1
prefill,2,54,0
prefill,2,55,0
prefill,2,56,0
prefill,2,57,0
prefill,2,58,2
prefill,2,59,1
prefill,2,60,0
prefill,2,61,1
prefill,2,62,0
prefill,2,63,0
prefill,2,64,1
prefill,2,65,0
prefill,2,66,0
prefill,2,67,0
prefill,2,68,2
prefill,2,69,1
prefill,2,70,0
prefill,2,71,0
prefill,2,72,0
prefill,2,73,0
prefill,2,74,1
prefill,2,75,0
prefill,2,76,1
prefill,2,77,0
prefill,2,78,0
prefill,2,79,2
prefill,2,80,2
prefill,2,81,0
prefill,2,82,0
prefill,2,83,0
prefill,2,84,1
prefill,2,85,0
prefill,2,86,1
prefill,2,87,1
prefill,2,88,0
prefill,2,89,1
prefill,2,90,0
prefill,2,91,0
prefill,2,92,1
prefill,2,93,0
prefill,2,94,0
prefill,2,95,0
prefill,2,96,1
prefill,2,97,0
prefill,2,98,0
prefill,2,99,0
prefill,2,100,1
prefill,2,101,0
prefill,2,102,2
prefill,2,103,0
prefill,2,104,0
prefill,2,105,0
prefill,2,106,1
prefill,2,107,1
prefill,2,108,0
prefill,2,109,1
prefill,2,110,0
prefill,2,111,1
prefill,2,112,1
prefill,2,113,1
prefill,2,114,0
prefill,2,115,1
prefill,2,116,0
prefill,2,117,1
prefill,2,118,1
prefill,2,119,0
prefill,2,120,0
prefill,2,121,0
prefill,2,122,0
prefill,2,123,0
prefill,2,124,0
prefill,2,125,0
prefill,2,126,0
prefill,2,127,0
prefill,2,128,1
prefill,2,129,0
prefill,2,130,0
prefill,2,131,0
prefill,2,132,0
prefill,2,133,0
prefill,2,134,1
prefill,2,135,0
prefill,2,136,0
prefill,2,137,0
prefill,2,138,0
prefill,2,139,1
prefill,2,140,1
prefill,2,141,0
prefill,2,142,0
prefill,2,143,1
prefill,2,144,0
prefill,2,145,0
prefill,2,146,1
prefill,2,147,0
prefill,2,148,0
prefill,2,149,0
prefill,2,150,0
prefill,2,151,0
prefill,2,152,0
prefill,2,153,0
prefill,2,154,0
prefill,2,155,0
prefill,2,156,1
prefill,2,157,0
prefill,2,158,0
prefill,2,159,1
prefill,2,160,1
prefill,2,161,1
prefill,2,162,0
prefill,2,163,1
prefill,2,164,0
prefill,2,165,0
prefill,2,166,0
prefill,2,167,0
prefill,2,168,0
prefill,2,169,0
prefill,2,170,0
prefill,2,171,0
prefill,2,172,0
prefill,2,173,1
prefill,2,174,0
prefill,2,175,0
prefill,2,176,1
prefill,2,177,0
prefill,2,178,0
prefill,2,179,0
prefill,2,180,1
prefill,2,181,1
prefill,2,182,1
prefill,2,183,1
prefill,2,184,0
prefill,2,185,0
prefill,2,186,1
prefill,2,187,0
prefill,2,188,0
prefill,2,189,0
prefill,2,190,0
prefill,2,191,0
prefill,2,192,1
prefill,2,193,0
prefill,2,194,1
prefill,2,195,1
prefill,2,196,0
prefill,2,197,0
prefill,2,198,0
prefill,2,199,1
prefill,2,200,0
prefill,2,201,0
prefill,2,202,1
prefill,2,203,1
prefill,2,204,0
prefill,2,205,1
prefill,2,206,0
prefill,2,207,1
prefill,2,208,0
prefill,2,209,1
prefill,2,210,1
prefill,2,211,0
prefill,2,212,0
prefill,2,213,0
prefill,2,214,0
prefill,2,215,0
prefill,2,216,0
prefill,2,217,0
prefill,2,218,0
prefill,2,219,0
prefill,2,220,1
prefill,2,221,0
prefill,2,222,0
prefill,2,223,1
prefill,2,224,0
prefill,2,225,0
prefill,2,226,1
prefill,2,227,0
prefill,2,228,1
prefill,2,229,0
prefill,2,230,1
prefill,2,231,0
prefill,2,232,0
prefill,2,233,0
prefill,2,234,0
prefill,2,235,0
prefill,2,236,0
prefill,2,237,1
prefill,2,238,2
prefill,2,239,1
prefill,2,240,0
prefill,2,241,0
prefill,2,242,0
prefill,2,243,0
prefill,2,244,0
prefill,2,245,0
prefill,2,246,0
prefill,2,247,2
prefill,2,248,1
prefill,2,249,0
prefill,2,250,0
prefill,2,251,0
prefill,2,252,0
prefill,2,253,0
prefill,2,254,1
prefill,2,255,0
prefill,3,0,3
prefill,3,1,0
prefill,3,2,0
prefill,3,3,0
prefill,3,4,1
prefill,3,5,0
prefill,3,6,1
prefill,3,7,0
prefill,3,8,0
prefill,3,9,0
prefill,3,10,0
prefill,3,11,1
prefill,3,12,0
prefill,3,13,0
prefill,3,14,3
prefill,3,15,0
prefill,3,16,0
prefill,3,17,0
prefill,3,18,0
prefill,3,19,6
prefill,3,20,1
prefill,3,21,0
prefill,3,22,0
prefill,3,23,0
prefill,3,24,1
prefill,3,25,1
prefill,3,26,0
prefill,3,27,1
prefill,3,28,0
prefill,3,29,0
prefill,3,30,0
prefill,3,31,2
prefill,3,32,0
prefill,3,33,0
prefill,3,34,0
prefill,3,35,0
prefill,3,36,0
prefill,3,37,0
prefill,3,38,1
prefill,3,39,0
prefill,3,40,0
prefill,3,41,0
prefill,3,42,0
prefill,3,43,0
prefill,3,44,0
prefill,3,45,1
prefill,3,46,0
prefill,3,47,0
prefill,3,48,0
prefill,3,49,0
prefill,3,50,0
prefill,3,51,0
prefill,3,52,0
prefill,3,53,0
prefill,3,54,0
prefill,3,55,0
prefill,3,56,0
prefill,3,57,0
prefill,3,58,0
prefill,3,59,1
prefill,3,60,0
prefill,3,61,1
prefill,3,62,7
prefill,3,63,1
prefill,3,64,1
prefill,3,65,0
prefill,3,66,0
prefill,3,67,2
prefill,3,68,0
prefill,3,69,0
prefill,3,70,0
prefill,3,71,1
prefill,3,72,2
prefill,3,73,0
prefill,3,74,0
prefill,3,75,0
prefill,3,76,0
prefill,3,77,0
prefill,3,78,0
prefill,3,79,0
prefill,3,80,1
prefill,3,81,0
prefill,3,82,1
prefill,3,83,0
prefill,3,84,0
prefill,3,85,0
prefill,3,86,0
prefill,3,87,0
prefill,3,88,0
prefill,3,89,0
prefill,3,90,0
prefill,3,91,0
prefill,3,92,0
prefill,3,93,0
prefill,3,94,0
prefill,3,95,0
prefill,3,96,1
prefill,3,97,0
prefill,3,98,0
prefill,3,99,0
prefill,3,100,2
prefill,3,101,0
prefill,3,102,0
prefill,3,103,0
prefill,3,104,0
prefill,3,105,0
prefill,3,106,0
prefill,3,107,0
prefill,3,108,0
prefill,3,109,0
prefill,3,110,0
prefill,3,111,0
prefill,3,112,3
prefill,3,113,0
prefill,3,114,0
prefill,3,115,0
prefill,3,116,1
prefill,3,117,0
prefill,3,118,2
prefill,3,119,1
prefill,3,120,1
prefill,3,121,3
prefill,3,122,0
prefill,3,123,1
prefill,3,124,0
prefill,3,125,0
prefill,3,126,0
prefill,3,127,0
prefill,3,128,3
prefill,3,129,0
prefill,3,130,0
prefill,3,131,0
prefill,3,132,0
prefill,3,133,0
prefill,3,134,0
prefill,3,135,0
prefill,3,136,0
prefill,3,137,0
prefill,3,138,0
prefill,3,139,0
prefill,3,140,0
prefill,3,141,1
prefill,3,142,0
prefill,3,143,0
prefill,3,144,0
prefill,3,145,1
prefill,3,146,0
prefill,3,147,0
prefill,3,148,0
prefill,3,149,1
prefill,3,150,0
prefill,3,151,0
prefill,3,152,0
prefill,3,153,0
prefill,3,154,0
prefill,3,155,1
prefill,3,156,0
prefill,3,157,0
prefill,3,158,0
prefill,3,159,1
prefill,3,160,0
prefill,3,161,0
prefill,3,162,0
prefill,3,163,0
prefill,3,164,0
prefill,3,165,0
prefill,3,166,0
prefill,3,167,0
prefill,3,168,0
prefill,3,169,0
prefill,3,170,0
prefill,3,171,0
prefill,3,172,1
prefill,3,173,4
prefill,3,174,1
prefill,3,175,0
prefill,3,176,0
prefill,3,177,0
prefill,3,178,0
prefill,3,179,0
prefill,3,180,0
prefill,3,181,0
prefill,3,182,0
prefill,3,183,0
prefill,3,184,0
prefill,3,185,0
prefill,3,186,0
prefill,3,187,0
prefill,3,188,0
prefill,3,189,0
prefill,3,190,0
prefill,3,191,0
prefill,3,192,0
prefill,3,193,0
prefill,3,194,0
prefill,3,195,0
prefill,3,196,0
prefill,3,197,0
prefill,3,198,1
prefill,3,199,0
prefill,3,200,0
prefill,3,201,0
prefill,3,202,6
prefill,3,203,0
prefill,3,204,0
prefill,3,205,0
prefill,3,206,0
prefill,3,207,0
prefill,3,208,0
prefill,3,209,0
prefill,3,210,0
prefill,3,211,0
prefill,3,212,5
prefill,3,213,0
prefill,3,214,0
prefill,3,215,0
prefill,3,216,0
prefill,3,217,0
prefill,3,218,0
prefill,3,219,0
prefill,3,220,0
prefill,3,221,9
prefill,3,222,0
prefill,3,223,1
prefill,3,224,0
prefill,3,225,0
prefill,3,226,2
prefill,3,227,1
prefill,3,228,0
prefill,3,229,0
prefill,3,230,0
prefill,3,231,0
prefill,3,232,0
prefill,3,233,0
prefill,3,234,0
prefill,3,235,0
prefill,3,236,0
prefill,3,237,0
prefill,3,238,0
prefill,3,239,0
prefill,3,240,0
prefill,3,241,0
prefill,3,242,0
prefill,3,243,0
prefill,3,244,0
prefill,3,245,0
prefill,3,246,0
prefill,3,247,0
prefill,3,248,1
prefill,3,249,0
prefill,3,250,0
prefill,3,251,0
prefill,3,252,0
prefill,3,253,0
prefill,3,254,0
prefill,3,255,0
prefill,4,0,0
prefill,4,1,1
prefill,4,2,0
prefill,4,3,0
prefill,4,4,0
prefill,4,5,0
prefill,4,6,0
prefill,4,7,0
prefill,4,8,15
prefill,4,9,1
prefill,4,10,1
prefill,4,11,0
prefill,4,12,0
prefill,4,13,0
prefill,4,14,0
prefill,4,15,0
prefill,4,16,0
prefill,4,17,10
prefill,4,18,0
prefill,4,19,0
prefill,4,20,0
prefill,4,21,0
prefill,4,22,0
prefill,4,23,0
prefill,4,24,1
prefill,4,25,3
prefill,4,26,1
prefill,4,27,1
prefill,4,28,1
prefill,4,29,1
prefill,4,30,1
prefill,4,31,0
prefill,4,32,0
prefill,4,33,0
prefill,4,34,0
prefill,4,35,0
prefill,4,36,0
prefill,4,37,1
prefill,4,38,0
prefill,4,39,0
prefill,4,40,0
prefill,4,41,0
prefill,4,42,0
prefill,4,43,0
prefill,4,44,0
prefill,4,45,0
prefill,4,46,2
prefill,4,47,0
prefill,4,48,0
prefill,4,49,3
prefill,4,50,0
prefill,4,51,0
prefill,4,52,0
prefill,4,53,0
prefill,4,54,0
prefill,4,55,0
prefill,4,56,1
prefill,4,57,0
prefill,4,58,0
prefill,4,59,0
prefill,4,60,0
prefill,4,61,0
prefill,4,62,2
prefill,4,63,0
prefill,4,64,0
prefill,4,65,0
prefill,4,66,0
prefill,4,67,0
prefill,4,68,0
prefill,4,69,0
prefill,4,70,0
prefill,4,71,0
prefill,4,72,1
prefill,4,73,0
prefill,4,74,0
prefill,4,75,0
prefill,4,76,0
prefill,4,77,0
prefill,4,78,0
prefill,4,79,0
prefill,4,80,0
prefill,4,81,1
prefill,4,82,0
prefill,4,83,0
prefill,4,84,0
prefill,4,85,0
prefill,4,86,0
prefill,4,87,1
prefill,4,88,0
prefill,4,89,0
prefill,4,90,0
prefill,4,91,0
prefill,4,92,10
prefill,4,93,0
prefill,4,94,0
prefill,4,95,0
prefill,4,96,0
prefill,4,97,0
prefill,4,98,0
prefill,4,99,0
prefill,4,100,0
prefill,4,101,0
prefill,4,102,0
prefill,4,103,0
prefill,4,104,0
prefill,4,105,0
prefill,4,106,0
prefill,4,107,0
prefill,4,108,0
prefill,4,109,0
prefill,4,110,6
prefill,4,111,0
prefill,4,112,0
prefill,4,113,1
prefill,4,114,1
prefill,4,115,0
prefill,4,116,0
prefill,4,117,0
prefill,4,118,0
prefill,4,119,0
prefill,4,120,0
prefill,4,121,0
prefill,4,122,0
prefill,4,123,0
prefill,4,124,0
prefill,4,125,0
prefill,4,126,0
prefill,4,127,0
prefill,4,128,0
prefill,4,129,0
prefill,4,130,0
prefill,4,131,0
prefill,4,132,0
prefill,4,133,0
prefill,4,134,0
prefill,4,135,0
prefill,4,136,0
prefill,4,137,1
prefill,4,138,1
prefill,4,139,0
prefill,4,140,0
prefill,4,141,0
prefill,4,142,0
prefill,4,143,0
prefill,4,144,0
prefill,4,145,0
prefill,4,146,1
prefill,4,147,0
prefill,4,148,0
prefill,4,149,0
prefill,4,150,0
prefill,4,151,1
prefill,4,152,0
prefill,4,153,0
prefill,4,154,0
prefill,4,155,0
prefill,4,156,0
prefill,4,157,0
prefill,4,158,0
prefill,4,159,0
prefill,4,160,0
prefill,4,161,0
prefill,4,162,0
prefill,4,163,0
prefill,4,164,0
prefill,4,165,0
prefill,4,166,0
prefill,4,167,0
prefill,4,168,0
prefill,4,169,0
prefill,4,170,8
prefill,4,171,0
prefill,4,172,0
prefill,4,173,0
prefill,4,174,0
prefill,4,175,0
prefill,4,176,0
prefill,4,177,0
prefill,4,178,0
prefill,4,179,0
prefill,4,180,1
prefill,4,181,0
prefill,4,182,0
prefill,4,183,0
prefill,4,184,0
prefill,4,185,0
prefill,4,186,0
prefill,4,187,0
prefill,4,188,0
prefill,4,189,0
prefill,4,190,0
prefill,4,191,0
prefill,4,192,0
prefill,4,193,0
prefill,4,194,0
prefill,4,195,1
prefill,4,196,0
prefill,4,197,0
prefill,4,198,1
prefill,4,199,0
prefill,4,200,1
prefill,4,201,0
prefill,4,202,0
prefill,4,203,0
prefill,4,204,0
prefill,4,205,0
prefill,4,206,1
prefill,4,207,0
prefill,4,208,0
prefill,4,209,0
prefill,4,210,0
prefill,4,211,0
prefill,4,212,0
prefill,4,213,0
prefill,4,214,0
prefill,4,215,0
prefill,4,216,0
prefill,4,217,0
prefill,4,218,0
prefill,4,219,0
prefill,4,220,0
prefill,4,221,0
prefill,4,222,0
prefill,4,223,0
prefill,4,224,1
prefill,4,225,0
prefill,4,226,0
prefill,4,227,1
prefill,4,228,0
prefill,4,229,0
prefill,4,230,1
prefill,4,231,1
prefill,4,232,1
prefill,4,233,0
prefill,4,234,0
prefill,4,235,0
prefill,4,236,0
prefill,4,237,2
prefill,4,238,2
prefill,4,239,0
prefill,4,240,0
prefill,4,241,0
prefill,4,242,0
prefill,4,243,0
prefill,4,244,0
prefill,4,245,0
prefill,4,246,0
prefill,4,247,0
prefill,4,248,1
prefill,4,249,0
prefill,4,250,0
prefill,4,251,0
prefill,4,252,0
prefill,4,253,0
prefill,4,254,1
prefill,4,255,1
prefill,5,0,0
prefill,5,1,0
prefill,5,2,0
prefill,5,3,0
prefill,5,4,0
prefill,5,5,0
prefill,5,6,0
prefill,5,7,0
prefill,5,8,0
prefill,5,9,0
prefill,5,10,0
prefill,5,11,2
prefill,5,12,0
prefill,5,13,0
prefill,5,14,0
prefill,5,15,0
prefill,5,16,0
prefill,5,17,1
prefill,5,18,0
prefill,5,19,0
prefill,5,20,0
prefill,5,21,2
prefill,5,22,0
prefill,5,23,13
prefill,5,24,0
prefill,5,25,1
prefill,5,26,0
prefill,5,27,0
prefill,5,28,0
prefill,5,29,0
prefill,5,30,0
prefill,5,31,0
prefill,5,32,0
prefill,5,33,0
prefill,5,34,0
prefill,5,35,2
prefill,5,36,0
prefill,5,37,0
prefill,5,38,0
prefill,5,39,0
prefill,5,40,0
prefill,5,41,0
prefill,5,42,0
prefill,5,43,0
prefill,5,44,0
prefill,5,45,1
prefill,5,46,0
prefill,5,47,2
prefill,5,48,0
prefill,5,49,0
prefill,5,50,1
prefill,5,51,0
prefill,5,52,0
prefill,5,53,0
prefill,5,54,0
prefill,5,55,0
prefill,5,56,0
prefill,5,57,0
prefill,5,58,0
prefill,5,59,0
prefill,5,60,0
prefill,5,61,0
prefill,5,62,0
prefill,5,63,10
prefill,5,64,0
prefill,5,65,0
prefill,5,66,0
prefill,5,67,0
prefill,5,68,0
prefill,5,69,0
prefill,5,70,0
prefill,5,71,0
prefill,5,72,0
prefill,5,73,0
prefill,5,74,0
prefill,5,75,0
prefill,5,76,0
prefill,5,77,0
prefill,5,78,0
prefill,5,79,0
prefill,5,80,0
prefill,5,81,0
prefill,5,82,0
prefill,5,83,0
prefill,5,84,2
prefill,5,85,0
prefill,5,86,0
prefill,5,87,0
prefill,5,88,0
prefill,5,89,0
prefill,5,90,0
prefill,5,91,0
prefill,5,92,0
prefill,5,93,0
prefill,5,94,0
prefill,5,95,0
prefill,5,96,2
prefill,5,97,0
prefill,5,98,0
prefill,5,99,1
prefill,5,100,0
prefill,5,101,0
prefill,5,102,0
prefill,5,103,0
prefill,5,104,0
prefill,5,105,0
prefill,5,106,0
prefill,5,107,0
prefill,5,108,0
prefill,5,109,0
prefill,5,110,0
prefill,5,111,0
prefill,5,112,0
prefill,5,113,0
prefill,5,114,0
prefill,5,115,1
prefill,5,116,0
prefill,5,117,0
prefill,5,118,1
prefill,5,119,0
prefill,5,120,0
prefill,5,121,0
prefill,5,122,0
prefill,5,123,0
prefill,5,124,0
prefill,5,125,0
prefill,5,126,0
prefill,5,127,0
prefill,5,128,10
prefill,5,129,0
prefill,5,130,0
prefill,5,131,0
prefill,5,132,0
prefill,5,133,12
prefill,5,134,0
prefill,5,135,0
prefill,5,136,0
prefill,5,137,0
prefill,5,138,0
prefill,5,139,0
prefill,5,140,0
prefill,5,141,0
prefill,5,142,0
prefill,5,143,0
prefill,5,144,0
prefill,5,145,0
prefill,5,146,2
prefill,5,147,0
prefill,5,148,0
prefill,5,149,0
prefill,5,150,1
prefill,5,151,0
prefill,5,152,0
prefill,5,153,0
prefill,5,154,0
prefill,5,155,0
prefill,5,156,1
prefill,5,157,0
prefill,5,158,0
prefill,5,159,1
prefill,5,160,0
prefill,5,161,0
prefill,5,162,0
prefill,5,163,0
prefill,5,164,0
prefill,5,165,0
prefill,5,166,0
prefill,5,167,0
prefill,5,168,0
prefill,5,169,0
prefill,5,170,0
prefill,5,171,0
prefill,5,172,6
prefill,5,173,0
prefill,5,174,0
prefill,5,175,1
prefill,5,176,0
prefill,5,177,0
prefill,5,178,0
prefill,5,179,0
prefill,5,180,1
prefill,5,181,0
prefill,5,182,0
prefill,5,183,0
prefill,5,184,0
prefill,5,185,0
prefill,5,186,0
prefill,5,187,0
prefill,5,188,0
prefill,5,189,0
prefill,5,190,0
prefill,5,191,0
prefill,5,192,0
prefill,5,193,0
prefill,5,194,2
prefill,5,195,0
prefill,5,196,0
prefill,5,197,0
prefill,5,198,0
prefill,5,199,0
prefill,5,200,0
prefill,5,201,0
prefill,5,202,0
prefill,5,203,0
prefill,5,204,0
prefill,5,205,0
prefill,5,206,0
prefill,5,207,0
prefill,5,208,0
prefill,5,209,4
prefill,5,210,5
prefill,5,211,0
prefill,5,212,0
prefill,5,213,0
prefill,5,214,2
prefill,5,215,0
prefill,5,216,0
prefill,5,217,0
prefill,5,218,0
prefill,5,219,0
prefill,5,220,1
prefill,5,221,1
prefill,5,222,0
prefill,5,223,0
prefill,5,224,0
prefill,5,225,0
prefill,5,226,0
prefill,5,227,0
prefill,5,228,0
prefill,5,229,0
prefill,5,230,0
prefill,5,231,0
prefill,5,232,0
prefill,5,233,0
prefill,5,234,0
prefill,5,235,0
prefill,5,236,0
prefill,5,237,0
prefill,5,238,0
prefill,5,239,0
prefill,5,240,0
prefill,5,241,0
prefill,5,242,1
prefill,5,243,0
prefill,5,244,1
prefill,5,245,0
prefill,5,246,0
prefill,5,247,0
prefill,5,248,0
prefill,5,249,0
prefill,5,250,0
prefill,5,251,0
prefill,5,252,2
prefill,5,253,0
prefill,5,254,0
prefill,5,255,0
prefill,6,0,0
prefill,6,1,5
prefill,6,2,0
prefill,6,3,1
prefill,6,4,1
prefill,6,5,0
prefill,6,6,0
prefill,6,7,0
prefill,6,8,8
prefill,6,9,0
prefill,6,10,0
prefill,6,11,0
prefill,6,12,0
prefill,6,13,0
prefill,6,14,0
prefill,6,15,0
prefill,6,16,1
prefill,6,17,0
prefill,6,18,0
prefill,6,19,0
prefill,6,20,1
prefill,6,21,0
prefill,6,22,1
prefill,6,23,0
prefill,6,24,0
prefill,6,25,0
prefill,6,26,0
prefill,6,27,1
prefill,6,28,0
prefill,6,29,1
prefill,6,30,0
prefill,6,31,0
prefill,6,32,0
prefill,6,33,0
prefill,6,34,0
prefill,6,35,0
prefill,6,36,0
prefill,6,37,0
prefill,6,38,0
prefill,6,39,0
prefill,6,40,0
prefill,6,41,0
prefill,6,42,0
prefill,6,43,0
prefill,6,44,0
prefill,6,45,0
prefill,6,46,0
prefill,6,47,0
prefill,6,48,0
prefill,6,49,1
prefill,6,50,0
prefill,6,51,0
prefill,6,52,0
prefill,6,53,1
prefill,6,54,1
prefill,6,55,0
prefill,6,56,1
prefill,6,57,0
prefill,6,58,0
prefill,6,59,0
prefill,6,60,0
prefill,6,61,0
prefill,6,62,0
prefill,6,63,0
prefill,6,64,0
prefill,6,65,0
prefill,6,66,0
prefill,6,67,0
prefill,6,68,10
prefill,6,69,0
prefill,6,70,1
prefill,6,71,0
prefill,6,72,0
prefill,6,73,0
prefill,6,74,0
prefill,6,75,0
prefill,6,76,10
prefill,6,77,2
prefill,6,78,0
prefill,6,79,0
prefill,6,80,0
prefill,6,81,0
prefill,6,82,0
prefill,6,83,0
prefill,6,84,0
prefill,6,85,0
prefill,6,86,0
prefill,6,87,3
prefill,6,88,2
prefill,6,89,0
prefill,6,90,0
prefill,6,91,0
prefill,6,92,0
prefill,6,93,1
prefill,6,94,0
prefill,6,95,1
prefill,6,96,0
prefill,6,97,0
prefill,6,98,0
prefill,6,99,0
prefill,6,100,0
prefill,6,101,1
prefill,6,102,0
prefill,6,103,0
prefill,6,104,0
prefill,6,105,0
prefill,6,106,0
prefill,6,107,0
prefill,6,108,0
prefill,6,109,1
prefill,6,110,0
prefill,6,111,0
prefill,6,112,0
prefill,6,113,1
prefill,6,114,0
prefill,6,115,2
prefill,6,116,0
prefill,6,117,0
prefill,6,118,0
prefill,6,119,0
prefill,6,120,1
prefill,6,121,0
prefill,6,122,0
prefill,6,123,0
prefill,6,124,0
prefill,6,125,0
prefill,6,126,0
prefill,6,127,0
prefill,6,128,1
prefill,6,129,0
prefill,6,130,0
prefill,6,131,0
prefill,6,132,0
prefill,6,133,0
prefill,6,134,0
prefill,6,135,0
prefill,6,136,1
prefill,6,137,0
prefill,6,138,0
prefill,6,139,0
prefill,6,140,0
prefill,6,141,0
prefill,6,142,0
prefill,6,143,0
prefill,6,144,0
prefill,6,145,0
prefill,6,146,0
prefill,6,147,0
prefill,6,148,0
prefill,6,149,0
prefill,6,150,0
prefill,6,151,0
prefill,6,152,0
prefill,6,153,0
prefill,6,154,1
prefill,6,155,0
prefill,6,156,5
prefill,6,157,0
prefill,6,158,0
prefill,6,159,0
prefill,6,160,0
prefill,6,161,2
prefill,6,162,0
prefill,6,163,0
prefill,6,164,0
prefill,6,165,0
prefill,6,166,0
prefill,6,167,0
prefill,6,168,0
prefill,6,169,0
prefill,6,170,0
prefill,6,171,0
prefill,6,172,0
prefill,6,173,0
prefill,6,174,0
prefill,6,175,0
prefill,6,176,0
prefill,6,177,0
prefill,6,178,1
prefill,6,179,0
prefill,6,180,0
prefill,6,181,2
prefill,6,182,0
prefill,6,183,0
prefill,6,184,0
prefill,6,185,0
prefill,6,186,0
prefill,6,187,1
prefill,6,188,0
prefill,6,189,1
prefill,6,190,0
prefill,6,191,0
prefill,6,192,0
prefill,6,193,0
prefill,6,194,2
prefill,6,195,1
prefill,6,196,0
prefill,6,197,0
prefill,6,198,0
prefill,6,199,0
prefill,6,200,0
prefill,6,201,0
prefill,6,202,0
prefill,6,203,0
prefill,6,204,0
prefill,6,205,0
prefill,6,206,0
prefill,6,207,1
prefill,6,208,0
prefill,6,209,0
prefill,6,210,0
prefill,6,211,0
prefill,6,212,0
prefill,6,213,0
prefill,6,214,2
prefill,6,215,0
prefill,6,216,0
prefill,6,217,0
prefill,6,218,0
prefill,6,219,0
prefill,6,220,0
prefill,6,221,0
prefill,6,222,0
prefill,6,223,0
prefill,6,224,0
prefill,6,225,0
prefill,6,226,0
prefill,6,227,0
prefill,6,228,11
prefill,6,229,0
prefill,6,230,0
prefill,6,231,0
prefill,6,232,1
prefill,6,233,0
prefill,6,234,0
prefill,6,235,0
prefill,6,236,0
prefill,6,237,0
prefill,6,238,0
prefill,6,239,0
prefill,6,240,0
prefill,6,241,0
prefill,6,242,1
prefill,6,243,0
prefill,6,244,0
prefill,6,245,0
prefill,6,246,0
prefill,6,247,0
prefill,6,248,0
prefill,6,249,0
prefill,6,250,1
prefill,6,251,0
prefill,6,252,0
prefill,6,253,0
prefill,6,254,0
prefill,6,255,1
prefill,7,0,4
prefill,7,1,0
prefill,7,2,0
prefill,7,3,0
prefill,7,4,0
prefill,7,5,0
prefill,7,6,0
prefill,7,7,0
prefill,7,8,1
prefill,7,9,0
prefill,7,10,0
prefill,7,11,0
prefill,7,12,0
prefill,7,13,0
prefill,7,14,0
prefill,7,15,1
prefill,7,16,0
prefill,7,17,0
prefill,7,18,0
prefill,7,19,0
prefill,7,20,0
prefill,7,21,0
prefill,7,22,2
prefill,7,23,1
prefill,7,24,2
prefill,7,25,0
prefill,7,26,0
prefill,7,27,0
prefill,7,28,1
prefill,7,29,0
prefill,7,30,0
prefill,7,31,0
prefill,7,32,0
prefill,7,33,1
prefill,7,34,0
prefill,7,35,1
prefill,7,36,0
prefill,7,37,0
prefill,7,38,0
prefill,7,39,0
prefill,7,40,0
prefill,7,41,0
prefill,7,42,0
prefill,7,43,0
prefill,7,44,0
prefill,7,45,0
prefill,7,46,0
prefill,7,47,0
prefill,7,48,0
prefill,7,49,0
prefill,7,50,0
prefill,7,51,0
prefill,7,52,0
prefill,7,53,0
prefill,7,54,0
prefill,7,55,0
prefill,7,56,1
prefill,7,57,0
prefill,7,58,0
prefill,7,59,0
prefill,7,60,0
prefill,7,61,0
prefill,7,62,0
prefill,7,63,0
prefill,7,64,0
prefill,7,65,0
prefill,7,66,4
prefill,7,67,0
prefill,7,68,0
prefill,7,69,0
prefill,7,70,1
prefill,7,71,0
prefill,7,72,0
prefill,7,73,0
prefill,7,74,0
prefill,7,75,0
prefill,7,76,0
prefill,7,77,0
prefill,7,78,0
prefill,7,79,0
prefill,7,80,2
prefill,7,81,0
prefill,7,82,0
prefill,7,83,0
prefill,7,84,0
prefill,7,85,0
prefill,7,86,0
prefill,7,87,0
prefill,7,88,0
prefill,7,89,0
prefill,7,90,0
prefill,7,91,0
prefill,7,92,0
prefill,7,93,0
prefill,7,94,0
prefill,7,95,0
prefill,7,96,0
prefill,7,97,0
prefill,7,98,0
prefill,7,99,0
prefill,7,100,1
prefill,7,101,0
prefill,7,102,0
prefill,7,103,1
prefill,7,104,0
prefill,7,105,0
prefill,7,106,0
prefill,7,107,0
prefill,7,108,0
prefill,7,109,0
prefill,7,110,2
prefill,7,111,0
prefill,7,112,0
prefill,7,113,0
prefill,7,114,0
prefill,7,115,0
prefill,7,116,0
prefill,7,117,0
prefill,7,118,0
prefill,7,119,0
prefill,7,120,0
prefill,7,121,0
prefill,7,122,2
prefill,7,123,0
prefill,7,124,4
prefill,7,125,0
prefill,7,126,0
prefill,7,127,1
prefill,7,128,0
prefill,7,129,0
prefill,7,130,0
prefill,7,131,0
prefill,7,132,0
prefill,7,133,0
prefill,7,134,0
prefill,7,135,0
prefill,7,136,0
prefill,7,137,0
prefill,7,138,0
prefill,7,139,0
prefill,7,140,1
prefill,7,141,4
prefill,7,142,0
prefill,7,143,0
prefill,7,144,0
prefill,7,145,5
prefill,7,146,1
prefill,7,147,0
prefill,7,148,0
prefill,7,149,0
prefill,7,150,0
prefill,7,151,1
prefill,7,152,0
prefill,7,153,1
prefill,7,154,1
prefill,7,155,0
prefill,7,156,0
prefill,7,157,0
prefill,7,158,0
prefill,7,159,1
prefill,7,160,0
prefill,7,161,0
prefill,7,162,0
prefill,7,163,0
prefill,7,164,0
prefill,7,165,0
prefill,7,166,0
prefill,7,167,0
prefill,7,168,1
prefill,7,169,0
prefill,7,170,2
prefill,7,171,0
prefill,7,172,1
prefill,7,173,0
prefill,7,174,0
prefill,7,175,1
prefill,7,176,0
prefill,7,177,0
prefill,7,178,0
prefill,7,179,0
prefill,7,180,2
prefill,7,181,1
prefill,7,182,1
prefill,7,183,0
prefill,7,184,2
prefill,7,185,0
prefill,7,186,0
prefill,7,187,0
prefill,7,188,0
prefill,7,189,0
prefill,7,190,0
prefill,7,191,0
prefill,7,192,1
prefill,7,193,0
prefill,7,194,1
prefill,7,195,0
prefill,7,196,0
prefill,7,197,0
prefill,7,198,0
prefill,7,199,0
prefill,7,200,1
prefill,7,201,0
prefill,7,202,0
prefill,7,203,0
prefill,7,204,1
prefill,7,205,3
prefill,7,206,1
prefill,7,207,1
prefill,7,208,0
prefill,7,209,0
prefill,7,210,1
prefill,7,211,0
prefill,7,212,0
prefill,7,213,0
prefill,7,214,0
prefill,7,215,1
prefill,7,216,0
prefill,7,217,0
prefill,7,218,0
prefill,7,219,0
prefill,7,220,4
prefill,7,221,0
prefill,7,222,0
prefill,7,223,0
prefill,7,224,0
prefill,7,225,0
prefill,7,226,1
prefill,7,227,0
prefill,7,228,0
prefill,7,229,0
prefill,7,230,0
prefill,7,231,0
prefill,7,232,14
prefill,7,233,0
prefill,7,234,0
prefill,7,235,0
prefill,7,236,0
prefill,7,237,0
prefill,7,238,2
prefill,7,239,0
prefill,7,240,0
prefill,7,241,0
prefill,7,242,0
prefill,7,243,1
prefill,7,244,0
prefill,7,245,1
prefill,7,246,0
prefill,7,247,0
prefill,7,248,1
prefill,7,249,0
prefill,7,250,0
prefill,7,251,1
prefill,7,252,0
prefill,7,253,0
prefill,7,254,0
prefill,7,255,1
prefill,8,0,0
prefill,8,1,1
prefill,8,2,1
prefill,8,3,0
prefill,8,4,0
prefill,8,5,0
prefill,8,6,1
prefill,8,7,0
prefill,8,8,0
prefill,8,9,0
prefill,8,10,0
prefill,8,11,0
prefill,8,12,0
prefill,8,13,1
prefill,8,14,0
prefill,8,15,0
prefill,8,16,0
prefill,8,17,2
prefill,8,18,0
prefill,8,19,0
prefill,8,20,3
prefill,8,21,0
prefill,8,22,0
prefill,8,23,0
prefill,8,24,0
prefill,8,25,0
prefill,8,26,0
prefill,8,27,0
prefill,8,28,0
prefill,8,29,0
prefill,8,30,0
prefill,8,31,6
prefill,8,32,0
prefill,8,33,0
prefill,8,34,1
prefill,8,35,0
prefill,8,36,0
prefill,8,37,0
prefill,8,38,0
prefill,8,39,0
prefill,8,40,0
prefill,8,41,0
prefill,8,42,0
prefill,8,43,0
prefill,8,44,0
prefill,8,45,0
prefill,8,46,0
prefill,8,47,0
prefill,8,48,0
prefill,8,49,0
prefill,8,50,0
prefill,8,51,0
prefill,8,52,0
prefill,8,53,9
prefill,8,54,0
prefill,8,55,0
prefill,8,56,0
prefill,8,57,0
prefill,8,58,0
prefill,8,59,0
prefill,8,60,0
prefill,8,61,0
prefill,8,62,0
prefill,8,63,1
prefill,8,64,0
prefill,8,65,0
prefill,8,66,0
prefill,8,67,0
prefill,8,68,0
prefill,8,69,0
prefill,8,70,0
prefill,8,71,0
prefill,8,72,0
prefill,8,73,1
prefill,8,74,0
prefill,8,75,0
prefill,8,76,0
prefill,8,77,10
prefill,8,78,0
prefill,8,79,0
prefill,8,80,2
prefill,8,81,1
prefill,8,82,0
prefill,8,83,0
prefill,8,84,1
prefill,8,85,0
prefill,8,86,0
prefill,8,87,0
prefill,8,88,2
prefill,8,89,0
prefill,8,90,0
prefill,8,91,1
prefill,8,92,0
prefill,8,93,0
prefill,8,94,0
prefill,8,95,0
prefill,8,96,0
prefill,8,97,0
prefill,8,98,0
prefill,8,99,0
prefill,8,100,0
prefill,8,101,0
prefill,8,102,0
prefill,8,103,0
prefill,8,104,0
prefill,8,105,0
prefill,8,106,0
prefill,8,107,0
prefill,8,108,0
prefill,8,109,0
prefill,8,110,2
prefill,8,111,1
prefill,8,112,1
prefill,8,113,0
prefill,8,114,0
prefill,8,115,1
prefill,8,116,0
prefill,8,117,0
prefill,8,118,0
prefill,8,119,0
prefill,8,120,14
prefill,8,121,0
prefill,8,122,0
prefill,8,123,0
prefill,8,124,1
prefill,8,125,0
prefill,8,126,0
prefill,8,127,0
prefill,8,128,1
prefill,8,129,0
prefill,8,130,0
prefill,8,131,4
prefill,8,132,0
prefill,8,133,0
prefill,8,134,0
prefill,8,135,0
prefill,8,136,0
prefill,8,137,0
prefill,8,138,0
prefill,8,139,0
prefill,8,140,0
prefill,8,141,0
prefill,8,142,0
prefill,8,143,1
prefill,8,144,0
prefill,8,145,0
prefill,8,146,0
prefill,8,147,0
prefill,8,148,0
prefill,8,149,0
prefill,8,150,1
prefill,8,151,0
prefill,8,152,0
prefill,8,153,1
prefill,8,154,0
prefill,8,155,0
prefill,8,156,0
prefill,8,157,0
prefill,8,158,0
prefill,8,159,0
prefill,8,160,0
prefill,8,161,0
prefill,8,162,0
prefill,8,163,0
prefill,8,164,0
prefill,8,165,0
prefill,8,166,0
prefill,8,167,0
prefill,8,168,0
prefill,8,169,0
prefill,8,170,0
prefill,8,171,0
prefill,8,172,2
prefill,8,173,0
prefill,8,174,0
prefill,8,175,0
prefill,8,176,0
prefill,8,177,1
prefill,8,178,0
prefill,8,179,2
prefill,8,180,0
prefill,8,181,0
prefill,8,182,0
prefill,8,183,0
prefill,8,184,0
prefill,8,185,0
prefill,8,186,0
prefill,8,187,0
prefill,8,188,0
prefill,8,189,0
prefill,8,190,0
prefill,8,191,0
prefill,8,192,1
prefill,8,193,0
prefill,8,194,0
prefill,8,195,0
prefill,8,196,0
prefill,8,197,1
prefill,8,198,0
prefill,8,199,0
prefill,8,200,0
prefill,8,201,0
prefill,8,202,1
prefill,8,203,0
prefill,8,204,0
prefill,8,205,0
prefill,8,206,1
prefill,8,207,0
prefill,8,208,5
prefill,8,209,0
prefill,8,210,0
prefill,8,211,0
prefill,8,212,0
prefill,8,213,0
prefill,8,214,0
prefill,8,215,0
prefill,8,216,0
prefill,8,217,0
prefill,8,218,0
prefill,8,219,0
prefill,8,220,0
prefill,8,221,0
prefill,8,222,1
prefill,8,223,0
prefill,8,224,0
prefill,8,225,1
prefill,8,226,2
prefill,8,227,0
prefill,8,228,0
prefill,8,229,0
prefill,8,230,0
prefill,8,231,0
prefill,8,232,0
prefill,8,233,0
prefill,8,234,0
prefill,8,235,0
prefill,8,236,0
prefill,8,237,0
prefill,8,238,1
prefill,8,239,0
prefill,8,240,0
prefill,8,241,1
prefill,8,242,0
prefill,8,243,0
prefill,8,244,0
prefill,8,245,0
prefill,8,246,0
prefill,8,247,0
prefill,8,248,0
prefill,8,249,0
prefill,8,250,0
prefill,8,251,0
prefill,8,252,0
prefill,8,253,2
prefill,8,254,0
prefill,8,255,2
prefill,9,0,0
prefill,9,1,0
prefill,9,2,0
prefill,9,3,0
prefill,9,4,0
prefill,9,5,0
prefill,9,6,0
prefill,9,7,0
prefill,9,8,0
prefill,9,9,0
prefill,9,10,0
prefill,9,11,0
prefill,9,12,0
prefill,9,13,0
prefill,9,14,1
prefill,9,15,2
prefill,9,16,0
prefill,9,17,0
prefill,9,18,0
prefill,9,19,0
prefill,9,20,0
prefill,9,21,0
prefill,9,22,0
prefill,9,23,0
prefill,9,24,1
prefill,9,25,0
prefill,9,26,0
prefill,9,27,1
prefill,9,28,0
prefill,9,29,0
prefill,9,30,0
prefill,9,31,2
prefill,9,32,1
prefill,9,33,0
prefill,9,34,0
prefill,9,35,0
prefill,9,36,0
prefill,9,37,0
prefill,9,38,0
prefill,9,39,0
prefill,9,40,9
prefill,9,41,0
prefill,9,42,0
prefill,9,43,0
prefill,9,44,0
prefill,9,45,0
prefill,9,46,1
prefill,9,47,0
prefill,9,48,0
prefill,9,49,1
prefill,9,50,0
prefill,9,51,0
prefill,9,52,0
prefill,9,53,0
prefill,9,54,0
prefill,9,55,1
prefill,9,56,0
prefill,9,57,3
prefill,9,58,0
prefill,9,59,0
prefill,9,60,0
prefill,9,61,0
prefill,9,62,0
prefill,9,63,0
prefill,9,64,0
prefill,9,65,0
prefill,9,66,0
prefill,9,67,0
prefill,9,68,0
prefill,9,69,0
prefill,9,70,0
prefill,9,71,0
prefill,9,72,2
prefill,9,73,0
prefill,9,74,0
prefill,9,75,0
prefill,9,76,0
prefill,9,77,0
prefill,9,78,0
prefill,9,79,0
prefill,9,80,0
prefill,9,81,0
prefill,9,82,0
prefill,9,83,1
prefill,9,84,0
prefill,9,85,0
prefill,9,86,0
prefill,9,87,0
prefill,9,88,0
prefill,9,89,0
prefill,9,90,0
prefill,9,91,0
prefill,9,92,0
prefill,9,93,1
prefill,9,94,0
prefill,9,95,0
prefill,9,96,0
prefill,9,97,0
prefill,9,98,1
prefill,9,99,0
prefill,9,100,0
prefill,9,101,0
prefill,9,102,0
prefill,9,103,0
prefill,9,104,0
prefill,9,105,0
prefill,9,106,1
prefill,9,107,0
prefill,9,108,0
prefill,9,109,0
prefill,9,110,0
prefill,9,111,0
prefill,9,112,0
prefill,9,113,0
prefill,9,114,15
prefill,9,115,0
prefill,9,116,0
prefill,9,117,0
prefill,9,118,0
prefill,9,119,0
prefill,9,120,0
prefill,9,121,0
prefill,9,122,0
prefill,9,123,0
prefill,9,124,0
prefill,9,125,0
prefill,9,126,0
prefill,9,127,0
prefill,9,128,0
prefill,9,129,0
prefill,9,130,0
prefill,9,131,0
prefill,9,132,0
prefill,9,133,1
prefill,9,134,0
prefill,9,135,0
prefill,9,136,0
prefill,9,137,0
prefill,9,138,0
prefill,9,139,0
prefill,9,140,0
prefill,9,141,0
prefill,9,142,0
prefill,9,143,1
prefill,9,144,0
prefill,9,145,0
prefill,9,146,1
prefill,9,147,0
prefill,9,148,0
prefill,9,149,0
prefill,9,150,3
prefill,9,151,0
prefill,9,152,0
prefill,9,153,0
prefill,9,154,0
prefill,9,155,0
prefill,9,156,0
prefill,9,157,0
prefill,9,158,0
prefill,9,159,0
prefill,9,160,0
prefill,9,161,0
prefill,9,162,0
prefill,9,163,2
prefill,9,164,0
prefill,9,165,0
prefill,9,166,1
prefill,9,167,0
prefill,9,168,0
prefill,9,169,8
prefill,9,170,0
prefill,9,171,0
prefill,9,172,0
prefill,9,173,0
prefill,9,174,0
prefill,9,175,0
prefill,9,176,0
prefill,9,177,0
prefill,9,178,0
prefill,9,179,0
prefill,9,180,0
prefill,9,181,0
prefill,9,182,0
prefill,9,183,0
prefill,9,184,1
prefill,9,185,0
prefill,9,186,0
prefill,9,187,0
prefill,9,188,1
prefill,9,189,0
prefill,9,190,0
prefill,9,191,2
prefill,9,192,0
prefill,9,193,0
prefill,9,194,0
prefill,9,195,0
prefill,9,196,0
prefill,9,197,0
prefill,9,198,0
prefill,9,199,0
prefill,9,200,0
prefill,9,201,0
prefill,9,202,0
prefill,9,203,0
prefill,9,204,0
prefill,9,205,0
prefill,9,206,0
prefill,9,207,0
prefill,9,208,0
prefill,9,209,0
prefill,9,210,0
prefill,9,211,13
prefill,9,212,0
prefill,9,213,0
prefill,9,214,0
prefill,9,215,0
prefill,9,216,0
prefill,9,217,0
prefill,9,218,0
prefill,9,219,1
prefill,9,220,0
prefill,9,221,1
prefill,9,222,0
prefill,9,223,0
prefill,9,224,0
prefill,9,225,0
prefill,9,226,0
prefill,9,227,0
prefill,9,228,0
prefill,9,229,0
prefill,9,230,0
prefill,9,231,0
prefill,9,232,0
prefill,9,233,2
prefill,9,234,0
prefill,9,235,0
prefill,9,236,9
prefill,9,237,0
prefill,9,238,0
prefill,9,239,0
prefill,9,240,0
prefill,9,241,0
prefill,9,242,2
prefill,9,243,0
prefill,9,244,0
prefill,9,245,0
prefill,9,246,0
prefill,9,247,1
prefill,9,248,0
prefill,9,249,0
prefill,9,250,0
prefill,9,251,1
prefill,9,252,1
prefill,9,253,0
prefill,9,254,0
prefill,9,255,0
prefill,10,0,0
prefill,10,1,0
prefill,10,2,0
prefill,10,3,0
prefill,10,4,0
prefill,10,5,0
prefill,10,6,0
prefill,10,7,0
prefill,10,8,2
prefill,10,9,0
prefill,10,10,0
prefill,10,11,0
prefill,10,12,0
prefill,10,13,3
prefill,10,14,11
prefill,10,15,3
prefill,10,16,11
prefill,10,17,0
prefill,10,18,0
prefill,10,19,2
prefill,10,20,0
prefill,10,21,0
prefill,10,22,0
prefill,10,23,0
prefill,10,24,0
prefill,10,25,0
prefill,10,26,0
prefill,10,27,1
prefill,10,28,0
prefill,10,29,4
prefill,10,30,0
prefill,10,31,0
prefill,10,32,0
prefill,10,33,1
prefill,10,34,1
prefill,10,35,0
prefill,10,36,0
prefill,10,37,2
prefill,10,38,0
prefill,10,39,0
prefill,10,40,6
prefill,10,41,0
prefill,10,42,0
prefill,10,43,0
prefill,10,44,0
prefill,10,45,0
prefill,10,46,0
prefill,10,47,0
prefill,10,48,0
prefill,10,49,0
prefill,10,50,1
prefill,10,51,0
prefill,10,52,0
prefill,10,53,0
prefill,10,54,0
prefill,10,55,0
prefill,10,56,2
prefill,10,57,0
prefill,10,58,0
prefill,10,59,0
prefill,10,60,0
prefill,10,61,0
prefill,10,62,1
prefill,10,63,0
prefill,10,64,4
prefill,10,65,1
prefill,10,66,0
prefill,10,67,0
prefill,10,68,0
prefill,10,69,12
prefill,10,70,0
prefill,10,71,0
prefill,10,72,0
prefill,10,73,0
prefill,10,74,0
prefill,10,75,0
prefill,10,76,0
prefill,10,77,0
prefill,10,78,0
prefill,10,79,0
prefill,10,80,1
prefill,10,81,0
prefill,10,82,0
prefill,10,83,0
prefill,10,84,0
prefill,10,85,0
prefill,10,86,0
prefill,10,87,0
prefill,10,88,0
prefill,10,89,0
prefill,10,90,0
prefill,10,91,0
prefill,10,92,0
prefill,10,93,0
prefill,10,94,3
prefill,10,95,0
prefill,10,96,0
prefill,10,97,0
prefill,10,98,0
prefill,10,99,0
prefill,10,100,0
prefill,10,101,0
prefill,10,102,1
prefill,10,103,0
prefill,10,104,0
prefill,10,105,0
prefill,10,106,0
prefill,10,107,0
prefill,10,108,0
prefill,10,109,0
prefill,10,110,0
prefill,10,111,0
prefill,10,112,0
prefill,10,113,0
prefill,10,114,0
prefill,10,115,0
prefill,10,116,0
prefill,10,117,1
prefill,10,118,0
prefill,10,119,0
prefill,10,120,0
prefill,10,121,0
prefill,10,122,2
prefill,10,123,0
prefill,10,124,0
prefill,10,125,0
prefill,10,126,0
prefill,10,127,0
prefill,10,128,0
prefill,10,129,0
prefill,10,130,1
prefill,10,131,0
prefill,10,132,0
prefill,10,133,0
prefill,10,134,0
prefill,10,135,0
prefill,10,136,0
prefill,10,137,0
prefill,10,138,0
prefill,10,139,0
prefill,10,140,0
prefill,10,141,0
prefill,10,142,0
prefill,10,143,0
prefill,10,144,0
prefill,10,145,0
prefill,10,146,0
prefill,10,147,0
prefill,10,148,2
prefill,10,149,0
prefill,10,150,0
prefill,10,151,0
prefill,10,152,0
prefill,10,153,0
prefill,10,154,0
prefill,10,155,0
prefill,10,156,0
prefill,10,157,1
prefill,10,158,0
prefill,10,159,0
prefill,10,160,0
prefill,10,161,0
prefill,10,162,0
prefill,10,163,0
prefill,10,164,0
prefill,10,165,0
prefill,10,166,0
prefill,10,167,0
prefill,10,168,0
prefill,10,169,0
prefill,10,170,0
prefill,10,171,0
prefill,10,172,0
prefill,10,173,0
prefill,10,174,0
prefill,10,175,0
prefill,10,176,0
prefill,10,177,0
prefill,10,178,0
prefill,10,179,0
prefill,10,180,0
prefill,10,181,0
prefill,10,182,0
prefill,10,183,0
prefill,10,184,0
prefill,10,185,0
prefill,10,186,1
prefill,10,187,0
prefill,10,188,0
prefill,10,189,0
prefill,10,190,0
prefill,10,191,0
prefill,10,192,0
prefill,10,193,0
prefill,10,194,0
prefill,10,195,0
prefill,10,196,1
prefill,10,197,0
prefill,10,198,0
prefill,10,199,0
prefill,10,200,0
prefill,10,201,1
prefill,10,202,0
prefill,10,203,0
prefill,10,204,0
prefill,10,205,0
prefill,10,206,0
prefill,10,207,0
prefill,10,208,0
prefill,10,209,0
prefill,10,210,0
prefill,10,211,0
prefill,10,212,0
prefill,10,213,0
prefill,10,214,0
prefill,10,215,0
prefill,10,216,0
prefill,10,217,0
prefill,10,218,1
prefill,10,219,0
prefill,10,220,1
prefill,10,221,1
prefill,10,222,2
prefill,10,223,2
prefill,10,224,0
prefill,10,225,0
prefill,10,226,0
prefill,10,227,0
prefill,10,228,0
prefill,10,229,0
prefill,10,230,0
prefill,10,231,1
prefill,10,232,1
prefill,10,233,0
prefill,10,234,0
prefill,10,235,0
prefill,10,236,0
prefill,10,237,0
prefill,10,238,0
prefill,10,239,0
prefill,10,240,0
prefill,10,241,1
prefill,10,242,1
prefill,10,243,0
prefill,10,244,0
prefill,10,245,0
prefill,10,246,0
prefill,10,247,1
prefill,10,248,1
prefill,10,249,0
prefill,10,250,0
prefill,10,251,0
prefill,10,252,0
prefill,10,253,0
prefill,10,254,0
prefill,10,255,0
prefill,11,0,0
prefill,11,1,0
prefill,11,2,0
prefill,11,3,0
prefill,11,4,0
prefill,11,5,4
prefill,11,6,0
prefill,11,7,0
prefill,11,8,0
prefill,11,9,0
prefill,11,10,0
prefill,11,11,1
prefill,11,12,0
prefill,11,13,0
prefill,11,14,0
prefill,11,15,0
prefill,11,16,0
prefill,11,17,0
prefill,11,18,1
prefill,11,19,0
prefill,11,20,0
prefill,11,21,0
prefill,11,22,0
prefill,11,23,0
prefill,11,24,0
prefill,11,25,0
prefill,11,26,0
prefill,11,27,0
prefill,11,28,4
prefill,11,29,0
prefill,11,30,5
prefill,11,31,0
prefill,11,32,0
prefill,11,33,0
prefill,11,34,9
prefill,11,35,2
prefill,11,36,0
prefill,11,37,0
prefill,11,38,7
prefill,11,39,0
prefill,11,40,0
prefill,11,41,0
prefill,11,42,0
prefill,11,43,0
prefill,11,44,0
prefill,11,45,0
prefill,11,46,4
prefill,11,47,0
prefill,11,48,0
prefill,11,49,0
prefill,11,50,0
prefill,11,51,0
prefill,11,52,0
prefill,11,53,2
prefill,11,54,0
prefill,11,55,0
prefill,11,56,0
prefill,11,57,0
prefill,11,58,0
prefill,11,59,0
prefill,11,60,0
prefill,11,61,0
prefill,11,62,0
prefill,11,63,0
prefill,11,64,0
prefill,11,65,0
prefill,11,66,0
prefill,11,67,2
prefill,11,68,0
prefill,11,69,1
prefill,11,70,3
prefill,11,71,0
prefill,11,72,0
prefill,11,73,0
prefill,11,74,0
prefill,11,75,0
prefill,11,76,0
prefill,11,77,0
prefill,11,78,0
prefill,11,79,1
prefill,11,80,0
prefill,11,81,0
prefill,11,82,0
prefill,11,83,0
prefill,11,84,0
prefill,11,85,0
prefill,11,86,0
prefill,11,87,0
prefill,11,88,0
prefill,11,89,1
prefill,11,90,0
prefill,11,91,0
prefill,11,92,0
prefill,11,93,0
prefill,11,94,0
prefill,11,95,0
prefill,11,96,0
prefill,11,97,0
prefill,11,98,0
prefill,11,99,0
prefill,11,100,0
prefill,11,101,0
prefill,11,102,0
prefill,11,103,0
prefill,11,104,0
prefill,11,105,0
prefill,11,106,0
prefill,11,107,0
prefill,11,108,0
prefill,11,109,11
prefill,11,110,0
prefill,11,111,0
prefill,11,112,0
prefill,11,113,0
prefill,11,114,0
prefill,11,115,1
prefill,11,116,0
prefill,11,117,0
prefill,11,118,0
prefill,11,119,0
prefill,11,120,0
prefill,11,121,0
prefill,11,122,0
prefill,11,123,0
prefill,11,124,5
prefill,11,125,0
prefill,11,126,0
prefill,11,127,1
prefill,11,128,0
prefill,11,129,0
prefill,11,130,0
prefill,11,131,0
prefill,11,132,0
prefill,11,133,0
prefill,11,134,0
prefill,11,135,0
prefill,11,136,0
prefill,11,137,0
prefill,11,138,0
prefill,11,139,0
prefill,11,140,0
prefill,11,141,0
prefill,11,142,0
prefill,11,143,0
prefill,11,144,0
prefill,11,145,0
prefill,11,146,0
prefill,11,147,0
prefill,11,148,0
prefill,11,149,0
prefill,11,150,0
prefill,11,151,0
prefill,11,152,0
prefill,11,153,0
prefill,11,154,0
prefill,11,155,0
prefill,11,156,0
prefill,11,157,1
prefill,11,158,0
prefill,11,159,10
prefill,11,160,0
prefill,11,161,1
prefill,11,162,0
prefill,11,163,0
prefill,11,164,0
prefill,11,165,0
prefill,11,166,0
prefill,11,167,0
prefill,11,168,0
prefill,11,169,0
prefill,11,170,0
prefill,11,171,0
prefill,11,172,0
prefill,11,173,1
prefill,11,174,0
prefill,11,175,0
prefill,11,176,1
prefill,11,177,0
prefill,11,178,0
prefill,11,179,0
prefill,11,180,0
prefill,11,181,0
prefill,11,182,0
prefill,11,183,0
prefill,11,184,1
prefill,11,185,0
prefill,11,186,0
prefill,11,187,0
prefill,11,188,0
prefill,11,189,0
prefill,11,190,0
prefill,11,191,0
prefill,11,192,0
prefill,11,193,0
prefill,11,194,1
prefill,11,195,2
prefill,11,196,0
prefill,11,197,0
prefill,11,198,0
prefill,11,199,0
prefill,11,200,0
prefill,11,201,0
prefill,11,202,0
prefill,11,203,0
prefill,11,204,0
prefill,11,205,0
prefill,11,206,0
prefill,11,207,0
prefill,11,208,0
prefill,11,209,4
prefill,11,210,0
prefill,11,211,0
prefill,11,212,0
prefill,11,213,0
prefill,11,214,0
prefill,11,215,0
prefill,11,216,0
prefill,11,217,0
prefill,11,218,0
prefill,11,219,0
prefill,11,220,0
prefill,11,221,0
prefill,11,222,0
prefill,11,223,2
prefill,11,224,0
prefill,11,225,0
prefill,11,226,1
prefill,11,227,0
prefill,11,228,0
prefill,11,229,0
prefill,11,230,0
prefill,11,231,0
prefill,11,232,2
prefill,11,233,0
prefill,11,234,0
prefill,11,235,0
prefill,11,236,0
prefill,11,237,0
prefill,11,238,0
prefill,11,239,0
prefill,11,240,3
prefill,11,241,0
prefill,11,242,0
prefill,11,243,0
prefill,11,244,0
prefill,11,245,0
prefill,11,246,0
prefill,11,247,0
prefill,11,248,0
prefill,11,249,0
prefill,11,250,0
prefill,11,251,0
prefill,11,252,0
prefill,11,253,1
prefill,11,254,0
prefill,11,255,0
prefill,12,0,0
prefill,12,1,0
prefill,12,2,0
prefill,12,3,0
prefill,12,4,0
prefill,12,5,0
prefill,12,6,0
prefill,12,7,0
prefill,12,8,0
prefill,12,9,0
prefill,12,10,0
prefill,12,11,0
prefill,12,12,0
prefill,12,13,0
prefill,12,14,3
prefill,12,15,0
prefill,12,16,0
prefill,12,17,0
prefill,12,18,0
prefill,12,19,1
prefill,12,20,0
prefill,12,21,0
prefill,12,22,0
prefill,12,23,0
prefill,12,24,0
prefill,12,25,0
prefill,12,26,0
prefill,12,27,0
prefill,12,28,0
prefill,12,29,0
prefill,12,30,0
prefill,12,31,0
prefill,12,32,0
prefill,12,33,0
prefill,12,34,0
prefill,12,35,0
prefill,12,36,0
prefill,12,37,0
prefill,12,38,0
prefill,12,39,1
prefill,12,40,0
prefill,12,41,0
prefill,12,42,0
prefill,12,43,2
prefill,12,44,0
prefill,12,45,0
prefill,12,46,0
prefill,12,47,0
prefill,12,48,0
prefill,12,49,0
prefill,12,50,0
prefill,12,51,0
prefill,12,52,0
prefill,12,53,0
prefill,12,54,0
prefill,12,55,0
prefill,12,56,0
prefill,12,57,0
prefill,12,58,0
prefill,12,59,0
prefill,12,60,0
prefill,12,61,0
prefill,12,62,0
prefill,12,63,0
prefill,12,64,0
prefill,12,65,0
prefill,12,66,0
prefill,12,67,0
prefill,12,68,0
prefill,12,69,0
prefill,12,70,0
prefill,12,71,0
prefill,12,72,0
prefill,12,73,0
prefill,12,74,0
prefill,12,75,0
prefill,12,76,0
prefill,12,77,0
prefill,12,78,0
prefill,12,79,0
prefill,12,80,1
prefill,12,81,0
prefill,12,82,0
prefill,12,83,0
prefill,12,84,0
prefill,12,85,0
prefill,12,86,0
prefill,12,87,0
prefill,12,88,0
prefill,12,89,1
prefill,12,90,0
prefill,12,91,0
prefill,12,92,0
prefill,12,93,1
prefill,12,94,0
prefill,12,95,0
prefill,12,96,0
prefill,12,97,0
prefill,12,98,0
prefill,12,99,0
prefill,12,100,3
prefill,12,101,0
prefill,12,102,0
prefill,12,103,0
prefill,12,104,0
prefill,12,105,0
prefill,12,106,0
prefill,12,107,0
prefill,12,108,0
prefill,12,109,0
prefill,12,110,0
prefill,12,111,1
prefill,12,112,0
prefill,12,113,0
prefill,12,114,2
prefill,12,115,1
prefill,12,116,0
prefill,12,117,0
prefill,12,118,0
prefill,12,119,0
prefill,12,120,0
prefill,12,121,0
prefill,12,122,0
prefill,12,123,0
prefill,12,124,12
prefill,12,125,0
prefill,12,126,0
prefill,12,127,1
prefill,12,128,0
prefill,12,129,0
prefill,12,130,0
prefill,12,131,0
prefill,12,132,0
prefill,12,133,1
prefill,12,134,0
prefill,12,135,0
prefill,12,136,0
prefill,12,137,0
prefill,12,138,0
prefill,12,139,0
prefill,12,140,0
prefill,12,141,0
prefill,12,142,0
prefill,12,143,0
prefill,12,144,0
prefill,12,145,0
prefill,12,146,0
prefill,12,147,0
prefill,12,148,0
prefill,12,149,0
prefill,12,150,0
prefill,12,151,1
prefill,12,152,0
prefill,12,153,0
prefill,12,154,1
prefill,12,155,0
prefill,12,156,1
prefill,12,157,0
prefill,12,158,0
prefill,12,159,2
prefill,12,160,0
prefill,12,161,0
prefill,12,162,0
prefill,12,163,0
prefill,12,164,8
prefill,12,165,0
prefill,12,166,0
prefill,12,167,0
prefill,12,168,0
prefill,12,169,0
prefill,12,170,0
prefill,12,171,0
prefill,12,172,0
prefill,12,173,0
prefill,12,174,0
prefill,12,175,6
prefill,12,176,1
prefill,12,177,0
prefill,12,178,0
prefill,12,179,0
prefill,12,180,0
prefill,12,181,0
prefill,12,182,0
prefill,12,183,1
prefill,12,184,0
prefill,12,185,0
prefill,12,186,0
prefill,12,187,1
prefill,12,188,0
prefill,12,189,10
prefill,12,190,2
prefill,12,191,0
prefill,12,192,0
prefill,12,193,0
prefill,12,194,0
prefill,12,195,0
prefill,12,196,0
prefill,12,197,0
prefill,12,198,0
prefill,12,199,0
prefill,12,200,0
prefill,12,201,0
prefill,12,202,0
prefill,12,203,0
prefill,12,204,0
prefill,12,205,0
prefill,12,206,0
prefill,12,207,0
prefill,12,208,0
prefill,12,209,0
prefill,12,210,0
prefill,12,211,0
prefill,12,212,0
prefill,12,213,0
prefill,12,214,0
prefill,12,215,0
prefill,12,216,0
prefill,12,217,0
prefill,12,218,0
prefill,12,219,0
prefill,12,220,2
prefill,12,221,0
prefill,12,222,0
prefill,12,223,0
prefill,12,224,0
prefill,12,225,0
prefill,12,226,0
prefill,12,227,0
prefill,12,228,11
prefill,12,229,3
prefill,12,230,0
prefill,12,231,0
prefill,12,232,0
prefill,12,233,0
prefill,12,234,0
prefill,12,235,0
prefill,12,236,0
prefill,12,237,0
prefill,12,238,0
prefill,12,239,0
prefill,12,240,0
prefill,12,241,0
prefill,12,242,0
prefill,12,243,0
prefill,12,244,2
prefill,12,245,0
prefill,12,246,0
prefill,12,247,1
prefill,12,248,0
prefill,12,249,0
prefill,12,250,11
prefill,12,251,0
prefill,12,252,0
prefill,12,253,0
prefill,12,254,0
prefill,12,255,1
prefill,13,0,0
prefill,13,1,0
prefill,13,2,0
prefill,13,3,0
prefill,13,4,1
prefill,13,5,0
prefill,13,6,0
prefill,13,7,0
prefill,13,8,0
prefill,13,9,1
prefill,13,10,0
prefill,13,11,0
prefill,13,12,1
prefill,13,13,0
prefill,13,14,0
prefill,13,15,0
prefill,13,16,0
prefill,13,17,0
prefill,13,18,0
prefill,13,19,5
prefill,13,20,0
prefill,13,21,0
prefill,13,22,0
prefill,13,23,0
prefill,13,24,0
prefill,13,25,0
prefill,13,26,0
prefill,13,27,0
prefill,13,28,0
prefill,13,29,0
prefill,13,30,0
prefill,13,31,0
prefill,13,32,0
prefill,13,33,1
prefill,13,34,0
prefill,13,35,0
prefill,13,36,1
prefill,13,37,0
prefill,13,38,0
prefill,13,39,6
prefill,13,40,0
prefill,13,41,0
prefill,13,42,0
prefill,13,43,0
prefill,13,44,1
prefill,13,45,0
prefill,13,46,0
prefill,13,47,2
prefill,13,48,0
prefill,13,49,0
prefill,13,50,0
prefill,13,51,1
prefill,13,52,0
prefill,13,53,0
prefill,13,54,0
prefill,13,55,0
prefill,13,56,0
prefill,13,57,0
prefill,13,58,0
prefill,13,59,10
prefill,13,60,0
prefill,13,61,0
prefill,13,62,8
prefill,13,63,0
prefill,13,64,0
prefill,13,65,0
prefill,13,66,0
prefill,13,67,0
prefill,13,68,0
prefill,13,69,0
prefill,13,70,0
prefill,13,71,0
prefill,13,72,14
prefill,13,73,0
prefill,13,74,0
prefill,13,75,0
prefill,13,76,0
prefill,13,77,0
prefill,13,78,0
prefill,13,79,0
prefill,13,80,0
prefill,13,81,0
prefill,13,82,0
prefill,13,83,0
prefill,13,84,0
prefill,13,85,0
prefill,13,86,0
prefill,13,87,2
prefill,13,88,0
prefill,13,89,0
prefill,13,90,0
prefill,13,91,0
prefill,13,92,0
prefill,13,93,0
prefill,13,94,0
prefill,13,95,1
prefill,13,96,0
prefill,13,97,1
prefill,13,98,0
prefill,13,99,0
prefill,13,100,1
prefill,13,101,0
prefill,13,102,0
prefill,13,103,0
prefill,13,104,0
prefill,13,105,0
prefill,13,106,0
prefill,13,107,1
prefill,13,108,0
prefill,13,109,0
prefill,13,110,0
prefill,13,111,0
prefill,13,112,0
prefill,13,113,0
prefill,13,114,0
prefill,13,115,1
prefill,13,116,0
prefill,13,117,0
prefill,13,118,0
prefill,13,119,0
prefill,13,120,0
prefill,13,121,0
prefill,13,122,0
prefill,13,123,0
prefill,13,124,0
prefill,13,125,0
prefill,13,126,0
prefill,13,127,0
prefill,13,128,0
prefill,13,129,1
prefill,13,130,0
prefill,13,131,0
prefill,13,132,2
prefill,13,133,0
prefill,13,134,0
prefill,13,135,1
prefill,13,136,0
prefill,13,137,0
prefill,13,138,0
prefill,13,139,0
prefill,13,140,0
prefill,13,141,0
prefill,13,142,0
prefill,13,143,7
prefill,13,144,0
prefill,13,145,0
prefill,13,146,0
prefill,13,147,0
prefill,13,148,0
prefill,13,149,0
prefill,13,150,0
prefill,13,151,0
prefill,13,152,0
prefill,13,153,0
prefill,13,154,0
prefill,13,155,1
prefill,13,156,0
prefill,13,157,0
prefill,13,158,0
prefill,13,159,0
prefill,13,160,0
prefill,13,161,0
prefill,13,162,0
prefill,13,163,0
prefill,13,164,0
prefill,13,165,0
prefill,13,166,0
prefill,13,167,0
prefill,13,168,0
prefill,13,169,0
prefill,13,170,0
prefill,13,171,0
prefill,13,172,0
prefill,13,173,0
prefill,13,174,0
prefill,13,175,0
prefill,13,176,0
prefill,13,177,0
prefill,13,178,0
prefill,13,179,7
prefill,13,180,0
prefill,13,181,0
prefill,13,182,0
prefill,13,183,9
prefill,13,184,0
prefill,13,185,0
prefill,13,186,0
prefill,13,187,0
prefill,13,188,0
prefill,13,189,0
prefill,13,190,0
prefill,13,191,0
prefill,13,192,0
prefill,13,193,0
prefill,13,194,0
prefill,13,195,0
prefill,13,196,0
prefill,13,197,0
prefill,13,198,1
prefill,13,199,0
prefill,13,200,0
prefill,13,201,0
prefill,13,202,0
prefill,13,203,0
prefill,13,204,0
prefill,13,205,0
prefill,13,206,0
prefill,13,207,0
prefill,13,208,0
prefill,13,209,0
prefill,13,210,0
prefill,13,211,0
prefill,13,212,0
prefill,13,213,0
prefill,13,214,0
prefill,13,215,0
prefill,13,216,0
prefill,13,217,0
prefill,13,218,0
prefill,13,219,0
prefill,13,220,0
prefill,13,221,0
prefill,13,222,0
prefill,13,223,0
prefill,13,224,0
prefill,13,225,0
prefill,13,226,0
prefill,13,227,0
prefill,13,228,0
prefill,13,229,0
prefill,13,230,0
prefill,13,231,0
prefill,13,232,0
prefill,13,233,0
prefill,13,234,0
prefill,13,235,5
prefill,13,236,0
prefill,13,237,0
prefill,13,238,0
prefill,13,239,0
prefill,13,240,0
prefill,13,241,0
prefill,13,242,0
prefill,13,243,0
prefill,13,244,0
prefill,13,245,0
prefill,13,246,0
prefill,13,247,0
prefill,13,248,2
prefill,13,249,1
prefill,13,250,0
prefill,13,251,0
prefill,13,252,0
prefill,13,253,0
prefill,13,254,0
prefill,13,255,0
prefill,14,0,1
prefill,14,1,0
prefill,14,2,0
prefill,14,3,0
prefill,14,4,1
prefill,14,5,0
prefill,14,6,0
prefill,14,7,1
prefill,14,8,0
prefill,14,9,0
prefill,14,10,0
prefill,14,11,0
prefill,14,12,0
prefill,14,13,0
prefill,14,14,0
prefill,14,15,0
prefill,14,16,1
prefill,14,17,0
prefill,14,18,0
prefill,14,19,0
prefill,14,20,0
prefill,14,21,1
prefill,14,22,0
prefill,14,23,0
prefill,14,24,0
prefill,14,25,0
prefill,14,26,0
prefill,14,27,0
prefill,14,28,0
prefill,14,29,0
prefill,14,30,1
prefill,14,31,0
prefill,14,32,0
prefill,14,33,1
prefill,14,34,0
prefill,14,35,1
prefill,14,36,0
prefill,14,37,0
prefill,14,38,3
prefill,14,39,0
prefill,14,40,0
prefill,14,41,0
prefill,14,42,0
prefill,14,43,0
prefill,14,44,0
prefill,14,45,0
prefill,14,46,0
prefill,14,47,0
prefill,14,48,0
prefill,14,49,0
prefill,14,50,0
prefill,14,51,0
prefill,14,52,0
prefill,14,53,0
prefill,14,54,0
prefill,14,55,0
prefill,14,56,0
prefill,14,57,0
prefill,14,58,0
prefill,14,59,1
prefill,14,60,0
prefill,14,61,13
prefill,14,62,0
prefill,14,63,0
prefill,14,64,0
prefill,14,65,0
prefill,14,66,0
prefill,14,67,0
prefill,14,68,0
prefill,14,69,0
prefill,14,70,11
prefill,14,71,0
prefill,14,72,0
prefill,14,73,0
prefill,14,74,0
prefill,14,75,0
prefill,14,76,0
prefill,14,77,0
prefill,14,78,0
prefill,14,79,0
prefill,14,80,0
prefill,14,81,0
prefill,14,82,0
prefill,14,83,12
prefill,14,84,0
prefill,14,85,0
prefill,14,86,0
prefill,14,87,0
prefill,14,88,1
prefill,14,89,0
prefill,14,90,0
prefill,14,91,0
prefill,14,92,0
prefill,14,93,0
prefill,14,94,0
prefill,14,95,0
prefill,14,96,0
prefill,14,97,0
prefill,14,98,0
prefill,14,99,0
prefill,14,100,0
prefill,14,101,0
prefill,14,102,0
prefill,14,103,0
prefill,14,104,0
prefill,14,105,0
prefill,14,106,0
prefill,14,107,0
prefill,14,108,0
prefill,14,109,3
prefill,14,110,0
prefill,14,111,0
prefill,14,112,0
prefill,14,113,0
prefill,14,114,0
prefill,14,115,0
prefill,14,116,0
prefill,14,117,0
prefill,14,118,0
prefill,14,119,0
prefill,14,120,0
prefill,14,121,0
prefill,14,122,0
prefill,14,123,0
prefill,14,124,0
prefill,14,125,6
prefill,14,126,0
prefill,14,127,0
prefill,14,128,0
prefill,14,129,0
prefill,14,130,0
prefill,14,131,0
prefill,14,132,0
prefill,14,133,0
prefill,14,134,0
prefill,14,135,0
prefill,14,136,0
prefill,14,137,0
prefill,14,138,0
prefill,14,139,0
prefill,14,140,0
prefill,14,141,0
prefill,14,142,0
prefill,14,143,0
prefill,14,144,0
prefill,14,145,0
prefill,14,146,0
prefill,14,147,1
prefill,14,148,0
prefill,14,149,0
prefill,14,150,0
prefill,14,151,0
prefill,14,152,0
prefill,14,153,0
prefill,14,154,0
prefill,14,155,0
prefill,14,156,0
prefill,14,157,0
prefill,14,158,0
prefill,14,159,0
prefill,14,160,0
prefill,14,161,0
prefill,14,162,0
prefill,14,163,0
prefill,14,164,7
prefill,14,165,0
prefill,14,166,0
prefill,14,167,0
prefill,14,168,0
prefill,14,169,0
prefill,14,170,0
prefill,14,171,0
prefill,14,172,0
prefill,14,173,1
prefill,14,174,0
prefill,14,175,0
prefill,14,176,0
prefill,14,177,0
prefill,14,178,0
prefill,14,179,0
prefill,14,180,0
prefill,14,181,0
prefill,14,182,0
prefill,14,183,0
prefill,14,184,1
prefill,14,185,0
prefill,14,186,0
prefill,14,187,0
prefill,14,188,4
prefill,14,189,0
prefill,14,190,0
prefill,14,191,0
prefill,14,192,0
prefill,14,193,0
prefill,14,194,0
prefill,14,195,0
prefill,14,196,1
prefill,14,197,6
prefill,14,198,0
prefill,14,199,0
prefill,14,200,13
prefill,14,201,0
prefill,14,202,0
prefill,14,203,0
prefill,14,204,0
prefill,14,205,0
prefill,14,206,0
prefill,14,207,0
prefill,14,208,0
prefill,14,209,0
prefill,14,210,0
prefill,14,211,0
prefill,14,212,0
prefill,14,213,0
prefill,14,214,0
prefill,14,215,0
prefill,14,216,0
prefill,14,217,0
prefill,14,218,0
prefill,14,219,0
prefill,14,220,0
prefill,14,221,0
prefill,14,222,0
prefill,14,223,0
prefill,14,224,1
prefill,14,225,1
prefill,14,226,0
prefill,14,227,0
prefill,14,228,0
prefill,14,229,0
prefill,14,230,0
prefill,14,231,0
prefill,14,232,0
prefill,14,233,0
prefill,14,234,0
prefill,14,235,0
prefill,14,236,0
prefill,14,237,0
prefill,14,238,0
prefill,14,239,0
prefill,14,240,0
prefill,14,241,0
prefill,14,242,0
prefill,14,243,0
prefill,14,244,1
prefill,14,245,0
prefill,14,246,0
prefill,14,247,0
prefill,14,248,0
prefill,14,249,0
prefill,14,250,1
prefill,14,251,0
prefill,14,252,0
prefill,14,253,0
prefill,14,254,0
prefill,14,255,0
prefill,15,0,0
prefill,15,1,0
prefill,15,2,0
prefill,15,3,0
prefill,15,4,1
prefill,15,5,0
prefill,15,6,0
prefill,15,7,0
prefill,15,8,0
prefill,15,9,0
prefill,15,10,0
prefill,15,11,0
prefill,15,12,0
prefill,15,13,0
prefill,15,14,0
prefill,15,15,0
prefill,15,16,0
prefill,15,17,0
prefill,15,18,0
prefill,15,19,0
prefill,15,20,0
prefill,15,21,0
prefill,15,22,0
prefill,15,23,0
prefill,15,24,0
prefill,15,25,1
prefill,15,26,0
prefill,15,27,5
prefill,15,28,0
prefill,15,29,0
prefill,15,30,0
prefill,15,31,0
prefill,15,32,0
prefill,15,33,0
prefill,15,34,0
prefill,15,35,0
prefill,15,36,0
prefill,15,37,0
prefill,15,38,0
prefill,15,39,0
prefill,15,40,0
prefill,15,41,0
prefill,15,42,0
prefill,15,43,0
prefill,15,44,0
prefill,15,45,14
prefill,15,46,2
prefill,15,47,0
prefill,15,48,0
prefill,15,49,0
prefill,15,50,0
prefill,15,51,0
prefill,15,52,0
prefill,15,53,0
prefill,15,54,0
prefill,15,55,0
prefill,15,56,0
prefill,15,57,0
prefill,15,58,0
prefill,15,59,0
prefill,15,60,1
prefill,15,61,0
prefill,15,62,0
prefill,15,63,0
prefill,15,64,0
prefill,15,65,0
prefill,15,66,0
prefill,15,67,0
prefill,15,68,0
prefill,15,69,0
prefill,15,70,0
prefill,15,71,0
prefill,15,72,0
prefill,15,73,0
prefill,15,74,0
prefill,15,75,0
prefill,15,76,0
prefill,15,77,0
prefill,15,78,0
prefill,15,79,0
prefill,15,80,0
prefill,15,81,0
prefill,15,82,0
prefill,15,83,1
prefill,15,84,0
prefill,15,85,0
prefill,15,86,0
prefill,15,87,0
prefill,15,88,1
prefill,15,89,0
prefill,15,90,8
prefill,15,91,0
prefill,15,92,4
prefill,15,93,0
prefill,15,94,0
prefill,15,95,0
prefill,15,96,0
prefill,15,97,0
prefill,15,98,0
prefill,15,99,8
prefill,15,100,3
prefill,15,101,0
prefill,15,102,0
prefill,15,103,0
prefill,15,104,0
prefill,15,105,0
prefill,15,106,0
prefill,15,107,0
prefill,15,108,0
prefill,15,109,0
prefill,15,110,0
prefill,15,111,0
prefill,15,112,0
prefill,15,113,0
prefill,15,114,0
prefill,15,115,0
prefill,15,116,0
prefill,15,117,0
prefill,15,118,0
prefill,15,119,0
prefill,15,120,0
prefill,15,121,0
prefill,15,122,0
prefill,15,123,0
prefill,15,124,0
prefill,15,125,0
prefill,15,126,0
prefill,15,127,0
prefill,15,128,1
prefill,15,129,1
prefill,15,130,0
prefill,15,131,0
prefill,15,132,0
prefill,15,133,0
prefill,15,134,0
prefill,15,135,0
prefill,15,136,0
prefill,15,137,0
prefill,15,138,0
prefill,15,139,0
prefill,15,140,0
prefill,15,141,0
prefill,15,142,0
prefill,15,143,0
prefill,15,144,0
prefill,15,145,1
prefill,15,146,0
prefill,15,147,0
prefill,15,148,0
prefill,15,149,0
prefill,15,150,0
prefill,15,151,0
prefill,15,152,0
prefill,15,153,0
prefill,15,154,0
prefill,15,155,0
prefill,15,156,0
prefill,15,157,13
prefill,15,158,1
prefill,15,159,0
prefill,15,160,0
prefill,15,161,2
prefill,15,162,0
prefill,15,163,0
prefill,15,164,0
prefill,15,165,0
prefill,15,166,0
prefill,15,167,0
prefill,15,168,0
prefill,15,169,0
prefill,15,170,0
prefill,15,171,0
prefill,15,172,0
prefill,15,173,0
prefill,15,174,0
prefill,15,175,0
prefill,15,176,1
prefill,15,177,0
prefill,15,178,0
prefill,15,179,0
prefill,15,180,3
prefill,15,181,0
prefill,15,182,0
prefill,15,183,0
prefill,15,184,0
prefill,15,185,0
prefill,15,186,0
prefill,15,187,0
prefill,15,188,1
prefill,15,189,0
prefill,15,190,0
prefill,15,191,0
prefill,15,192,0
prefill,15,193,0
prefill,15,194,0
prefill,15,195,0
prefill,15,196,0
prefill,15,197,0
prefill,15,198,0
prefill,15,199,0
prefill,15,200,0
prefill,15,201,0
prefill,15,202,0
prefill,15,203,0
prefill,15,204,0
prefill,15,205,1
prefill,15,206,0
prefill,15,207,1
prefill,15,208,0
prefill,15,209,0
prefill,15,210,0
prefill,15,211,0
prefill,15,212,0
prefill,15,213,0
prefill,15,214,0
prefill,15,215,0
prefill,15,216,0
prefill,15,217,0
prefill,15,218,0
prefill,15,219,0
prefill,15,220,0
prefill,15,221,0
prefill,15,222,0
prefill,15,223,0
prefill,15,224,0
prefill,15,225,4
prefill,15,226,0
prefill,15,227,0
prefill,15,228,0
prefill,15,229,0
prefill,15,230,0
prefill,15,231,0
prefill,15,232,0
prefill,15,233,0
prefill,15,234,0
prefill,15,235,0
prefill,15,236,14
prefill,15,237,0
prefill,15,238,0
prefill,15,239,0
prefill,15,240,0
prefill,15,241,0
prefill,15,242,0
prefill,15,243,0
prefill,15,244,0
prefill,15,245,0
prefill,15,246,1
prefill,15,247,0
prefill,15,248,0
prefill,15,249,0
prefill,15,250,0
prefill,15,251,0
prefill,15,252,0
prefill,15,253,0
prefill,15,254,1
prefill,15,255,1
prefill,16,0,0
prefill,16,1,0
prefill,16,2,0
prefill,16,3,1
prefill,16,4,0
prefill,16,5,0
prefill,16,6,0
prefill,16,7,0
prefill,16,8,0
prefill,16,9,8
prefill,16,10,0
prefill,16,11,0
prefill,16,12,1
prefill,16,13,0
prefill,16,14,0
prefill,16,15,0
prefill,16,16,0
prefill,16,17,0
prefill,16,18,0
prefill,16,19,0
prefill,16,20,0
prefill,16,21,0
prefill,16,22,0
prefill,16,23,0
prefill,16,24,0
prefill,16,25,12
prefill,16,26,0
prefill,16,27,3
prefill,16,28,0
prefill,16,29,0
prefill,16,30,3
prefill,16,31,0
prefill,16,32,0
prefill,16,33,0
prefill,16,34,0
prefill,16,35,0
prefill,16,36,0
prefill,16,37,0
prefill,16,38,0
prefill,16,39,0
prefill,16,40,0
prefill,16,41,0
prefill,16,42,0
prefill,16,43,0
prefill,16,44,0
prefill,16,45,0
prefill,16,46,0
prefill,16,47,0
prefill,16,48,0
prefill,16,49,0
prefill,16,50,0
prefill,16,51,0
prefill,16,52,0
prefill,16,53,0
prefill,16,54,0
prefill,16,55,0
prefill,16,56,0
prefill,16,57,3
prefill,16,58,0
prefill,16,59,0
prefill,16,60,0
prefill,16,61,0
prefill,16,62,0
prefill,16,63,0
prefill,16,64,0
prefill,16,65,3
prefill,16,66,0
prefill,16,67,0
prefill,16,68,0
prefill,16,69,0
prefill,16,70,0
prefill,16,71,0
prefill,16,72,0
prefill,16,73,0
prefill,16,74,0
prefill,16,75,0
prefill,16,76,10
prefill,16,77,0
prefill,16,78,0
prefill,16,79,0
prefill,16,80,0
prefill,16,81,0
prefill,16,82,0
prefill,16,83,0
prefill,16,84,0
prefill,16,85,0
prefill,16,86,14
prefill,16,87,0
prefill,16,88,0
prefill,16,89,0
prefill,16,90,0
prefill,16,91,0
prefill,16,92,0
prefill,16,93,0
prefill,16,94,0
prefill,16,95,0
prefill,16,96,0
prefill,16,97,0
prefill,16,98,2
prefill,16,99,0
prefill,16,100,1
prefill,16,101,0
prefill,16,102,0
prefill,16,103,0
prefill,16,104,0
prefill,16,105,0
prefill,16,106,0
prefill,16,107,0
prefill,16,108,0
prefill,16,109,0
prefill,16,110,0
prefill,16,111,0
prefill,16,112,0
prefill,16,113,0
prefill,16,114,0
prefill,16,115,0
prefill,16,116,0
prefill,16,117,0
prefill,16,118,0
prefill,16,119,0
prefill,16,120,0
prefill,16,121,0
prefill,16,122,0
prefill,16,123,0
prefill,16,124,0
prefill,16,125,0
prefill,16,126,0
prefill,16,127,0
prefill,16,128,0
prefill,16,129,0
prefill,16,130,0
prefill,16,131,2
prefill,16,132,0
prefill,16,133,0
prefill,16,134,0
prefill,16,135,0
prefill,16,136,0
prefill,16,137,0
prefill,16,138,0
prefill,16,139,0
prefill,16,140,0
prefill,16,141,0
prefill,16,142,0
prefill,16,143,0
prefill,16,144,0
prefill,16,145,0
prefill,16,146,0
prefill,16,147,0
prefill,16,148,1
prefill,16,149,0
prefill,16,150,0
prefill,16,151,0
prefill,16,152,0
prefill,16,153,0
prefill,16,154,0
prefill,16,155,2
prefill,16,156,0
prefill,16,157,0
prefill,16,158,0
prefill,16,159,4
prefill,16,160,0
prefill,16,161,1
prefill,16,162,0
prefill,16,163,0
prefill,16,164,0
prefill,16,165,1
prefill,16,166,0
prefill,16,167,0
prefill,16,168,0
prefill,16,169,0
prefill,16,170,0
prefill,16,171,0
prefill,16,172,1
prefill,16,173,0
prefill,16,174,0
prefill,16,175,14
prefill,16,176,0
prefill,16,177,0
prefill,16,178,0
prefill,16,179,0
prefill,16,180,0
prefill,16,181,0
prefill,16,182,0
prefill,16,183,0
prefill,16,184,0
prefill,16,185,0
prefill,16,186,0
prefill,16,187,0
prefill,16,188,0
prefill,16,189,0
prefill,16,190,0
prefill,16,191,0
prefill,16,192,0
prefill,16,193,0
prefill,16,194,0
prefill,16,195,0
prefill,16,196,0
prefill,16,197,0
prefill,16,198,0
prefill,16,199,0
prefill,16,200,0
prefill,16,201,0
prefill,16,202,0
prefill,16,203,1
prefill,16,204,0
prefill,16,205,1
prefill,16,206,0
prefill,16,207,0
prefill,16,208,0
prefill,16,209,0
prefill,16,210,0
prefill,16,211,0
prefill,16,212,0
prefill,16,213,0
prefill,16,214,0
prefill,16,215,0
prefill,16,216,0
prefill,16,217,0
prefill,16,218,0
prefill,16,219,0
prefill,16,220,0
prefill,16,221,3
prefill,16,222,0
prefill,16,223,0
prefill,16,224,0
prefill,16,225,0
prefill,16,226,0
prefill,16,227,0
prefill,16,228,0
prefill,16,229,0
prefill,16,230,0
prefill,16,231,0
prefill,16,232,0
prefill,16,233,0
prefill,16,234,0
prefill,16,235,0
prefill,16,236,0
prefill,16,237,0
prefill,16,238,0
prefill,16,239,0
prefill,16,240,0
prefill,16,241,0
prefill,16,242,0
prefill,16,243,0
prefill,16,244,0
prefill,16,245,0
prefill,16,246,0
prefill,16,247,0
prefill,16,248,0
prefill,16,249,0
prefill,16,250,3
prefill,16,251,1
prefill,16,252,0
prefill,16,253,0
prefill,16,254,0
prefill,16,255,0
prefill,17,0,0
prefill,17,1,0
prefill,17,2,0
prefill,17,3,0
prefill,17,4,1
prefill,17,5,4
prefill,17,6,1
prefill,17,7,0
prefill,17,8,0
prefill,17,9,0
prefill,17,10,0
prefill,17,11,0
prefill,17,12,0
prefill,17,13,0
prefill,17,14,0
prefill,17,15,0
prefill,17,16,0
prefill,17,17,0
prefill,17,18,0
prefill,17,19,0
prefill,17,20,0
prefill,17,21,0
prefill,17,22,7
prefill,17,23,0
prefill,17,24,0
prefill,17,25,0
prefill,17,26,0
prefill,17,27,1
prefill,17,28,0
prefill,17,29,0
prefill,17,30,0
prefill,17,31,10
prefill,17,32,2
prefill,17,33,10
prefill,17,34,0
prefill,17,35,0
prefill,17,36,0
prefill,17,37,0
prefill,17,38,0
prefill,17,39,0
prefill,17,40,0
prefill,17,41,0
prefill,17,42,0
prefill,17,43,0
prefill,17,44,0
prefill,17,45,0
prefill,17,46,0
prefill,17,47,0
prefill,17,48,0
prefill,17,49,0
prefill,17,50,0
prefill,17,51,0
prefill,17,52,0
prefill,17,53,12
prefill,17,54,0
prefill,17,55,0
prefill,17,56,0
prefill,17,57,0
prefill,17,58,0
prefill,17,59,0
prefill,17,60,0
prefill,17,61,0
prefill,17,62,0
prefill,17,63,0
prefill,17,64,0
prefill,17,65,0
prefill,17,66,0
prefill,17,67,0
prefill,17,68,1
prefill,17,69,0
prefill,17,70,0
prefill,17,71,0
prefill,17,72,0
prefill,17,73,0
prefill,17,74,0
prefill,17,75,0
prefill,17,76,0
prefill,17,77,0
prefill,17,78,0
prefill,17,79,0
prefill,17,80,0
prefill,17,81,0
prefill,17,82,0
prefill,17,83,1
prefill,17,84,0
prefill,17,85,0
prefill,17,86,0
prefill,17,87,0
prefill,17,88,0
prefill,17,89,0
prefill,17,90,0
prefill,17,91,0
prefill,17,92,0
prefill,17,93,0
prefill,17,94,0
prefill,17,95,0
prefill,17,96,0
prefill,17,97,0
prefill,17,98,0
prefill,17,99,0
prefill,17,100,0
prefill,17,101,0
prefill,17,102,0
prefill,17,103,0
prefill,17,104,0
prefill,17,105,0
prefill,17,106,0
prefill,17,107,0
prefill,17,108,1
prefill,17,109,0
prefill,17,110,0
prefill,17,111,0
prefill,17,112,0
prefill,17,113,1
prefill,17,114,0
prefill,17,115,1
prefill,17,116,0
prefill,17,117,0
prefill,17,118,0
prefill,17,119,0
prefill,17,120,0
prefill,17,121,0
prefill,17,122,0
prefill,17,123,0
prefill,17,124,0
prefill,17,125,0
prefill,17,126,0
prefill,17,127,0
prefill,17,128,0
prefill,17,129,0
prefill,17,130,0
prefill,17,131,0
prefill,17,132,0
prefill,17,133,0
prefill,17,134,0
prefill,17,135,0
prefill,17,136,0
prefill,17,137,0
prefill,17,138,0
prefill,17,139,0
prefill,17,140,0
prefill,17,141,0
prefill,17,142,0
prefill,17,143,0
prefill,17,144,1
prefill,17,145,1
prefill,17,146,11
prefill,17,147,0
prefill,17,148,0
prefill,17,149,0
prefill,17,150,0
prefill,17,151,0
prefill,17,152,0
prefill,17,153,0
prefill,17,154,0
prefill,17,155,0
prefill,17,156,0
prefill,17,157,0
prefill,17,158,0
prefill,17,159,0
prefill,17,160,0
prefill,17,161,0
prefill,17,162,0
prefill,17,163,0
prefill,17,164,0
prefill,17,165,1
prefill,17,166,0
prefill,17,167,0
prefill,17,168,0
prefill,17,169,0
prefill,17,170,0
prefill,17,171,0
prefill,17,172,0
prefill,17,173,0
prefill,17,174,0
prefill,17,175,0
prefill,17,176,0
prefill,17,177,0
prefill,17,178,0
prefill,17,179,0
prefill,17,180,0
prefill,17,181,1
prefill,17,182,1
prefill,17,183,0
prefill,17,184,0
prefill,17,185,0
prefill,17,186,0
prefill,17,187,0
prefill,17,188,0
prefill,17,189,0
prefill,17,190,0
prefill,17,191,0
prefill,17,192,0
prefill,17,193,0
prefill,17,194,0
prefill,17,195,0
prefill,17,196,10
prefill,17,197,1
prefill,17,198,0
prefill,17,199,0
prefill,17,200,0
prefill,17,201,0
prefill,17,202,0
prefill,17,203,0
prefill,17,204,0
prefill,17,205,0
prefill,17,206,0
prefill,17,207,0
prefill,17,208,0
prefill,17,209,0
prefill,17,210,0
prefill,17,211,0
prefill,17,212,0
prefill,17,213,0
prefill,17,214,0
prefill,17,215,0
prefill,17,216,0
prefill,17,217,0
prefill,17,218,0
prefill,17,219,0
prefill,17,220,0
prefill,17,221,0
prefill,17,222,0
prefill,17,223,0
prefill,17,224,0
prefill,17,225,0
prefill,17,226,0
prefill,17,227,0
prefill,17,228,0
prefill,17,229,0
prefill,17,230,0
prefill,17,231,2
prefill,17,232,0
prefill,17,233,0
prefill,17,234,0
prefill,17,235,0
prefill,17,236,1
prefill,17,237,0
prefill,17,238,1
prefill,17,239,0
prefill,17,240,0
prefill,17,241,0
prefill,17,242,0
prefill,17,243,0
prefill,17,244,0
prefill,17,245,0
prefill,17,246,0
prefill,17,247,7
prefill,17,248,4
prefill,17,249,0
prefill,17,250,0
prefill,17,251,0
prefill,17,252,0
prefill,17,253,1
prefill,17,254,0
prefill,17,255,0
prefill,18,0,0
prefill,18,1,0
prefill,18,2,0
prefill,18,3,0
prefill,18,4,0
prefill,18,5,0
prefill,18,6,0
prefill,18,7,0
prefill,18,8,0
prefill,18,9,0
prefill,18,10,0
prefill,18,11,0
prefill,18,12,0
prefill,18,13,0
prefill,18,14,0
prefill,18,15,0
prefill,18,16,0
prefill,18,17,0
prefill,18,18,0
prefill,18,19,0
prefill,18,20,0
prefill,18,21,0
prefill,18,22,0
prefill,18,23,0
prefill,18,24,0
prefill,18,25,0
prefill,18,26,0
prefill,18,27,0
prefill,18,28,0
prefill,18,29,0
prefill,18,30,0
prefill,18,31,2
prefill,18,32,0
prefill,18,33,0
prefill,18,34,0
prefill,18,35,0
prefill,18,36,0
prefill,18,37,1
prefill,18,38,0
prefill,18,39,0
prefill,18,40,1
prefill,18,41,0
prefill,18,42,0
prefill,18,43,0
prefill,18,44,0
prefill,18,45,0
prefill,18,46,0
prefill,18,47,0
prefill,18,48,0
prefill,18,49,0
prefill,18,50,1
prefill,18,51,0
prefill,18,52,0
prefill,18,53,0
prefill,18,54,0
prefill,18,55,0
prefill,18,56,0
prefill,18,57,0
prefill,18,58,0
prefill,18,59,0
prefill,18,60,0
prefill,18,61,0
prefill,18,62,0
prefill,18,63,0
prefill,18,64,2
prefill,18,65,0
prefill,18,66,0
prefill,18,67,0
prefill,18,68,0
prefill,18,69,0
prefill,18,70,0
prefill,18,71,0
prefill,18,72,0
prefill,18,73,1
prefill,18,74,3
prefill,18,75,9
prefill,18,76,0
prefill,18,77,0
prefill,18,78,0
prefill,18,79,0
prefill,18,80,0
prefill,18,81,0
prefill,18,82,0
prefill,18,83,1
prefill,18,84,0
prefill,18,85,0
prefill,18,86,0
prefill,18,87,0
prefill,18,88,0
prefill,18,89,7
prefill,18,90,6
prefill,18,91,0
prefill,18,92,0
prefill,18,93,0
prefill,18,94,0
prefill,18,95,0
prefill,18,96,10
prefill,18,97,0
prefill,18,98,0
prefill,18,99,1
prefill,18,100,0
prefill,18,101,0
prefill,18,102,0
prefill,18,103,5
prefill,18,104,0
prefill,18,105,0
prefill,18,106,1
prefill,18,107,0
prefill,18,108,0
prefill,18,109,1
prefill,18,110,0
prefill,18,111,0
prefill,18,112,0
prefill,18,113,0
prefill,18,114,0
prefill,18,115,0
prefill,18,116,11
prefill,18,117,0
prefill,18,118,0
prefill,18,119,0
prefill,18,120,0
prefill,18,121,0
prefill,18,122,0
prefill,18,123,0
prefill,18,124,0
prefill,18,125,0
prefill,18,126,0
prefill,18,127,0
prefill,18,128,0
prefill,18,129,0
prefill,18,130,0
prefill,18,131,0
prefill,18,132,0
prefill,18,133,0
prefill,18,134,0
prefill,18,135,0
prefill,18,136,0
prefill,18,137,0
prefill,18,138,0
prefill,18,139,0
prefill,18,140,0
prefill,18,141,0
prefill,18,142,0
prefill,18,143,0
prefill,18,144,0
prefill,18,145,0
prefill,18,146,0
prefill,18,147,0
prefill,18,148,0
prefill,18,149,0
prefill,18,150,0
prefill,18,151,0
prefill,18,152,1
prefill,18,153,0
prefill,18,154,0
prefill,18,155,0
prefill,18,156,4
prefill,18,157,0
prefill,18,158,0
prefill,18,159,0
prefill,18,160,1
prefill,18,161,14
prefill,18,162,0
prefill,18,163,0
prefill,18,164,0
prefill,18,165,0
prefill,18,166,0
prefill,18,167,1
prefill,18,168,0
prefill,18,169,0
prefill,18,170,0
prefill,18,171,0
prefill,18,172,0
prefill,18,173,0
prefill,18,174,0
prefill,18,175,0
prefill,18,176,0
prefill,18,177,1
prefill,18,178,0
prefill,18,179,0
prefill,18,180,1
prefill,18,181,0
prefill,18,182,0
prefill,18,183,1
prefill,18,184,0
prefill,18,185,0
prefill,18,186,1
prefill,18,187,0
prefill,18,188,0
prefill,18,189,0
prefill,18,190,0
prefill,18,191,0
prefill,18,192,0
prefill,18,193,1
prefill,18,194,0
prefill,18,195,0
prefill,18,196,0
prefill,18,197,0
prefill,18,198,1
prefill,18,199,0
prefill,18,200,0
prefill,18,201,0
prefill,18,202,0
prefill,18,203,0
prefill,18,204,0
prefill,18,205,0
prefill,18,206,1
prefill,18,207,0
prefill,18,208,0
prefill,18,209,0
prefill,18,210,0
prefill,18,211,2
prefill,18,212,0
prefill,18,213,0
prefill,18,214,0
prefill,18,215,0
prefill,18,216,0
prefill,18,217,0
prefill,18,218,0
prefill,18,219,0
prefill,18,220,0
prefill,18,221,0
prefill,18,222,0
prefill,18,223,0
prefill,18,224,0
prefill,18,225,0
prefill,18,226,0
prefill,18,227,0
prefill,18,228,0
prefill,18,229,3
prefill,18,230,0
prefill,18,231,0
prefill,18,232,0
prefill,18,233,0
prefill,18,234,0
prefill,18,235,0
prefill,18,236,0
prefill,18,237,0
prefill,18,238,0
prefill,18,239,0
prefill,18,240,0
prefill,18,241,0
prefill,18,242,0
prefill,18,243,0
prefill,18,244,0
prefill,18,245,0
prefill,18,246,0
prefill,18,247,0
prefill,18,248,0
prefill,18,249,0
prefill,18,250,0
prefill,18,251,0
prefill,18,252,0
prefill,18,253,0
prefill,18,254,0
prefill,18,255,0
prefill,19,0,0
prefill,19,1,0
prefill,19,2,0
prefill,19,3,1
prefill,19,4,0
prefill,19,5,0
prefill,19,6,0
prefill,19,7,0
prefill,19,8,0
prefill,19,9,0
prefill,19,10,0
prefill,19,11,0
prefill,19,12,0
prefill,19,13,1
prefill,19,14,0
prefill,19,15,0
prefill,19,16,1
prefill,19,17,0
prefill,19,18,0
prefill,19,19,0
prefill,19,20,0
prefill,19,21,0
prefill,19,22,0
prefill,19,23,0
prefill,19,24,1
prefill,19,25,1
prefill,19,26,0
prefill,19,27,0
prefill,19,28,1
prefill,19,29,0
prefill,19,30,1
prefill,19,31,0
prefill,19,32,0
prefill,19,33,0
prefill,19,34,0
prefill,19,35,0
prefill,19,36,0
prefill,19,37,0
prefill,19,38,1
prefill,19,39,1
prefill,19,40,0
prefill,19,41,0
prefill,19,42,0
prefill,19,43,0
prefill,19,44,0
prefill,19,45,0
prefill,19,46,0
prefill,19,47,0
prefill,19,48,0
prefill,19,49,2
prefill,19,50,1
prefill,19,51,0
prefill,19,52,0
prefill,19,53,3
prefill,19,54,0
prefill,19,55,0
prefill,19,56,0
prefill,19,57,14
prefill,19,58,0
prefill,19,59,0
prefill,19,60,0
prefill,19,61,0
prefill,19,62,0
prefill,19,63,0
prefill,19,64,0
prefill,19,65,1
prefill,19,66,0
prefill,19,67,0
prefill,19,68,0
prefill,19,69,0
prefill,19,70,0
prefill,19,71,0
prefill,19,72,0
prefill,19,73,1
prefill,19,74,0
prefill,19,75,0
prefill,19,76,0
prefill,19,77,0
prefill,19,78,0
prefill,19,79,0
prefill,19,80,0
prefill,19,81,0
prefill,19,82,0
prefill,19,83,0
prefill,19,84,0
prefill,19,85,0
prefill,19,86,0
prefill,19,87,0
prefill,19,88,0
prefill,19,89,0
prefill,19,90,0
prefill,19,91,0
prefill,19,92,11
prefill,19,93,0
prefill,19,94,0
prefill,19,95,0
prefill,19,96,1
prefill,19,97,0
prefill,19,98,0
prefill,19,99,0
prefill,19,100,0
prefill,19,101,0
prefill,19,102,0
prefill,19,103,0
prefill,19,104,0
prefill,19,105,0
prefill,19,106,0
prefill,19,107,1
prefill,19,108,0
prefill,19,109,0
prefill,19,110,0
prefill,19,111,0
prefill,19,112,0
prefill,19,113,0
prefill,19,114,0
prefill,19,115,0
prefill,19,116,1
prefill,19,117,0
prefill,19,118,0
prefill,19,119,0
prefill,19,120,0
prefill,19,121,0
prefill,19,122,5
prefill,19,123,1
prefill,19,124,0
prefill,19,125,0
prefill,19,126,0
prefill,19,127,0
prefill,19,128,0
prefill,19,129,0
prefill,19,130,0
prefill,19,131,0
prefill,19,132,0
prefill,19,133,0
prefill,19,134,0
prefill,19,135,0
prefill,19,136,0
prefill,19,137,0
prefill,19,138,0
prefill,19,139,1
prefill,19,140,0
prefill,19,141,0
prefill,19,142,0
prefill,19,143,0
prefill,19,144,0
prefill,19,145,0
prefill,19,146,0
prefill,19,147,0
prefill,19,148,0
prefill,19,149,0
prefill,19,150,0
prefill,19,151,0
prefill,19,152,0
prefill,19,153,0
prefill,19,154,1
prefill,19,155,0
prefill,19,156,0
prefill,19,157,0
prefill,19,158,2
prefill,19,159,1
prefill,19,160,0
prefill,19,161,0
prefill,19,162,0
prefill,19,163,0
prefill,19,164,0
prefill,19,165,0
prefill,19,166,0
prefill,19,167,1
prefill,19,168,0
prefill,19,169,0
prefill,19,170,1
prefill,19,171,0
prefill,19,172,0
prefill,19,173,0
prefill,19,174,0
prefill,19,175,0
prefill,19,176,8
prefill,19,177,0
prefill,19,178,1
prefill,19,179,0
prefill,19,180,0
prefill,19,181,0
prefill,19,182,0
prefill,19,183,1
prefill,19,184,0
prefill,19,185,3
prefill,19,186,0
prefill,19,187,0
prefill,19,188,0
prefill,19,189,0
prefill,19,190,0
prefill,19,191,2
prefill,19,192,0
prefill,19,193,0
prefill,19,194,0
prefill,19,195,0
prefill,19,196,0
prefill,19,197,0
prefill,19,198,0
prefill,19,199,0
prefill,19,200,3
prefill,19,201,0
prefill,19,202,0
prefill,19,203,0
prefill,19,204,0
prefill,19,205,0
prefill,19,206,0
prefill,19,207,0
prefill,19,208,0
prefill,19,209,0
prefill,19,210,0
prefill,19,211,0
prefill,19,212,0
prefill,19,213,0
prefill,19,214,0
prefill,19,215,0
prefill,19,216,0
prefill,19,217,0
prefill,19,218,0
prefill,19,219,0
prefill,19,220,0
prefill,19,221,0
prefill,19,222,1
prefill,19,223,1
prefill,19,224,1
prefill,19,225,0
prefill,19,226,1
prefill,19,227,0
prefill,19,228,0
prefill,19,229,0
prefill,19,230,0
prefill,19,231,0
prefill,19,232,1
prefill,19,233,1
prefill,19,234,1
prefill,19,235,1
prefill,19,236,0
prefill,19,237,0
prefill,19,238,0
prefill,19,239,0
prefill,19,240,0
prefill,19,241,8
prefill,19,242,0
prefill,19,243,0
prefill,19,244,0
prefill,19,245,0
prefill,19,246,0
prefill,19,247,0
prefill,19,248,0
prefill,19,249,0
prefill,19,250,0
prefill,19,251,2
prefill,19,252,0
prefill,19,253,1
prefill,19,254,0
prefill,19,255,1
prefill,20,0,0
prefill,20,1,0
prefill,20,2,0
prefill,20,3,0
prefill,20,4,0
prefill,20,5,0
prefill,20,6,0
prefill,20,7,0
prefill,20,8,0
prefill,20,9,0
prefill,20,10,0
prefill,20,11,0
prefill,20,12,0
prefill,20,13,0
prefill,20,14,13
prefill,20,15,0
prefill,20,16,0
prefill,20,17,0
prefill,20,18,1
prefill,20,19,0
prefill,20,20,0
prefill,20,21,0
prefill,20,22,1
prefill,20,23,0
prefill,20,24,0
prefill,20,25,0
prefill,20,26,0
prefill,20,27,0
prefill,20,28,0
prefill,20,29,0
prefill,20,30,0
prefill,20,31,0
prefill,20,32,1
prefill,20,33,0
prefill,20,34,0
prefill,20,35,0
prefill,20,36,0
prefill,20,37,0
prefill,20,38,0
prefill,20,39,0
prefill,20,40,0
prefill,20,41,0
prefill,20,42,0
prefill,20,43,0
prefill,20,44,0
prefill,20,45,0
prefill,20,46,0
prefill,20,47,0
prefill,20,48,0
prefill,20,49,0
prefill,20,50,0
prefill,20,51,0
prefill,20,52,0
prefill,20,53,0
prefill,20,54,0
prefill,20,55,0
prefill,20,56,0
prefill,20,57,0
prefill,20,58,0
prefill,20,59,0
prefill,20,60,0
prefill,20,61,1
prefill,20,62,0
prefill,20,63,1
prefill,20,64,0
prefill,20,65,1
prefill,20,66,0
prefill,20,67,0
prefill,20,68,0
prefill,20,69,0
prefill,20,70,8
prefill,20,71,0
prefill,20,72,0
prefill,20,73,0
prefill,20,74,0
prefill,20,75,1
prefill,20,76,0
prefill,20,77,0
prefill,20,78,0
prefill,20,79,0
prefill,20,80,0
prefill,20,81,0
prefill,20,82,0
prefill,20,83,0
prefill,20,84,0
prefill,20,85,0
prefill,20,86,6
prefill,20,87,0
prefill,20,88,0
prefill,20,89,0
prefill,20,90,0
prefill,20,91,0
prefill,20,92,0
prefill,20,93,0
prefill,20,94,0
prefill,20,95,1
prefill,20,96,0
prefill,20,97,0
prefill,20,98,0
prefill,20,99,0
prefill,20,100,0
prefill,20,101,0
prefill,20,102,8
prefill,20,103,0
prefill,20,104,0
prefill,20,105,0
prefill,20,106,0
prefill,20,107,0
prefill,20,108,0
prefill,20,109,1
prefill,20,110,0
prefill,20,111,0
prefill,20,112,0
prefill,20,113,0
prefill,20,114,0
prefill,20,115,0
prefill,20,116,0
prefill,20,117,0
prefill,20,118,1
prefill,20,119,0
prefill,20,120,0
prefill,20,121,0
prefill,20,122,0
prefill,20,123,0
prefill,20,124,0
prefill,20,125,0
prefill,20,126,0
prefill,20,127,0
prefill,20,128,0
prefill,20,129,0
prefill,20,130,0
prefill,20,131,12
prefill,20,132,0
prefill,20,133,0
prefill,20,134,0
prefill,20,135,0
prefill,20,136,0
prefill,20,137,0
prefill,20,138,0
prefill,20,139,0
prefill,20,140,0
prefill,20,141,0
prefill,20,142,0
prefill,20,143,0
prefill,20,144,0
prefill,20,145,0
prefill,20,146,0
prefill,20,147,0
prefill,20,148,0
prefill,20,149,1
prefill,20,150,0
prefill,20,151,7
prefill,20,152,0
prefill,20,153,0
prefill,20,154,0
prefill,20,155,0
prefill,20,156,0
prefill,20,157,0
prefill,20,158,0
prefill,20,159,0
prefill,20,160,0
prefill,20,161,0
prefill,20,162,0
prefill,20,163,0
prefill,20,164,0
prefill,20,165,0
prefill,20,166,0
prefill,20,167,0
prefill,20,168,0
prefill,20,169,0
prefill,20,170,0
prefill,20,171,0
prefill,20,172,0
prefill,20,173,0
prefill,20,174,0
prefill,20,175,0
prefill,20,176,0
prefill,20,177,0
prefill,20,178,0
prefill,20,179,0
prefill,20,180,0
prefill,20,181,0
prefill,20,182,0
prefill,20,183,0
prefill,20,184,0
prefill,20,185,0
prefill,20,186,0
prefill,20,187,0
prefill,20,188,0
prefill,20,189,0
prefill,20,190,0
prefill,20,191,1
prefill,20,192,0
prefill,20,193,0
prefill,20,194,0
prefill,20,195,0
prefill,20,196,0
prefill,20,197,0
prefill,20,198,0
prefill,20,199,0
prefill,20,200,1
prefill,20,201,0
prefill,20,202,0
prefill,20,203,0
prefill,20,204,7
prefill,20,205,1
prefill,20,206,0
prefill,20,207,0
prefill,20,208,0
prefill,20,209,0
prefill,20,210,0
prefill,20,211,0
prefill,20,212,0
prefill,20,213,0
prefill,20,214,0
prefill,20,215,0
prefill,20,216,0
prefill,20,217,3
prefill,20,218,13
prefill,20,219,1
prefill,20,220,0
prefill,20,221,0
prefill,20,222,0
prefill,20,223,0
prefill,20,224,0
prefill,20,225,0
prefill,20,226,0
prefill,20,227,0
prefill,20,228,0
prefill,20,229,0
prefill,20,230,0
prefill,20,231,0
prefill,20,232,0
prefill,20,233,1
prefill,20,234,0
prefill,20,235,0
prefill,20,236,1
prefill,20,237,0
prefill,20,238,0
prefill,20,239,0
prefill,20,240,0
prefill,20,241,0
prefill,20,242,0
prefill,20,243,0
prefill,20,244,1
prefill,20,245,0
prefill,20,246,0
prefill,20,247,0
prefill,20,248,0
prefill,20,249,0
prefill,20,250,1
prefill,20,251,0
prefill,20,252,0
prefill,20,253,0
prefill,20,254,0
prefill,20,255,0
prefill,21,0,0
prefill,21,1,0
prefill,21,2,0
prefill,21,3,0
prefill,21,4,0
prefill,21,5,0
prefill,21,6,0
prefill,21,7,0
prefill,21,8,0
prefill,21,9,0
prefill,21,10,0
prefill,21,11,0
prefill,21,12,0
prefill,21,13,0
prefill,21,14,0
prefill,21,15,0
prefill,21,16,0
prefill,21,17,0
prefill,21,18,0
prefill,21,19,12
prefill,21,20,0
prefill,21,21,0
prefill,21,22,2
prefill,21,23,0
prefill,21,24,0
prefill,21,25,0
prefill,21,26,0
prefill,21,27,0
prefill,21,28,0
prefill,21,29,0
prefill,21,30,0
prefill,21,31,0
prefill,21,32,0
prefill,21,33,0
prefill,21,34,0
prefill,21,35,0
prefill,21,36,0
prefill,21,37,0
prefill,21,38,0
prefill,21,39,0
prefill,21,40,0
prefill,21,41,0
prefill,21,42,0
prefill,21,43,0
prefill,21,44,0
prefill,21,45,0
prefill,21,46,0
prefill,21,47,0
prefill,21,48,0
prefill,21,49,5
prefill,21,50,1
prefill,21,51,0
prefill,21,52,8
prefill,21,53,0
prefill,21,54,0
prefill,21,55,0
prefill,21,56,2
prefill,21,57,0
prefill,21,58,0
prefill,21,59,0
prefill,21,60,0
prefill,21,61,0
prefill,21,62,0
prefill,21,63,0
prefill,21,64,0
prefill,21,65,0
prefill,21,66,0
prefill,21,67,0
prefill,21,68,0
prefill,21,69,0
prefill,21,70,0
prefill,21,71,0
prefill,21,72,0
prefill,21,73,0
prefill,21,74,0
prefill,21,75,3
prefill,21,76,0
prefill,21,77,0
prefill,21,78,0
prefill,21,79,0
prefill,21,80,1
prefill,21,81,0
prefill,21,82,0
prefill,21,83,0
prefill,21,84,0
prefill,21,85,0
prefill,21,86,1
prefill,21,87,0
prefill,21,88,0
prefill,21,89,0
prefill,21,90,0
prefill,21,91,0
prefill,21,92,0
prefill,21,93,1
prefill,21,94,0
prefill,21,95,0
prefill,21,96,0
prefill,21,97,0
prefill,21,98,0
prefill,21,99,0
prefill,21,100,0
prefill,21,101,0
prefill,21,102,0
prefill,21,103,0
prefill,21,104,0
prefill,21,105,0
prefill,21,106,0
prefill,21,107,0
prefill,21,108,0
prefill,21,109,0
prefill,21,110,0
prefill,21,111,0
prefill,21,112,0
prefill,21,113,0
prefill,21,114,0
prefill,21,115,0
prefill,21,116,0
prefill,21,117,0
prefill,21,118,0
prefill,21,119,0
prefill,21,120,0
prefill,21,121,0
prefill,21,122,0
prefill,21,123,0
prefill,21,124,0
prefill,21,125,0
prefill,21,126,0
prefill,21,127,0
prefill,21,128,0
prefill,21,129,5
prefill,21,130,1
prefill,21,131,0
prefill,21,132,0
prefill,21,133,0
prefill,21,134,0
prefill,21,135,0
prefill,21,136,0
prefill,21,137,0
prefill,21,138,0
prefill,21,139,12
prefill,21,140,0
prefill,21,141,0
prefill,21,142,3
prefill,21,143,0
prefill,21,144,0
prefill,21,145,0
prefill,21,146,0
prefill,21,147,0
prefill,21,148,0
prefill,21,149,0
prefill,21,150,0
prefill,21,151,0
prefill,21,152,0
prefill,21,153,0
prefill,21,154,0
prefill,21,155,0
prefill,21,156,1
prefill,21,157,0
prefill,21,158,0
prefill,21,159,0
prefill,21,160,0
prefill,21,161,0
prefill,21,162,0
prefill,21,163,0
prefill,21,164,0
prefill,21,165,0
prefill,21,166,0
prefill,21,167,0
prefill,21,168,2
prefill,21,169,0
prefill,21,170,1
prefill,21,171,0
prefill,21,172,0
prefill,21,173,1
prefill,21,174,0
prefill,21,175,0
prefill,21,176,0
prefill,21,177,1
prefill,21,178,0
prefill,21,179,0
prefill,21,180,0
prefill,21,181,0
prefill,21,182,0
prefill,21,183,0
prefill,21,184,0
prefill,21,185,0
prefill,21,186,0
prefill,21,187,0
prefill,21,188,0
prefill,21,189,0
prefill,21,190,0
prefill,21,191,0
prefill,21,192,0
prefill,21,193,4
prefill,21,194,0
prefill,21,195,0
prefill,21,196,0
prefill,21,197,2
prefill,21,198,0
prefill,21,199,0
prefill,21,200,0
prefill,21,201,0
prefill,21,202,0
prefill,21,203,0
prefill,21,204,0
prefill,21,205,12
prefill,21,206,0
prefill,21,207,0
prefill,21,208,0
prefill,21,209,0
prefill,21,210,0
prefill,21,211,0
prefill,21,212,0
prefill,21,213,0
prefill,21,214,0
prefill,21,215,9
prefill,21,216,0
prefill,21,217,0
prefill,21,218,0
prefill,21,219,0
prefill,21,220,0
prefill,21,221,1
prefill,21,222,1
prefill,21,223,0
prefill,21,224,0
prefill,21,225,0
prefill,21,226,0
prefill,21,227,0
prefill,21,228,0
prefill,21,229,0
prefill,21,230,0
prefill,21,231,0
prefill,21,232,0
prefill,21,233,0
prefill,21,234,0
prefill,21,235,0
prefill,21,236,0
prefill,21,237,0
prefill,21,238,0
prefill,21,239,0
prefill,21,240,0
prefill,21,241,0
prefill,21,242,0
prefill,21,243,1
prefill,21,244,0
prefill,21,245,1
prefill,21,246,0
prefill,21,247,0
prefill,21,248,0
prefill,21,249,0
prefill,21,250,1
prefill,21,251,0
prefill,21,252,1
prefill,21,253,0
prefill,21,254,0
prefill,21,255,0
prefill,22,0,0
prefill,22,1,0
prefill,22,2,0
prefill,22,3,0
prefill,22,4,0
prefill,22,5,0
prefill,22,6,0
prefill,22,7,0
prefill,22,8,0
prefill,22,9,0
prefill,22,10,0
prefill,22,11,0
prefill,22,12,0
prefill,22,13,0
prefill,22,14,0
prefill,22,15,0
prefill,22,16,0
prefill,22,17,1
prefill,22,18,0
prefill,22,19,0
prefill,22,20,0
prefill,22,21,0
prefill,22,22,0
prefill,22,23,0
prefill,22,24,0
prefill,22,25,0
prefill,22,26,0
prefill,22,27,0
prefill,22,28,0
prefill,22,29,1
prefill,22,30,0
prefill,22,31,0
prefill,22,32,0
prefill,22,33,0
prefill,22,34,0
prefill,22,35,0
prefill,22,36,0
prefill,22,37,0
prefill,22,38,0
prefill,22,39,0
prefill,22,40,0
prefill,22,41,0
prefill,22,42,0
prefill,22,43,0
prefill,22,44,0
prefill,22,45,0
prefill,22,46,0
prefill,22,47,15
prefill,22,48,0
prefill,22,49,0
prefill,22,50,0
prefill,22,51,0
prefill,22,52,0
prefill,22,53,0
prefill,22,54,1
prefill,22,55,0
prefill,22,56,0
prefill,22,57,0
prefill,22,58,0
prefill,22,59,0
prefill,22,60,0
prefill,22,61,0
prefill,22,62,0
prefill,22,63,0
prefill,22,64,2
prefill,22,65,0
prefill,22,66,0
prefill,22,67,0
prefill,22,68,0
prefill,22,69,0
prefill,22,70,0
prefill,22,71,0
prefill,22,72,0
prefill,22,73,0
prefill,22,74,0
prefill,22,75,0
prefill,22,76,1
prefill,22,77,0
prefill,22,78,0
prefill,22,79,0
prefill,22,80,0
prefill,22,81,0
prefill,22,82,0
prefill,22,83,0
prefill,22,84,0
prefill,22,85,0
prefill,22,86,0
prefill,22,87,0
prefill,22,88,0
prefill,22,89,0
prefill,22,90,0
prefill,22,91,1
prefill,22,92,0
prefill,22,93,0
prefill,22,94,0
prefill,22,95,0
prefill,22,96,0
prefill,22,97,1
prefill,22,98,0
prefill,22,99,0
prefill,22,100,0
prefill,22,101,0
prefill,22,102,0
prefill,22,103,3
prefill,22,104,0
prefill,22,105,0
prefill,22,106,0
prefill,22,107,0
prefill,22,108,0
prefill,22,109,0
prefill,22,110,0
prefill,22,111,0
prefill,22,112,0
prefill,22,113,0
prefill,22,114,0
prefill,22,115,0
prefill,22,116,0
prefill,22,117,0
prefill,22,118,0
prefill,22,119,0
prefill,22,120,0
prefill,22,121,0
prefill,22,122,0
prefill,22,123,0
prefill,22,124,0
prefill,22,125,0
prefill,22,126,0
prefill,22,127,0
prefill,22,128,0
prefill,22,129,0
prefill,22,130,0
prefill,22,131,0
prefill,22,132,0
prefill,22,133,1
prefill,22,134,0
prefill,22,135,8
prefill,22,136,0
prefill,22,137,0
prefill,22,138,0
prefill,22,139,0
prefill,22,140,0
prefill,22,141,0
prefill,22,142,0
prefill,22,143,0
prefill,22,144,0
prefill,22,145,0
prefill,22,146,0
prefill,22,147,2
prefill,22,148,0
prefill,22,149,0
prefill,22,150,0
prefill,22,151,0
prefill,22,152,0
prefill,22,153,0
prefill,22,154,0
prefill,22,155,0
prefill,22,156,1
prefill,22,157,1
prefill,22,158,1
prefill,22,159,0
prefill,22,160,0
prefill,22,161,1
prefill,22,162,0
prefill,22,163,0
prefill,22,164,0
prefill,22,165,0
prefill,22,166,12
prefill,22,167,0
prefill,22,168,0
prefill,22,169,0
prefill,22,170,0
prefill,22,171,0
prefill,22,172,0
prefill,22,173,13
prefill,22,174,0
prefill,22,175,0
prefill,22,176,0
prefill,22,177,0
prefill,22,178,0
prefill,22,179,2
prefill,22,180,0
prefill,22,181,0
prefill,22,182,0
prefill,22,183,1
prefill,22,184,0
prefill,22,185,0
prefill,22,186,1
prefill,22,187,0
prefill,22,188,0
prefill,22,189,0
prefill,22,190,0
prefill,22,191,0
prefill,22,192,0
prefill,22,193,0
prefill,22,194,0
prefill,22,195,0
prefill,22,196,0
prefill,22,197,0
prefill,22,198,0
prefill,22,199,0
prefill,22,200,0
prefill,22,201,0
prefill,22,202,0
prefill,22,203,0
prefill,22,204,0
prefill,22,205,2
prefill,22,206,0
prefill,22,207,0
prefill,22,208,0
prefill,22,209,0
prefill,22,210,0
prefill,22,211,0
prefill,22,212,0
prefill,22,213,0
prefill,22,214,0
prefill,22,215,0
prefill,22,216,0
prefill,22,217,0
prefill,22,218,0
prefill,22,219,1
prefill,22,220,2
prefill,22,221,0
prefill,22,222,0
prefill,22,223,0
prefill,22,224,0
prefill,22,225,0
prefill,22,226,0
prefill,22,227,0
prefill,22,228,0
prefill,22,229,0
prefill,22,230,0
prefill,22,231,1
prefill,22,232,0
prefill,22,233,0
prefill,22,234,0
prefill,22,235,0
prefill,22,236,0
prefill,22,237,0
prefill,22,238,8
prefill,22,239,0
prefill,22,240,0
prefill,22,241,0
prefill,22,242,0
prefill,22,243,0
prefill,22,244,0
prefill,22,245,0
prefill,22,246,11
prefill,22,247,1
prefill,22,248,0
prefill,22,249,0
prefill,22,250,0
prefill,22,251,0
prefill,22,252,0
prefill,22,253,0
prefill,22,254,0
prefill,22,255,0
prefill,23,0,1
prefill,23,1,2
prefill,23,2,1
prefill,23,3,0
prefill,23,4,0
prefill,23,5,1
prefill,23,6,0
prefill,23,7,2
prefill,23,8,0
prefill,23,9,0
prefill,23,10,0
prefill,23,11,0
prefill,23,12,0
prefill,23,13,0
prefill,23,14,0
prefill,23,15,0
prefill,23,16,0
prefill,23,17,0
prefill,23,18,0
prefill,23,19,0
prefill,23,20,0
prefill,23,21,0
prefill,23,22,0
prefill,23,23,0
prefill,23,24,0
prefill,23,25,0
prefill,23,26,0
prefill,23,27,0
prefill,23,28,0
prefill,23,29,3
prefill,23,30,3
prefill,23,31,0
prefill,23,32,1
prefill,23,33,0
prefill,23,34,0
prefill,23,35,0
prefill,23,36,0
prefill,23,37,0
prefill,23,38,0
prefill,23,39,0
prefill,23,40,0
prefill,23,41,0
prefill,23,42,0
prefill,23,43,0
prefill,23,44,0
prefill,23,45,0
prefill,23,46,0
prefill,23,47,0
prefill,23,48,0
prefill,23,49,1
prefill,23,50,0
prefill,23,51,0
prefill,23,52,0
prefill,23,53,1
prefill,23,54,0
prefill,23,55,0
prefill,23,56,0
prefill,23,57,0
prefill,23,58,1
prefill,23,59,0
prefill,23,60,0
prefill,23,61,0
prefill,23,62,0
prefill,23,63,0
prefill,23,64,0
prefill,23,65,0
prefill,23,66,0
prefill,23,67,1
prefill,23,68,1
prefill,23,69,0
prefill,23,70,0
prefill,23,71,0
prefill,23,72,0
prefill,23,73,0
prefill,23,74,0
prefill,23,75,0
prefill,23,76,0
prefill,23,77,0
prefill,23,78,0
prefill,23,79,0
prefill,23,80,1
prefill,23,81,0
prefill,23,82,0
prefill,23,83,0
prefill,23,84,0
prefill,23,85,1
prefill,23,86,0
prefill,23,87,0
prefill,23,88,0
prefill,23,89,0
prefill,23,90,0
prefill,23,91,0
prefill,23,92,1
prefill,23,93,0
prefill,23,94,0
prefill,23,95,0
prefill,23,96,0
prefill,23,97,8
prefill,23,98,1
prefill,23,99,0
prefill,23,100,0
prefill,23,101,0
prefill,23,102,0
prefill,23,103,0
prefill,23,104,1
prefill,23,105,0
prefill,23,106,0
prefill,23,107,3
prefill,23,108,2
prefill,23,109,0
prefill,23,110,0
prefill,23,111,0
prefill,23,112,0
prefill,23,113,0
prefill,23,114,2
prefill,23,115,0
prefill,23,116,0
prefill,23,117,0
prefill,23,118,1
prefill,23,119,0
prefill,23,120,0
prefill,23,121,0
prefill,23,122,0
prefill,23,123,0
prefill,23,124,0
prefill,23,125,1
prefill,23,126,0
prefill,23,127,0
prefill,23,128,0
prefill,23,129,2
prefill,23,130,0
prefill,23,131,0
prefill,23,132,0
prefill,23,133,0
prefill,23,134,0
prefill,23,135,0
prefill,23,136,0
prefill,23,137,0
prefill,23,138,0
prefill,23,139,0
prefill,23,140,0
prefill,23,141,0
prefill,23,142,0
prefill,23,143,0
prefill,23,144,0
prefill,23,145,0
prefill,23,146,0
prefill,23,147,0
prefill,23,148,0
prefill,23,149,0
prefill,23,150,0
prefill,23,151,0
prefill,23,152,0
prefill,23,153,1
prefill,23,154,0
prefill,23,155,1
prefill,23,156,0
prefill,23,157,0
prefill,23,158,1
prefill,23,159,0
prefill,23,160,0
prefill,23,161,0
prefill,23,162,0
prefill,23,163,0
prefill,23,164,0
prefill,23,165,1
prefill,23,166,0
prefill,23,167,0
prefill,23,168,0
prefill,23,169,3
prefill,23,170,0
prefill,23,171,0
prefill,23,172,0
prefill,23,173,0
prefill,23,174,0
prefill,23,175,0
prefill,23,176,1
prefill,23,177,1
prefill,23,178,0
prefill,23,179,0
prefill,23,180,7
prefill,23,181,0
prefill,23,182,0
prefill,23,183,0
prefill,23,184,0
prefill,23,185,0
prefill,23,186,0
prefill,23,187,0
prefill,23,188,1
prefill,23,189,0
prefill,23,190,2
prefill,23,191,0
prefill,23,192,0
prefill,23,193,2
prefill,23,194,0
prefill,23,195,0
prefill,23,196,1
prefill,23,197,6
prefill,23,198,0
prefill,23,199,0
prefill,23,200,0
prefill,23,201,0
prefill,23,202,0
prefill,23,203,0
prefill,23,204,0
prefill,23,205,0
prefill,23,206,0
prefill,23,207,0
prefill,23,208,0
prefill,23,209,1
prefill,23,210,2
prefill,23,211,0
prefill,23,212,0
prefill,23,213,0
prefill,23,214,1
prefill,23,215,1
prefill,23,216,0
prefill,23,217,1
prefill,23,218,0
prefill,23,219,0
prefill,23,220,0
prefill,23,221,2
prefill,23,222,0
prefill,23,223,0
prefill,23,224,0
prefill,23,225,0
prefill,23,226,0
prefill,23,227,1
prefill,23,228,0
prefill,23,229,0
prefill,23,230,0
prefill,23,231,0
prefill,23,232,0
prefill,23,233,3
prefill,23,234,0
prefill,23,235,0
prefill,23,236,1
prefill,23,237,0
prefill,23,238,0
prefill,23,239,3
prefill,23,240,3
prefill,23,241,4
prefill,23,242,0
prefill,23,243,0
prefill,23,244,0
prefill,23,245,0
prefill,23,246,0
prefill,23,247,0
prefill,23,248,0
prefill,23,249,1
prefill,23,250,0
prefill,23,251,0
prefill,23,252,0
prefill,23,253,1
prefill,23,254,0
prefill,23,255,0
prefill,24,0,1
prefill,24,1,0
prefill,24,2,0
prefill,24,3,0
prefill,24,4,0
prefill,24,5,0
prefill,24,6,0
prefill,24,7,0
prefill,24,8,0
prefill,24,9,0
prefill,24,10,0
prefill,24,11,0
prefill,24,12,0
prefill,24,13,0
prefill,24,14,1
prefill,24,15,2
prefill,24,16,0
prefill,24,17,0
prefill,24,18,0
prefill,24,19,0
prefill,24,20,0
prefill,24,21,0
prefill,24,22,0
prefill,24,23,0
prefill,24,24,0
prefill,24,25,0
prefill,24,26,1
prefill,24,27,0
prefill,24,28,0
prefill,24,29,1
prefill,24,30,0
prefill,24,31,0
prefill,24,32,0
prefill,24,33,1
prefill,24,34,0
prefill,24,35,0
prefill,24,36,0
prefill,24,37,0
prefill,24,38,0
prefill,24,39,0
prefill,24,40,0
prefill,24,41,0
prefill,24,42,0
prefill,24,43,0
prefill,24,44,0
prefill,24,45,0
prefill,24,46,0
prefill,24,47,0
prefill,24,48,0
prefill,24,49,0
prefill,24,50,0
prefill,24,51,7
prefill,24,52,0
prefill,24,53,0
prefill,24,54,1
prefill,24,55,0
prefill,24,56,7
prefill,24,57,0
prefill,24,58,0
prefill,24,59,2
prefill,24,60,2
prefill,24,61,2
prefill,24,62,1
prefill,24,63,0
prefill,24,64,0
prefill,24,65,0
prefill,24,66,0
prefill,24,67,0
prefill,24,68,0
prefill,24,69,0
prefill,24,70,0
prefill,24,71,0
prefill,24,72,0
prefill,24,73,0
prefill,24,74,0
prefill,24,75,0
prefill,24,76,0
prefill,24,77,0
prefill,24,78,0
prefill,24,79,2
prefill,24,80,0
prefill,24,81,0
prefill,24,82,0
prefill,24,83,0
prefill,24,84,0
prefill,24,85,0
prefill,24,86,0
prefill,24,87,0
prefill,24,88,0
prefill,24,89,0
prefill,24,90,0
prefill,24,91,0
prefill,24,92,0
prefill,24,93,0
prefill,24,94,0
prefill,24,95,0
prefill,24,96,0
prefill,24,97,0
prefill,24,98,0
prefill,24,99,0
prefill,24,100,0
prefill,24,101,1
prefill,24,102,0
prefill,24,103,1
prefill,24,104,0
prefill,24,105,2
prefill,24,106,2
prefill,24,107,0
prefill,24,108,0
prefill,24,109,0
prefill,24,110,0
prefill,24,111,2
prefill,24,112,0
prefill,24,113,0
prefill,24,114,2
prefill,24,115,0
prefill,24,116,0
prefill,24,117,0
prefill,24,118,0
prefill,24,119,0
prefill,24,120,0
prefill,24,121,0
prefill,24,122,0
prefill,24,123,12
prefill,24,124,0
prefill,24,125,0
prefill,24,126,0
prefill,24,127,0
prefill,24,128,0
prefill,24,129,0
prefill,24,130,0
prefill,24,131,0
prefill,24,132,0
prefill,24,133,0
prefill,24,134,0
prefill,24,135,0
prefill,24,136,0
prefill,24,137,0
prefill,24,138,0
prefill,24,139,2
prefill,24,140,0
prefill,24,141,0
prefill,24,142,0
prefill,24,143,0
prefill,24,144,0
prefill,24,145,0
prefill,24,146,1
prefill,24,147,0
prefill,24,148,0
prefill,24,149,0
prefill,24,150,0
prefill,24,151,0
prefill,24,152,1
prefill,24,153,1
prefill,24,154,0
prefill,24,155,1
prefill,24,156,1
prefill,24,157,0
prefill,24,158,2
prefill,24,159,0
prefill,24,160,0
prefill,24,161,0
prefill,24,162,0
prefill,24,163,0
prefill,24,164,0
prefill,24,165,0
prefill,24,166,0
prefill,24,167,0
prefill,24,168,0
prefill,24,169,0
prefill,24,170,0
prefill,24,171,0
prefill,24,172,0
prefill,24,173,0
prefill,24,174,0
prefill,24,175,0
prefill,24,176,0
prefill,24,177,2
prefill,24,178,0
prefill,24,179,0
prefill,24,180,0
prefill,24,181,0
prefill,24,182,0
prefill,24,183,0
prefill,24,184,1
prefill,24,185,11
prefill,24,186,0
prefill,24,187,0
prefill,24,188,0
prefill,24,189,0
prefill,24,190,0
prefill,24,191,0
prefill,24,192,0
prefill,24,193,1
prefill,24,194,0
prefill,24,195,0
prefill,24,196,0
prefill,24,197,8
prefill,24,198,0
prefill,24,199,0
prefill,24,200,0
prefill,24,201,0
prefill,24,202,0
prefill,24,203,0
prefill,24,204,0
prefill,24,205,0
prefill,24,206,0
prefill,24,207,0
prefill,24,208,0
prefill,24,209,1
prefill,24,210,0
prefill,24,211,0
prefill,24,212,0
prefill,24,213,0
prefill,24,214,0
prefill,24,215,0
prefill,24,216,0
prefill,24,217,0
prefill,24,218,0
prefill,24,219,0
prefill,24,220,0
prefill,24,221,0
prefill,24,222,0
prefill,24,223,0
prefill,24,224,0
prefill,24,225,0
prefill,24,226,0
prefill,24,227,0
prefill,24,228,0
prefill,24,229,0
prefill,24,230,0
prefill,24,231,0
prefill,24,232,0
prefill,24,233,0
prefill,24,234,0
prefill,24,235,0
prefill,24,236,0
prefill,24,237,0
prefill,24,238,0
prefill,24,239,0
prefill,24,240,0
prefill,24,241,0
prefill,24,242,0
prefill,24,243,0
prefill,24,244,0
prefill,24,245,0
prefill,24,246,0
prefill,24,247,0
prefill,24,248,0
prefill,24,249,0
prefill,24,250,0
prefill,24,251,10
prefill,24,252,0
prefill,24,253,0
prefill,24,254,0
prefill,24,255,0
prefill,25,0,0
prefill,25,1,0
prefill,25,2,0
prefill,25,3,0
prefill,25,4,0
prefill,25,5,0
prefill,25,6,0
prefill,25,7,0
prefill,25,8,1
prefill,25,9,5
prefill,25,10,0
prefill,25,11,0
prefill,25,12,2
prefill,25,13,0
prefill,25,14,0
prefill,25,15,0
prefill,25,16,0
prefill,25,17,0
prefill,25,18,0
prefill,25,19,0
prefill,25,20,0
prefill,25,21,0
prefill,25,22,0
prefill,25,23,0
prefill,25,24,0
prefill,25,25,0
prefill,25,26,2
prefill,25,27,0
prefill,25,28,0
prefill,25,29,0
prefill,25,30,0
prefill,25,31,0
prefill,25,32,0
prefill,25,33,0
prefill,25,34,0
prefill,25,35,0
prefill,25,36,0
prefill,25,37,1
prefill,25,38,0
prefill,25,39,1
prefill,25,40,0
prefill,25,41,0
prefill,25,42,0
prefill,25,43,0
prefill,25,44,0
prefill,25,45,0
prefill,25,46,0
prefill,25,47,0
prefill,25,48,0
prefill,25,49,0
prefill,25,50,0
prefill,25,51,0
prefill,25,52,0
prefill,25,53,1
prefill,25,54,0
prefill,25,55,0
prefill,25,56,0
prefill,25,57,0
prefill,25,58,0
prefill,25,59,0
prefill,25,60,12
prefill,25,61,0
prefill,25,62,0
prefill,25,63,0
prefill,25,64,1
prefill,25,65,1
prefill,25,66,0
prefill,25,67,1
prefill,25,68,0
prefill,25,69,0
prefill,25,70,0
prefill,25,71,0
prefill,25,72,0
prefill,25,73,1
prefill,25,74,0
prefill,25,75,0
prefill,25,76,0
prefill,25,77,0
prefill,25,78,0
prefill,25,79,0
prefill,25,80,0
prefill,25,81,0
prefill,25,82,0
prefill,25,83,0
prefill,25,84,0
prefill,25,85,0
prefill,25,86,1
prefill,25,87,0
prefill,25,88,1
prefill,25,89,5
prefill,25,90,0
prefill,25,91,1
prefill,25,92,1
prefill,25,93,1
prefill,25,94,10
prefill,25,95,0
prefill,25,96,0
prefill,25,97,0
prefill,25,98,0
prefill,25,99,0
prefill,25,100,0
prefill,25,101,0
prefill,25,102,0
prefill,25,103,0
prefill,25,104,0
prefill,25,105,0
prefill,25,106,0
prefill,25,107,0
prefill,25,108,0
prefill,25,109,0
prefill,25,110,0
prefill,25,111,0
prefill,25,112,0
prefill,25,113,1
prefill,25,114,0
prefill,25,115,0
prefill,25,116,0
prefill,25,117,0
prefill,25,118,0
prefill,25,119,0
prefill,25,120,1
prefill,25,121,0
prefill,25,122,0
prefill,25,123,0
prefill,25,124,0
prefill,25,125,0
prefill,25,126,0
prefill,25,127,2
prefill,25,128,0
prefill,25,129,1
prefill,25,130,0
prefill,25,131,0
prefill,25,132,0
prefill,25,133,0
prefill,25,134,1
prefill,25,135,0
prefill,25,136,0
prefill,25,137,0
prefill,25,138,0
prefill,25,139,0
prefill,25,140,1
prefill,25,141,0
prefill,25,142,0
prefill,25,143,0
prefill,25,144,0
prefill,25,145,0
prefill,25,146,0
prefill,25,147,0
prefill,25,148,0
prefill,25,149,0
prefill,25,150,0
prefill,25,151,0
prefill,25,152,0
prefill,25,153,0
prefill,25,154,1
prefill,25,155,0
prefill,25,156,0
prefill,25,157,0
prefill,25,158,0
prefill,25,159,0
prefill,25,160,0
prefill,25,161,0
prefill,25,162,0
prefill,25,163,0
prefill,25,164,1
prefill,25,165,0
prefill,25,166,0
prefill,25,167,3
prefill,25,168,0
prefill,25,169,1
prefill,25,170,0
prefill,25,171,0
prefill,25,172,0
prefill,25,173,0
prefill,25,174,0
prefill,25,175,1
prefill,25,176,0
prefill,25,177,0
prefill,25,178,0
prefill,25,179,0
prefill,25,180,0
prefill,25,181,0
prefill,25,182,0
prefill,25,183,0
prefill,25,184,0
prefill,25,185,0
prefill,25,186,9
prefill,25,187,1
prefill,25,188,0
prefill,25,189,8
prefill,25,190,0
prefill,25,191,3
prefill,25,192,0
prefill,25,193,0
prefill,25,194,0
prefill,25,195,2
prefill,25,196,0
prefill,25,197,0
prefill,25,198,0
prefill,25,199,0
prefill,25,200,0
prefill,25,201,0
prefill,25,202,0
prefill,25,203,0
prefill,25,204,0
prefill,25,205,0
prefill,25,206,0
prefill,25,207,0
prefill,25,208,0
prefill,25,209,1
prefill,25,210,0
prefill,25,211,0
prefill,25,212,0
prefill,25,213,0
prefill,25,214,5
prefill,25,215,0
prefill,25,216,1
prefill,25,217,0
prefill,25,218,0
prefill,25,219,0
prefill,25,220,0
prefill,25,221,0
prefill,25,222,0
prefill,25,223,0
prefill,25,224,0
prefill,25,225,0
prefill,25,226,0
prefill,25,227,0
prefill,25,228,0
prefill,25,229,0
prefill,25,230,0
prefill,25,231,0
prefill,25,232,0
prefill,25,233,1
prefill,25,234,0
prefill,25,235,0
prefill,25,236,0
prefill,25,237,0
prefill,25,238,0
prefill,25,239,0
prefill,25,240,0
prefill,25,241,0
prefill,25,242,0
prefill,25,243,0
prefill,25,244,1
prefill,25,245,0
prefill,25,246,0
prefill,25,247,0
prefill,25,248,0
prefill,25,249,0
prefill,25,250,0
prefill,25,251,0
prefill,25,252,1
prefill,25,253,0
prefill,25,254,0
prefill,25,255,0
prefill,26,0,1
prefill,26,1,1
prefill,26,2,0
prefill,26,3,1
prefill,26,4,0
prefill,26,5,0
prefill,26,6,0
prefill,26,7,0
prefill,26,8,1
prefill,26,9,0
prefill,26,10,0
prefill,26,11,0
prefill,26,12,1
prefill,26,13,0
prefill,26,14,0
prefill,26,15,0
prefill,26,16,0
prefill,26,17,0
prefill,26,18,1
prefill,26,19,11
prefill,26,20,2
prefill,26,21,0
prefill,26,22,0
prefill,26,23,0
prefill,26,24,0
prefill,26,25,0
prefill,26,26,10
prefill,26,27,0
prefill,26,28,0
prefill,26,29,0
prefill,26,30,0
prefill,26,31,2
prefill,26,32,1
prefill,26,33,0
prefill,26,34,0
prefill,26,35,0
prefill,26,36,0
prefill,26,37,0
prefill,26,38,0
prefill,26,39,0
prefill,26,40,0
prefill,26,41,0
prefill,26,42,0
prefill,26,43,0
prefill,26,44,0
prefill,26,45,5
prefill,26,46,0
prefill,26,47,0
prefill,26,48,1
prefill,26,49,0
prefill,26,50,0
prefill,26,51,3
prefill,26,52,0
prefill,26,53,1
prefill,26,54,0
prefill,26,55,0
prefill,26,56,0
prefill,26,57,0
prefill,26,58,0
prefill,26,59,0
prefill,26,60,0
prefill,26,61,1
prefill,26,62,0
prefill,26,63,1
prefill,26,64,0
prefill,26,65,0
prefill,26,66,0
prefill,26,67,0
prefill,26,68,0
prefill,26,69,0
prefill,26,70,1
prefill,26,71,0
prefill,26,72,0
prefill,26,73,1
prefill,26,74,0
prefill,26,75,0
prefill,26,76,0
prefill,26,77,0
prefill,26,78,1
prefill,26,79,7
prefill,26,80,0
prefill,26,81,0
prefill,26,82,1
prefill,26,83,0
prefill,26,84,0
prefill,26,85,0
prefill,26,86,0
prefill,26,87,0
prefill,26,88,0
prefill,26,89,0
prefill,26,90,0
prefill,26,91,1
prefill,26,92,0
prefill,26,93,0
prefill,26,94,0
prefill,26,95,1
prefill,26,96,0
prefill,26,97,0
prefill,26,98,0
prefill,26,99,0
prefill,26,100,0
prefill,26,101,2
prefill,26,102,0
prefill,26,103,0
prefill,26,104,0
prefill,26,105,0
prefill,26,106,1
prefill,26,107,0
prefill,26,108,0
prefill,26,109,0
prefill,26,110,0
prefill,26,111,0
prefill,26,112,0
prefill,26,113,1
prefill,26,114,0
prefill,26,115,0
prefill,26,116,1
prefill,26,117,0
prefill,26,118,0
prefill,26,119,0
prefill,26,120,0
prefill,26,121,0
prefill,26,122,0
prefill,26,123,0
prefill,26,124,0
prefill,26,125,0
prefill,26,126,0
prefill,26,127,0
prefill,26,128,0
prefill,26,129,0
prefill,26,130,0
prefill,26,131,0
prefill,26,132,3
prefill,26,133,0
prefill,26,134,0
prefill,26,135,0
prefill,26,136,0
prefill,26,137,0
prefill,26,138,0
prefill,26,139,0
prefill,26,140,0
prefill,26,141,0
prefill,26,142,2
prefill,26,143,0
prefill,26,144,0
prefill,26,145,0
prefill,26,146,0
prefill,26,147,0
prefill,26,148,0
prefill,26,149,0
prefill,26,150,0
prefill,26,151,0
prefill,26,152,0
prefill,26,153,0
prefill,26,154,0
prefill,26,155,0
prefill,26,156,0
prefill,26,157,0
prefill,26,158,0
prefill,26,159,0
prefill,26,160,0
prefill,26,161,0
prefill,26,162,0
prefill,26,163,0
prefill,26,164,0
prefill,26,165,0
prefill,26,166,0
prefill,26,167,1
prefill,26,168,0
prefill,26,169,0
prefill,26,170,1
prefill,26,171,0
prefill,26,172,0
prefill,26,173,0
prefill,26,174,0
prefill,26,175,0
prefill,26,176,0
prefill,26,177,0
prefill,26,178,0
prefill,26,179,0
prefill,26,180,0
prefill,26,181,0
prefill,26,182,0
prefill,26,183,0
prefill,26,184,0
prefill,26,185,0
prefill,26,186,0
prefill,26,187,0
prefill,26,188,0
prefill,26,189,0
prefill,26,190,1
prefill,26,191,1
prefill,26,192,2
prefill,26,193,0
prefill,26,194,0
prefill,26,195,10
prefill,26,196,0
prefill,26,197,1
prefill,26,198,0
prefill,26,199,0
prefill,26,200,0
prefill,26,201,0
prefill,26,202,0
prefill,26,203,0
prefill,26,204,0
prefill,26,205,0
prefill,26,206,0
prefill,26,207,0
prefill,26,208,0
prefill,26,209,0
prefill,26,210,0
prefill,26,211,0
prefill,26,212,0
prefill,26,213,0
prefill,26,214,0
prefill,26,215,5
prefill,26,216,0
prefill,26,217,0
prefill,26,218,0
prefill,26,219,0
prefill,26,220,0
prefill,26,221,0
prefill,26,222,0
prefill,26,223,0
prefill,26,224,0
prefill,26,225,0
prefill,26,226,0
prefill,26,227,0
prefill,26,228,0
prefill,26,229,0
prefill,26,230,0
prefill,26,231,0
prefill,26,232,0
prefill,26,233,0
prefill,26,234,0
prefill,26,235,0
prefill,26,236,0
prefill,26,237,0
prefill,26,238,0
prefill,26,239,0
prefill,26,240,0
prefill,26,241,0
prefill,26,242,0
prefill,26,243,0
prefill,26,244,0
prefill,26,245,0
prefill,26,246,0
prefill,26,247,0
prefill,26,248,0
prefill,26,249,0
prefill,26,250,3
prefill,26,251,0
prefill,26,252,0
prefill,26,253,4
prefill,26,254,0
prefill,26,255,0
prefill,27,0,0
prefill,27,1,0
prefill,27,2,11
prefill,27,3,0
prefill,27,4,0
prefill,27,5,0
prefill,27,6,0
prefill,27,7,0
prefill,27,8,0
prefill,27,9,0
prefill,27,10,6
prefill,27,11,0
prefill,27,12,0
prefill,27,13,0
prefill,27,14,2
prefill,27,15,0
prefill,27,16,0
prefill,27,17,0
prefill,27,18,0
prefill,27,19,0
prefill,27,20,3
prefill,27,21,0
prefill,27,22,0
prefill,27,23,0
prefill,27,24,1
prefill,27,25,0
prefill,27,26,0
prefill,27,27,0
prefill,27,28,0
prefill,27,29,0
prefill,27,30,0
prefill,27,31,2
prefill,27,32,0
prefill,27,33,0
prefill,27,34,1
prefill,27,35,0
prefill,27,36,0
prefill,27,37,0
prefill,27,38,0
prefill,27,39,1
prefill,27,40,0
prefill,27,41,0
prefill,27,42,0
prefill,27,43,1
prefill,27,44,0
prefill,27,45,0
prefill,27,46,1
prefill,27,47,0
prefill,27,48,0
prefill,27,49,0
prefill,27,50,0
prefill,27,51,0
prefill,27,52,0
prefill,27,53,0
prefill,27,54,0
prefill,27,55,2
prefill,27,56,0
prefill,27,57,0
prefill,27,58,0
prefill,27,59,0
prefill,27,60,1
prefill,27,61,0
prefill,27,62,0
prefill,27,63,0
prefill,27,64,0
prefill,27,65,0
prefill,27,66,0
prefill,27,67,0
prefill,27,68,0
prefill,27,69,0
prefill,27,70,0
prefill,27,71,0
prefill,27,72,0
prefill,27,73,0
prefill,27,74,0
prefill,27,75,0
prefill,27,76,0
prefill,27,77,0
prefill,27,78,0
prefill,27,79,0
prefill,27,80,0
prefill,27,81,0
prefill,27,82,0
prefill,27,83,0
prefill,27,84,0
prefill,27,85,0
prefill,27,86,1
prefill,27,87,0
prefill,27,88,0
prefill,27,89,0
prefill,27,90,0
prefill,27,91,0
prefill,27,92,0
prefill,27,93,0
prefill,27,94,1
prefill,27,95,1
prefill,27,96,0
prefill,27,97,0
prefill,27,98,0
prefill,27,99,0
prefill,27,100,2
prefill,27,101,0
prefill,27,102,1
prefill,27,103,0
prefill,27,104,0
prefill,27,105,0
prefill,27,106,0
prefill,27,107,0
prefill,27,108,0
prefill,27,109,2
prefill,27,110,0
prefill,27,111,0
prefill,27,112,0
prefill,27,113,0
prefill,27,114,1
prefill,27,115,0
prefill,27,116,0
prefill,27,117,0
prefill,27,118,0
prefill,27,119,0
prefill,27,120,0
prefill,27,121,0
prefill,27,122,0
prefill,27,123,0
prefill,27,124,0
prefill,27,125,0
prefill,27,126,0
prefill,27,127,0
prefill,27,128,2
prefill,27,129,0
prefill,27,130,0
prefill,27,131,0
prefill,27,132,1
prefill,27,133,1
prefill,27,134,0
prefill,27,135,1
prefill,27,136,0
prefill,27,137,0
prefill,27,138,0
prefill,27,139,0
prefill,27,140,0
prefill,27,141,0
prefill,27,142,0
prefill,27,143,0
prefill,27,144,0
prefill,27,145,0
prefill,27,146,0
prefill,27,147,1
prefill,27,148,0
prefill,27,149,0
prefill,27,150,0
prefill,27,151,0
prefill,27,152,0
prefill,27,153,0
prefill,27,154,0
prefill,27,155,1
prefill,27,156,0
prefill,27,157,0
prefill,27,158,0
prefill,27,159,12
prefill,27,160,0
prefill,27,161,0
prefill,27,162,3
prefill,27,163,0
prefill,27,164,0
prefill,27,165,0
prefill,27,166,1
prefill,27,167,0
prefill,27,168,1
prefill,27,169,0
prefill,27,170,0
prefill,27,171,0
prefill,27,172,0
prefill,27,173,1
prefill,27,174,0
prefill,27,175,0
prefill,27,176,2
prefill,27,177,1
prefill,27,178,0
prefill,27,179,0
prefill,27,180,0
prefill,27,181,0
prefill,27,182,0
prefill,27,183,1
prefill,27,184,1
prefill,27,185,0
prefill,27,186,0
prefill,27,187,0
prefill,27,188,8
prefill,27,189,0
prefill,27,190,0
prefill,27,191,0
prefill,27,192,0
prefill,27,193,0
prefill,27,194,0
prefill,27,195,1
prefill,27,196,0
prefill,27,197,0
prefill,27,198,0
prefill,27,199,0
prefill,27,200,0
prefill,27,201,0
prefill,27,202,1
prefill,27,203,1
prefill,27,204,0
prefill,27,205,0
prefill,27,206,0
prefill,27,207,0
prefill,27,208,0
prefill,27,209,3
prefill,27,210,0
prefill,27,211,0
prefill,27,212,0
prefill,27,213,0
prefill,27,214,0
prefill,27,215,0
prefill,27,216,0
prefill,27,217,0
prefill,27,218,0
prefill,27,219,0
prefill,27,220,0
prefill,27,221,0
prefill,27,222,0
prefill,27,223,0
prefill,27,224,1
prefill,27,225,0
prefill,27,226,0
prefill,27,227,0
prefill,27,228,0
prefill,27,229,0
prefill,27,230,0
prefill,27,231,0
prefill,27,232,0
prefill,27,233,1
prefill,27,234,0
prefill,27,235,1
prefill,27,236,0
prefill,27,237,0
prefill,27,238,0
prefill,27,239,0
prefill,27,240,2
prefill,27,241,0
prefill,27,242,0
prefill,27,243,0
prefill,27,244,0
prefill,27,245,3
prefill,27,246,1
prefill,27,247,1
prefill,27,248,0
prefill,27,249,0
prefill,27,250,0
prefill,27,251,1
prefill,27,252,0
prefill,27,253,0
prefill,27,254,0
prefill,27,255,0
prefill,28,0,0
prefill,28,1,1
prefill,28,2,0
prefill,28,3,0
prefill,28,4,0
prefill,28,5,0
prefill,28,6,0
prefill,28,7,0
prefill,28,8,0
prefill,28,9,0
prefill,28,10,0
prefill,28,11,1
prefill,28,12,0
prefill,28,13,0
prefill,28,14,0
prefill,28,15,0
prefill,28,16,0
prefill,28,17,0
prefill,28,18,0
prefill,28,19,0
prefill,28,20,0
prefill,28,21,0
prefill,28,22,0
prefill,28,23,0
prefill,28,24,0
prefill,28,25,0
prefill,28,26,0
prefill,28,27,0
prefill,28,28,0
prefill,28,29,0
prefill,28,30,1
prefill,28,31,0
prefill,28,32,1
prefill,28,33,0
prefill,28,34,0
prefill,28,35,0
prefill,28,36,13
prefill,28,37,0
prefill,28,38,0
prefill,28,39,0
prefill,28,40,0
prefill,28,41,1
prefill,28,42,0
prefill,28,43,0
prefill,28,44,0
prefill,28,45,3
prefill,28,46,4
prefill,28,47,0
prefill,28,48,0
prefill,28,49,0
prefill,28,50,0
prefill,28,51,0
prefill,28,52,0
prefill,28,53,0
prefill,28,54,0
prefill,28,55,0
prefill,28,56,13
prefill,28,57,0
prefill,28,58,0
prefill,28,59,0
prefill,28,60,0
prefill,28,61,0
prefill,28,62,0
prefill,28,63,0
prefill,28,64,0
prefill,28,65,0
prefill,28,66,0
prefill,28,67,0
prefill,28,68,0
prefill,28,69,0
prefill,28,70,0
prefill,28,71,0
prefill,28,72,0
prefill,28,73,0
prefill,28,74,0
prefill,28,75,0
prefill,28,76,0
prefill,28,77,0
prefill,28,78,0
prefill,28,79,0
prefill,28,80,0
prefill,28,81,0
prefill,28,82,0
prefill,28,83,0
prefill,28,84,0
prefill,28,85,1
prefill,28,86,0
prefill,28,87,0
prefill,28,88,1
prefill,28,89,1
prefill,28,90,0
prefill,28,91,0
prefill,28,92,0
prefill,28,93,0
prefill,28,94,0
prefill,28,95,0
prefill,28,96,0
prefill,28,97,0
prefill,28,98,0
prefill,28,99,0
prefill,28,100,0
prefill,28,101,0
prefill,28,102,0
prefill,28,103,0
prefill,28,104,0
prefill,28,105,0
prefill,28,106,0
prefill,28,107,0
prefill,28,108,0
prefill,28,109,0
prefill,28,110,0
prefill,28,111,0
prefill,28,112,0
prefill,28,113,0
prefill,28,114,0
prefill,28,115,0
prefill,28,116,0
prefill,28,117,1
prefill,28,118,0
prefill,28,119,0
prefill,28,120,1
prefill,28,121,0
prefill,28,122,0
prefill,28,123,0
prefill,28,124,1
prefill,28,125,0
prefill,28,126,1
prefill,28,127,0
prefill,28,128,0
prefill,28,129,0
prefill,28,130,3
prefill,28,131,0
prefill,28,132,0
prefill,28,133,0
prefill,28,134,0
prefill,28,135,0
prefill,28,136,0
prefill,28,137,0
prefill,28,138,0
prefill,28,139,0
prefill,28,140,0
prefill,28,141,0
prefill,28,142,0
prefill,28,143,0
prefill,28,144,0
prefill,28,145,0
prefill,28,146,0
prefill,28,147,0
prefill,28,148,1
prefill,28,149,0
prefill,28,150,0
prefill,28,151,0
prefill,28,152,0
prefill,28,153,0
prefill,28,154,0
prefill,28,155,0
prefill,28,156,0
prefill,28,157,0
prefill,28,158,0
prefill,28,159,0
prefill,28,160,0
prefill,28,161,5
prefill,28,162,0
prefill,28,163,1
prefill,28,164,0
prefill,28,165,1
prefill,28,166,0
prefill,28,167,0
prefill,28,168,0
prefill,28,169,0
prefill,28,170,0
prefill,28,171,0
prefill,28,172,0
prefill,28,173,1
prefill,28,174,0
prefill,28,175,0
prefill,28,176,0
prefill,28,177,0
prefill,28,178,0
prefill,28,179,1
prefill,28,180,0
prefill,28,181,0
prefill,28,182,0
prefill,28,183,0
prefill,28,184,0
prefill,28,185,0
prefill,28,186,0
prefill,28,187,0
prefill,28,188,0
prefill,28,189,0
prefill,28,190,0
prefill,28,191,0
prefill,28,192,1
prefill,28,193,0
prefill,28,194,0
prefill,28,195,0
prefill,28,196,0
prefill,28,197,0
prefill,28,198,1
prefill,28,199,0
prefill,28,200,1
prefill,28,201,2
prefill,28,202,1
prefill,28,203,0
prefill,28,204,0
prefill,28,205,0
prefill,28,206,0
prefill,28,207,8
prefill,28,208,0
prefill,28,209,1
prefill,28,210,0
prefill,28,211,1
prefill,28,212,0
prefill,28,213,0
prefill,28,214,0
prefill,28,215,0
prefill,28,216,0
prefill,28,217,0
prefill,28,218,3
prefill,28,219,0
prefill,28,220,0
prefill,28,221,0
prefill,28,222,0
prefill,28,223,0
prefill,28,224,0
prefill,28,225,0
prefill,28,226,0
prefill,28,227,0
prefill,28,228,0
prefill,28,229,0
prefill,28,230,0
prefill,28,231,0
prefill,28,232,0
prefill,28,233,0
prefill,28,234,0
prefill,28,235,0
prefill,28,236,0
prefill,28,237,0
prefill,28,238,0
prefill,28,239,1
prefill,28,240,0
prefill,28,241,0
prefill,28,242,0
prefill,28,243,0
prefill,28,244,6
prefill,28,245,0
prefill,28,246,0
prefill,28,247,1
prefill,28,248,0
prefill,28,249,0
prefill,28,250,1
prefill,28,251,0
prefill,28,252,0
prefill,28,253,10
prefill,28,254,0
prefill,28,255,0
prefill,29,0,0
prefill,29,1,0
prefill,29,2,12
prefill,29,3,0
prefill,29,4,0
prefill,29,5,0
prefill,29,6,2
prefill,29,7,0
prefill,29,8,0
prefill,29,9,1
prefill,29,10,0
prefill,29,11,0
prefill,29,12,0
prefill,29,13,9
prefill,29,14,0
prefill,29,15,0
prefill,29,16,0
prefill,29,17,0
prefill,29,18,0
prefill,29,19,0
prefill,29,20,0
prefill,29,21,0
prefill,29,22,0
prefill,29,23,0
prefill,29,24,0
prefill,29,25,0
prefill,29,26,0
prefill,29,27,0
prefill,29,28,0
prefill,29,29,0
prefill,29,30,0
prefill,29,31,0
prefill,29,32,0
prefill,29,33,0
prefill,29,34,0
prefill,29,35,0
prefill,29,36,0
prefill,29,37,0
prefill,29,38,0
prefill,29,39,0
prefill,29,40,0
prefill,29,41,0
prefill,29,42,0
prefill,29,43,0
prefill,29,44,0
prefill,29,45,0
prefill,29,46,0
prefill,29,47,0
prefill,29,48,0
prefill,29,49,0
prefill,29,50,0
prefill,29,51,0
prefill,29,52,0
prefill,29,53,0
prefill,29,54,0
prefill,29,55,2
prefill,29,56,0
prefill,29,57,1
prefill,29,58,0
prefill,29,59,0
prefill,29,60,0
prefill,29,61,0
prefill,29,62,1
prefill,29,63,0
prefill,29,64,0
prefill,29,65,3
prefill,29,66,0
prefill,29,67,1
prefill,29,68,0
prefill,29,69,0
prefill,29,70,0
prefill,29,71,0
prefill,29,72,0
prefill,29,73,1
prefill,29,74,1
prefill,29,75,0
prefill,29,76,0
prefill,29,77,0
prefill,29,78,0
prefill,29,79,0
prefill,29,80,0
prefill,29,81,0
prefill,29,82,0
prefill,29,83,0
prefill,29,84,0
prefill,29,85,0
prefill,29,86,0
prefill,29,87,2
prefill,29,88,1
prefill,29,89,0
prefill,29,90,0
prefill,29,91,0
prefill,29,92,0
prefill,29,93,10
prefill,29,94,0
prefill,29,95,0
prefill,29,96,0
prefill,29,97,0
prefill,29,98,1
prefill,29,99,0
prefill,29,100,0
prefill,29,101,0
prefill,29,102,0
prefill,29,103,0
prefill,29,104,0
prefill,29,105,0
prefill,29,106,0
prefill,29,107,0
prefill,29,108,0
prefill,29,109,0
prefill,29,110,1
prefill,29,111,0
prefill,29,112,0
prefill,29,113,0
prefill,29,114,0
prefill,29,115,0
prefill,29,116,0
prefill,29,117,0
prefill,29,118,0
prefill,29,119,0
prefill,29,120,0
prefill,29,121,0
prefill,29,122,0
prefill,29,123,0
prefill,29,124,0
prefill,29,125,0
prefill,29,126,0
prefill,29,127,0
prefill,29,128,0
prefill,29,129,0
prefill,29,130,0
prefill,29,131,1
prefill,29,132,0
prefill,29,133,0
prefill,29,134,0
prefill,29,135,0
prefill,29,136,0
prefill,29,137,0
prefill,29,138,0
prefill,29,139,0
prefill,29,140,0
prefill,29,141,2
prefill,29,142,0
prefill,29,143,0
prefill,29,144,0
prefill,29,145,1
prefill,29,146,0
prefill,29,147,0
prefill,29,148,0
prefill,29,149,0
prefill,29,150,0
prefill,29,151,0
prefill,29,152,0
prefill,29,153,0
prefill,29,154,1
prefill,29,155,0
prefill,29,156,0
prefill,29,157,2
prefill,29,158,0
prefill,29,159,1
prefill,29,160,0
prefill,29,161,0
prefill,29,162,0
prefill,29,163,0
prefill,29,164,0
prefill,29,165,0
prefill,29,166,0
prefill,29,167,0
prefill,29,168,0
prefill,29,169,0
prefill,29,170,0
prefill,29,171,0
prefill,29,172,0
prefill,29,173,0
prefill,29,174,0
prefill,29,175,0
prefill,29,176,0
prefill,29,177,0
prefill,29,178,12
prefill,29,179,0
prefill,29,180,8
prefill,29,181,0
prefill,29,182,0
prefill,29,183,0
prefill,29,184,0
prefill,29,185,0
prefill,29,186,0
prefill,29,187,0
prefill,29,188,0
prefill,29,189,0
prefill,29,190,0
prefill,29,191,0
prefill,29,192,4
prefill,29,193,0
prefill,29,194,0
prefill,29,195,0
prefill,29,196,0
prefill,29,197,0
prefill,29,198,0
prefill,29,199,0
prefill,29,200,0
prefill,29,201,0
prefill,29,202,0
prefill,29,203,0
prefill,29,204,0
prefill,29,205,12
prefill,29,206,0
prefill,29,207,1
prefill,29,208,0
prefill,29,209,0
prefill,29,210,0
prefill,29,211,0
prefill,29,212,0
prefill,29,213,0
prefill,29,214,0
prefill,29,215,0
prefill,29,216,0
prefill,29,217,0
prefill,29,218,0
prefill,29,219,0
prefill,29,220,0
prefill,29,221,1
prefill,29,222,0
prefill,29,223,0
prefill,29,224,0
prefill,29,225,0
prefill,29,226,0
prefill,29,227,0
prefill,29,228,0
prefill,29,229,0
prefill,29,230,0
prefill,29,231,0
prefill,29,232,0
prefill,29,233,0
prefill,29,234,0
prefill,29,235,0
prefill,29,236,0
prefill,29,237,0
prefill,29,238,0
prefill,29,239,0
prefill,29,240,0
prefill,29,241,0
prefill,29,242,0
prefill,29,243,0
prefill,29,244,1
prefill,29,245,0
prefill,29,246,0
prefill,29,247,0
prefill,29,248,0
prefill,29,249,0
prefill,29,250,0
prefill,29,251,0
prefill,29,252,0
prefill,29,253,0
prefill,29,254,0
prefill,29,255,0
prefill,30,0,0
prefill,30,1,0
prefill,30,2,0
prefill,30,3,0
prefill,30,4,0
prefill,30,5,0
prefill,30,6,0
prefill,30,7,0
prefill,30,8,1
prefill,30,9,0
prefill,30,10,0
prefill,30,11,0
prefill,30,12,3
prefill,30,13,0
prefill,30,14,0
prefill,30,15,0
prefill,30,16,0
prefill,30,17,0
prefill,30,18,0
prefill,30,19,0
prefill,30,20,0
prefill,30,21,0
prefill,30,22,0
prefill,30,23,1
prefill,30,24,0
prefill,30,25,0
prefill,30,26,0
prefill,30,27,0
prefill,30,28,0
prefill,30,29,0
prefill,30,30,0
prefill,30,31,0
prefill,30,32,0
prefill,30,33,0
prefill,30,34,0
prefill,30,35,2
prefill,30,36,0
prefill,30,37,0
prefill,30,38,0
prefill,30,39,1
prefill,30,40,0
prefill,30,41,0
prefill,30,42,0
prefill,30,43,0
prefill,30,44,0
prefill,30,45,1
prefill,30,46,0
prefill,30,47,0
prefill,30,48,0
prefill,30,49,0
prefill,30,50,0
prefill,30,51,10
prefill,30,52,0
prefill,30,53,0
prefill,30,54,0
prefill,30,55,0
prefill,30,56,0
prefill,30,57,0
prefill,30,58,0
prefill,30,59,0
prefill,30,60,0
prefill,30,61,0
prefill,30,62,0
prefill,30,63,0
prefill,30,64,0
prefill,30,65,0
prefill,30,66,0
prefill,30,67,0
prefill,30,68,1
prefill,30,69,1
prefill,30,70,0
prefill,30,71,0
prefill,30,72,0
prefill,30,73,0
prefill,30,74,0
prefill,30,75,0
prefill,30,76,0
prefill,30,77,0
prefill,30,78,1
prefill,30,79,0
prefill,30,80,0
prefill,30,81,0
prefill,30,82,1
prefill,30,83,13
prefill,30,84,0
prefill,30,85,1
prefill,30,86,0
prefill,30,87,0
prefill,30,88,0
prefill,30,89,0
prefill,30,90,1
prefill,30,91,0
prefill,30,92,0
prefill,30,93,0
prefill,30,94,0
prefill,30,95,0
prefill,30,96,0
prefill,30,97,0
prefill,30,98,0
prefill,30,99,0
prefill,30,100,1
prefill,30,101,0
prefill,30,102,0
prefill,30,103,0
prefill,30,104,1
prefill,30,105,0
prefill,30,106,0
prefill,30,107,0
prefill,30,108,0
prefill,30,109,7
prefill,30,110,1
prefill,30,111,0
prefill,30,112,0
prefill,30,113,0
prefill,30,114,0
prefill,30,115,0
prefill,30,116,0
prefill,30,117,6
prefill,30,118,0
prefill,30,119,9
prefill,30,120,0
prefill,30,121,10
prefill,30,122,0
prefill,30,123,0
prefill,30,124,0
prefill,30,125,0
prefill,30,126,0
prefill,30,127,0
prefill,30,128,0
prefill,30,129,0
prefill,30,130,0
prefill,30,131,0
prefill,30,132,1
prefill,30,133,0
prefill,30,134,0
prefill,30,135,0
prefill,30,136,0
prefill,30,137,0
prefill,30,138,0
prefill,30,139,0
prefill,30,140,0
prefill,30,141,1
prefill,30,142,0
prefill,30,143,0
prefill,30,144,0
prefill,30,145,0
prefill,30,146,0
prefill,30,147,1
prefill,30,148,0
prefill,30,149,0
prefill,30,150,0
prefill,30,151,0
prefill,30,152,0
prefill,30,153,0
prefill,30,154,0
prefill,30,155,0
prefill,30,156,0
prefill,30,157,0
prefill,30,158,0
prefill,30,159,0
prefill,30,160,0
prefill,30,161,0
prefill,30,162,0
prefill,30,163,0
prefill,30,164,0
prefill,30,165,0
prefill,30,166,0
prefill,30,167,0
prefill,30,168,0
prefill,30,169,0
prefill,30,170,0
prefill,30,171,0
prefill,30,172,0
prefill,30,173,1
prefill,30,174,0
prefill,30,175,0
prefill,30,176,0
prefill,30,177,0
prefill,30,178,1
prefill,30,179,0
prefill,30,180,0
prefill,30,181,0
prefill,30,182,0
prefill,30,183,0
prefill,30,184,0
prefill,30,185,0
prefill,30,186,0
prefill,30,187,0
prefill,30,188,0
prefill,30,189,0
prefill,30,190,0
prefill,30,191,0
prefill,30,192,0
prefill,30,193,3
prefill,30,194,0
prefill,30,195,0
prefill,30,196,0
prefill,30,197,0
prefill,30,198,0
prefill,30,199,0
prefill,30,200,0
prefill,30,201,0
prefill,30,202,0
prefill,30,203,0
prefill,30,204,0
prefill,30,205,1
prefill,30,206,1
prefill,30,207,0
prefill,30,208,0
prefill,30,209,1
prefill,30,210,0
prefill,30,211,0
prefill,30,212,2
prefill,30,213,1
prefill,30,214,0
prefill,30,215,0
prefill,30,216,0
prefill,30,217,0
prefill,30,218,0
prefill,30,219,0
prefill,30,220,0
prefill,30,221,0
prefill,30,222,0
prefill,30,223,0
prefill,30,224,0
prefill,30,225,0
prefill,30,226,0
prefill,30,227,0
prefill,30,228,0
prefill,30,229,0
prefill,30,230,2
prefill,30,231,0
prefill,30,232,0
prefill,30,233,0
prefill,30,234,0
prefill,30,235,4
prefill,30,236,0
prefill,30,237,0
prefill,30,238,2
prefill,30,239,0
prefill,30,240,0
prefill,30,241,0
prefill,30,242,0
prefill,30,243,0
prefill,30,244,0
prefill,30,245,0
prefill,30,246,1
prefill,30,247,0
prefill,30,248,0
prefill,30,249,0
prefill,30,250,0
prefill,30,251,0
prefill,30,252,0
prefill,30,253,0
prefill,30,254,0
prefill,30,255,0
prefill,31,0,0
prefill,31,1,0
prefill,31,2,0
prefill,31,3,0
prefill,31,4,0
prefill,31,5,0
prefill,31,6,0
prefill,31,7,0
prefill,31,8,0
prefill,31,9,0
prefill,31,10,0
prefill,31,11,0
prefill,31,12,0
prefill,31,13,0
prefill,31,14,0
prefill,31,15,1
prefill,31,16,0
prefill,31,17,0
prefill,31,18,4
prefill,31,19,0
prefill,31,20,0
prefill,31,21,0
prefill,31,22,0
prefill,31,23,0
prefill,31,24,0
prefill,31,25,1
prefill,31,26,0
prefill,31,27,0
prefill,31,28,0
prefill,31,29,0
prefill,31,30,1
prefill,31,31,0
prefill,31,32,0
prefill,31,33,1
prefill,31,34,0
prefill,31,35,0
prefill,31,36,0
prefill,31,37,0
prefill,31,38,0
prefill,31,39,0
prefill,31,40,0
prefill,31,41,0
prefill,31,42,0
prefill,31,43,0
prefill,31,44,0
prefill,31,45,11
prefill,31,46,0
prefill,31,47,0
prefill,31,48,0
prefill,31,49,1
prefill,31,50,0
prefill,31,51,0
prefill,31,52,1
prefill,31,53,2
prefill,31,54,0
prefill,31,55,0
prefill,31,56,0
prefill,31,57,0
prefill,31,58,1
prefill,31,59,0
prefill,31,60,0
prefill,31,61,0
prefill,31,62,0
prefill,31,63,0
prefill,31,64,0
prefill,31,65,4
prefill,31,66,0
prefill,31,67,2
prefill,31,68,0
prefill,31,69,0
prefill,31,70,0
prefill,31,71,0
prefill,31,72,0
prefill,31,73,0
prefill,31,74,0
prefill,31,75,0
prefill,31,76,0
prefill,31,77,0
prefill,31,78,0
prefill,31,79,0
prefill,31,80,0
prefill,31,81,0
prefill,31,82,1
prefill,31,83,0
prefill,31,84,0
prefill,31,85,0
prefill,31,86,0
prefill,31,87,0
prefill,31,88,0
prefill,31,89,1
prefill,31,90,0
prefill,31,91,0
prefill,31,92,1
prefill,31,93,0
prefill,31,94,0
prefill,31,95,0
prefill,31,96,0
prefill,31,97,0
prefill,31,98,0
prefill,31,99,0
prefill,31,100,0
prefill,31,101,0
prefill,31,102,0
prefill,31,103,0
prefill,31,104,0
prefill,31,105,1
prefill,31,106,0
prefill,31,107,1
prefill,31,108,0
prefill,31,109,1
prefill,31,110,0
prefill,31,111,0
prefill,31,112,0
prefill,31,113,2
prefill,31,114,0
prefill,31,115,1
prefill,31,116,0
prefill,31,117,3
prefill,31,118,1
prefill,31,119,0
prefill,31,120,0
prefill,31,121,1
prefill,31,122,0
prefill,31,123,2
prefill,31,124,0
prefill,31,125,10
prefill,31,126,0
prefill,31,127,0
prefill,31,128,0
prefill,31,129,0
prefill,31,130,7
prefill,31,131,0
prefill,31,132,0
prefill,31,133,0
prefill,31,134,1
prefill,31,135,0
prefill,31,136,0
prefill,31,137,0
prefill,31,138,0
prefill,31,139,0
prefill,31,140,0
prefill,31,141,0
prefill,31,142,0
prefill,31,143,0
prefill,31,144,0
prefill,31,145,0
prefill,31,146,0
prefill,31,147,0
prefill,31,148,0
prefill,31,149,0
prefill,31,150,0
prefill,31,151,0
prefill,31,152,0
prefill,31,153,0
prefill,31,154,0
prefill,31,155,0
prefill,31,156,0
prefill,31,157,0
prefill,31,158,0
prefill,31,159,0
prefill,31,160,0
prefill,31,161,0
prefill,31,162,0
prefill,31,163,0
prefill,31,164,0
prefill,31,165,1
prefill,31,166,1
prefill,31,167,0
prefill,31,168,0
prefill,31,169,0
prefill,31,170,10
prefill,31,171,0
prefill,31,172,0
prefill,31,173,0
prefill,31,174,0
prefill,31,175,0
prefill,31,176,0
prefill,31,177,0
prefill,31,178,0
prefill,31,179,0
prefill,31,180,1
prefill,31,181,0
prefill,31,182,1
prefill,31,183,0
prefill,31,184,0
prefill,31,185,0
prefill,31,186,0
prefill,31,187,0
prefill,31,188,0
prefill,31,189,0
prefill,31,190,0
prefill,31,191,0
prefill,31,192,0
prefill,31,193,0
prefill,31,194,0
prefill,31,195,0
prefill,31,196,0
prefill,31,197,2
prefill,31,198,1
prefill,31,199,0
prefill,31,200,0
prefill,31,201,0
prefill,31,202,0
prefill,31,203,0
prefill,31,204,0
prefill,31,205,0
prefill,31,206,0
prefill,31,207,1
prefill,31,208,0
prefill,31,209,0
prefill,31,210,0
prefill,31,211,0
prefill,31,212,1
prefill,31,213,0
prefill,31,214,0
prefill,31,215,0
prefill,31,216,0
prefill,31,217,0
prefill,31,218,0
prefill,31,219,0
prefill,31,220,0
prefill,31,221,0
prefill,31,222,0
prefill,31,223,1
prefill,31,224,0
prefill,31,225,0
prefill,31,226,0
prefill,31,227,0
prefill,31,228,0
prefill,31,229,0
prefill,31,230,0
prefill,31,231,0
prefill,31,232,0
prefill,31,233,0
prefill,31,234,3
prefill,31,235,0
prefill,31,236,0
prefill,31,237,5
prefill,31,238,0
prefill,31,239,0
prefill,31,240,1
prefill,31,241,1
prefill,31,242,1
prefill,31,243,0
prefill,31,244,0
prefill,31,245,0
prefill,31,246,0
prefill,31,247,0
prefill,31,248,1
prefill,31,249,0
prefill,31,250,0
prefill,31,251,0
prefill,31,252,0
prefill,31,253,0
prefill,31,254,0
prefill,31,255,0
prefill,32,0,0
prefill,32,1,0
prefill,32,2,0
prefill,32,3,0
prefill,32,4,1
prefill,32,5,0
prefill,32,6,0
prefill,32,7,0
prefill,32,8,1
prefill,32,9,0
prefill,32,10,0
prefill,32,11,0
prefill,32,12,0
prefill,32,13,0
prefill,32,14,0
prefill,32,15,0
prefill,32,16,0
prefill,32,17,14
prefill,32,18,0
prefill,32,19,1
prefill,32,20,0
prefill,32,21,0
prefill,32,22,0
prefill,32,23,0
prefill,32,24,0
prefill,32,25,0
prefill,32,26,0
prefill,32,27,0
prefill,32,28,0
prefill,32,29,0
prefill,32,30,0
prefill,32,31,0
prefill,32,32,2
prefill,32,33,0
prefill,32,34,0
prefill,32,35,0
prefill,32,36,0
prefill,32,37,0
prefill,32,38,0
prefill,32,39,0
prefill,32,40,2
prefill,32,41,0
prefill,32,42,0
prefill,32,43,0
prefill,32,44,0
prefill,32,45,0
prefill,32,46,0
prefill,32,47,0
prefill,32,48,0
prefill,32,49,0
prefill,32,50,0
prefill,32,51,0
prefill,32,52,0
prefill,32,53,0
prefill,32,54,0
prefill,32,55,0
prefill,32,56,0
prefill,32,57,0
prefill,32,58,3
prefill,32,59,0
prefill,32,60,0
prefill,32,61,0
prefill,32,62,0
prefill,32,63,0
prefill,32,64,0
prefill,32,65,0
prefill,32,66,0
prefill,32,67,0
prefill,32,68,0
prefill,32,69,0
prefill,32,70,0
prefill,32,71,0
prefill,32,72,0
prefill,32,73,0
prefill,32,74,0
prefill,32,75,0
prefill,32,76,0
prefill,32,77,0
prefill,32,78,0
prefill,32,79,0
prefill,32,80,0
prefill,32,81,0
prefill,32,82,0
prefill,32,83,0
prefill,32,84,0
prefill,32,85,0
prefill,32,86,0
prefill,32,87,0
prefill,32,88,0
prefill,32,89,0
prefill,32,90,1
prefill,32,91,0
prefill,32,92,0
prefill,32,93,0
prefill,32,94,1
prefill,32,95,1
prefill,32,96,0
prefill,32,97,0
prefill,32,98,0
prefill,32,99,0
prefill,32,100,0
prefill,32,101,0
prefill,32,102,2
prefill,32,103,0
prefill,32,104,0
prefill,32,105,0
prefill,32,106,0
prefill,32,107,9
prefill,32,108,0
prefill,32,109,0
prefill,32,110,0
prefill,32,111,0
prefill,32,112,0
prefill,32,113,0
prefill,32,114,0
prefill,32,115,0
prefill,32,116,0
prefill,32,117,1
prefill,32,118,0
prefill,32,119,0
prefill,32,120,0
prefill,32,121,0
prefill,32,122,0
prefill,32,123,0
prefill,32,124,0
prefill,32,125,0
prefill,32,126,0
prefill,32,127,0
prefill,32,128,0
prefill,32,129,0
prefill,32,130,0
prefill,32,131,1
prefill,32,132,0
prefill,32,133,0
prefill,32,134,0
prefill,32,135,0
prefill,32,136,13
prefill,32,137,0
prefill,32,138,0
prefill,32,139,0
prefill,32,140,0
prefill,32,141,0
prefill,32,142,0
prefill,32,143,0
prefill,32,144,0
prefill,32,145,0
prefill,32,146,0
prefill,32,147,1
prefill,32,148,0
prefill,32,149,0
prefill,32,150,1
prefill,32,151,0
prefill,32,152,0
prefill,32,153,0
prefill,32,154,0
prefill,32,155,0
prefill,32,156,0
prefill,32,157,0
prefill,32,158,0
prefill,32,159,1
prefill,32,160,0
prefill,32,161,0
prefill,32,162,0
prefill,32,163,0
prefill,32,164,0
prefill,32,165,0
prefill,32,166,0
prefill,32,167,5
prefill,32,168,0
prefill,32,169,0
prefill,32,170,0
prefill,32,171,0
prefill,32,172,0
prefill,32,173,0
prefill,32,174,0
prefill,32,175,5
prefill,32,176,0
prefill,32,177,0
prefill,32,178,0
prefill,32,179,0
prefill,32,180,0
prefill,32,181,0
prefill,32,182,0
prefill,32,183,0
prefill,32,184,0
prefill,32,185,0
prefill,32,186,3
prefill,32,187,0
prefill,32,188,0
prefill,32,189,0
prefill,32,190,0
prefill,32,191,0
prefill,32,192,0
prefill,32,193,13
prefill,32,194,0
prefill,32,195,0
prefill,32,196,0
prefill,32,197,0
prefill,32,198,0
prefill,32,199,0
prefill,32,200,0
prefill,32,201,0
prefill,32,202,0
prefill,32,203,0
prefill,32,204,0
prefill,32,205,1
prefill,32,206,0
prefill,32,207,0
prefill,32,208,0
prefill,32,209,0
prefill,32,210,0
prefill,32,211,0
prefill,32,212,0
prefill,32,213,0
prefill,32,214,0
prefill,32,215,0
prefill,32,216,1
prefill,32,217,0
prefill,32,218,0
prefill,32,219,0
prefill,32,220,0
prefill,32,221,0
prefill,32,222,0
prefill,32,223,0
prefill,32,224,0
prefill,32,225,0
prefill,32,226,0
prefill,32,227,3
prefill,32,228,4
prefill,32,229,1
prefill,32,230,0
prefill,32,231,0
prefill,32,232,0
prefill,32,233,0
prefill,32,234,0
prefill,32,235,0
prefill,32,236,1
prefill,32,237,0
prefill,32,238,0
prefill,32,239,1
prefill,32,240,0
prefill,32,241,0
prefill,32,242,0
prefill,32,243,1
prefill,32,244,0
prefill,32,245,0
prefill,32,246,0
prefill,32,247,1
prefill,32,248,0
prefill,32,249,0
prefill,32,250,0
prefill,32,251,0
prefill,32,252,0
prefill,32,253,0
prefill,32,254,0
prefill,32,255,0
prefill,33,0,0
prefill,33,1,0
prefill,33,2,0
prefill,33,3,0
prefill,33,4,14
prefill,33,5,0
prefill,33,6,0
prefill,33,7,0
prefill,33,8,0
prefill,33,9,0
prefill,33,10,0
prefill,33,11,0
prefill,33,12,0
prefill,33,13,0
prefill,33,14,0
prefill,33,15,1
prefill,33,16,0
prefill,33,17,0
prefill,33,18,1
prefill,33,19,1
prefill,33,20,0
prefill,33,21,0
prefill,33,22,0
prefill,33,23,0
prefill,33,24,0
prefill,33,25,3
prefill,33,26,0
prefill,33,27,0
prefill,33,28,0
prefill,33,29,0
prefill,33,30,2
prefill,33,31,0
prefill,33,32,0
prefill,33,33,0
prefill,33,34,0
prefill,33,35,9
prefill,33,36,0
prefill,33,37,0
prefill,33,38,2
prefill,33,39,0
prefill,33,40,1
prefill,33,41,6
prefill,33,42,0
prefill,33,43,0
prefill,33,44,1
prefill,33,45,0
prefill,33,46,0
prefill,33,47,0
prefill,33,48,0
prefill,33,49,0
prefill,33,50,1
prefill,33,51,0
prefill,33,52,0
prefill,33,53,0
prefill,33,54,0
prefill,33,55,0
prefill,33,56,0
prefill,33,57,0
prefill,33,58,2
prefill,33,59,0
prefill,33,60,0
prefill,33,61,0
prefill,33,62,0
prefill,33,63,0
prefill,33,64,0
prefill,33,65,1
prefill,33,66,0
prefill,33,67,0
prefill,33,68,0
prefill,33,69,0
prefill,33,70,0
prefill,33,71,0
prefill,33,72,0
prefill,33,73,0
prefill,33,74,0
prefill,33,75,0
prefill,33,76,0
prefill,33,77,0
prefill,33,78,1
prefill,33,79,0
prefill,33,80,0
prefill,33,81,0
prefill,33,82,0
prefill,33,83,0
prefill,33,84,0
prefill,33,85,0
prefill,33,86,0
prefill,33,87,0
prefill,33,88,0
prefill,33,89,1
prefill,33,90,0
prefill,33,91,0
prefill,33,92,0
prefill,33,93,0
prefill,33,94,0
prefill,33,95,0
prefill,33,96,0
prefill,33,97,0
prefill,33,98,1
prefill,33,99,0
prefill,33,100,0
prefill,33,101,0
prefill,33,102,1
prefill,33,103,0
prefill,33,104,0
prefill,33,105,0
prefill,33,106,0
prefill,33,107,0
prefill,33,108,0
prefill,33,109,1
prefill,33,110,0
prefill,33,111,0
prefill,33,112,0
prefill,33,113,0
prefill,33,114,1
prefill,33,115,0
prefill,33,116,1
prefill,33,117,0
prefill,33,118,1
prefill,33,119,0
prefill,33,120,0
prefill,33,121,0
prefill,33,122,0
prefill,33,123,0
prefill,33,124,0
prefill,33,125,0
prefill,33,126,0
prefill,33,127,1
prefill,33,128,0
prefill,33,129,0
prefill,33,130,0
prefill,33,131,0
prefill,33,132,0
prefill,33,133,0
prefill,33,134,0
prefill,33,135,0
prefill,33,136,1
prefill,33,137,0
prefill,33,138,0
prefill,33,139,0
prefill,33,140,0
prefill,33,141,0
prefill,33,142,0
prefill,33,143,0
prefill,33,144,0
prefill,33,145,0
prefill,33,146,0
prefill,33,147,13
prefill,33,148,0
prefill,33,149,0
prefill,33,150,0
prefill,33,151,0
prefill,33,152,0
prefill,33,153,0
prefill,33,154,0
prefill,33,155,0
prefill,33,156,0
prefill,33,157,0
prefill,33,158,5
prefill,33,159,0
prefill,33,160,0
prefill,33,161,0
prefill,33,162,0
prefill,33,163,0
prefill,33,164,0
prefill,33,165,0
prefill,33,166,0
prefill,33,167,0
prefill,33,168,1
prefill,33,169,0
prefill,33,170,0
prefill,33,171,0
prefill,33,172,1
prefill,33,173,0
prefill,33,174,0
prefill,33,175,0
prefill,33,176,0
prefill,33,177,0
prefill,33,178,0
prefill,33,179,0
prefill,33,180,0
prefill,33,181,7
prefill,33,182,0
prefill,33,183,0
prefill,33,184,0
prefill,33,185,1
prefill,33,186,0
prefill,33,187,0
prefill,33,188,0
prefill,33,189,0
prefill,33,190,0
prefill,33,191,0
prefill,33,192,0
prefill,33,193,0
prefill,33,194,0
prefill,33,195,0
prefill,33,196,0
prefill,33,197,0
prefill,33,198,0
prefill,33,199,0
prefill,33,200,1
prefill,33,201,0
prefill,33,202,0
prefill,33,203,1
prefill,33,204,0
prefill,33,205,2
prefill,33,206,0
prefill,33,207,2
prefill,33,208,0
prefill,33,209,0
prefill,33,210,0
prefill,33,211,0
prefill,33,212,0
prefill,33,213,0
prefill,33,214,0
prefill,33,215,0
prefill,33,216,1
prefill,33,217,0
prefill,33,218,0
prefill,33,219,0
prefill,33,220,0
prefill,33,221,1
prefill,33,222,0
prefill,33,223,1
prefill,33,224,0
prefill,33,225,0
prefill,33,226,0
prefill,33,227,0
prefill,33,228,1
prefill,33,229,0
prefill,33,230,0
prefill,33,231,0
prefill,33,232,0
prefill,33,233,0
prefill,33,234,0
prefill,33,235,0
prefill,33,236,0
prefill,33,237,0
prefill,33,238,0
prefill,33,239,0
prefill,33,240,0
prefill,33,241,0
prefill,33,242,0
prefill,33,243,0
prefill,33,244,0
prefill,33,245,1
prefill,33,246,0
prefill,33,247,0
prefill,33,248,0
prefill,33,249,1
prefill,33,250,0
prefill,33,251,0
prefill,33,252,0
prefill,33,253,0
prefill,33,254,0
prefill,33,255,1
prefill,34,0,0
prefill,34,1,0
prefill,34,2,0
prefill,34,3,0
prefill,34,4,0
prefill,34,5,0
prefill,34,6,0
prefill,34,7,0
prefill,34,8,1
prefill,34,9,0
prefill,34,10,0
prefill,34,11,0
prefill,34,12,0
prefill,34,13,0
prefill,34,14,3
prefill,34,15,0
prefill,34,16,0
prefill,34,17,1
prefill,34,18,0
prefill,34,19,1
prefill,34,20,2
prefill,34,21,0
prefill,34,22,3
prefill,34,23,0
prefill,34,24,0
prefill,34,25,0
prefill,34,26,2
prefill,34,27,0
prefill,34,28,0
prefill,34,29,1
prefill,34,30,3
prefill,34,31,0
prefill,34,32,0
prefill,34,33,1
prefill,34,34,0
prefill,34,35,0
prefill,34,36,0
prefill,34,37,1
prefill,34,38,0
prefill,34,39,0
prefill,34,40,0
prefill,34,41,0
prefill,34,42,0
prefill,34,43,0
prefill,34,44,0
prefill,34,45,0
prefill,34,46,2
prefill,34,47,0
prefill,34,48,0
prefill,34,49,0
prefill,34,50,0
prefill,34,51,0
prefill,34,52,0
prefill,34,53,0
prefill,34,54,0
prefill,34,55,0
prefill,34,56,0
prefill,34,57,0
prefill,34,58,0
prefill,34,59,0
prefill,34,60,0
prefill,34,61,0
prefill,34,62,0
prefill,34,63,0
prefill,34,64,0
prefill,34,65,0
prefill,34,66,1
prefill,34,67,0
prefill,34,68,1
prefill,34,69,0
prefill,34,70,1
prefill,34,71,0
prefill,34,72,0
prefill,34,73,0
prefill,34,74,0
prefill,34,75,0
prefill,34,76,0
prefill,34,77,0
prefill,34,78,0
prefill,34,79,4
prefill,34,80,3
prefill,34,81,0
prefill,34,82,1
prefill,34,83,0
prefill,34,84,2
prefill,34,85,7
prefill,34,86,0
prefill,34,87,0
prefill,34,88,0
prefill,34,89,0
prefill,34,90,5
prefill,34,91,0
prefill,34,92,0
prefill,34,93,0
prefill,34,94,0
prefill,34,95,0
prefill,34,96,0
prefill,34,97,0
prefill,34,98,0
prefill,34,99,0
prefill,34,100,0
prefill,34,101,0
prefill,34,102,0
prefill,34,103,0
prefill,34,104,0
prefill,34,105,0
prefill,34,106,0
prefill,34,107,0
prefill,34,108,0
prefill,34,109,0
prefill,34,110,0
prefill,34,111,0
prefill,34,112,0
prefill,34,113,0
prefill,34,114,0
prefill,34,115,0
prefill,34,116,0
prefill,34,117,0
prefill,34,118,0
prefill,34,119,0
prefill,34,120,0
prefill,34,121,0
prefill,34,122,0
prefill,34,123,0
prefill,34,124,0
prefill,34,125,0
prefill,34,126,0
prefill,34,127,1
prefill,34,128,0
prefill,34,129,0
prefill,34,130,0
prefill,34,131,0
prefill,34,132,0
prefill,34,133,0
prefill,34,134,2
prefill,34,135,0
prefill,34,136,5
prefill,34,137,0
prefill,34,138,0
prefill,34,139,0
prefill,34,140,1
prefill,34,141,0
prefill,34,142,1
prefill,34,143,0
prefill,34,144,0
prefill,34,145,1
prefill,34,146,0
prefill,34,147,0
prefill,34,148,0
prefill,34,149,0
prefill,34,150,0
prefill,34,151,0
prefill,34,152,1
prefill,34,153,0
prefill,34,154,1
prefill,34,155,1
prefill,34,156,0
prefill,34,157,0
prefill,34,158,0
prefill,34,159,0
prefill,34,160,1
prefill,34,161,0
prefill,34,162,0
prefill,34,163,0
prefill,34,164,0
prefill,34,165,0
prefill,34,166,0
prefill,34,167,0
prefill,34,168,0
prefill,34,169,0
prefill,34,170,0
prefill,34,171,0
prefill,34,172,0
prefill,34,173,0
prefill,34,174,0
prefill,34,175,0
prefill,34,176,1
prefill,34,177,2
prefill,34,178,0
prefill,34,179,0
prefill,34,180,1
prefill,34,181,0
prefill,34,182,0
prefill,34,183,0
prefill,34,184,0
prefill,34,185,0
prefill,34,186,0
prefill,34,187,0
prefill,34,188,1
prefill,34,189,0
prefill,34,190,0
prefill,34,191,2
prefill,34,192,0
prefill,34,193,2
prefill,34,194,0
prefill,34,195,1
prefill,34,196,4
prefill,34,197,0
prefill,34,198,0
prefill,34,199,0
prefill,34,200,0
prefill,34,201,0
prefill,34,202,0
prefill,34,203,0
prefill,34,204,5
prefill,34,205,0
prefill,34,206,0
prefill,34,207,2
prefill,34,208,0
prefill,34,209,0
prefill,34,210,0
prefill,34,211,0
prefill,34,212,0
prefill,34,213,0
prefill,34,214,0
prefill,34,215,0
prefill,34,216,0
prefill,34,217,0
prefill,34,218,0
prefill,34,219,0
prefill,34,220,0
prefill,34,221,0
prefill,34,222,0
prefill,34,223,0
prefill,34,224,0
prefill,34,225,0
prefill,34,226,0
prefill,34,227,0
prefill,34,228,0
prefill,34,229,0
prefill,34,230,0
prefill,34,231,0
prefill,34,232,0
prefill,34,233,0
prefill,34,234,5
prefill,34,235,2
prefill,34,236,0
prefill,34,237,4
prefill,34,238,0
prefill,34,239,0
prefill,34,240,0
prefill,34,241,2
prefill,34,242,1
prefill,34,243,0
prefill,34,244,0
prefill,34,245,0
prefill,34,246,0
prefill,34,247,0
prefill,34,248,0
prefill,34,249,0
prefill,34,250,0
prefill,34,251,0
prefill,34,252,0
prefill,34,253,0
prefill,34,254,0
prefill,34,255,0
prefill,35,0,3
prefill,35,1,0
prefill,35,2,1
prefill,35,3,0
prefill,35,4,0
prefill,35,5,1
prefill,35,6,0
prefill,35,7,0
prefill,35,8,1
prefill,35,9,0
prefill,35,10,0
prefill,35,11,2
prefill,35,12,0
prefill,35,13,0
prefill,35,14,0
prefill,35,15,0
prefill,35,16,0
prefill,35,17,1
prefill,35,18,0
prefill,35,19,0
prefill,35,20,1
prefill,35,21,1
prefill,35,22,0
prefill,35,23,0
prefill,35,24,1
prefill,35,25,1
prefill,35,26,0
prefill,35,27,0
prefill,35,28,0
prefill,35,29,0
prefill,35,30,0
prefill,35,31,0
prefill,35,32,0
prefill,35,33,0
prefill,35,34,0
prefill,35,35,0
prefill,35,36,0
prefill,35,37,0
prefill,35,38,0
prefill,35,39,0
prefill,35,40,0
prefill,35,41,0
prefill,35,42,1
prefill,35,43,0
prefill,35,44,0
prefill,35,45,0
prefill,35,46,0
prefill,35,47,1
prefill,35,48,0
prefill,35,49,0
prefill,35,50,2
prefill,35,51,0
prefill,35,52,0
prefill,35,53,0
prefill,35,54,0
prefill,35,55,0
prefill,35,56,2
prefill,35,57,0
prefill,35,58,0
prefill,35,59,0
prefill,35,60,0
prefill,35,61,0
prefill,35,62,0
prefill,35,63,0
prefill,35,64,4
prefill,35,65,0
prefill,35,66,0
prefill,35,67,0
prefill,35,68,0
prefill,35,69,0
prefill,35,70,1
prefill,35,71,1
prefill,35,72,0
prefill,35,73,7
prefill,35,74,5
prefill,35,75,0
prefill,35,76,0
prefill,35,77,0
prefill,35,78,0
prefill,35,79,0
prefill,35,80,0
prefill,35,81,1
prefill,35,82,0
prefill,35,83,0
prefill,35,84,1
prefill,35,85,0
prefill,35,86,2
prefill,35,87,0
prefill,35,88,0
prefill,35,89,0
prefill,35,90,1
prefill,35,91,0
prefill,35,92,0
prefill,35,93,0
prefill,35,94,1
prefill,35,95,0
prefill,35,96,0
prefill,35,97,0
prefill,35,98,0
prefill,35,99,2
prefill,35,100,0
prefill,35,101,0
prefill,35,102,0
prefill,35,103,0
prefill,35,104,0
prefill,35,105,0
prefill,35,106,0
prefill,35,107,1
prefill,35,108,0
prefill,35,109,0
prefill,35,110,0
prefill,35,111,0
prefill,35,112,0
prefill,35,113,1
prefill,35,114,0
prefill,35,115,0
prefill,35,116,0
prefill,35,117,0
prefill,35,118,0
prefill,35,119,0
prefill,35,120,1
prefill,35,121,0
prefill,35,122,0
prefill,35,123,0
prefill,35,124,0
prefill,35,125,0
prefill,35,126,0
prefill,35,127,0
prefill,35,128,0
prefill,35,129,1
prefill,35,130,1
prefill,35,131,0
prefill,35,132,0
prefill,35,133,2
prefill,35,134,0
prefill,35,135,0
prefill,35,136,0
prefill,35,137,0
prefill,35,138,0
prefill,35,139,0
prefill,35,140,0
prefill,35,141,0
prefill,35,142,0
prefill,35,143,0
prefill,35,144,0
prefill,35,145,0
prefill,35,146,0
prefill,35,147,0
prefill,35,148,0
prefill,35,149,0
prefill,35,150,1
prefill,35,151,0
prefill,35,152,0
prefill,35,153,0
prefill,35,154,0
prefill,35,155,0
prefill,35,156,0
prefill,35,157,0
prefill,35,158,0
prefill,35,159,0
prefill,35,160,1
prefill,35,161,0
prefill,35,162,0
prefill,35,163,0
prefill,35,164,2
prefill,35,165,0
prefill,35,166,3
prefill,35,167,0
prefill,35,168,1
prefill,35,169,0
prefill,35,170,2
prefill,35,171,0
prefill,35,172,0
prefill,35,173,0
prefill,35,174,12
prefill,35,175,1
prefill,35,176,0
prefill,35,177,3
prefill,35,178,1
prefill,35,179,0
prefill,35,180,0
prefill,35,181,0
prefill,35,182,0
prefill,35,183,0
prefill,35,184,0
prefill,35,185,0
prefill,35,186,1
prefill,35,187,0
prefill,35,188,0
prefill,35,189,0
prefill,35,190,1
prefill,35,191,0
prefill,35,192,0
prefill,35,193,0
prefill,35,194,1
prefill,35,195,2
prefill,35,196,0
prefill,35,197,0
prefill,35,198,1
prefill,35,199,3
prefill,35,200,0
prefill,35,201,1
prefill,35,202,0
prefill,35,203,0
prefill,35,204,0
prefill,35,205,0
prefill,35,206,0
prefill,35,207,1
prefill,35,208,0
prefill,35,209,0
prefill,35,210,0
prefill,35,211,0
prefill,35,212,1
prefill,35,213,0
prefill,35,214,0
prefill,35,215,0
prefill,35,216,0
prefill,35,217,0
prefill,35,218,0
prefill,35,219,0
prefill,35,220,0
prefill,35,221,0
prefill,35,222,0
prefill,35,223,0
prefill,35,224,0
prefill,35,225,0
prefill,35,226,0
prefill,35,227,2
prefill,35,228,0
prefill,35,229,0
prefill,35,230,0
prefill,35,231,0
prefill,35,232,0
prefill,35,233,0
prefill,35,234,0
prefill,35,235,0
prefill,35,236,1
prefill,35,237,0
prefill,35,238,0
prefill,35,239,0
prefill,35,240,0
prefill,35,241,0
prefill,35,242,0
prefill,35,243,0
prefill,35,244,0
prefill,35,245,0
prefill,35,246,0
prefill,35,247,1
prefill,35,248,0
prefill,35,249,0
prefill,35,250,0
prefill,35,251,0
prefill,35,252,0
prefill,35,253,0
prefill,35,254,1
prefill,35,255,0
prefill,36,0,0
prefill,36,1,0
prefill,36,2,0
prefill,36,3,0
prefill,36,4,0
prefill,36,5,0
prefill,36,6,0
prefill,36,7,0
prefill,36,8,0
prefill,36,9,0
prefill,36,10,0
prefill,36,11,0
prefill,36,12,0
prefill,36,13,0
prefill,36,14,0
prefill,36,15,0
prefill,36,16,0
prefill,36,17,0
prefill,36,18,7
prefill,36,19,0
prefill,36,20,2
prefill,36,21,0
prefill,36,22,0
prefill,36,23,0
prefill,36,24,0
prefill,36,25,0
prefill,36,26,0
prefill,36,27,0
prefill,36,28,11
prefill,36,29,1
prefill,36,30,0
prefill,36,31,0
prefill,36,32,0
prefill,36,33,0
prefill,36,34,0
prefill,36,35,0
prefill,36,36,0
prefill,36,37,0
prefill,36,38,0
prefill,36,39,0
prefill,36,40,0
prefill,36,41,0
prefill,36,42,0
prefill,36,43,0
prefill,36,44,0
prefill,36,45,1
prefill,36,46,0
prefill,36,47,0
prefill,36,48,0
prefill,36,49,0
prefill,36,50,0
prefill,36,51,0
prefill,36,52,0
prefill,36,53,1
prefill,36,54,0
prefill,36,55,0
prefill,36,56,0
prefill,36,57,0
prefill,36,58,0
prefill,36,59,0
prefill,36,60,0
prefill,36,61,0
prefill,36,62,0
prefill,36,63,0
prefill,36,64,0
prefill,36,65,0
prefill,36,66,0
prefill,36,67,0
prefill,36,68,0
prefill,36,69,0
prefill,36,70,0
prefill,36,71,0
prefill,36,72,0
prefill,36,73,0
prefill,36,74,0
prefill,36,75,1
prefill,36,76,0
prefill,36,77,0
prefill,36,78,0
prefill,36,79,0
prefill,36,80,0
prefill,36,81,0
prefill,36,82,0
prefill,36,83,0
prefill,36,84,0
prefill,36,85,0
prefill,36,86,0
prefill,36,87,0
prefill,36,88,0
prefill,36,89,0
prefill,36,90,1
prefill,36,91,0
prefill,36,92,0
prefill,36,93,0
prefill,36,94,0
prefill,36,95,1
prefill,36,96,0
prefill,36,97,0
prefill,36,98,0
prefill,36,99,0
prefill,36,100,1
prefill,36,101,0
prefill,36,102,0
prefill,36,103,2
prefill,36,104,1
prefill,36,105,0
prefill,36,106,1
prefill,36,107,0
prefill,36,108,0
prefill,36,109,0
prefill,36,110,0
prefill,36,111,3
prefill,36,112,0
prefill,36,113,0
prefill,36,114,0
prefill,36,115,0
prefill,36,116,0
prefill,36,117,0
prefill,36,118,1
prefill,36,119,0
prefill,36,120,0
prefill,36,121,0
prefill,36,122,3
prefill,36,123,0
prefill,36,124,0
prefill,36,125,0
prefill,36,126,0
prefill,36,127,0
prefill,36,128,0
prefill,36,129,0
prefill,36,130,0
prefill,36,131,0
prefill,36,132,0
prefill,36,133,0
prefill,36,134,0
prefill,36,135,0
prefill,36,136,0
prefill,36,137,0
prefill,36,138,0
prefill,36,139,0
prefill,36,140,0
prefill,36,141,0
prefill,36,142,0
prefill,36,143,0
prefill,36,144,0
prefill,36,145,0
prefill,36,146,0
prefill,36,147,0
prefill,36,148,0
prefill,36,149,0
prefill,36,150,0
prefill,36,151,0
prefill,36,152,1
prefill,36,153,0
prefill,36,154,0
prefill,36,155,0
prefill,36,156,0
prefill,36,157,0
prefill,36,158,0
prefill,36,159,0
prefill,36,160,0
prefill,36,161,0
prefill,36,162,0
prefill,36,163,0
prefill,36,164,0
prefill,36,165,0
prefill,36,166,0
prefill,36,167,0
prefill,36,168,0
prefill,36,169,0
prefill,36,170,1
prefill,36,171,2
prefill,36,172,8
prefill,36,173,0
prefill,36,174,0
prefill,36,175,0
prefill,36,176,0
prefill,36,177,0
prefill,36,178,0
prefill,36,179,0
prefill,36,180,1
prefill,36,181,0
prefill,36,182,0
prefill,36,183,0
prefill,36,184,0
prefill,36,185,0
prefill,36,186,0
prefill,36,187,0
prefill,36,188,0
prefill,36,189,0
prefill,36,190,0
prefill,36,191,0
prefill,36,192,0
prefill,36,193,0
prefill,36,194,0
prefill,36,195,0
prefill,36,196,0
prefill,36,197,0
prefill,36,198,0
prefill,36,199,0
prefill,36,200,0
prefill,36,201,0
prefill,36,202,0
prefill,36,203,2
prefill,36,204,0
prefill,36,205,0
prefill,36,206,0
prefill,36,207,2
prefill,36,208,9
prefill,36,209,0
prefill,36,210,0
prefill,36,211,0
prefill,36,212,0
prefill,36,213,0
prefill,36,214,0
prefill,36,215,0
prefill,36,216,0
prefill,36,217,0
prefill,36,218,0
prefill,36,219,0
prefill,36,220,0
prefill,36,221,0
prefill,36,222,0
prefill,36,223,14
prefill,36,224,0
prefill,36,225,0
prefill,36,226,0
prefill,36,227,0
prefill,36,228,1
prefill,36,229,0
prefill,36,230,11
prefill,36,231,0
prefill,36,232,1
prefill,36,233,3
prefill,36,234,0
prefill,36,235,0
prefill,36,236,0
prefill,36,237,0
prefill,36,238,0
prefill,36,239,0
prefill,36,240,0
prefill,36,241,0
prefill,36,242,0
prefill,36,243,0
prefill,36,244,0
prefill,36,245,0
prefill,36,246,0
prefill,36,247,0
prefill,36,248,1
prefill,36,249,0
prefill,36,250,0
prefill,36,251,0
prefill,36,252,0
prefill,36,253,0
prefill,36,254,0
prefill,36,255,1
prefill,37,0,0
prefill,37,1,0
prefill,37,2,0
prefill,37,3,0
prefill,37,4,1
prefill,37,5,0
prefill,37,6,0
prefill,37,7,0
prefill,37,8,0
prefill,37,9,0
prefill,37,10,0
prefill,37,11,0
prefill,37,12,0
prefill,37,13,0
prefill,37,14,0
prefill,37,15,0
prefill,37,16,0
prefill,37,17,0
prefill,37,18,0
prefill,37,19,0
prefill,37,20,0
prefill,37,21,0
prefill,37,22,0
prefill,37,23,0
prefill,37,24,0
prefill,37,25,0
prefill,37,26,1
prefill,37,27,0
prefill,37,28,0
prefill,37,29,8
prefill,37,30,0
prefill,37,31,0
prefill,37,32,0
prefill,37,33,1
prefill,37,34,0
prefill,37,35,0
prefill,37,36,0
prefill,37,37,0
prefill,37,38,5
prefill,37,39,0
prefill,37,40,0
prefill,37,41,0
prefill,37,42,0
prefill,37,43,0
prefill,37,44,1
prefill,37,45,0
prefill,37,46,0
prefill,37,47,0
prefill,37,48,0
prefill,37,49,0
prefill,37,50,0
prefill,37,51,0
prefill,37,52,0
prefill,37,53,0
prefill,37,54,0
prefill,37,55,0
prefill,37,56,10
prefill,37,57,0
prefill,37,58,0
prefill,37,59,0
prefill,37,60,0
prefill,37,61,1
prefill,37,62,0
prefill,37,63,0
prefill,37,64,0
prefill,37,65,0
prefill,37,66,0
prefill,37,67,0
prefill,37,68,0
prefill,37,69,0
prefill,37,70,0
prefill,37,71,1
prefill,37,72,0
prefill,37,73,0
prefill,37,74,1
prefill,37,75,0
prefill,37,76,10
prefill,37,77,0
prefill,37,78,0
prefill,37,79,0
prefill,37,80,0
prefill,37,81,0
prefill,37,82,1
prefill,37,83,0
prefill,37,84,0
prefill,37,85,0
prefill,37,86,1
prefill,37,87,0
prefill,37,88,0
prefill,37,89,0
prefill,37,90,0
prefill,37,91,0
prefill,37,92,0
prefill,37,93,1
prefill,37,94,0
prefill,37,95,0
prefill,37,96,0
prefill,37,97,0
prefill,37,98,0
prefill,37,99,0
prefill,37,100,0
prefill,37,101,0
prefill,37,102,0
prefill,37,103,0
prefill,37,104,0
prefill,37,105,0
prefill,37,106,0
prefill,37,107,0
prefill,37,108,0
prefill,37,109,0
prefill,37,110,1
prefill,37,111,1
prefill,37,112,0
prefill,37,113,1
prefill,37,114,0
prefill,37,115,0
prefill,37,116,0
prefill,37,117,0
prefill,37,118,0
prefill,37,119,0
prefill,37,120,0
prefill,37,121,0
prefill,37,122,0
prefill,37,123,0
prefill,37,124,1
prefill,37,125,1
prefill,37,126,0
prefill,37,127,0
prefill,37,128,0
prefill,37,129,0
prefill,37,130,0
prefill,37,131,6
prefill,37,132,1
prefill,37,133,0
prefill,37,134,0
prefill,37,135,0
prefill,37,136,0
prefill,37,137,0
prefill,37,138,0
prefill,37,139,0
prefill,37,140,0
prefill,37,141,0
prefill,37,142,1
prefill,37,143,0
prefill,37,144,0
prefill,37,145,0
prefill,37,146,0
prefill,37,147,0
prefill,37,148,0
prefill,37,149,0
prefill,37,150,0
prefill,37,151,0
prefill,37,152,0
prefill,37,153,0
prefill,37,154,0
prefill,37,155,0
prefill,37,156,0
prefill,37,157,0
prefill,37,158,0
prefill,37,159,1
prefill,37,160,0
prefill,37,161,4
prefill,37,162,1
prefill,37,163,0
prefill,37,164,0
prefill,37,165,0
prefill,37,166,0
prefill,37,167,0
prefill,37,168,8
prefill,37,169,0
prefill,37,170,0
prefill,37,171,0
prefill,37,172,1
prefill,37,173,1
prefill,37,174,0
prefill,37,175,0
prefill,37,176,0
prefill,37,177,2
prefill,37,178,0
prefill,37,179,0
prefill,37,180,0
prefill,37,181,0
prefill,37,182,0
prefill,37,183,0
prefill,37,184,0
prefill,37,185,1
prefill,37,186,0
prefill,37,187,0
prefill,37,188,0
prefill,37,189,1
prefill,37,190,0
prefill,37,191,0
prefill,37,192,1
prefill,37,193,0
prefill,37,194,0
prefill,37,195,0
prefill,37,196,0
prefill,37,197,0
prefill,37,198,0
prefill,37,199,0
prefill,37,200,0
prefill,37,201,0
prefill,37,202,0
prefill,37,203,0
prefill,37,204,0
prefill,37,205,0
prefill,37,206,0
prefill,37,207,0
prefill,37,208,2
prefill,37,209,0
prefill,37,210,0
prefill,37,211,0
prefill,37,212,0
prefill,37,213,1
prefill,37,214,0
prefill,37,215,0
prefill,37,216,1
prefill,37,217,0
prefill,37,218,0
prefill,37,219,0
prefill,37,220,0
prefill,37,221,0
prefill,37,222,0
prefill,37,223,0
prefill,37,224,0
prefill,37,225,3
prefill,37,226,0
prefill,37,227,0
prefill,37,228,9
prefill,37,229,0
prefill,37,230,0
prefill,37,231,0
prefill,37,232,0
prefill,37,233,3
prefill,37,234,0
prefill,37,235,0
prefill,37,236,0
prefill,37,237,0
prefill,37,238,0
prefill,37,239,0
prefill,37,240,0
prefill,37,241,0
prefill,37,242,0
prefill,37,243,0
prefill,37,244,0
prefill,37,245,0
prefill,37,246,0
prefill,37,247,0
prefill,37,248,0
prefill,37,249,0
prefill,37,250,0
prefill,37,251,0
prefill,37,252,0
prefill,37,253,0
prefill,37,254,0
prefill,37,255,0
prefill,38,0,0
prefill,38,1,0
prefill,38,2,0
prefill,38,3,0
prefill,38,4,0
prefill,38,5,0
prefill,38,6,0
prefill,38,7,0
prefill,38,8,0
prefill,38,9,0
prefill,38,10,10
prefill,38,11,0
prefill,38,12,0
prefill,38,13,1
prefill,38,14,0
prefill,38,15,0
prefill,38,16,0
prefill,38,17,0
prefill,38,18,0
prefill,38,19,1
prefill,38,20,0
prefill,38,21,0
prefill,38,22,0
prefill,38,23,15
prefill,38,24,0
prefill,38,25,1
prefill,38,26,0
prefill,38,27,1
prefill,38,28,0
prefill,38,29,0
prefill,38,30,0
prefill,38,31,0
prefill,38,32,0
prefill,38,33,0
prefill,38,34,0
prefill,38,35,1
prefill,38,36,0
prefill,38,37,0
prefill,38,38,0
prefill,38,39,0
prefill,38,40,0
prefill,38,41,0
prefill,38,42,1
prefill,38,43,1
prefill,38,44,6
prefill,38,45,0
prefill,38,46,0
prefill,38,47,0
prefill,38,48,0
prefill,38,49,1
prefill,38,50,0
prefill,38,51,0
prefill,38,52,0
prefill,38,53,0
prefill,38,54,0
prefill,38,55,0
prefill,38,56,0
prefill,38,57,1
prefill,38,58,0
prefill,38,59,0
prefill,38,60,0
prefill,38,61,0
prefill,38,62,0
prefill,38,63,2
prefill,38,64,0
prefill,38,65,0
prefill,38,66,0
prefill,38,67,1
prefill,38,68,0
prefill,38,69,0
prefill,38,70,0
prefill,38,71,0
prefill,38,72,0
prefill,38,73,2
prefill,38,74,4
prefill,38,75,1
prefill,38,76,0
prefill,38,77,0
prefill,38,78,0
prefill,38,79,0
prefill,38,80,0
prefill,38,81,0
prefill,38,82,0
prefill,38,83,1
prefill,38,84,0
prefill,38,85,0
prefill,38,86,1
prefill,38,87,0
prefill,38,88,0
prefill,38,89,0
prefill,38,90,0
prefill,38,91,0
prefill,38,92,0
prefill,38,93,0
prefill,38,94,0
prefill,38,95,0
prefill,38,96,0
prefill,38,97,0
prefill,38,98,0
prefill,38,99,0
prefill,38,100,3
prefill,38,101,0
prefill,38,102,0
prefill,38,103,0
prefill,38,104,0
prefill,38,105,1
prefill,38,106,0
prefill,38,107,0
prefill,38,108,0
prefill,38,109,0
prefill,38,110,0
prefill,38,111,1
prefill,38,112,0
prefill,38,113,0
prefill,38,114,0
prefill,38,115,1
prefill,38,116,0
prefill,38,117,0
prefill,38,118,0
prefill,38,119,0
prefill,38,120,0
prefill,38,121,0
prefill,38,122,0
prefill,38,123,0
prefill,38,124,0
prefill,38,125,0
prefill,38,126,0
prefill,38,127,0
prefill,38,128,0
prefill,38,129,0
prefill,38,130,0
prefill,38,131,0
prefill,38,132,0
prefill,38,133,1
prefill,38,134,1
prefill,38,135,0
prefill,38,136,0
prefill,38,137,0
prefill,38,138,0
prefill,38,139,0
prefill,38,140,0
prefill,38,141,1
prefill,38,142,0
prefill,38,143,0
prefill,38,144,0
prefill,38,145,1
prefill,38,146,1
prefill,38,147,0
prefill,38,148,0
prefill,38,149,1
prefill,38,150,0
prefill,38,151,0
prefill,38,152,1
prefill,38,153,0
prefill,38,154,0
prefill,38,155,0
prefill,38,156,0
prefill,38,157,0
prefill,38,158,0
prefill,38,159,0
prefill,38,160,0
prefill,38,161,0
prefill,38,162,0
prefill,38,163,0
prefill,38,164,0
prefill,38,165,1
prefill,38,166,1
prefill,38,167,0
prefill,38,168,0
prefill,38,169,1
prefill,38,170,0
prefill,38,171,0
prefill,38,172,0
prefill,38,173,2
prefill,38,174,1
prefill,38,175,0
prefill,38,176,0
prefill,38,177,0
prefill,38,178,0
prefill,38,179,9
prefill,38,180,1
prefill,38,181,0
prefill,38,182,0
prefill,38,183,0
prefill,38,184,0
prefill,38,185,0
prefill,38,186,0
prefill,38,187,0
prefill,38,188,0
prefill,38,189,0
prefill,38,190,1
prefill,38,191,0
prefill,38,192,0
prefill,38,193,0
prefill,38,194,0
prefill,38,195,0
prefill,38,196,0
prefill,38,197,0
prefill,38,198,0
prefill,38,199,2
prefill,38,200,0
prefill,38,201,7
prefill,38,202,0
prefill,38,203,0
prefill,38,204,0
prefill,38,205,0
prefill,38,206,0
prefill,38,207,0
prefill,38,208,0
prefill,38,209,1
prefill,38,210,0
prefill,38,211,2
prefill,38,212,0
prefill,38,213,0
prefill,38,214,0
prefill,38,215,0
prefill,38,216,0
prefill,38,217,1
prefill,38,218,0
prefill,38,219,0
prefill,38,220,0
prefill,38,221,0
prefill,38,222,0
prefill,38,223,0
prefill,38,224,0
prefill,38,225,0
prefill,38,226,0
prefill,38,227,0
prefill,38,228,0
prefill,38,229,0
prefill,38,230,0
prefill,38,231,0
prefill,38,232,0
prefill,38,233,0
prefill,38,234,0
prefill,38,235,0
prefill,38,236,0
prefill,38,237,0
prefill,38,238,0
prefill,38,239,0
prefill,38,240,0
prefill,38,241,0
prefill,38,242,0
prefill,38,243,0
prefill,38,244,0
prefill,38,245,0
prefill,38,246,0
prefill,38,247,0
prefill,38,248,0
prefill,38,249,0
prefill,38,250,0
prefill,38,251,0
prefill,38,252,0
prefill,38,253,1
prefill,38,254,0
prefill,38,255,0
prefill,39,0,2
prefill,39,1,0
prefill,39,2,0
prefill,39,3,0
prefill,39,4,0
prefill,39,5,0
prefill,39,6,0
prefill,39,7,0
prefill,39,8,0
prefill,39,9,0
prefill,39,10,0
prefill,39,11,0
prefill,39,12,0
prefill,39,13,0
prefill,39,14,0
prefill,39,15,0
prefill,39,16,0
prefill,39,17,0
prefill,39,18,0
prefill,39,19,0
prefill,39,20,0
prefill,39,21,0
prefill,39,22,0
prefill,39,23,0
prefill,39,24,1
prefill,39,25,0
prefill,39,26,0
prefill,39,27,0
prefill,39,28,0
prefill,39,29,0
prefill,39,30,0
prefill,39,31,0
prefill,39,32,0
prefill,39,33,0
prefill,39,34,0
prefill,39,35,0
prefill,39,36,0
prefill,39,37,0
prefill,39,38,5
prefill,39,39,0
prefill,39,40,0
prefill,39,41,0
prefill,39,42,0
prefill,39,43,0
prefill,39,44,0
prefill,39,45,0
prefill,39,46,0
prefill,39,47,0
prefill,39,48,0
prefill,39,49,0
prefill,39,50,0
prefill,39,51,0
prefill,39,52,1
prefill,39,53,0
prefill,39,54,0
prefill,39,55,0
prefill,39,56,0
prefill,39,57,0
prefill,39,58,0
prefill,39,59,0
prefill,39,60,0
prefill,39,61,1
prefill,39,62,0
prefill,39,63,0
prefill,39,64,1
prefill,39,65,0
prefill,39,66,0
prefill,39,67,0
prefill,39,68,0
prefill,39,69,0
prefill,39,70,0
prefill,39,71,0
prefill,39,72,0
prefill,39,73,0
prefill,39,74,0
prefill,39,75,0
prefill,39,76,0
prefill,39,77,0
prefill,39,78,1
prefill,39,79,0
prefill,39,80,0
prefill,39,81,0
prefill,39,82,0
prefill,39,83,0
prefill,39,84,0
prefill,39,85,5
prefill,39,86,1
prefill,39,87,0
prefill,39,88,0
prefill,39,89,0
prefill,39,90,0
prefill,39,91,0
prefill,39,92,0
prefill,39,93,0
prefill,39,94,0
prefill,39,95,0
prefill,39,96,0
prefill,39,97,0
prefill,39,98,0
prefill,39,99,0
prefill,39,100,0
prefill,39,101,0
prefill,39,102,1
prefill,39,103,0
prefill,39,104,0
prefill,39,105,0
prefill,39,106,1
prefill,39,107,0
prefill,39,108,0
prefill,39,109,0
prefill,39,110,0
prefill,39,111,0
prefill,39,112,1
prefill,39,113,0
prefill,39,114,0
prefill,39,115,0
prefill,39,116,0
prefill,39,117,0
prefill,39,118,0
prefill,39,119,0
prefill,39,120,12
prefill,39,121,8
prefill,39,122,0
prefill,39,123,0
prefill,39,124,0
prefill,39,125,1
prefill,39,126,4
prefill,39,127,0
prefill,39,128,0
prefill,39,129,2
prefill,39,130,0
prefill,39,131,0
prefill,39,132,0
prefill,39,133,0
prefill,39,134,0
prefill,39,135,0
prefill,39,136,0
prefill,39,137,0
prefill,39,138,0
prefill,39,139,0
prefill,39,140,0
prefill,39,141,0
prefill,39,142,0
prefill,39,143,0
prefill,39,144,0
prefill,39,145,0
prefill,39,146,0
prefill,39,147,0
prefill,39,148,0
prefill,39,149,0
prefill,39,150,3
prefill,39,151,0
prefill,39,152,0
prefill,39,153,0
prefill,39,154,1
prefill,39,155,0
prefill,39,156,0
prefill,39,157,4
prefill,39,158,0
prefill,39,159,0
prefill,39,160,0
prefill,39,161,0
prefill,39,162,0
prefill,39,163,0
prefill,39,164,0
prefill,39,165,1
prefill,39,166,0
prefill,39,167,0
prefill,39,168,0
prefill,39,169,0
prefill,39,170,6
prefill,39,171,0
prefill,39,172,0
prefill,39,173,0
prefill,39,174,0
prefill,39,175,0
prefill,39,176,0
prefill,39,177,0
prefill,39,178,0
prefill,39,179,0
prefill,39,180,0
prefill,39,181,0
prefill,39,182,6
prefill,39,183,1
prefill,39,184,1
prefill,39,185,0
prefill,39,186,0
prefill,39,187,0
prefill,39,188,0
prefill,39,189,1
prefill,39,190,2
prefill,39,191,0
prefill,39,192,0
prefill,39,193,0
prefill,39,194,2
prefill,39,195,0
prefill,39,196,0
prefill,39,197,0
prefill,39,198,0
prefill,39,199,0
prefill,39,200,1
prefill,39,201,0
prefill,39,202,0
prefill,39,203,0
prefill,39,204,0
prefill,39,205,0
prefill,39,206,0
prefill,39,207,0
prefill,39,208,0
prefill,39,209,0
prefill,39,210,0
prefill,39,211,0
prefill,39,212,0
prefill,39,213,0
prefill,39,214,1
prefill,39,215,0
prefill,39,216,0
prefill,39,217,1
prefill,39,218,0
prefill,39,219,0
prefill,39,220,5
prefill,39,221,0
prefill,39,222,0
prefill,39,223,0
prefill,39,224,0
prefill,39,225,0
prefill,39,226,0
prefill,39,227,3
prefill,39,228,1
prefill,39,229,0
prefill,39,230,0
prefill,39,231,0
prefill,39,232,0
prefill,39,233,0
prefill,39,234,0
prefill,39,235,8
prefill,39,236,0
prefill,39,237,0
prefill,39,238,0
prefill,39,239,0
prefill,39,240,0
prefill,39,241,0
prefill,39,242,0
prefill,39,243,0
prefill,39,244,0
prefill,39,245,0
prefill,39,246,0
prefill,39,247,0
prefill,39,248,0
prefill,39,249,0
prefill,39,250,0
prefill,39,251,0
prefill,39,252,0
prefill,39,253,0
prefill,39,254,0
prefill,39,255,0
prefill,40,0,0
prefill,40,1,1
prefill,40,2,0
prefill,40,3,0
prefill,40,4,0
prefill,40,5,0
prefill,40,6,0
prefill,40,7,11
prefill,40,8,0
prefill,40,9,0
prefill,40,10,0
prefill,40,11,0
prefill,40,12,1
prefill,40,13,0
prefill,40,14,0
prefill,40,15,0
prefill,40,16,0
prefill,40,17,0
prefill,40,18,0
prefill,40,19,1
prefill,40,20,0
prefill,40,21,0
prefill,40,22,0
prefill,40,23,7
prefill,40,24,8
prefill,40,25,11
prefill,40,26,0
prefill,40,27,0
prefill,40,28,0
prefill,40,29,1
prefill,40,30,3
prefill,40,31,0
prefill,40,32,0
prefill,40,33,0
prefill,40,34,0
prefill,40,35,0
prefill,40,36,1
prefill,40,37,0
prefill,40,38,0
prefill,40,39,0
prefill,40,40,9
prefill,40,41,1
prefill,40,42,0
prefill,40,43,0
prefill,40,44,0
prefill,40,45,0
prefill,40,46,0
prefill,40,47,0
prefill,40,48,0
prefill,40,49,0
prefill,40,50,0
prefill,40,51,0
prefill,40,52,0
prefill,40,53,0
prefill,40,54,0
prefill,40,55,0
prefill,40,56,0
prefill,40,57,0
prefill,40,58,0
prefill,40,59,1
prefill,40,60,1
prefill,40,61,0
prefill,40,62,0
prefill,40,63,0
prefill,40,64,0
prefill,40,65,0
prefill,40,66,0
prefill,40,67,0
prefill,40,68,0
prefill,40,69,0
prefill,40,70,0
prefill,40,71,0
prefill,40,72,0
prefill,40,73,0
prefill,40,74,2
prefill,40,75,0
prefill,40,76,0
prefill,40,77,0
prefill,40,78,0
prefill,40,79,0
prefill,40,80,0
prefill,40,81,0
prefill,40,82,2
prefill,40,83,0
prefill,40,84,0
prefill,40,85,0
prefill,40,86,0
prefill,40,87,0
prefill,40,88,0
prefill,40,89,0
prefill,40,90,0
prefill,40,91,0
prefill,40,92,0
prefill,40,93,0
prefill,40,94,0
prefill,40,95,0
prefill,40,96,0
prefill,40,97,0
prefill,40,98,0
prefill,40,99,1
prefill,40,100,0
prefill,40,101,0
prefill,40,102,0
prefill,40,103,0
prefill,40,104,1
prefill,40,105,0
prefill,40,106,0
prefill,40,107,0
prefill,40,108,0
prefill,40,109,0
prefill,40,110,1
prefill,40,111,0
prefill,40,112,1
prefill,40,113,0
prefill,40,114,0
prefill,40,115,0
prefill,40,116,0
prefill,40,117,0
prefill,40,118,0
prefill,40,119,0
prefill,40,120,0
prefill,40,121,0
prefill,40,122,1
prefill,40,123,0
prefill,40,124,0
prefill,40,125,1
prefill,40,126,0
prefill,40,127,0
prefill,40,128,0
prefill,40,129,0
prefill,40,130,0
prefill,40,131,0
prefill,40,132,0
prefill,40,133,0
prefill,40,134,0
prefill,40,135,0
prefill,40,136,0
prefill,40,137,0
prefill,40,138,0
prefill,40,139,0
prefill,40,140,0
prefill,40,141,0
prefill,40,142,0
prefill,40,143,0
prefill,40,144,0
prefill,40,145,9
prefill,40,146,0
prefill,40,147,0
prefill,40,148,0
prefill,40,149,0
prefill,40,150,0
prefill,40,151,0
prefill,40,152,0
prefill,40,153,3
prefill,40,154,0
prefill,40,155,0
prefill,40,156,1
prefill,40,157,0
prefill,40,158,0
prefill,40,159,0
prefill,40,160,0
prefill,40,161,0
prefill,40,162,0
prefill,40,163,0
prefill,40,164,0
prefill,40,165,0
prefill,40,166,0
prefill,40,167,0
prefill,40,168,1
prefill,40,169,1
prefill,40,170,0
prefill,40,171,0
prefill,40,172,0
prefill,40,173,0
prefill,40,174,0
prefill,40,175,0
prefill,40,176,0
prefill,40,177,0
prefill,40,178,1
prefill,40,179,0
prefill,40,180,0
prefill,40,181,0
prefill,40,182,0
prefill,40,183,0
prefill,40,184,0
prefill,40,185,0
prefill,40,186,0
prefill,40,187,0
prefill,40,188,0
prefill,40,189,0
prefill,40,190,0
prefill,40,191,0
prefill,40,192,0
prefill,40,193,0
prefill,40,194,0
prefill,40,195,0
prefill,40,196,0
prefill,40,197,0
prefill,40,198,0
prefill,40,199,0
prefill,40,200,0
prefill,40,201,0
prefill,40,202,0
prefill,40,203,0
prefill,40,204,0
prefill,40,205,0
prefill,40,206,0
prefill,40,207,0
prefill,40,208,0
prefill,40,209,0
prefill,40,210,1
prefill,40,211,0
prefill,40,212,0
prefill,40,213,0
prefill,40,214,0
prefill,40,215,0
prefill,40,216,0
prefill,40,217,0
prefill,40,218,0
prefill,40,219,0
prefill,40,220,0
prefill,40,221,0
prefill,40,222,0
prefill,40,223,0
prefill,40,224,0
prefill,40,225,0
prefill,40,226,0
prefill,40,227,0
prefill,40,228,1
prefill,40,229,0
prefill,40,230,0
prefill,40,231,5
prefill,40,232,0
prefill,40,233,5
prefill,40,234,0
prefill,40,235,0
prefill,40,236,0
prefill,40,237,0
prefill,40,238,0
prefill,40,239,0
prefill,40,240,0
prefill,40,241,0
prefill,40,242,0
prefill,40,243,0
prefill,40,244,0
prefill,40,245,0
prefill,40,246,0
prefill,40,247,1
prefill,40,248,0
prefill,40,249,0
prefill,40,250,0
prefill,40,251,0
prefill,40,252,0
prefill,40,253,0
prefill,40,254,0
prefill,40,255,0
prefill,41,0,0
prefill,41,1,0
prefill,41,2,0
prefill,41,3,0
prefill,41,4,0
prefill,41,5,0
prefill,41,6,0
prefill,41,7,6
prefill,41,8,1
prefill,41,9,0
prefill,41,10,1
prefill,41,11,0
prefill,41,12,2
prefill,41,13,0
prefill,41,14,0
prefill,41,15,0
prefill,41,16,0
prefill,41,17,0
prefill,41,18,0
prefill,41,19,0
prefill,41,20,0
prefill,41,21,4
prefill,41,22,0
prefill,41,23,0
prefill,41,24,0
prefill,41,25,0
prefill,41,26,0
prefill,41,27,1
prefill,41,28,0
prefill,41,29,0
prefill,41,30,0
prefill,41,31,0
prefill,41,32,0
prefill,41,33,0
prefill,41,34,0
prefill,41,35,8
prefill,41,36,0
prefill,41,37,0
prefill,41,38,0
prefill,41,39,0
prefill,41,40,0
prefill,41,41,4
prefill,41,42,0
prefill,41,43,0
prefill,41,44,0
prefill,41,45,0
prefill,41,46,0
prefill,41,47,0
prefill,41,48,0
prefill,41,49,0
prefill,41,50,0
prefill,41,51,0
prefill,41,52,0
prefill,41,53,1
prefill,41,54,0
prefill,41,55,0
prefill,41,56,0
prefill,41,57,0
prefill,41,58,0
prefill,41,59,6
prefill,41,60,0
prefill,41,61,0
prefill,41,62,0
prefill,41,63,0
prefill,41,64,0
prefill,41,65,0
prefill,41,66,0
prefill,41,67,0
prefill,41,68,0
prefill,41,69,0
prefill,41,70,0
prefill,41,71,0
prefill,41,72,0
prefill,41,73,1
prefill,41,74,0
prefill,41,75,0
prefill,41,76,0
prefill,41,77,1
prefill,41,78,1
prefill,41,79,0
prefill,41,80,1
prefill,41,81,0
prefill,41,82,0
prefill,41,83,0
prefill,41,84,0
prefill,41,85,0
prefill,41,86,0
prefill,41,87,0
prefill,41,88,0
prefill,41,89,0
prefill,41,90,0
prefill,41,91,0
prefill,41,92,0
prefill,41,93,0
prefill,41,94,0
prefill,41,95,0
prefill,41,96,0
prefill,41,97,1
prefill,41,98,0
prefill,41,99,0
prefill,41,100,0
prefill,41,101,0
prefill,41,102,0
prefill,41,103,1
prefill,41,104,0
prefill,41,105,0
prefill,41,106,0
prefill,41,107,0
prefill,41,108,0
prefill,41,109,0
prefill,41,110,0
prefill,41,111,0
prefill,41,112,0
prefill,41,113,0
prefill,41,114,0
prefill,41,115,0
prefill,41,116,0
prefill,41,117,1
prefill,41,118,0
prefill,41,119,0
prefill,41,120,0
prefill,41,121,1
prefill,41,122,0
prefill,41,123,0
prefill,41,124,0
prefill,41,125,1
prefill,41,126,0
prefill,41,127,0
prefill,41,128,0
prefill,41,129,1
prefill,41,130,9
prefill,41,131,0
prefill,41,132,9
prefill,41,133,0
prefill,41,134,0
prefill,41,135,0
prefill,41,136,0
prefill,41,137,0
prefill,41,138,0
prefill,41,139,0
prefill,41,140,2
prefill,41,141,0
prefill,41,142,0
prefill,41,143,0
prefill,41,144,0
prefill,41,145,0
prefill,41,146,0
prefill,41,147,0
prefill,41,148,0
prefill,41,149,0
prefill,41,150,0
prefill,41,151,0
prefill,41,152,0
prefill,41,153,0
prefill,41,154,1
prefill,41,155,0
prefill,41,156,0
prefill,41,157,0
prefill,41,158,0
prefill,41,159,0
prefill,41,160,2
prefill,41,161,0
prefill,41,162,0
prefill,41,163,0
prefill,41,164,1
prefill,41,165,0
prefill,41,166,0
prefill,41,167,2
prefill,41,168,1
prefill,41,169,0
prefill,41,170,0
prefill,41,171,0
prefill,41,172,0
prefill,41,173,0
prefill,41,174,0
prefill,41,175,1
prefill,41,176,0
prefill,41,177,0
prefill,41,178,0
prefill,41,179,0
prefill,41,180,0
prefill,41,181,0
prefill,41,182,0
prefill,41,183,2
prefill,41,184,0
prefill,41,185,4
prefill,41,186,0
prefill,41,187,0
prefill,41,188,1
prefill,41,189,0
prefill,41,190,0
prefill,41,191,0
prefill,41,192,1
prefill,41,193,0
prefill,41,194,0
prefill,41,195,0
prefill,41,196,0
prefill,41,197,0
prefill,41,198,0
prefill,41,199,0
prefill,41,200,0
prefill,41,201,0
prefill,41,202,0
prefill,41,203,0
prefill,41,204,0
prefill,41,205,0
prefill,41,206,0
prefill,41,207,0
prefill,41,208,0
prefill,41,209,1
prefill,41,210,0
prefill,41,211,0
prefill,41,212,0
prefill,41,213,0
prefill,41,214,0
prefill,41,215,0
prefill,41,216,0
prefill,41,217,0
prefill,41,218,1
prefill,41,219,0
prefill,41,220,0
prefill,41,221,0
prefill,41,222,0
prefill,41,223,0
prefill,41,224,0
prefill,41,225,8
prefill,41,226,0
prefill,41,227,0
prefill,41,228,0
prefill,41,229,0
prefill,41,230,0
prefill,41,231,0
prefill,41,232,0
prefill,41,233,0
prefill,41,234,0
prefill,41,235,0
prefill,41,236,0
prefill,41,237,0
prefill,41,238,0
prefill,41,239,1
prefill,41,240,0
prefill,41,241,0
prefill,41,242,0
prefill,41,243,0
prefill,41,244,0
prefill,41,245,2
prefill,41,246,2
prefill,41,247,0
prefill,41,248,1
prefill,41,249,0
prefill,41,250,0
prefill,41,251,0
prefill,41,252,0
prefill,41,253,0
prefill,41,254,0
prefill,41,255,0
prefill,42,0,0
prefill,42,1,0
prefill,42,2,0
prefill,42,3,0
prefill,42,4,1
prefill,42,5,0
prefill,42,6,0
prefill,42,7,0
prefill,42,8,0
prefill,42,9,0
prefill,42,10,0
prefill,42,11,0
prefill,42,12,0
prefill,42,13,0
prefill,42,14,0
prefill,42,15,4
prefill,42,16,0
prefill,42,17,0
prefill,42,18,0
prefill,42,19,0
prefill,42,20,0
prefill,42,21,1
prefill,42,22,0
prefill,42,23,0
prefill,42,24,0
prefill,42,25,1
prefill,42,26,1
prefill,42,27,0
prefill,42,28,0
prefill,42,29,1
prefill,42,30,0
prefill,42,31,0
prefill,42,32,0
prefill,42,33,8
prefill,42,34,1
prefill,42,35,0
prefill,42,36,0
prefill,42,37,0
prefill,42,38,0
prefill,42,39,0
prefill,42,40,0
prefill,42,41,0
prefill,42,42,0
prefill,42,43,0
prefill,42,44,0
prefill,42,45,5
prefill,42,46,0
prefill,42,47,0
prefill,42,48,0
prefill,42,49,0
prefill,42,50,0
prefill,42,51,0
prefill,42,52,0
prefill,42,53,0
prefill,42,54,0
prefill,42,55,0
prefill,42,56,0
prefill,42,57,0
prefill,42,58,0
prefill,42,59,1
prefill,42,60,0
prefill,42,61,0
prefill,42,62,1
prefill,42,63,12
prefill,42,64,0
prefill,42,65,0
prefill,42,66,1
prefill,42,67,0
prefill,42,68,0
prefill,42,69,0
prefill,42,70,1
prefill,42,71,0
prefill,42,72,0
prefill,42,73,0
prefill,42,74,0
prefill,42,75,0
prefill,42,76,0
prefill,42,77,1
prefill,42,78,0
prefill,42,79,0
prefill,42,80,0
prefill,42,81,0
prefill,42,82,0
prefill,42,83,0
prefill,42,84,0
prefill,42,85,0
prefill,42,86,0
prefill,42,87,0
prefill,42,88,0
prefill,42,89,0
prefill,42,90,1
prefill,42,91,0
prefill,42,92,0
prefill,42,93,2
prefill,42,94,0
prefill,42,95,0
prefill,42,96,0
prefill,42,97,0
prefill,42,98,0
prefill,42,99,0
prefill,42,100,0
prefill,42,101,1
prefill,42,102,1
prefill,42,103,0
prefill,42,104,0
prefill,42,105,0
prefill,42,106,0
prefill,42,107,0
prefill,42,108,0
prefill,42,109,0
prefill,42,110,0
prefill,42,111,0
prefill,42,112,0
prefill,42,113,0
prefill,42,114,0
prefill,42,115,0
prefill,42,116,0
prefill,42,117,0
prefill,42,118,0
prefill,42,119,0
prefill,42,120,0
prefill,42,121,0
prefill,42,122,0
prefill,42,123,0
prefill,42,124,0
prefill,42,125,0
prefill,42,126,0
prefill,42,127,0
prefill,42,128,0
prefill,42,129,6
prefill,42,130,0
prefill,42,131,1
prefill,42,132,0
prefill,42,133,0
prefill,42,134,0
prefill,42,135,0
prefill,42,136,0
prefill,42,137,1
prefill,42,138,0
prefill,42,139,0
prefill,42,140,0
prefill,42,141,0
prefill,42,142,0
prefill,42,143,0
prefill,42,144,0
prefill,42,145,1
prefill,42,146,0
prefill,42,147,0
prefill,42,148,0
prefill,42,149,1
prefill,42,150,4
prefill,42,151,0
prefill,42,152,0
prefill,42,153,1
prefill,42,154,0
prefill,42,155,0
prefill,42,156,0
prefill,42,157,0
prefill,42,158,0
prefill,42,159,0
prefill,42,160,0
prefill,42,161,0
prefill,42,162,1
prefill,42,163,0
prefill,42,164,0
prefill,42,165,0
prefill,42,166,0
prefill,42,167,0
prefill,42,168,0
prefill,42,169,0
prefill,42,170,0
prefill,42,171,0
prefill,42,172,0
prefill,42,173,0
prefill,42,174,1
prefill,42,175,0
prefill,42,176,0
prefill,42,177,0
prefill,42,178,1
prefill,42,179,0
prefill,42,180,0
prefill,42,181,0
prefill,42,182,0
prefill,42,183,0
prefill,42,184,0
prefill,42,185,0
prefill,42,186,0
prefill,42,187,0
prefill,42,188,0
prefill,42,189,0
prefill,42,190,2
prefill,42,191,0
prefill,42,192,0
prefill,42,193,0
prefill,42,194,0
prefill,42,195,13
prefill,42,196,0
prefill,42,197,0
prefill,42,198,0
prefill,42,199,0
prefill,42,200,0
prefill,42,201,0
prefill,42,202,0
prefill,42,203,1
prefill,42,204,0
prefill,42,205,1
prefill,42,206,0
prefill,42,207,0
prefill,42,208,0
prefill,42,209,0
prefill,42,210,0
prefill,42,211,0
prefill,42,212,0
prefill,42,213,0
prefill,42,214,0
prefill,42,215,0
prefill,42,216,0
prefill,42,217,0
prefill,42,218,0
prefill,42,219,0
prefill,42,220,0
prefill,42,221,0
prefill,42,222,0
prefill,42,223,0
prefill,42,224,8
prefill,42,225,4
prefill,42,226,1
prefill,42,227,0
prefill,42,228,0
prefill,42,229,0
prefill,42,230,0
prefill,42,231,0
prefill,42,232,0
prefill,42,233,0
prefill,42,234,0
prefill,42,235,0
prefill,42,236,0
prefill,42,237,0
prefill,42,238,0
prefill,42,239,0
prefill,42,240,3
prefill,42,241,0
prefill,42,242,0
prefill,42,243,0
prefill,42,244,0
prefill,42,245,0
prefill,42,246,0
prefill,42,247,0
prefill,42,248,0
prefill,42,249,0
prefill,42,250,0
prefill,42,251,0
prefill,42,252,0
prefill,42,253,0
prefill,42,254,0
prefill,42,255,0
decode,0,0,0
decode,0,1,0
decode,0,2,0
decode,0,3,0
decode,0,4,0
decode,0,5,0
decode,0,6,2
decode,0,7,0
decode,0,8,0
decode,0,9,0
decode,0,10,0
decode,0,11,0
decode,0,12,0
decode,0,13,2
decode,0,14,0
decode,0,15,0
decode,0,16,0
decode,0,17,0
decode,0,18,0
decode,0,19,0
decode,0,20,0
decode,0,21,0
decode,0,22,0
decode,0,23,0
decode,0,24,0
decode,0,25,1
decode,0,26,0
decode,0,27,0
decode,0,28,0
decode,0,29,0
decode,0,30,0
decode,0,31,0
decode,0,32,0
decode,0,33,0
decode,0,34,0
decode,0,35,0
decode,0,36,0
decode,0,37,0
decode,0,38,0
decode,0,39,0
decode,0,40,0
decode,0,41,0
decode,0,42,0
decode,0,43,0
decode,0,44,0
decode,0,45,0
decode,0,46,0
decode,0,47,0
decode,0,48,1
decode,0,49,0
decode,0,50,0
decode,0,51,1
decode,0,52,1
decode,0,53,0
decode,0,54,0
decode,0,55,1
decode,0,56,0
decode,0,57,0
decode,0,58,1
decode,0,59,0
decode,0,60,1
decode,0,61,0
decode,0,62,0
decode,0,63,2
decode,0,64,0
decode,0,65,0
decode,0,66,0
decode,0,67,0
decode,0,68,0
decode,0,69,0
decode,0,70,2
decode,0,71,0
decode,0,72,0
decode,0,73,0
decode,0,74,0
decode,0,75,0
decode,0,76,0
decode,0,77,1
decode,0,78,0
decode,0,79,1
decode,0,80,0
decode,0,81,0
decode,0,82,0
decode,0,83,0
decode,0,84,2
decode,0,85,0
decode,0,86,0
decode,0,87,0
decode,0,88,0
decode,0,89,0
decode,0,90,0
decode,0,91,0
decode,0,92,1
decode,0,93,0
decode,0,94,0
decode,0,95,1
decode,0,96,0
decode,0,97,0
decode,0,98,0
decode,0,99,0
decode,0,100,0
decode,0,101,0
decode,0,102,0
decode,0,103,1
decode,0,104,0
decode,0,105,0
decode,0,106,0
decode,0,107,0
decode,0,108,0
decode,0,109,0
decode,0,110,0
decode,0,111,0
decode,0,112,0
decode,0,113,0
decode,0,114,0
decode,0,115,0
decode,0,116,1
decode,0,117,0
decode,0,118,0
decode,0,119,0
decode,0,120,0
decode,0,121,2
decode,0,122,0
decode,0,123,2
decode,0,124,0
decode,0,125,0
decode,0,126,2
decode,0,127,0
decode,0,128,0
decode,0,129,0
decode,0,130,0
decode,0,131,0
decode,0,132,0
decode,0,133,0
decode,0,134,0
decode,0,135,0
decode,0,136,0
decode,0,137,0
decode,0,138,0
decode,0,139,0
decode,0,140,0
decode,0,141,0
decode,0,142,0
decode,0,143,0
decode,0,144,0
decode,0,145,0
decode,0,146,0
decode,0,147,0
decode,0,148,0
decode,0,149,0
decode,0,150,0
decode,0,151,0
decode,0,152,0
decode,0,153,0
decode,0,154,0
decode,0,155,0
decode,0,156,0
decode,0,157,2
decode,0,158,0
decode,0,159,0
decode,0,160,0
decode,0,161,0
decode,0,162,0
decode,0,163,0
decode,0,164,0
decode,0,165,0
decode,0,166,0
decode,0,167,0
decode,0,168,2
decode,0,169,0
decode,0,170,0
decode,0,171,0
decode,0,172,0
decode,0,173,0
decode,0,174,2
decode,0,175,0
decode,0,176,0
decode,0,177,0
decode,0,178,0
decode,0,179,0
decode,0,180,0
decode,0,181,0
decode,0,182,0
decode,0,183,0
decode,0,184,0
decode,0,185,0
decode,0,186,0
decode,0,187,0
decode,0,188,0
decode,0,189,0
decode,0,190,0
decode,0,191,0
decode,0,192,0
decode,0,193,0
decode,0,194,0
decode,0,195,0
decode,0,196,0
decode,0,197,0
decode,0,198,0
decode,0,199,0
decode,0,200,0
decode,0,201,0
decode,0,202,0
decode,0,203,0
decode,0,204,0
decode,0,205,0
decode,0,206,0
decode,0,207,0
decode,0,208,0
decode,0,209,0
decode,0,210,0
decode,0,211,2
decode,0,212,0
decode,0,213,1
decode,0,214,0
decode,0,215,1
decode,0,216,0
decode,0,217,0
decode,0,218,0
decode,0,219,0
decode,0,220,0
decode,0,221,0
decode,0,222,0
decode,0,223,0
decode,0,224,0
decode,0,225,0
decode,0,226,0
decode,0,227,0
decode,0,228,0
decode,0,229,0
decode,0,230,0
decode,0,231,0
decode,0,232,0
decode,0,233,0
decode,0,234,0
decode,0,235,0
decode,0,236,0
decode,0,237,0
decode,0,238,0
decode,0,239,0
decode,0,240,0
decode,0,241,0
decode,0,242,0
decode,0,243,0
decode,0,244,0
decode,0,245,0
decode,0,246,0
decode,0,247,0
decode,0,248,0
decode,0,249,1
decode,0,250,0
decode,0,251,0
decode,0,252,0
decode,0,253,2
decode,0,254,0
decode,0,255,0
decode,1,0,1
decode,1,1,0
decode,1,2,0
decode,1,3,0
decode,1,4,0
decode,1,5,0
decode,1,6,0
decode,1,7,2
decode,1,8,0
decode,1,9,0
decode,1,10,0
decode,1,11,0
decode,1,12,1
decode,1,13,0
decode,1,14,0
decode,1,15,0
decode,1,16,0
decode,1,17,0
decode,1,18,0
decode,1,19,0
decode,1,20,0
decode,1,21,0
decode,1,22,0
decode,1,23,1
decode,1,24,0
decode,1,25,1
decode,1,26,2
decode,1,27,1
decode,1,28,0
decode,1,29,0
decode,1,30,0
decode,1,31,0
decode,1,32,1
decode,1,33,0
decode,1,34,0
decode,1,35,1
decode,1,36,0
decode,1,37,0
decode,1,38,0
decode,1,39,0
decode,1,40,0
decode,1,41,0
decode,1,42,0
decode,1,43,0
decode,1,44,0
decode,1,45,0
decode,1,46,2
decode,1,47,0
decode,1,48,0
decode,1,49,0
decode,1,50,0
decode,1,51,0
decode,1,52,0
decode,1,53,0
decode,1,54,0
decode,1,55,0
decode,1,56,0
decode,1,57,0
decode,1,58,0
decode,1,59,0
decode,1,60,0
decode,1,61,0
decode,1,62,0
decode,1,63,0
decode,1,64,0
decode,1,65,0
decode,1,66,0
decode,1,67,0
decode,1,68,0
decode,1,69,0
decode,1,70,0
decode,1,71,0
decode,1,72,0
decode,1,73,0
decode,1,74,0
decode,1,75,0
decode,1,76,1
decode,1,77,2
decode,1,78,0
decode,1,79,0
decode,1,80,0
decode,1,81,0
decode,1,82,1
decode,1,83,0
decode,1,84,0
decode,1,85,0
decode,1,86,0
decode,1,87,0
decode,1,88,0
decode,1,89,0
decode,1,90,0
decode,1,91,0
decode,1,92,0
decode,1,93,0
decode,1,94,0
decode,1,95,0
decode,1,96,0
decode,1,97,0
decode,1,98,0
decode,1,99,0
decode,1,100,2
decode,1,101,0
decode,1,102,0
decode,1,103,0
decode,1,104,0
decode,1,105,0
decode,1,106,0
decode,1,107,0
decode,1,108,0
decode,1,109,0
decode,1,110,0
decode,1,111,2
decode,1,112,0
decode,1,113,1
decode,1,114,0
decode,1,115,0
decode,1,116,0
decode,1,117,0
decode,1,118,0
decode,1,119,0
decode,1,120,0
decode,1,121,0
decode,1,122,0
decode,1,123,0
decode,1,124,0
decode,1,125,0
decode,1,126,0
decode,1,127,0
decode,1,128,0
decode,1,129,1
decode,1,130,0
decode,1,131,0
decode,1,132,0
decode,1,133,0
decode,1,134,0
decode,1,135,0
decode,1,136,0
decode,1,137,0
decode,1,138,0
decode,1,139,0
decode,1,140,0
decode,1,141,0
decode,1,142,0
decode,1,143,0
decode,1,144,0
decode,1,145,0
decode,1,146,0
decode,1,147,0
decode,1,148,0
decode,1,149,0
decode,1,150,0
decode,1,151,1
decode,1,152,0
decode,1,153,1
decode,1,154,0
decode,1,155,0
decode,1,156,0
decode,1,157,0
decode,1,158,0
decode,1,159,0
decode,1,160,0
decode,1,161,0
decode,1,162,1
decode,1,163,0
decode,1,164,0
decode,1,165,0
decode,1,166,0
decode,1,167,2
decode,1,168,0
decode,1,169,2
decode,1,170,0
decode,1,171,2
decode,1,172,0
decode,1,173,0
decode,1,174,0
decode,1,175,0
decode,1,176,0
decode,1,177,0
decode,1,178,0
decode,1,179,0
decode,1,180,0
decode,1,181,0
decode,1,182,0
decode,1,183,1
decode,1,184,0
decode,1,185,0
decode,1,186,0
decode,1,187,0
decode,1,188,0
decode,1,189,0
decode,1,190,0
decode,1,191,0
decode,1,192,0
decode,1,193,0
decode,1,194,0
decode,1,195,0
decode,1,196,0
decode,1,197,0
decode,1,198,0
decode,1,199,0
decode,1,200,0
decode,1,201,0
decode,1,202,0
decode,1,203,0
decode,1,204,0
decode,1,205,0
decode,1,206,2
decode,1,207,0
decode,1,208,1
decode,1,209,1
decode,1,210,0
decode,1,211,0
decode,1,212,2
decode,1,213,2
decode,1,214,0
decode,1,215,0
decode,1,216,0
decode,1,217,0
decode,1,218,0
decode,1,219,0
decode,1,220,0
decode,1,221,0
decode,1,222,0
decode,1,223,0
decode,1,224,0
decode,1,225,0
decode,1,226,0
decode,1,227,0
decode,1,228,1
decode,1,229,0
decode,1,230,0
decode,1,231,0
decode,1,232,0
decode,1,233,0
decode,1,234,0
decode,1,235,0
decode,1,236,0
decode,1,237,0
decode,1,238,0
decode,1,239,0
decode,1,240,0
decode,1,241,0
decode,1,242,0
decode,1,243,0
decode,1,244,0
decode,1,245,0
decode,1,246,0
decode,1,247,0
decode,1,248,0
decode,1,249,0
decode,1,250,0
decode,1,251,0
decode,1,252,0
decode,1,253,0
decode,1,254,0
decode,1,255,0
decode,2,0,0
decode,2,1,0
decode,2,2,0
decode,2,3,0
decode,2,4,0
decode,2,5,0
decode,2,6,0
decode,2,7,0
decode,2,8,1
decode,2,9,0
decode,2,10,0
decode,2,11,0
decode,2,12,2
decode,2,13,0
decode,2,14,2
decode,2,15,0
decode,2,16,0
decode,2,17,0
decode,2,18,0
decode,2,19,1
decode,2,20,0
decode,2,21,0
decode,2,22,0
decode,2,23,0
decode,2,24,0
decode,2,25,0
decode,2,26,0
decode,2,27,0
decode,2,28,0
decode,2,29,0
decode,2,30,0
decode,2,31,0
decode,2,32,0
decode,2,33,0
decode,2,34,0
decode,2,35,0
decode,2,36,0
decode,2,37,0
decode,2,38,0
decode,2,39,1
decode,2,40,0
decode,2,41,0
decode,2,42,0
decode,2,43,0
decode,2,44,0
decode,2,45,0
decode,2,46,0
decode,2,47,0
decode,2,48,0
decode,2,49,0
decode,2,50,0
decode,2,51,0
decode,2,52,0
decode,2,53,1
decode,2,54,0
decode,2,55,0
decode,2,56,0
decode,2,57,0
decode,2,58,0
decode,2,59,0
decode,2,60,0
decode,2,61,0
decode,2,62,0
decode,2,63,0
decode,2,64,0
decode,2,65,0
decode,2,66,0
decode,2,67,0
decode,2,68,0
decode,2,69,0
decode,2,70,0
decode,2,71,0
decode,2,72,0
decode,2,73,0
decode,2,74,0
decode,2,75,1
decode,2,76,0
decode,2,77,0
decode,2,78,0
decode,2,79,0
decode,2,80,0
decode,2,81,0
decode,2,82,0
decode,2,83,0
decode,2,84,1
decode,2,85,0
decode,2,86,0
decode,2,87,0
decode,2,88,0
decode,2,89,0
decode,2,90,0
decode,2,91,0
decode,2,92,0
decode,2,93,0
decode,2,94,2
decode,2,95,2
decode,2,96,1
decode,2,97,0
decode,2,98,0
decode,2,99,0
decode,2,100,0
decode,2,101,0
decode,2,102,0
decode,2,103,0
decode,2,104,0
decode,2,105,0
decode,2,106,0
decode,2,107,0
decode,2,108,0
decode,2,109,0
decode,2,110,0
decode,2,111,0
decode,2,112,0
decode,2,113,0
decode,2,114,0
decode,2,115,0
decode,2,116,0
decode,2,117,0
decode,2,118,2
decode,2,119,0
decode,2,120,0
decode,2,121,0
decode,2,122,0
decode,2,123,0
decode,2,124,0
decode,2,125,0
decode,2,126,0
decode,2,127,0
decode,2,128,1
decode,2,129,0
decode,2,130,0
decode,2,131,0
decode,2,132,0
decode,2,133,0
decode,2,134,0
decode,2,135,0
decode,2,136,0
decode,2,137,0
decode,2,138,0
decode,2,139,0
decode,2,140,0
decode,2,141,2
decode,2,142,0
decode,2,143,0
decode,2,144,0
decode,2,145,0
decode,2,146,1
decode,2,147,0
decode,2,148,0
decode,2,149,0
decode,2,150,0
decode,2,151,0
decode,2,152,1
decode,2,153,0
decode,2,154,0
decode,2,155,0
decode,2,156,0
decode,2,157,0
decode,2,158,0
decode,2,159,1
decode,2,160,0
decode,2,161,0
decode,2,162,0
decode,2,163,0
decode,2,164,0
decode,2,165,0
decode,2,166,0
decode,2,167,0
decode,2,168,0
decode,2,169,0
decode,2,170,0
decode,2,171,0
decode,2,172,0
decode,2,173,0
decode,2,174,1
decode,2,175,0
decode,2,176,3
decode,2,177,0
decode,2,178,0
decode,2,179,0
decode,2,180,0
decode,2,181,0
decode,2,182,0
decode,2,183,0
decode,2,184,0
decode,2,185,0
decode,2,186,0
decode,2,187,0
decode,2,188,1
decode,2,189,0
decode,2,190,0
decode,2,191,0
decode,2,192,0
decode,2,193,0
decode,2,194,0
decode,2,195,2
decode,2,196,0
decode,2,197,0
decode,2,198,0
decode,2,199,0
decode,2,200,0
decode,2,201,0
decode,2,202,0
decode,2,203,0
decode,2,204,0
decode,2,205,0
decode,2,206,0
decode,2,207,0
decode,2,208,0
decode,2,209,0
decode,2,210,1
decode,2,211,0
decode,2,212,0
decode,2,213,0
decode,2,214,0
decode,2,215,0
decode,2,216,0
decode,2,217,0
decode,2,218,0
decode,2,219,0
decode,2,220,0
decode,2,221,0
decode,2,222,0
decode,2,223,2
decode,2,224,0
decode,2,225,0
decode,2,226,0
decode,2,227,0
decode,2,228,0
decode,2,229,0
decode,2,230,0
decode,2,231,2
decode,2,232,0
decode,2,233,0
decode,2,234,0
decode,2,235,0
decode,2,236,0
decode,2,237,0
decode,2,238,0
decode,2,239,0
decode,2,240,0
decode,2,241,0
decode,2,242,2
decode,2,243,0
decode,2,244,0
decode,2,245,1
decode,2,246,0
decode,2,247,0
decode,2,248,2
decode,2,249,0
decode,2,250,0
decode,2,251,0
decode,2,252,0
decode,2,253,2
decode,2,254,0
decode,2,255,0
decode,3,0,0
decode,3,1,0
decode,3,2,0
decode,3,3,0
decode,3,4,0
decode,3,5,0
decode,3,6,0
decode,3,7,2
decode,3,8,0
decode,3,9,0
decode,3,10,0
decode,3,11,0
decode,3,12,0
decode,3,13,0
decode,3,14,0
decode,3,15,0
decode,3,16,0
decode,3,17,0
decode,3,18,0
decode,3,19,2
decode,3,20,0
decode,3,21,0
decode,3,22,0
decode,3,23,0
decode,3,24,2
decode,3,25,0
decode,3,26,0
decode,3,27,1
decode,3,28,0
decode,3,29,0
decode,3,30,0
decode,3,31,0
decode,3,32,0
decode,3,33,0
decode,3,34,0
decode,3,35,0
decode,3,36,0
decode,3,37,0
decode,3,38,0
decode,3,39,0
decode,3,40,0
decode,3,41,0
decode,3,42,0
decode,3,43,0
decode,3,44,0
decode,3,45,0
decode,3,46,0
decode,3,47,0
decode,3,48,0
decode,3,49,0
decode,3,50,0
decode,3,51,0
decode,3,52,0
decode,3,53,0
decode,3,54,0
decode,3,55,0
decode,3,56,0
decode,3,57,0
decode,3,58,0
decode,3,59,0
decode,3,60,0
decode,3,61,0
decode,3,62,6
decode,3,63,2
decode,3,64,1
decode,3,65,0
decode,3,66,0
decode,3,67,0
decode,3,68,3
decode,3,69,0
decode,3,70,0
decode,3,71,0
decode,3,72,0
decode,3,73,3
decode,3,74,0
decode,3,75,0
decode,3,76,0
decode,3,77,0
decode,3,78,0
decode,3,79,0
decode,3,80,0
decode,3,81,0
decode,3,82,3
decode,3,83,0
decode,3,84,0
decode,3,85,0
decode,3,86,0
decode,3,87,0
decode,3,88,0
decode,3,89,0
decode,3,90,0
decode,3,91,0
decode,3,92,0
decode,3,93,0
decode,3,94,0
decode,3,95,0
decode,3,96,0
decode,3,97,0
decode,3,98,0
decode,3,99,0
decode,3,100,0
decode,3,101,0
decode,3,102,0
decode,3,103,0
decode,3,104,0
decode,3,105,0
decode,3,106,0
decode,3,107,0
decode,3,108,0
decode,3,109,0
decode,3,110,0
decode,3,111,0
decode,3,112,4
decode,3,113,0
decode,3,114,0
decode,3,115,0
decode,3,116,0
decode,3,117,0
decode,3,118,0
decode,3,119,0
decode,3,120,0
decode,3,121,0
decode,3,122,0
decode,3,123,0
decode,3,124,0
decode,3,125,0
decode,3,126,0
decode,3,127,0
decode,3,128,0
decode,3,129,0
decode,3,130,0
decode,3,131,0
decode,3,132,0
decode,3,133,0
decode,3,134,0
decode,3,135,0
decode,3,136,0
decode,3,137,0
decode,3,138,0
decode,3,139,0
decode,3,140,0
decode,3,141,0
decode,3,142,0
decode,3,143,0
decode,3,144,0
decode,3,145,0
decode,3,146,0
decode,3,147,0
decode,3,148,0
decode,3,149,0
decode,3,150,0
decode,3,151,0
decode,3,152,0
decode,3,153,0
decode,3,154,0
decode,3,155,0
decode,3,156,0
decode,3,157,0
decode,3,158,0
decode,3,159,0
decode,3,160,0
decode,3,161,0
decode,3,162,0
decode,3,163,0
decode,3,164,0
decode,3,165,0
decode,3,166,0
decode,3,167,0
decode,3,168,0
decode,3,169,0
decode,3,170,0
decode,3,171,0
decode,3,172,0
decode,3,173,0
decode,3,174,0
decode,3,175,0
decode,3,176,0
decode,3,177,0
decode,3,178,0
decode,3,179,0
decode,3,180,0
decode,3,181,3
decode,3,182,0
decode,3,183,0
decode,3,184,0
decode,3,185,0
decode,3,186,0
decode,3,187,0
decode,3,188,0
decode,3,189,0
decode,3,190,0
decode,3,191,0
decode,3,192,0
decode,3,193,0
decode,3,194,0
decode,3,195,0
decode,3,196,0
decode,3,197,0
decode,3,198,0
decode,3,199,0
decode,3,200,0
decode,3,201,0
decode,3,202,0
decode,3,203,0
decode,3,204,0
decode,3,205,0
decode,3,206,0
decode,3,207,0
decode,3,208,0
decode,3,209,0
decode,3,210,0
decode,3,211,0
decode,3,212,0
decode,3,213,0
decode,3,214,0
decode,3,215,0
decode,3,216,0
decode,3,217,0
decode,3,218,1
decode,3,219,0
decode,3,220,0
decode,3,221,5
decode,3,222,0
decode,3,223,0
decode,3,224,0
decode,3,225,0
decode,3,226,0
decode,3,227,0
decode,3,228,0
decode,3,229,0
decode,3,230,0
decode,3,231,0
decode,3,232,0
decode,3,233,0
decode,3,234,0
decode,3,235,1
decode,3,236,0
decode,3,237,0
decode,3,238,0
decode,3,239,0
decode,3,240,3
decode,3,241,0
decode,3,242,0
decode,3,243,0
decode,3,244,0
decode,3,245,0
decode,3,246,0
decode,3,247,0
decode,3,248,0
decode,3,249,0
decode,3,250,0
decode,3,251,0
decode,3,252,0
decode,3,253,0
decode,3,254,0
decode,3,255,0
decode,4,0,0
decode,4,1,0
decode,4,2,0
decode,4,3,0
decode,4,4,0
decode,4,5,0
decode,4,6,0
decode,4,7,0
decode,4,8,7
decode,4,9,0
decode,4,10,0
decode,4,11,0
decode,4,12,0
decode,4,13,0
decode,4,14,0
decode,4,15,0
decode,4,16,0
decode,4,17,3
decode,4,18,0
decode,4,19,0
decode,4,20,0
decode,4,21,0
decode,4,22,0
decode,4,23,0
decode,4,24,0
decode,4,25,0
decode,4,26,0
decode,4,27,0
decode,4,28,1
decode,4,29,0
decode,4,30,0
decode,4,31,0
decode,4,32,0
decode,4,33,0
decode,4,34,0
decode,4,35,0
decode,4,36,0
decode,4,37,0
decode,4,38,0
decode,4,39,0
decode,4,40,0
decode,4,41,0
decode,4,42,0
decode,4,43,0
decode,4,44,0
decode,4,45,0
decode,4,46,1
decode,4,47,0
decode,4,48,0
decode,4,49,3
decode,4,50,0
decode,4,51,0
decode,4,52,0
decode,4,53,0
decode,4,54,0
decode,4,55,0
decode,4,56,0
decode,4,57,0
decode,4,58,0
decode,4,59,0
decode,4,60,0
decode,4,61,0
decode,4,62,0
decode,4,63,0
decode,4,64,0
decode,4,65,0
decode,4,66,0
decode,4,67,2
decode,4,68,0
decode,4,69,0
decode,4,70,0
decode,4,71,0
decode,4,72,0
decode,4,73,0
decode,4,74,0
decode,4,75,0
decode,4,76,0
decode,4,77,0
decode,4,78,0
decode,4,79,0
decode,4,80,1
decode,4,81,0
decode,4,82,2
decode,4,83,0
decode,4,84,0
decode,4,85,0
decode,4,86,0
decode,4,87,0
decode,4,88,0
decode,4,89,0
decode,4,90,0
decode,4,91,0
decode,4,92,4
decode,4,93,0
decode,4,94,0
decode,4,95,0
decode,4,96,0
decode,4,97,3
decode,4,98,0
decode,4,99,0
decode,4,100,0
decode,4,101,0
decode,4,102,0
decode,4,103,0
decode,4,104,0
decode,4,105,0
decode,4,106,0
decode,4,107,0
decode,4,108,0
decode,4,109,0
decode,4,110,0
decode,4,111,0
decode,4,112,1
decode,4,113,0
decode,4,114,0
decode,4,115,0
decode,4,116,0
decode,4,117,0
decode,4,118,0
decode,4,119,0
decode,4,120,0
decode,4,121,0
decode,4,122,0
decode,4,123,0
decode,4,124,0
decode,4,125,0
decode,4,126,0
decode,4,127,0
decode,4,128,0
decode,4,129,0
decode,4,130,0
decode,4,131,0
decode,4,132,0
decode,4,133,0
decode,4,134,0
decode,4,135,0
decode,4,136,0
decode,4,137,0
decode,4,138,0
decode,4,139,0
decode,4,140,0
decode,4,141,0
decode,4,142,0
decode,4,143,2
decode,4,144,0
decode,4,145,0
decode,4,146,0
decode,4,147,0
decode,4,148,0
decode,4,149,0
decode,4,150,0
decode,4,151,0
decode,4,152,0
decode,4,153,0
decode,4,154,1
decode,4,155,0
decode,4,156,0
decode,4,157,0
decode,4,158,0
decode,4,159,0
decode,4,160,0
decode,4,161,0
decode,4,162,0
decode,4,163,1
decode,4,164,0
decode,4,165,0
decode,4,166,0
decode,4,167,1
decode,4,168,0
decode,4,169,0
decode,4,170,3
decode,4,171,0
decode,4,172,0
decode,4,173,0
decode,4,174,0
decode,4,175,0
decode,4,176,0
decode,4,177,0
decode,4,178,0
decode,4,179,0
decode,4,180,0
decode,4,181,0
decode,4,182,0
decode,4,183,1
decode,4,184,0
decode,4,185,0
decode,4,186,0
decode,4,187,0
decode,4,188,0
decode,4,189,0
decode,4,190,0
decode,4,191,0
decode,4,192,0
decode,4,193,0
decode,4,194,0
decode,4,195,0
decode,4,196,0
decode,4,197,0
decode,4,198,0
decode,4,199,0
decode,4,200,0
decode,4,201,0
decode,4,202,0
decode,4,203,0
decode,4,204,0
decode,4,205,0
decode,4,206,0
decode,4,207,0
decode,4,208,0
decode,4,209,0
decode,4,210,0
decode,4,211,0
decode,4,212,0
decode,4,213,0
decode,4,214,0
decode,4,215,0
decode,4,216,0
decode,4,217,0
decode,4,218,0
decode,4,219,0
decode,4,220,0
decode,4,221,3
decode,4,222,0
decode,4,223,0
decode,4,224,0
decode,4,225,0
decode,4,226,0
decode,4,227,0
decode,4,228,0
decode,4,229,0
decode,4,230,2
decode,4,231,0
decode,4,232,0
decode,4,233,0
decode,4,234,0
decode,4,235,0
decode,4,236,0
decode,4,237,0
decode,4,238,0
decode,4,239,0
decode,4,240,0
decode,4,241,0
decode,4,242,0
decode,4,243,0
decode,4,244,0
decode,4,245,0
decode,4,246,0
decode,4,247,0
decode,4,248,0
decode,4,249,0
decode,4,250,0
decode,4,251,0
decode,4,252,0
decode,4,253,0
decode,4,254,0
decode,4,255,0
decode,5,0,0
decode,5,1,0
decode,5,2,0
decode,5,3,0
decode,5,4,1
decode,5,5,0
decode,5,6,0
decode,5,7,0
decode,5,8,0
decode,5,9,0
decode,5,10,0
decode,5,11,0
decode,5,12,0
decode,5,13,0
decode,5,14,0
decode,5,15,3
decode,5,16,0
decode,5,17,0
decode,5,18,0
decode,5,19,0
decode,5,20,0
decode,5,21,1
decode,5,22,0
decode,5,23,7
decode,5,24,0
decode,5,25,0
decode,5,26,0
decode,5,27,0
decode,5,28,0
decode,5,29,0
decode,5,30,0
decode,5,31,0
decode,5,32,0
decode,5,33,0
decode,5,34,0
decode,5,35,0
decode,5,36,0
decode,5,37,0
decode,5,38,0
decode,5,39,0
decode,5,40,0
decode,5,41,0
decode,5,42,0
decode,5,43,0
decode,5,44,0
decode,5,45,0
decode,5,46,0
decode,5,47,0
decode,5,48,0
decode,5,49,0
decode,5,50,0
decode,5,51,0
decode,5,52,0
decode,5,53,0
decode,5,54,0
decode,5,55,0
decode,5,56,0
decode,5,57,0
decode,5,58,0
decode,5,59,0
decode,5,60,0
decode,5,61,0
decode,5,62,0
decode,5,63,0
decode,5,64,0
decode,5,65,0
decode,5,66,0
decode,5,67,0
decode,5,68,0
decode,5,69,0
decode,5,70,0
decode,5,71,0
decode,5,72,0
decode,5,73,1
decode,5,74,0
decode,5,75,0
decode,5,76,0
decode,5,77,0
decode,5,78,0
decode,5,79,0
decode,5,80,0
decode,5,81,0
decode,5,82,0
decode,5,83,0
decode,5,84,0
decode,5,85,0
decode,5,86,0
decode,5,87,0
decode,5,88,0
decode,5,89,0
decode,5,90,0
decode,5,91,0
decode,5,92,1
decode,5,93,0
decode,5,94,0
decode,5,95,0
decode,5,96,0
decode,5,97,0
decode,5,98,0
decode,5,99,0
decode,5,100,0
decode,5,101,0
decode,5,102,0
decode,5,103,0
decode,5,104,0
decode,5,105,0
decode,5,106,0
decode,5,107,0
decode,5,108,0
decode,5,109,0
decode,5,110,0
decode,5,111,0
decode,5,112,0
decode,5,113,0
decode,5,114,0
decode,5,115,0
decode,5,116,0
decode,5,117,0
decode,5,118,0
decode,5,119,0
decode,5,120,0
decode,5,121,0
decode,5,122,0
decode,5,123,0
decode,5,124,0
decode,5,125,0
decode,5,126,0
decode,5,127,0
decode,5,128,1
decode,5,129,0
decode,5,130,0
decode,5,131,0
decode,5,132,0
decode,5,133,6
decode,5,134,0
decode,5,135,0
decode,5,136,0
decode,5,137,0
decode,5,138,0
decode,5,139,0
decode,5,140,0
decode,5,141,0
decode,5,142,0
decode,5,143,0
decode,5,144,0
decode,5,145,0
decode,5,146,0
decode,5,147,0
decode,5,148,0
decode,5,149,0
decode,5,150,0
decode,5,151,0
decode,5,152,0
decode,5,153,0
decode,5,154,0
decode,5,155,0
decode,5,156,0
decode,5,157,0
decode,5,158,0
decode,5,159,0
decode,5,160,0
decode,5,161,0
decode,5,162,0
decode,5,163,0
decode,5,164,0
decode,5,165,1
decode,5,166,0
decode,5,167,0
decode,5,168,0
decode,5,169,1
decode,5,170,0
decode,5,171,0
decode,5,172,3
decode,5,173,0
decode,5,174,0
decode,5,175,3
decode,5,176,0
decode,5,177,0
decode,5,178,0
decode,5,179,0
decode,5,180,0
decode,5,181,0
decode,5,182,0
decode,5,183,0
decode,5,184,0
decode,5,185,0
decode,5,186,0
decode,5,187,0
decode,5,188,0
decode,5,189,0
decode,5,190,0
decode,5,191,0
decode,5,192,0
decode,5,193,0
decode,5,194,0
decode,5,195,0
decode,5,196,0
decode,5,197,0
decode,5,198,0
decode,5,199,0
decode,5,200,0
decode,5,201,0
decode,5,202,0
decode,5,203,0
decode,5,204,0
decode,5,205,0
decode,5,206,0
decode,5,207,0
decode,5,208,0
decode,5,209,0
decode,5,210,7
decode,5,211,0
decode,5,212,0
decode,5,213,0
decode,5,214,0
decode,5,215,0
decode,5,216,0
decode,5,217,0
decode,5,218,0
decode,5,219,0
decode,5,220,0
decode,5,221,0
decode,5,222,0
decode,5,223,0
decode,5,224,0
decode,5,225,0
decode,5,226,0
decode,5,227,0
decode,5,228,0
decode,5,229,0
decode,5,230,0
decode,5,231,0
decode,5,232,0
decode,5,233,0
decode,5,234,0
decode,5,235,0
decode,5,236,0
decode,5,237,0
decode,5,238,0
decode,5,239,0
decode,5,240,0
decode,5,241,0
decode,5,242,0
decode,5,243,0
decode,5,244,6
decode,5,245,0
decode,5,246,0
decode,5,247,0
decode,5,248,0
decode,5,249,0
decode,5,250,0
decode,5,251,0
decode,5,252,0
decode,5,253,0
decode,5,254,0
decode,5,255,0
decode,6,0,0
decode,6,1,4
decode,6,2,0
decode,6,3,0
decode,6,4,0
decode,6,5,0
decode,6,6,0
decode,6,7,0
decode,6,8,3
decode,6,9,5
decode,6,10,0
decode,6,11,0
decode,6,12,0
decode,6,13,0
decode,6,14,0
decode,6,15,0
decode,6,16,0
decode,6,17,0
decode,6,18,0
decode,6,19,0
decode,6,20,0
decode,6,21,0
decode,6,22,0
decode,6,23,0
decode,6,24,0
decode,6,25,0
decode,6,26,0
decode,6,27,0
decode,6,28,0
decode,6,29,0
decode,6,30,0
decode,6,31,0
decode,6,32,0
decode,6,33,0
decode,6,34,0
decode,6,35,0
decode,6,36,0
decode,6,37,0
decode,6,38,0
decode,6,39,0
decode,6,40,0
decode,6,41,0
decode,6,42,0
decode,6,43,0
decode,6,44,0
decode,6,45,0
decode,6,46,0
decode,6,47,0
decode,6,48,0
decode,6,49,0
decode,6,50,0
decode,6,51,0
decode,6,52,0
decode,6,53,0
decode,6,54,1
decode,6,55,0
decode,6,56,1
decode,6,57,1
decode,6,58,0
decode,6,59,0
decode,6,60,0
decode,6,61,0
decode,6,62,0
decode,6,63,0
decode,6,64,0
decode,6,65,0
decode,6,66,0
decode,6,67,0
decode,6,68,2
decode,6,69,0
decode,6,70,1
decode,6,71,0
decode,6,72,0
decode,6,73,0
decode,6,74,0
decode,6,75,0
decode,6,76,1
decode,6,77,0
decode,6,78,0
decode,6,79,0
decode,6,80,0
decode,6,81,0
decode,6,82,2
decode,6,83,0
decode,6,84,0
decode,6,85,0
decode,6,86,0
decode,6,87,0
decode,6,88,0
decode,6,89,4
decode,6,90,0
decode,6,91,0
decode,6,92,0
decode,6,93,0
decode,6,94,0
decode,6,95,0
decode,6,96,0
decode,6,97,0
decode,6,98,0
decode,6,99,2
decode,6,100,0
decode,6,101,0
decode,6,102,0
decode,6,103,0
decode,6,104,0
decode,6,105,0
decode,6,106,0
decode,6,107,0
decode,6,108,0
decode,6,109,0
decode,6,110,0
decode,6,111,1
decode,6,112,0
decode,6,113,1
decode,6,114,0
decode,6,115,1
decode,6,116,0
decode,6,117,0
decode,6,118,0
decode,6,119,0
decode,6,120,0
decode,6,121,0
decode,6,122,0
decode,6,123,0
decode,6,124,0
decode,6,125,0
decode,6,126,0
decode,6,127,0
decode,6,128,0
decode,6,129,0
decode,6,130,0
decode,6,131,0
decode,6,132,0
decode,6,133,0
decode,6,134,0
decode,6,135,0
decode,6,136,0
decode,6,137,0
decode,6,138,0
decode,6,139,0
decode,6,140,0
decode,6,141,0
decode,6,142,0
decode,6,143,0
decode,6,144,0
decode,6,145,0
decode,6,146,2
decode,6,147,0
decode,6,148,0
decode,6,149,0
decode,6,150,0
decode,6,151,0
decode,6,152,0
decode,6,153,0
decode,6,154,0
decode,6,155,0
decode,6,156,1
decode,6,157,0
decode,6,158,0
decode,6,159,0
decode,6,160,0
decode,6,161,0
decode,6,162,0
decode,6,163,0
decode,6,164,0
decode,6,165,0
decode,6,166,0
decode,6,167,0
decode,6,168,0
decode,6,169,0
decode,6,170,0
decode,6,171,2
decode,6,172,0
decode,6,173,0
decode,6,174,0
decode,6,175,0
decode,6,176,0
decode,6,177,0
decode,6,178,0
decode,6,179,0
decode,6,180,1
decode,6,181,0
decode,6,182,0
decode,6,183,0
decode,6,184,0
decode,6,185,0
decode,6,186,0
decode,6,187,0
decode,6,188,0
decode,6,189,0
decode,6,190,0
decode,6,191,0
decode,6,192,0
decode,6,193,0
decode,6,194,0
decode,6,195,0
decode,6,196,0
decode,6,197,0
decode,6,198,0
decode,6,199,0
decode,6,200,0
decode,6,201,0
decode,6,202,0
decode,6,203,0
decode,6,204,0
decode,6,205,0
decode,6,206,0
decode,6,207,0
decode,6,208,0
decode,6,209,0
decode,6,210,0
decode,6,211,0
decode,6,212,0
decode,6,213,0
decode,6,214,1
decode,6,215,0
decode,6,216,0
decode,6,217,0
decode,6,218,0
decode,6,219,0
decode,6,220,0
decode,6,221,0
decode,6,222,0
decode,6,223,0
decode,6,224,0
decode,6,225,0
decode,6,226,0
decode,6,227,0
decode,6,228,0
decode,6,229,0
decode,6,230,0
decode,6,231,0
decode,6,232,0
decode,6,233,0
decode,6,234,0
decode,6,235,0
decode,6,236,0
decode,6,237,0
decode,6,238,0
decode,6,239,0
decode,6,240,0
decode,6,241,0
decode,6,242,0
decode,6,243,0
decode,6,244,0
decode,6,245,0
decode,6,246,0
decode,6,247,0
decode,6,248,0
decode,6,249,0
decode,6,250,0
decode,6,251,0
decode,6,252,0
decode,6,253,0
decode,6,254,0
decode,6,255,5
decode,7,0,5
decode,7,1,0
decode,7,2,0
decode,7,3,0
decode,7,4,0
decode,7,5,0
decode,7,6,0
decode,7,7,0
decode,7,8,0
decode,7,9,0
decode,7,10,0
decode,7,11,0
decode,7,12,0
decode,7,13,0
decode,7,14,1
decode,7,15,0
decode,7,16,0
decode,7,17,0
decode,7,18,0
decode,7,19,0
decode,7,20,0
decode,7,21,0
decode,7,22,0
decode,7,23,0
decode,7,24,0
decode,7,25,0
decode,7,26,0
decode,7,27,0
decode,7,28,0
decode,7,29,0
decode,7,30,0
decode,7,31,0
decode,7,32,0
decode,7,33,0
decode,7,34,0
decode,7,35,3
decode,7,36,0
decode,7,37,0
decode,7,38,0
decode,7,39,0
decode,7,40,0
decode,7,41,0
decode,7,42,0
decode,7,43,0
decode,7,44,0
decode,7,45,0
decode,7,46,0
decode,7,47,0
decode,7,48,0
decode,7,49,0
decode,7,50,0
decode,7,51,0
decode,7,52,0
decode,7,53,0
decode,7,54,0
decode,7,55,0
decode,7,56,0
decode,7,57,0
decode,7,58,0
decode,7,59,0
decode,7,60,0
decode,7,61,0
decode,7,62,0
decode,7,63,0
decode,7,64,0
decode,7,65,0
decode,7,66,2
decode,7,67,0
decode,7,68,0
decode,7,69,0
decode,7,70,0
decode,7,71,0
decode,7,72,0
decode,7,73,0
decode,7,74,0
decode,7,75,0
decode,7,76,0
decode,7,77,0
decode,7,78,0
decode,7,79,0
decode,7,80,0
decode,7,81,0
decode,7,82,0
decode,7,83,0
decode,7,84,0
decode,7,85,0
decode,7,86,0
decode,7,87,0
decode,7,88,0
decode,7,89,0
decode,7,90,0
decode,7,91,0
decode,7,92,0
decode,7,93,0
decode,7,94,0
decode,7,95,0
decode,7,96,0
decode,7,97,0
decode,7,98,0
decode,7,99,0
decode,7,100,1
decode,7,101,0
decode,7,102,0
decode,7,103,0
decode,7,104,0
decode,7,105,0
decode,7,106,0
decode,7,107,0
decode,7,108,0
decode,7,109,0
decode,7,110,0
decode,7,111,0
decode,7,112,0
decode,7,113,0
decode,7,114,0
decode,7,115,0
decode,7,116,0
decode,7,117,0
decode,7,118,0
decode,7,119,0
decode,7,120,3
decode,7,121,0
decode,7,122,6
decode,7,123,0
decode,7,124,0
decode,7,125,0
decode,7,126,0
decode,7,127,0
decode,7,128,0
decode,7,129,0
decode,7,130,0
decode,7,131,0
decode,7,132,0
decode,7,133,0
decode,7,134,0
decode,7,135,0
decode,7,136,0
decode,7,137,0
decode,7,138,0
decode,7,139,0
decode,7,140,0
decode,7,141,1
decode,7,142,0
decode,7,143,0
decode,7,144,0
decode,7,145,0
decode,7,146,1
decode,7,147,0
decode,7,148,0
decode,7,149,0
decode,7,150,0
decode,7,151,0
decode,7,152,0
decode,7,153,0
decode,7,154,0
decode,7,155,0
decode,7,156,0
decode,7,157,0
decode,7,158,0
decode,7,159,0
decode,7,160,0
decode,7,161,0
decode,7,162,0
decode,7,163,0
decode,7,164,0
decode,7,165,0
decode,7,166,0
decode,7,167,0
decode,7,168,0
decode,7,169,2
decode,7,170,0
decode,7,171,0
decode,7,172,0
decode,7,173,0
decode,7,174,0
decode,7,175,0
decode,7,176,0
decode,7,177,0
decode,7,178,0
decode,7,179,0
decode,7,180,1
decode,7,181,0
decode,7,182,0
decode,7,183,0
decode,7,184,1
decode,7,185,0
decode,7,186,0
decode,7,187,0
decode,7,188,0
decode,7,189,0
decode,7,190,0
decode,7,191,2
decode,7,192,2
decode,7,193,0
decode,7,194,0
decode,7,195,0
decode,7,196,0
decode,7,197,0
decode,7,198,0
decode,7,199,0
decode,7,200,0
decode,7,201,0
decode,7,202,0
decode,7,203,0
decode,7,204,0
decode,7,205,2
decode,7,206,0
decode,7,207,0
decode,7,208,0
decode,7,209,0
decode,7,210,0
decode,7,211,0
decode,7,212,1
decode,7,213,0
decode,7,214,0
decode,7,215,0
decode,7,216,0
decode,7,217,0
decode,7,218,0
decode,7,219,0
decode,7,220,1
decode,7,221,0
decode,7,222,0
decode,7,223,0
decode,7,224,0
decode,7,225,0
decode,7,226,0
decode,7,227,0
decode,7,228,0
decode,7,229,0
decode,7,230,0
decode,7,231,0
decode,7,232,7
decode,7,233,0
decode,7,234,0
decode,7,235,0
decode,7,236,0
decode,7,237,0
decode,7,238,0
decode,7,239,0
decode,7,240,0
decode,7,241,0
decode,7,242,0
decode,7,243,0
decode,7,244,0
decode,7,245,0
decode,7,246,0
decode,7,247,0
decode,7,248,0
decode,7,249,0
decode,7,250,0
decode,7,251,0
decode,7,252,0
decode,7,253,0
decode,7,254,0
decode,7,255,0
decode,8,0,0
decode,8,1,0
decode,8,2,0
decode,8,3,0
decode,8,4,0
decode,8,5,0
decode,8,6,0
decode,8,7,0
decode,8,8,0
decode,8,9,0
decode,8,10,0
decode,8,11,0
decode,8,12,0
decode,8,13,0
decode,8,14,0
decode,8,15,0
decode,8,16,0
decode,8,17,0
decode,8,18,0
decode,8,19,0
decode,8,20,0
decode,8,21,0
decode,8,22,0
decode,8,23,0
decode,8,24,0
decode,8,25,0
decode,8,26,1
decode,8,27,0
decode,8,28,0
decode,8,29,0
decode,8,30,0
decode,8,31,1
decode,8,32,0
decode,8,33,0
decode,8,34,0
decode,8,35,0
decode,8,36,0
decode,8,37,0
decode,8,38,0
decode,8,39,0
decode,8,40,0
decode,8,41,0
decode,8,42,0
decode,8,43,0
decode,8,44,0
decode,8,45,0
decode,8,46,0
decode,8,47,0
decode,8,48,0
decode,8,49,0
decode,8,50,0
decode,8,51,0
decode,8,52,0
decode,8,53,5
decode,8,54,0
decode,8,55,0
decode,8,56,0
decode,8,57,0
decode,8,58,0
decode,8,59,0
decode,8,60,0
decode,8,61,0
decode,8,62,0
decode,8,63,0
decode,8,64,0
decode,8,65,0
decode,8,66,0
decode,8,67,0
decode,8,68,0
decode,8,69,0
decode,8,70,0
decode,8,71,0
decode,8,72,0
decode,8,73,0
decode,8,74,0
decode,8,75,0
decode,8,76,0
decode,8,77,1
decode,8,78,0
decode,8,79,0
decode,8,80,0
decode,8,81,0
decode,8,82,0
decode,8,83,0
decode,8,84,5
decode,8,85,0
decode,8,86,0
decode,8,87,0
decode,8,88,1
decode,8,89,0
decode,8,90,0
decode,8,91,0
decode,8,92,0
decode,8,93,0
decode,8,94,0
decode,8,95,0
decode,8,96,0
decode,8,97,0
decode,8,98,0
decode,8,99,0
decode,8,100,0
decode,8,101,0
decode,8,102,0
decode,8,103,0
decode,8,104,0
decode,8,105,0
decode,8,106,0
decode,8,107,0
decode,8,108,0
decode,8,109,0
decode,8,110,0
decode,8,111,0
decode,8,112,3
decode,8,113,0
decode,8,114,0
decode,8,115,0
decode,8,116,0
decode,8,117,0
decode,8,118,0
decode,8,119,0
decode,8,120,6
decode,8,121,0
decode,8,122,0
decode,8,123,0
decode,8,124,0
decode,8,125,0
decode,8,126,0
decode,8,127,0
decode,8,128,0
decode,8,129,0
decode,8,130,0
decode,8,131,1
decode,8,132,0
decode,8,133,0
decode,8,134,0
decode,8,135,0
decode,8,136,0
decode,8,137,0
decode,8,138,0
decode,8,139,0
decode,8,140,0
decode,8,141,0
decode,8,142,3
decode,8,143,0
decode,8,144,0
decode,8,145,0
decode,8,146,0
decode,8,147,0
decode,8,148,0
decode,8,149,0
decode,8,150,0
decode,8,151,0
decode,8,152,0
decode,8,153,0
decode,8,154,0
decode,8,155,0
decode,8,156,0
decode,8,157,0
decode,8,158,0
decode,8,159,0
decode,8,160,0
decode,8,161,0
decode,8,162,0
decode,8,163,0
decode,8,164,0
decode,8,165,0
decode,8,166,0
decode,8,167,0
decode,8,168,0
decode,8,169,0
decode,8,170,0
decode,8,171,0
decode,8,172,0
decode,8,173,0
decode,8,174,0
decode,8,175,0
decode,8,176,0
decode,8,177,0
decode,8,178,0
decode,8,179,0
decode,8,180,0
decode,8,181,0
decode,8,182,0
decode,8,183,0
decode,8,184,0
decode,8,185,0
decode,8,186,0
decode,8,187,0
decode,8,188,0
decode,8,189,0
decode,8,190,0
decode,8,191,0
decode,8,192,0
decode,8,193,0
decode,8,194,0
decode,8,195,0
decode,8,196,0
decode,8,197,1
decode,8,198,0
decode,8,199,0
decode,8,200,1
decode,8,201,0
decode,8,202,0
decode,8,203,0
decode,8,204,0
decode,8,205,0
decode,8,206,0
decode,8,207,0
decode,8,208,6
decode,8,209,0
decode,8,210,0
decode,8,211,0
decode,8,212,2
decode,8,213,3
decode,8,214,0
decode,8,215,0
decode,8,216,0
decode,8,217,0
decode,8,218,0
decode,8,219,0
decode,8,220,0
decode,8,221,0
decode,8,222,0
decode,8,223,0
decode,8,224,0
decode,8,225,0
decode,8,226,0
decode,8,227,0
decode,8,228,0
decode,8,229,0
decode,8,230,0
decode,8,231,0
decode,8,232,0
decode,8,233,0
decode,8,234,0
decode,8,235,0
decode,8,236,0
decode,8,237,0
decode,8,238,0
decode,8,239,0
decode,8,240,0
decode,8,241,0
decode,8,242,0
decode,8,243,0
decode,8,244,0
decode,8,245,0
decode,8,246,0
decode,8,247,0
decode,8,248,0
decode,8,249,0
decode,8,250,0
decode,8,251,0
decode,8,252,0
decode,8,253,0
decode,8,254,2
decode,8,255,0
decode,9,0,0
decode,9,1,0
decode,9,2,0
decode,9,3,0
decode,9,4,0
decode,9,5,0
decode,9,6,0
decode,9,7,0
decode,9,8,0
decode,9,9,1
decode,9,10,0
decode,9,11,0
decode,9,12,0
decode,9,13,0
decode,9,14,0
decode,9,15,1
decode,9,16,0
decode,9,17,2
decode,9,18,0
decode,9,19,0
decode,9,20,0
decode,9,21,0
decode,9,22,0
decode,9,23,0
decode,9,24,0
decode,9,25,0
decode,9,26,0
decode,9,27,2
decode,9,28,0
decode,9,29,0
decode,9,30,0
decode,9,31,1
decode,9,32,0
decode,9,33,0
decode,9,34,0
decode,9,35,0
decode,9,36,0
decode,9,37,0
decode,9,38,0
decode,9,39,0
decode,9,40,0
decode,9,41,0
decode,9,42,0
decode,9,43,0
decode,9,44,0
decode,9,45,0
decode,9,46,0
decode,9,47,0
decode,9,48,0
decode,9,49,0
decode,9,50,0
decode,9,51,0
decode,9,52,0
decode,9,53,0
decode,9,54,0
decode,9,55,0
decode,9,56,0
decode,9,57,2
decode,9,58,0
decode,9,59,0
decode,9,60,0
decode,9,61,0
decode,9,62,0
decode,9,63,0
decode,9,64,0
decode,9,65,0
decode,9,66,0
decode,9,67,0
decode,9,68,0
decode,9,69,0
decode,9,70,0
decode,9,71,0
decode,9,72,0
decode,9,73,0
decode,9,74,0
decode,9,75,0
decode,9,76,0
decode,9,77,0
decode,9,78,0
decode,9,79,0
decode,9,80,0
decode,9,81,0
decode,9,82,0
decode,9,83,0
decode,9,84,0
decode,9,85,0
decode,9,86,0
decode,9,87,0
decode,9,88,0
decode,9,89,0
decode,9,90,0
decode,9,91,0
decode,9,92,0
decode,9,93,0
decode,9,94,0
decode,9,95,0
decode,9,96,0
decode,9,97,0
decode,9,98,0
decode,9,99,0
decode,9,100,0
decode,9,101,0
decode,9,102,0
decode,9,103,0
decode,9,104,0
decode,9,105,3
decode,9,106,0
decode,9,107,0
decode,9,108,0
decode,9,109,0
decode,9,110,0
decode,9,111,0
decode,9,112,0
decode,9,113,0
decode,9,114,7
decode,9,115,0
decode,9,116,0
decode,9,117,0
decode,9,118,3
decode,9,119,0
decode,9,120,0
decode,9,121,0
decode,9,122,0
decode,9,123,0
decode,9,124,0
decode,9,125,0
decode,9,126,0
decode,9,127,0
decode,9,128,0
decode,9,129,0
decode,9,130,0
decode,9,131,0
decode,9,132,0
decode,9,133,0
decode,9,134,0
decode,9,135,0
decode,9,136,0
decode,9,137,0
decode,9,138,0
decode,9,139,0
decode,9,140,0
decode,9,141,0
decode,9,142,0
decode,9,143,0
decode,9,144,0
decode,9,145,0
decode,9,146,0
decode,9,147,0
decode,9,148,0
decode,9,149,0
decode,9,150,0
decode,9,151,0
decode,9,152,0
decode,9,153,0
decode,9,154,0
decode,9,155,0
decode,9,156,0
decode,9,157,0
decode,9,158,0
decode,9,159,0
decode,9,160,0
decode,9,161,0
decode,9,162,0
decode,9,163,0
decode,9,164,0
decode,9,165,0
decode,9,166,3
decode,9,167,0
decode,9,168,0
decode,9,169,3
decode,9,170,0
decode,9,171,0
decode,9,172,0
decode,9,173,0
decode,9,174,0
decode,9,175,0
decode,9,176,0
decode,9,177,0
decode,9,178,0
decode,9,179,0
decode,9,180,0
decode,9,181,0
decode,9,182,0
decode,9,183,0
decode,9,184,0
decode,9,185,0
decode,9,186,0
decode,9,187,0
decode,9,188,0
decode,9,189,0
decode,9,190,0
decode,9,191,0
decode,9,192,0
decode,9,193,0
decode,9,194,0
decode,9,195,0
decode,9,196,2
decode,9,197,0
decode,9,198,0
decode,9,199,0
decode,9,200,0
decode,9,201,0
decode,9,202,0
decode,9,203,0
decode,9,204,0
decode,9,205,0
decode,9,206,0
decode,9,207,0
decode,9,208,0
decode,9,209,0
decode,9,210,0
decode,9,211,5
decode,9,212,0
decode,9,213,0
decode,9,214,0
decode,9,215,0
decode,9,216,0
decode,9,217,0
decode,9,218,0
decode,9,219,0
decode,9,220,0
decode,9,221,0
decode,9,222,0
decode,9,223,0
decode,9,224,0
decode,9,225,0
decode,9,226,0
decode,9,227,0
decode,9,228,0
decode,9,229,0
decode,9,230,0
decode,9,231,0
decode,9,232,0
decode,9,233,0
decode,9,234,0
decode,9,235,0
decode,9,236,1
decode,9,237,0
decode,9,238,3
decode,9,239,0
decode,9,240,0
decode,9,241,0
decode,9,242,3
decode,9,243,0
decode,9,244,0
decode,9,245,0
decode,9,246,0
decode,9,247,0
decode,9,248,0
decode,9,249,0
decode,9,250,0
decode,9,251,0
decode,9,252,0
decode,9,253,0
decode,9,254,0
decode,9,255,0
decode,10,0,0
decode,10,1,0
decode,10,2,0
decode,10,3,0
decode,10,4,0
decode,10,5,0
decode,10,6,0
decode,10,7,0
decode,10,8,3
decode,10,9,0
decode,10,10,0
decode,10,11,0
decode,10,12,0
decode,10,13,0
decode,10,14,7
decode,10,15,0
decode,10,16,2
decode,10,17,0
decode,10,18,0
decode,10,19,0
decode,10,20,0
decode,10,21,0
decode,10,22,0
decode,10,23,0
decode,10,24,0
decode,10,25,0
decode,10,26,0
decode,10,27,0
decode,10,28,0
decode,10,29,7
decode,10,30,0
decode,10,31,0
decode,10,32,0
decode,10,33,0
decode,10,34,0
decode,10,35,0
decode,10,36,0
decode,10,37,0
decode,10,38,0
decode,10,39,0
decode,10,40,1
decode,10,41,0
decode,10,42,0
decode,10,43,0
decode,10,44,0
decode,10,45,0
decode,10,46,0
decode,10,47,0
decode,10,48,0
decode,10,49,0
decode,10,50,0
decode,10,51,0
decode,10,52,0
decode,10,53,0
decode,10,54,0
decode,10,55,0
decode,10,56,0
decode,10,57,0
decode,10,58,0
decode,10,59,0
decode,10,60,0
decode,10,61,0
decode,10,62,0
decode,10,63,0
decode,10,64,6
decode,10,65,0
decode,10,66,0
decode,10,67,0
decode,10,68,0
decode,10,69,0
decode,10,70,0
decode,10,71,0
decode,10,72,0
decode,10,73,3
decode,10,74,0
decode,10,75,0
decode,10,76,0
decode,10,77,0
decode,10,78,0
decode,10,79,0
decode,10,80,0
decode,10,81,0
decode,10,82,0
decode,10,83,0
decode,10,84,0
decode,10,85,0
decode,10,86,0
decode,10,87,0
decode,10,88,0
decode,10,89,0
decode,10,90,0
decode,10,91,0
decode,10,92,0
decode,10,93,0
decode,10,94,0
decode,10,95,0
decode,10,96,0
decode,10,97,0
decode,10,98,0
decode,10,99,0
decode,10,100,0
decode,10,101,0
decode,10,102,0
decode,10,103,0
decode,10,104,0
decode,10,105,0
decode,10,106,0
decode,10,107,0
decode,10,108,0
decode,10,109,0
decode,10,110,0
decode,10,111,0
decode,10,112,0
decode,10,113,0
decode,10,114,0
decode,10,115,0
decode,10,116,0
decode,10,117,0
decode,10,118,0
decode,10,119,0
decode,10,120,0
decode,10,121,0
decode,10,122,4
decode,10,123,2
decode,10,124,0
decode,10,125,0
decode,10,126,0
decode,10,127,0
decode,10,128,0
decode,10,129,1
decode,10,130,0
decode,10,131,0
decode,10,132,0
decode,10,133,0
decode,10,134,0
decode,10,135,0
decode,10,136,0
decode,10,137,0
decode,10,138,0
decode,10,139,0
decode,10,140,0
decode,10,141,0
decode,10,142,0
decode,10,143,0
decode,10,144,0
decode,10,145,0
decode,10,146,0
decode,10,147,0
decode,10,148,0
decode,10,149,0
decode,10,150,0
decode,10,151,0
decode,10,152,0
decode,10,153,0
decode,10,154,0
decode,10,155,0
decode,10,156,0
decode,10,157,0
decode,10,158,0
decode,10,159,0
decode,10,160,0
decode,10,161,0
decode,10,162,0
decode,10,163,0
decode,10,164,0
decode,10,165,0
decode,10,166,0
decode,10,167,0
decode,10,168,0
decode,10,169,0
decode,10,170,0
decode,10,171,0
decode,10,172,0
decode,10,173,0
decode,10,174,0
decode,10,175,0
decode,10,176,0
decode,10,177,0
decode,10,178,0
decode,10,179,0
decode,10,180,0
decode,10,181,0
decode,10,182,0
decode,10,183,0
decode,10,184,0
decode,10,185,0
decode,10,186,0
decode,10,187,0
decode,10,188,0
decode,10,189,0
decode,10,190,0
decode,10,191,0
decode,10,192,0
decode,10,193,0
decode,10,194,0
decode,10,195,0
decode,10,196,0
decode,10,197,0
decode,10,198,0
decode,10,199,0
decode,10,200,0
decode,10,201,0
decode,10,202,0
decode,10,203,0
decode,10,204,0
decode,10,205,0
decode,10,206,0
decode,10,207,0
decode,10,208,0
decode,10,209,0
decode,10,210,0
decode,10,211,0
decode,10,212,0
decode,10,213,0
decode,10,214,0
decode,10,215,0
decode,10,216,0
decode,10,217,0
decode,10,218,0
decode,10,219,0
decode,10,220,0
decode,10,221,0
decode,10,222,3
decode,10,223,0
decode,10,224,0
decode,10,225,0
decode,10,226,0
decode,10,227,0
decode,10,228,0
decode,10,229,0
decode,10,230,0
decode,10,231,0
decode,10,232,0
decode,10,233,0
decode,10,234,0
decode,10,235,0
decode,10,236,0
decode,10,237,0
decode,10,238,0
decode,10,239,0
decode,10,240,0
decode,10,241,0
decode,10,242,3
decode,10,243,0
decode,10,244,0
decode,10,245,0
decode,10,246,0
decode,10,247,0
decode,10,248,0
decode,10,249,0
decode,10,250,0
decode,10,251,0
decode,10,252,0
decode,10,253,0
decode,10,254,0
decode,10,255,0
decode,11,0,0
decode,11,1,0
decode,11,2,0
decode,11,3,0
decode,11,4,0
decode,11,5,0
decode,11,6,0
decode,11,7,0
decode,11,8,0
decode,11,9,0
decode,11,10,0
decode,11,11,0
decode,11,12,0
decode,11,13,0
decode,11,14,0
decode,11,15,0
decode,11,16,0
decode,11,17,0
decode,11,18,0
decode,11,19,0
decode,11,20,0
decode,11,21,0
decode,11,22,0
decode,11,23,0
decode,11,24,0
decode,11,25,0
decode,11,26,0
decode,11,27,0
decode,11,28,0
decode,11,29,0
decode,11,30,0
decode,11,31,0
decode,11,32,0
decode,11,33,0
decode,11,34,7
decode,11,35,0
decode,11,36,0
decode,11,37,0
decode,11,38,3
decode,11,39,0
decode,11,40,0
decode,11,41,0
decode,11,42,0
decode,11,43,0
decode,11,44,0
decode,11,45,0
decode,11,46,0
decode,11,47,0
decode,11,48,0
decode,11,49,0
decode,11,50,0
decode,11,51,0
decode,11,52,0
decode,11,53,0
decode,11,54,0
decode,11,55,0
decode,11,56,0
decode,11,57,0
decode,11,58,0
decode,11,59,0
decode,11,60,0
decode,11,61,0
decode,11,62,0
decode,11,63,0
decode,11,64,0
decode,11,65,0
decode,11,66,0
decode,11,67,1
decode,11,68,0
decode,11,69,0
decode,11,70,6
decode,11,71,0
decode,11,72,0
decode,11,73,0
decode,11,74,0
decode,11,75,0
decode,11,76,0
decode,11,77,0
decode,11,78,0
decode,11,79,0
decode,11,80,0
decode,11,81,0
decode,11,82,0
decode,11,83,0
decode,11,84,0
decode,11,85,0
decode,11,86,0
decode,11,87,0
decode,11,88,0
decode,11,89,0
decode,11,90,0
decode,11,91,0
decode,11,92,0
decode,11,93,0
decode,11,94,0
decode,11,95,0
decode,11,96,0
decode,11,97,0
decode,11,98,0
decode,11,99,0
decode,11,100,0
decode,11,101,0
decode,11,102,0
decode,11,103,0
decode,11,104,0
decode,11,105,0
decode,11,106,0
decode,11,107,0
decode,11,108,0
decode,11,109,5
decode,11,110,0
decode,11,111,0
decode,11,112,0
decode,11,113,0
decode,11,114,0
decode,11,115,0
decode,11,116,0
decode,11,117,0
decode,11,118,0
decode,11,119,0
decode,11,120,0
decode,11,121,0
decode,11,122,0
decode,11,123,0
decode,11,124,3
decode,11,125,0
decode,11,126,0
decode,11,127,0
decode,11,128,0
decode,11,129,0
decode,11,130,0
decode,11,131,0
decode,11,132,0
decode,11,133,0
decode,11,134,0
decode,11,135,0
decode,11,136,0
decode,11,137,0
decode,11,138,0
decode,11,139,0
decode,11,140,0
decode,11,141,0
decode,11,142,0
decode,11,143,0
decode,11,144,0
decode,11,145,0
decode,11,146,0
decode,11,147,0
decode,11,148,0
decode,11,149,0
decode,11,150,0
decode,11,151,0
decode,11,152,0
decode,11,153,0
decode,11,154,0
decode,11,155,0
decode,11,156,0
decode,11,157,0
decode,11,158,0
decode,11,159,7
decode,11,160,0
decode,11,161,0
decode,11,162,0
decode,11,163,0
decode,11,164,0
decode,11,165,0
decode,11,166,0
decode,11,167,0
decode,11,168,0
decode,11,169,0
decode,11,170,0
decode,11,171,0
decode,11,172,0
decode,11,173,0
decode,11,174,0
decode,11,175,0
decode,11,176,0
decode,11,177,0
decode,11,178,0
decode,11,179,0
decode,11,180,0
decode,11,181,0
decode,11,182,0
decode,11,183,0
decode,11,184,0
decode,11,185,0
decode,11,186,2
decode,11,187,0
decode,11,188,0
decode,11,189,0
decode,11,190,0
decode,11,191,0
decode,11,192,0
decode,11,193,0
decode,11,194,0
decode,11,195,0
decode,11,196,0
decode,11,197,0
decode,11,198,0
decode,11,199,0
decode,11,200,0
decode,11,201,0
decode,11,202,0
decode,11,203,0
decode,11,204,0
decode,11,205,0
decode,11,206,0
decode,11,207,0
decode,11,208,0
decode,11,209,1
decode,11,210,0
decode,11,211,0
decode,11,212,0
decode,11,213,0
decode,11,214,0
decode,11,215,0
decode,11,216,0
decode,11,217,0
decode,11,218,0
decode,11,219,0
decode,11,220,0
decode,11,221,0
decode,11,222,0
decode,11,223,0
decode,11,224,0
decode,11,225,0
decode,11,226,0
decode,11,227,0
decode,11,228,0
decode,11,229,0
decode,11,230,0
decode,11,231,0
decode,11,232,0
decode,11,233,0
decode,11,234,0
decode,11,235,0
decode,11,236,0
decode,11,237,0
decode,11,238,0
decode,11,239,0
decode,11,240,7
decode,11,241,0
decode,11,242,0
decode,11,243,0
decode,11,244,0
decode,11,245,0
decode,11,246,0
decode,11,247,0
decode,11,248,0
decode,11,249,0
decode,11,250,0
decode,11,251,0
decode,11,252,0
decode,11,253,0
decode,11,254,0
decode,11,255,0
decode,12,0,0
decode,12,1,0
decode,12,2,0
decode,12,3,0
decode,12,4,0
decode,12,5,0
decode,12,6,0
decode,12,7,0
decode,12,8,0
decode,12,9,0
decode,12,10,0
decode,12,11,0
decode,12,12,0
decode,12,13,0
decode,12,14,0
decode,12,15,0
decode,12,16,0
decode,12,17,0
decode,12,18,0
decode,12,19,0
decode,12,20,0
decode,12,21,0
decode,12,22,0
decode,12,23,0
decode,12,24,0
decode,12,25,0
decode,12,26,0
decode,12,27,0
decode,12,28,0
decode,12,29,0
decode,12,30,0
decode,12,31,0
decode,12,32,0
decode,12,33,1
decode,12,34,0
decode,12,35,0
decode,12,36,0
decode,12,37,0
decode,12,38,0
decode,12,39,0
decode,12,40,0
decode,12,41,0
decode,12,42,0
decode,12,43,4
decode,12,44,0
decode,12,45,0
decode,12,46,0
decode,12,47,0
decode,12,48,0
decode,12,49,0
decode,12,50,0
decode,12,51,0
decode,12,52,0
decode,12,53,0
decode,12,54,0
decode,12,55,0
decode,12,56,0
decode,12,57,0
decode,12,58,0
decode,12,59,0
decode,12,60,0
decode,12,61,0
decode,12,62,0
decode,12,63,0
decode,12,64,0
decode,12,65,0
decode,12,66,0
decode,12,67,0
decode,12,68,0
decode,12,69,0
decode,12,70,0
decode,12,71,0
decode,12,72,0
decode,12,73,0
decode,12,74,0
decode,12,75,0
decode,12,76,0
decode,12,77,0
decode,12,78,0
decode,12,79,0
decode,12,80,0
decode,12,81,0
decode,12,82,0
decode,12,83,0
decode,12,84,0
decode,12,85,0
decode,12,86,0
decode,12,87,0
decode,12,88,0
decode,12,89,0
decode,12,90,0
decode,12,91,0
decode,12,92,0
decode,12,93,0
decode,12,94,0
decode,12,95,0
decode,12,96,0
decode,12,97,0
decode,12,98,0
decode,12,99,0
decode,12,100,0
decode,12,101,0
decode,12,102,0
decode,12,103,0
decode,12,104,0
decode,12,105,1
decode,12,106,0
decode,12,107,0
decode,12,108,0
decode,12,109,0
decode,12,110,0
decode,12,111,0
decode,12,112,0
decode,12,113,0
decode,12,114,0
decode,12,115,0
decode,12,116,0
decode,12,117,0
decode,12,118,0
decode,12,119,0
decode,12,120,0
decode,12,121,0
decode,12,122,0
decode,12,123,0
decode,12,124,7
decode,12,125,0
decode,12,126,0
decode,12,127,0
decode,12,128,0
decode,12,129,0
decode,12,130,0
decode,12,131,0
decode,12,132,0
decode,12,133,3
decode,12,134,0
decode,12,135,0
decode,12,136,0
decode,12,137,0
decode,12,138,0
decode,12,139,0
decode,12,140,0
decode,12,141,0
decode,12,142,0
decode,12,143,0
decode,12,144,0
decode,12,145,0
decode,12,146,0
decode,12,147,0
decode,12,148,0
decode,12,149,0
decode,12,150,0
decode,12,151,0
decode,12,152,0
decode,12,153,0
decode,12,154,7
decode,12,155,0
decode,12,156,0
decode,12,157,0
decode,12,158,0
decode,12,159,0
decode,12,160,0
decode,12,161,0
decode,12,162,0
decode,12,163,0
decode,12,164,3
decode,12,165,0
decode,12,166,0
decode,12,167,0
decode,12,168,0
decode,12,169,0
decode,12,170,0
decode,12,171,0
decode,12,172,0
decode,12,173,0
decode,12,174,0
decode,12,175,0
decode,12,176,0
decode,12,177,0
decode,12,178,0
decode,12,179,0
decode,12,180,0
decode,12,181,0
decode,12,182,0
decode,12,183,0
decode,12,184,0
decode,12,185,0
decode,12,186,0
decode,12,187,1
decode,12,188,0
decode,12,189,2
decode,12,190,0
decode,12,191,0
decode,12,192,0
decode,12,193,0
decode,12,194,0
decode,12,195,0
decode,12,196,0
decode,12,197,0
decode,12,198,0
decode,12,199,0
decode,12,200,0
decode,12,201,0
decode,12,202,0
decode,12,203,0
decode,12,204,0
decode,12,205,0
decode,12,206,0
decode,12,207,0
decode,12,208,0
decode,12,209,0
decode,12,210,0
decode,12,211,0
decode,12,212,0
decode,12,213,0
decode,12,214,0
decode,12,215,0
decode,12,216,0
decode,12,217,0
decode,12,218,0
decode,12,219,0
decode,12,220,0
decode,12,221,0
decode,12,222,0
decode,12,223,0
decode,12,224,0
decode,12,225,0
decode,12,226,0
decode,12,227,0
decode,12,228,7
decode,12,229,0
decode,12,230,0
decode,12,231,0
decode,12,232,0
decode,12,233,0
decode,12,234,0
decode,12,235,0
decode,12,236,0
decode,12,237,0
decode,12,238,0
decode,12,239,0
decode,12,240,0
decode,12,241,0
decode,12,242,0
decode,12,243,0
decode,12,244,6
decode,12,245,0
decode,12,246,0
decode,12,247,0
decode,12,248,0
decode,12,249,0
decode,12,250,0
decode,12,251,0
decode,12,252,0
decode,12,253,0
decode,12,254,0
decode,12,255,0
decode,13,0,0
decode,13,1,0
decode,13,2,0
decode,13,3,0
decode,13,4,0
decode,13,5,0
decode,13,6,0
decode,13,7,0
decode,13,8,0
decode,13,9,2
decode,13,10,0
decode,13,11,0
decode,13,12,0
decode,13,13,0
decode,13,14,0
decode,13,15,0
decode,13,16,0
decode,13,17,0
decode,13,18,0
decode,13,19,7
decode,13,20,0
decode,13,21,0
decode,13,22,0
decode,13,23,0
decode,13,24,0
decode,13,25,0
decode,13,26,0
decode,13,27,0
decode,13,28,0
decode,13,29,0
decode,13,30,0
decode,13,31,0
decode,13,32,0
decode,13,33,0
decode,13,34,0
decode,13,35,0
decode,13,36,0
decode,13,37,0
decode,13,38,0
decode,13,39,0
decode,13,40,0
decode,13,41,0
decode,13,42,0
decode,13,43,0
decode,13,44,0
decode,13,45,0
decode,13,46,0
decode,13,47,0
decode,13,48,0
decode,13,49,0
decode,13,50,0
decode,13,51,0
decode,13,52,0
decode,13,53,0
decode,13,54,0
decode,13,55,0
decode,13,56,0
decode,13,57,0
decode,13,58,0
decode,13,59,7
decode,13,60,0
decode,13,61,0
decode,13,62,0
decode,13,63,0
decode,13,64,0
decode,13,65,0
decode,13,66,0
decode,13,67,0
decode,13,68,0
decode,13,69,0
decode,13,70,0
decode,13,71,0
decode,13,72,7
decode,13,73,0
decode,13,74,0
decode,13,75,0
decode,13,76,0
decode,13,77,0
decode,13,78,0
decode,13,79,0
decode,13,80,0
decode,13,81,0
decode,13,82,0
decode,13,83,0
decode,13,84,0
decode,13,85,0
decode,13,86,0
decode,13,87,0
decode,13,88,0
decode,13,89,0
decode,13,90,0
decode,13,91,0
decode,13,92,0
decode,13,93,0
decode,13,94,0
decode,13,95,0
decode,13,96,0
decode,13,97,0
decode,13,98,0
decode,13,99,0
decode,13,100,0
decode,13,101,0
decode,13,102,0
decode,13,103,0
decode,13,104,0
decode,13,105,0
decode,13,106,0
decode,13,107,6
decode,13,108,0
decode,13,109,0
decode,13,110,0
decode,13,111,0
decode,13,112,0
decode,13,113,0
decode,13,114,0
decode,13,115,0
decode,13,116,0
decode,13,117,0
decode,13,118,0
decode,13,119,0
decode,13,120,0
decode,13,121,0
decode,13,122,0
decode,13,123,0
decode,13,124,0
decode,13,125,0
decode,13,126,0
decode,13,127,0
decode,13,128,0
decode,13,129,0
decode,13,130,0
decode,13,131,0
decode,13,132,0
decode,13,133,0
decode,13,134,0
decode,13,135,0
decode,13,136,0
decode,13,137,0
decode,13,138,0
decode,13,139,0
decode,13,140,0
decode,13,141,0
decode,13,142,0
decode,13,143,0
decode,13,144,0
decode,13,145,0
decode,13,146,0
decode,13,147,0
decode,13,148,5
decode,13,149,0
decode,13,150,0
decode,13,151,0
decode,13,152,0
decode,13,153,0
decode,13,154,0
decode,13,155,0
decode,13,156,0
decode,13,157,0
decode,13,158,0
decode,13,159,0
decode,13,160,0
decode,13,161,0
decode,13,162,0
decode,13,163,0
decode,13,164,0
decode,13,165,0
decode,13,166,0
decode,13,167,0
decode,13,168,0
decode,13,169,0
decode,13,170,0
decode,13,171,0
decode,13,172,0
decode,13,173,0
decode,13,174,0
decode,13,175,0
decode,13,176,0
decode,13,177,0
decode,13,178,0
decode,13,179,4
decode,13,180,0
decode,13,181,0
decode,13,182,0
decode,13,183,3
decode,13,184,0
decode,13,185,0
decode,13,186,0
decode,13,187,0
decode,13,188,0
decode,13,189,0
decode,13,190,0
decode,13,191,0
decode,13,192,0
decode,13,193,0
decode,13,194,0
decode,13,195,0
decode,13,196,0
decode,13,197,0
decode,13,198,0
decode,13,199,0
decode,13,200,0
decode,13,201,0
decode,13,202,0
decode,13,203,0
decode,13,204,0
decode,13,205,0
decode,13,206,0
decode,13,207,0
decode,13,208,0
decode,13,209,0
decode,13,210,0
decode,13,211,0
decode,13,212,0
decode,13,213,0
decode,13,214,0
decode,13,215,0
decode,13,216,0
decode,13,217,0
decode,13,218,0
decode,13,219,0
decode,13,220,0
decode,13,221,0
decode,13,222,0
decode,13,223,0
decode,13,224,0
decode,13,225,0
decode,13,226,0
decode,13,227,0
decode,13,228,0
decode,13,229,0
decode,13,230,0
decode,13,231,0
decode,13,232,0
decode,13,233,0
decode,13,234,0
decode,13,235,0
decode,13,236,0
decode,13,237,0
decode,13,238,0
decode,13,239,0
decode,13,240,0
decode,13,241,0
decode,13,242,0
decode,13,243,0
decode,13,244,0
decode,13,245,0
decode,13,246,0
decode,13,247,0
decode,13,248,1
decode,13,249,0
decode,13,250,0
decode,13,251,0
decode,13,252,0
decode,13,253,0
decode,13,254,0
decode,13,255,0
decode,14,0,0
decode,14,1,0
decode,14,2,0
decode,14,3,0
decode,14,4,1
decode,14,5,0
decode,14,6,0
decode,14,7,0
decode,14,8,0
decode,14,9,0
decode,14,10,0
decode,14,11,0
decode,14,12,0
decode,14,13,0
decode,14,14,0
decode,14,15,0
decode,14,16,0
decode,14,17,0
decode,14,18,0
decode,14,19,0
decode,14,20,0
decode,14,21,0
decode,14,22,0
decode,14,23,0
decode,14,24,0
decode,14,25,0
decode,14,26,0
decode,14,27,0
decode,14,28,0
decode,14,29,0
decode,14,30,0
decode,14,31,0
decode,14,32,0
decode,14,33,0
decode,14,34,0
decode,14,35,0
decode,14,36,0
decode,14,37,0
decode,14,38,0
decode,14,39,0
decode,14,40,0
decode,14,41,0
decode,14,42,0
decode,14,43,0
decode,14,44,0
decode,14,45,0
decode,14,46,0
decode,14,47,0
decode,14,48,0
decode,14,49,0
decode,14,50,0
decode,14,51,0
decode,14,52,0
decode,14,53,0
decode,14,54,0
decode,14,55,0
decode,14,56,0
decode,14,57,0
decode,14,58,0
decode,14,59,3
decode,14,60,0
decode,14,61,1
decode,14,62,0
decode,14,63,0
decode,14,64,0
decode,14,65,0
decode,14,66,0
decode,14,67,0
decode,14,68,0
decode,14,69,0
decode,14,70,0
decode,14,71,0
decode,14,72,0
decode,14,73,0
decode,14,74,0
decode,14,75,0
decode,14,76,0
decode,14,77,0
decode,14,78,0
decode,14,79,0
decode,14,80,0
decode,14,81,0
decode,14,82,0
decode,14,83,7
decode,14,84,0
decode,14,85,0
decode,14,86,0
decode,14,87,0
decode,14,88,0
decode,14,89,0
decode,14,90,0
decode,14,91,0
decode,14,92,0
decode,14,93,0
decode,14,94,0
decode,14,95,0
decode,14,96,0
decode,14,97,0
decode,14,98,0
decode,14,99,0
decode,14,100,0
decode,14,101,0
decode,14,102,0
decode,14,103,0
decode,14,104,0
decode,14,105,0
decode,14,106,0
decode,14,107,0
decode,14,108,1
decode,14,109,0
decode,14,110,0
decode,14,111,0
decode,14,112,0
decode,14,113,0
decode,14,114,0
decode,14,115,0
decode,14,116,0
decode,14,117,0
decode,14,118,0
decode,14,119,0
decode,14,120,0
decode,14,121,0
decode,14,122,2
decode,14,123,0
decode,14,124,0
decode,14,125,0
decode,14,126,0
decode,14,127,0
decode,14,128,0
decode,14,129,0
decode,14,130,0
decode,14,131,0
decode,14,132,0
decode,14,133,0
decode,14,134,0
decode,14,135,0
decode,14,136,0
decode,14,137,0
decode,14,138,2
decode,14,139,0
decode,14,140,0
decode,14,141,0
decode,14,142,0
decode,14,143,0
decode,14,144,0
decode,14,145,0
decode,14,146,0
decode,14,147,0
decode,14,148,0
decode,14,149,0
decode,14,150,0
decode,14,151,2
decode,14,152,0
decode,14,153,0
decode,14,154,0
decode,14,155,0
decode,14,156,0
decode,14,157,0
decode,14,158,0
decode,14,159,0
decode,14,160,0
decode,14,161,0
decode,14,162,0
decode,14,163,0
decode,14,164,0
decode,14,165,0
decode,14,166,0
decode,14,167,0
decode,14,168,0
decode,14,169,0
decode,14,170,0
decode,14,171,0
decode,14,172,0
decode,14,173,4
decode,14,174,0
decode,14,175,0
decode,14,176,0
decode,14,177,0
decode,14,178,0
decode,14,179,0
decode,14,180,0
decode,14,181,0
decode,14,182,0
decode,14,183,0
decode,14,184,0
decode,14,185,0
decode,14,186,0
decode,14,187,0
decode,14,188,5
decode,14,189,0
decode,14,190,0
decode,14,191,0
decode,14,192,0
decode,14,193,0
decode,14,194,0
decode,14,195,0
decode,14,196,0
decode,14,197,7
decode,14,198,0
decode,14,199,0
decode,14,200,7
decode,14,201,0
decode,14,202,0
decode,14,203,0
decode,14,204,0
decode,14,205,0
decode,14,206,0
decode,14,207,0
decode,14,208,0
decode,14,209,0
decode,14,210,0
decode,14,211,0
decode,14,212,0
decode,14,213,0
decode,14,214,0
decode,14,215,0
decode,14,216,0
decode,14,217,0
decode,14,218,0
decode,14,219,0
decode,14,220,0
decode,14,221,0
decode,14,222,0
decode,14,223,0
decode,14,224,0
decode,14,225,0
decode,14,226,0
decode,14,227,0
decode,14,228,0
decode,14,229,0
decode,14,230,0
decode,14,231,0
decode,14,232,0
decode,14,233,0
decode,14,234,0
decode,14,235,0
decode,14,236,0
decode,14,237,0
decode,14,238,0
decode,14,239,0
decode,14,240,0
decode,14,241,0
decode,14,242,0
decode,14,243,0
decode,14,244,0
decode,14,245,0
decode,14,246,0
decode,14,247,0
decode,14,248,0
decode,14,249,0
decode,14,250,0
decode,14,251,0
decode,14,252,0
decode,14,253,0
decode,14,254,0
decode,14,255,0
decode,15,0,0
decode,15,1,0
decode,15,2,0
decode,15,3,0
decode,15,4,0
decode,15,5,1
decode,15,6,0
decode,15,7,0
decode,15,8,0
decode,15,9,0
decode,15,10,0
decode,15,11,0
decode,15,12,0
decode,15,13,0
decode,15,14,0
decode,15,15,0
decode,15,16,0
decode,15,17,0
decode,15,18,0
decode,15,19,0
decode,15,20,0
decode,15,21,0
decode,15,22,0
decode,15,23,0
decode,15,24,0
decode,15,25,0
decode,15,26,0
decode,15,27,1
decode,15,28,0
decode,15,29,0
decode,15,30,0
decode,15,31,0
decode,15,32,0
decode,15,33,0
decode,15,34,0
decode,15,35,0
decode,15,36,0
decode,15,37,0
decode,15,38,0
decode,15,39,0
decode,15,40,0
decode,15,41,0
decode,15,42,0
decode,15,43,0
decode,15,44,0
decode,15,45,0
decode,15,46,0
decode,15,47,0
decode,15,48,0
decode,15,49,0
decode,15,50,0
decode,15,51,0
decode,15,52,0
decode,15,53,0
decode,15,54,0
decode,15,55,0
decode,15,56,0
decode,15,57,0
decode,15,58,0
decode,15,59,0
decode,15,60,0
decode,15,61,0
decode,15,62,0
decode,15,63,0
decode,15,64,0
decode,15,65,0
decode,15,66,3
decode,15,67,0
decode,15,68,0
decode,15,69,0
decode,15,70,0
decode,15,71,0
decode,15,72,0
decode,15,73,0
decode,15,74,0
decode,15,75,0
decode,15,76,0
decode,15,77,0
decode,15,78,0
decode,15,79,0
decode,15,80,0
decode,15,81,0
decode,15,82,0
decode,15,83,2
decode,15,84,0
decode,15,85,0
decode,15,86,0
decode,15,87,0
decode,15,88,0
decode,15,89,0
decode,15,90,3
decode,15,91,0
decode,15,92,2
decode,15,93,0
decode,15,94,0
decode,15,95,0
decode,15,96,0
decode,15,97,0
decode,15,98,0
decode,15,99,0
decode,15,100,0
decode,15,101,0
decode,15,102,0
decode,15,103,0
decode,15,104,0
decode,15,105,0
decode,15,106,0
decode,15,107,2
decode,15,108,0
decode,15,109,0
decode,15,110,0
decode,15,111,0
decode,15,112,0
decode,15,113,0
decode,15,114,0
decode,15,115,0
decode,15,116,0
decode,15,117,0
decode,15,118,0
decode,15,119,0
decode,15,120,0
decode,15,121,4
decode,15,122,0
decode,15,123,0
decode,15,124,0
decode,15,125,0
decode,15,126,0
decode,15,127,0
decode,15,128,0
decode,15,129,0
decode,15,130,0
decode,15,131,0
decode,15,132,0
decode,15,133,0
decode,15,134,0
decode,15,135,0
decode,15,136,3
decode,15,137,0
decode,15,138,0
decode,15,139,0
decode,15,140,0
decode,15,141,0
decode,15,142,0
decode,15,143,0
decode,15,144,0
decode,15,145,0
decode,15,146,0
decode,15,147,0
decode,15,148,0
decode,15,149,0
decode,15,150,0
decode,15,151,0
decode,15,152,0
decode,15,153,0
decode,15,154,0
decode,15,155,0
decode,15,156,0
decode,15,157,7
decode,15,158,0
decode,15,159,0
decode,15,160,0
decode,15,161,0
decode,15,162,0
decode,15,163,0
decode,15,164,0
decode,15,165,0
decode,15,166,0
decode,15,167,0
decode,15,168,0
decode,15,169,0
decode,15,170,0
decode,15,171,0
decode,15,172,0
decode,15,173,0
decode,15,174,0
decode,15,175,0
decode,15,176,2
decode,15,177,0
decode,15,178,0
decode,15,179,0
decode,15,180,0
decode,15,181,0
decode,15,182,0
decode,15,183,0
decode,15,184,0
decode,15,185,0
decode,15,186,0
decode,15,187,0
decode,15,188,3
decode,15,189,0
decode,15,190,0
decode,15,191,0
decode,15,192,0
decode,15,193,0
decode,15,194,0
decode,15,195,0
decode,15,196,0
decode,15,197,0
decode,15,198,0
decode,15,199,0
decode,15,200,0
decode,15,201,0
decode,15,202,0
decode,15,203,0
decode,15,204,0
decode,15,205,0
decode,15,206,0
decode,15,207,0
decode,15,208,0
decode,15,209,0
decode,15,210,0
decode,15,211,0
decode,15,212,0
decode,15,213,0
decode,15,214,0
decode,15,215,0
decode,15,216,0
decode,15,217,0
decode,15,218,0
decode,15,219,0
decode,15,220,0
decode,15,221,0
decode,15,222,0
decode,15,223,0
decode,15,224,0
decode,15,225,3
decode,15,226,0
decode,15,227,0
decode,15,228,0
decode,15,229,0
decode,15,230,0
decode,15,231,0
decode,15,232,0
decode,15,233,0
decode,15,234,0
decode,15,235,0
decode,15,236,4
decode,15,237,0
decode,15,238,0
decode,15,239,0
decode,15,240,0
decode,15,241,0
decode,15,242,0
decode,15,243,0
decode,15,244,0
decode,15,245,0
decode,15,246,0
decode,15,247,0
decode,15,248,0
decode,15,249,0
decode,15,250,0
decode,15,251,0
decode,15,252,0
decode,15,253,0
decode,15,254,0
decode,15,255,2
decode,16,0,0
decode,16,1,0
decode,16,2,0
decode,16,3,3
decode,16,4,0
decode,16,5,0
decode,16,6,0
decode,16,7,0
decode,16,8,0
decode,16,9,2
decode,16,10,0
decode,16,11,0
decode,16,12,7
decode,16,13,0
decode,16,14,0
decode,16,15,0
decode,16,16,0
decode,16,17,0
decode,16,18,0
decode,16,19,0
decode,16,20,0
decode,16,21,0
decode,16,22,0
decode,16,23,0
decode,16,24,0
decode,16,25,3
decode,16,26,0
decode,16,27,0
decode,16,28,0
decode,16,29,0
decode,16,30,0
decode,16,31,0
decode,16,32,0
decode,16,33,0
decode,16,34,0
decode,16,35,0
decode,16,36,0
decode,16,37,0
decode,16,38,0
decode,16,39,0
decode,16,40,0
decode,16,41,0
decode,16,42,0
decode,16,43,0
decode,16,44,0
decode,16,45,0
decode,16,46,0
decode,16,47,0
decode,16,48,0
decode,16,49,0
decode,16,50,0
decode,16,51,0
decode,16,52,0
decode,16,53,0
decode,16,54,0
decode,16,55,0
decode,16,56,0
decode,16,57,0
decode,16,58,0
decode,16,59,0
decode,16,60,0
decode,16,61,0
decode,16,62,0
decode,16,63,0
decode,16,64,0
decode,16,65,0
decode,16,66,0
decode,16,67,0
decode,16,68,0
decode,16,69,0
decode,16,70,0
decode,16,71,0
decode,16,72,0
decode,16,73,0
decode,16,74,0
decode,16,75,0
decode,16,76,2
decode,16,77,0
decode,16,78,0
decode,16,79,0
decode,16,80,0
decode,16,81,3
decode,16,82,0
decode,16,83,0
decode,16,84,0
decode,16,85,0
decode,16,86,3
decode,16,87,0
decode,16,88,0
decode,16,89,0
decode,16,90,0
decode,16,91,0
decode,16,92,0
decode,16,93,0
decode,16,94,0
decode,16,95,0
decode,16,96,0
decode,16,97,0
decode,16,98,0
decode,16,99,0
decode,16,100,0
decode,16,101,0
decode,16,102,0
decode,16,103,0
decode,16,104,0
decode,16,105,0
decode,16,106,0
decode,16,107,0
decode,16,108,0
decode,16,109,0
decode,16,110,0
decode,16,111,0
decode,16,112,0
decode,16,113,0
decode,16,114,0
decode,16,115,0
decode,16,116,0
decode,16,117,0
decode,16,118,0
decode,16,119,0
decode,16,120,0
decode,16,121,0
decode,16,122,0
decode,16,123,0
decode,16,124,0
decode,16,125,0
decode,16,126,0
decode,16,127,0
decode,16,128,0
decode,16,129,0
decode,16,130,0
decode,16,131,0
decode,16,132,0
decode,16,133,0
decode,16,134,0
decode,16,135,0
decode,16,136,0
decode,16,137,0
decode,16,138,0
decode,16,139,0
decode,16,140,0
decode,16,141,0
decode,16,142,0
decode,16,143,0
decode,16,144,0
decode,16,145,0
decode,16,146,0
decode,16,147,0
decode,16,148,0
decode,16,149,0
decode,16,150,0
decode,16,151,0
decode,16,152,0
decode,16,153,0
decode,16,154,0
decode,16,155,0
decode,16,156,1
decode,16,157,0
decode,16,158,0
decode,16,159,0
decode,16,160,0
decode,16,161,0
decode,16,162,0
decode,16,163,0
decode,16,164,0
decode,16,165,0
decode,16,166,0
decode,16,167,0
decode,16,168,0
decode,16,169,0
decode,16,170,0
decode,16,171,0
decode,16,172,0
decode,16,173,0
decode,16,174,0
decode,16,175,7
decode,16,176,0
decode,16,177,0
decode,16,178,0
decode,16,179,0
decode,16,180,0
decode,16,181,0
decode,16,182,0
decode,16,183,0
decode,16,184,1
decode,16,185,0
decode,16,186,0
decode,16,187,0
decode,16,188,0
decode,16,189,0
decode,16,190,0
decode,16,191,0
decode,16,192,0
decode,16,193,0
decode,16,194,0
decode,16,195,0
decode,16,196,0
decode,16,197,0
decode,16,198,0
decode,16,199,0
decode,16,200,0
decode,16,201,0
decode,16,202,0
decode,16,203,0
decode,16,204,0
decode,16,205,0
decode,16,206,0
decode,16,207,0
decode,16,208,0
decode,16,209,0
decode,16,210,0
decode,16,211,0
decode,16,212,0
decode,16,213,0
decode,16,214,0
decode,16,215,0
decode,16,216,0
decode,16,217,0
decode,16,218,0
decode,16,219,0
decode,16,220,5
decode,16,221,3
decode,16,222,0
decode,16,223,0
decode,16,224,0
decode,16,225,0
decode,16,226,0
decode,16,227,0
decode,16,228,0
decode,16,229,0
decode,16,230,0
decode,16,231,0
decode,16,232,0
decode,16,233,0
decode,16,234,0
decode,16,235,0
decode,16,236,0
decode,16,237,0
decode,16,238,0
decode,16,239,0
decode,16,240,0
decode,16,241,0
decode,16,242,0
decode,16,243,0
decode,16,244,0
decode,16,245,0
decode,16,246,0
decode,16,247,0
decode,16,248,0
decode,16,249,0
decode,16,250,2
decode,16,251,0
decode,16,252,0
decode,16,253,0
decode,16,254,0
decode,16,255,0
decode,17,0,0
decode,17,1,0
decode,17,2,0
decode,17,3,0
decode,17,4,0
decode,17,5,0
decode,17,6,0
decode,17,7,0
decode,17,8,0
decode,17,9,0
decode,17,10,0
decode,17,11,0
decode,17,12,0
decode,17,13,0
decode,17,14,0
decode,17,15,0
decode,17,16,0
decode,17,17,0
decode,17,18,0
decode,17,19,0
decode,17,20,0
decode,17,21,0
decode,17,22,1
decode,17,23,0
decode,17,24,0
decode,17,25,0
decode,17,26,0
decode,17,27,0
decode,17,28,0
decode,17,29,0
decode,17,30,0
decode,17,31,1
decode,17,32,0
decode,17,33,2
decode,17,34,0
decode,17,35,0
decode,17,36,0
decode,17,37,0
decode,17,38,0
decode,17,39,0
decode,17,40,0
decode,17,41,0
decode,17,42,0
decode,17,43,0
decode,17,44,0
decode,17,45,0
decode,17,46,0
decode,17,47,0
decode,17,48,0
decode,17,49,0
decode,17,50,0
decode,17,51,0
decode,17,52,0
decode,17,53,7
decode,17,54,0
decode,17,55,0
decode,17,56,0
decode,17,57,0
decode,17,58,0
decode,17,59,0
decode,17,60,0
decode,17,61,0
decode,17,62,0
decode,17,63,0
decode,17,64,0
decode,17,65,0
decode,17,66,0
decode,17,67,0
decode,17,68,0
decode,17,69,0
decode,17,70,0
decode,17,71,0
decode,17,72,0
decode,17,73,0
decode,17,74,0
decode,17,75,0
decode,17,76,0
decode,17,77,0
decode,17,78,0
decode,17,79,0
decode,17,80,0
decode,17,81,0
decode,17,82,0
decode,17,83,1
decode,17,84,0
decode,17,85,0
decode,17,86,0
decode,17,87,0
decode,17,88,0
decode,17,89,0
decode,17,90,0
decode,17,91,0
decode,17,92,0
decode,17,93,0
decode,17,94,0
decode,17,95,0
decode,17,96,0
decode,17,97,0
decode,17,98,0
decode,17,99,0
decode,17,100,0
decode,17,101,0
decode,17,102,0
decode,17,103,0
decode,17,104,2
decode,17,105,0
decode,17,106,0
decode,17,107,0
decode,17,108,4
decode,17,109,0
decode,17,110,0
decode,17,111,0
decode,17,112,0
decode,17,113,0
decode,17,114,0
decode,17,115,0
decode,17,116,0
decode,17,117,0
decode,17,118,0
decode,17,119,0
decode,17,120,0
decode,17,121,0
decode,17,122,0
decode,17,123,0
decode,17,124,0
decode,17,125,0
decode,17,126,0
decode,17,127,0
decode,17,128,0
decode,17,129,0
decode,17,130,0
decode,17,131,0
decode,17,132,0
decode,17,133,0
decode,17,134,0
decode,17,135,0
decode,17,136,0
decode,17,137,0
decode,17,138,0
decode,17,139,0
decode,17,140,0
decode,17,141,0
decode,17,142,0
decode,17,143,0
decode,17,144,0
decode,17,145,2
decode,17,146,3
decode,17,147,0
decode,17,148,0
decode,17,149,0
decode,17,150,0
decode,17,151,0
decode,17,152,0
decode,17,153,0
decode,17,154,0
decode,17,155,0
decode,17,156,0
decode,17,157,0
decode,17,158,0
decode,17,159,0
decode,17,160,0
decode,17,161,0
decode,17,162,0
decode,17,163,0
decode,17,164,0
decode,17,165,0
decode,17,166,0
decode,17,167,0
decode,17,168,0
decode,17,169,0
decode,17,170,0
decode,17,171,0
decode,17,172,0
decode,17,173,0
decode,17,174,0
decode,17,175,0
decode,17,176,0
decode,17,177,0
decode,17,178,0
decode,17,179,0
decode,17,180,0
decode,17,181,0
decode,17,182,0
decode,17,183,0
decode,17,184,0
decode,17,185,0
decode,17,186,0
decode,17,187,0
decode,17,188,0
decode,17,189,0
decode,17,190,0
decode,17,191,0
decode,17,192,0
decode,17,193,0
decode,17,194,0
decode,17,195,0
decode,17,196,7
decode,17,197,1
decode,17,198,0
decode,17,199,0
decode,17,200,0
decode,17,201,0
decode,17,202,0
decode,17,203,0
decode,17,204,0
decode,17,205,0
decode,17,206,0
decode,17,207,0
decode,17,208,0
decode,17,209,0
decode,17,210,0
decode,17,211,0
decode,17,212,0
decode,17,213,0
decode,17,214,0
decode,17,215,0
decode,17,216,0
decode,17,217,0
decode,17,218,0
decode,17,219,0
decode,17,220,0
decode,17,221,0
decode,17,222,0
decode,17,223,0
decode,17,224,0
decode,17,225,0
decode,17,226,0
decode,17,227,0
decode,17,228,0
decode,17,229,0
decode,17,230,0
decode,17,231,6
decode,17,232,0
decode,17,233,0
decode,17,234,0
decode,17,235,0
decode,17,236,0
decode,17,237,0
decode,17,238,0
decode,17,239,0
decode,17,240,0
decode,17,241,0
decode,17,242,0
decode,17,243,0
decode,17,244,0
decode,17,245,0
decode,17,246,0
decode,17,247,2
decode,17,248,0
decode,17,249,0
decode,17,250,0
decode,17,251,3
decode,17,252,0
decode,17,253,0
decode,17,254,0
decode,17,255,0
decode,18,0,0
decode,18,1,0
decode,18,2,0
decode,18,3,0
decode,18,4,0
decode,18,5,0
decode,18,6,0
decode,18,7,0
decode,18,8,0
decode,18,9,0
decode,18,10,0
decode,18,11,0
decode,18,12,0
decode,18,13,0
decode,18,14,0
decode,18,15,0
decode,18,16,0
decode,18,17,0
decode,18,18,0
decode,18,19,0
decode,18,20,0
decode,18,21,0
decode,18,22,0
decode,18,23,0
decode,18,24,0
decode,18,25,0
decode,18,26,0
decode,18,27,0
decode,18,28,0
decode,18,29,0
decode,18,30,0
decode,18,31,0
decode,18,32,0
decode,18,33,0
decode,18,34,0
decode,18,35,1
decode,18,36,1
decode,18,37,0
decode,18,38,0
decode,18,39,0
decode,18,40,0
decode,18,41,0
decode,18,42,0
decode,18,43,0
decode,18,44,0
decode,18,45,0
decode,18,46,0
decode,18,47,0
decode,18,48,0
decode,18,49,0
decode,18,50,0
decode,18,51,0
decode,18,52,0
decode,18,53,0
decode,18,54,0
decode,18,55,0
decode,18,56,0
decode,18,57,0
decode,18,58,0
decode,18,59,0
decode,18,60,0
decode,18,61,0
decode,18,62,0
decode,18,63,0
decode,18,64,2
decode,18,65,0
decode,18,66,0
decode,18,67,0
decode,18,68,0
decode,18,69,0
decode,18,70,0
decode,18,71,0
decode,18,72,0
decode,18,73,0
decode,18,74,0
decode,18,75,1
decode,18,76,0
decode,18,77,0
decode,18,78,0
decode,18,79,0
decode,18,80,0
decode,18,81,0
decode,18,82,0
decode,18,83,0
decode,18,84,0
decode,18,85,0
decode,18,86,0
decode,18,87,0
decode,18,88,0
decode,18,89,5
decode,18,90,0
decode,18,91,0
decode,18,92,0
decode,18,93,0
decode,18,94,0
decode,18,95,0
decode,18,96,5
decode,18,97,0
decode,18,98,0
decode,18,99,0
decode,18,100,0
decode,18,101,0
decode,18,102,0
decode,18,103,1
decode,18,104,0
decode,18,105,0
decode,18,106,0
decode,18,107,0
decode,18,108,0
decode,18,109,0
decode,18,110,0
decode,18,111,0
decode,18,112,0
decode,18,113,0
decode,18,114,0
decode,18,115,0
decode,18,116,2
decode,18,117,0
decode,18,118,0
decode,18,119,0
decode,18,120,0
decode,18,121,0
decode,18,122,0
decode,18,123,0
decode,18,124,0
decode,18,125,0
decode,18,126,0
decode,18,127,0
decode,18,128,0
decode,18,129,0
decode,18,130,0
decode,18,131,0
decode,18,132,0
decode,18,133,0
decode,18,134,0
decode,18,135,0
decode,18,136,0
decode,18,137,0
decode,18,138,0
decode,18,139,1
decode,18,140,0
decode,18,141,0
decode,18,142,0
decode,18,143,0
decode,18,144,0
decode,18,145,0
decode,18,146,0
decode,18,147,0
decode,18,148,0
decode,18,149,0
decode,18,150,0
decode,18,151,0
decode,18,152,0
decode,18,153,2
decode,18,154,0
decode,18,155,0
decode,18,156,0
decode,18,157,0
decode,18,158,0
decode,18,159,3
decode,18,160,0
decode,18,161,6
decode,18,162,0
decode,18,163,0
decode,18,164,0
decode,18,165,0
decode,18,166,0
decode,18,167,0
decode,18,168,0
decode,18,169,0
decode,18,170,0
decode,18,171,0
decode,18,172,0
decode,18,173,0
decode,18,174,0
decode,18,175,0
decode,18,176,0
decode,18,177,0
decode,18,178,0
decode,18,179,0
decode,18,180,0
decode,18,181,0
decode,18,182,0
decode,18,183,6
decode,18,184,0
decode,18,185,0
decode,18,186,0
decode,18,187,0
decode,18,188,0
decode,18,189,0
decode,18,190,0
decode,18,191,0
decode,18,192,0
decode,18,193,0
decode,18,194,0
decode,18,195,0
decode,18,196,0
decode,18,197,0
decode,18,198,3
decode,18,199,0
decode,18,200,0
decode,18,201,0
decode,18,202,0
decode,18,203,0
decode,18,204,0
decode,18,205,0
decode,18,206,0
decode,18,207,0
decode,18,208,3
decode,18,209,0
decode,18,210,0
decode,18,211,0
decode,18,212,0
decode,18,213,0
decode,18,214,0
decode,18,215,0
decode,18,216,0
decode,18,217,0
decode,18,218,0
decode,18,219,0
decode,18,220,0
decode,18,221,0
decode,18,222,0
decode,18,223,0
decode,18,224,0
decode,18,225,0
decode,18,226,0
decode,18,227,0
decode,18,228,0
decode,18,229,0
decode,18,230,0
decode,18,231,0
decode,18,232,0
decode,18,233,0
decode,18,234,0
decode,18,235,0
decode,18,236,0
decode,18,237,0
decode,18,238,0
decode,18,239,0
decode,18,240,0
decode,18,241,0
decode,18,242,0
decode,18,243,0
decode,18,244,0
decode,18,245,0
decode,18,246,0
decode,18,247,0
decode,18,248,0
decode,18,249,0
decode,18,250,0
decode,18,251,0
decode,18,252,0
decode,18,253,0
decode,18,254,0
decode,18,255,0
decode,19,0,0
decode,19,1,0
decode,19,2,0
decode,19,3,0
decode,19,4,0
decode,19,5,0
decode,19,6,0
decode,19,7,0
decode,19,8,0
decode,19,9,0
decode,19,10,0
decode,19,11,0
decode,19,12,0
decode,19,13,0
decode,19,14,0
decode,19,15,0
decode,19,16,3
decode,19,17,0
decode,19,18,0
decode,19,19,0
decode,19,20,0
decode,19,21,0
decode,19,22,0
decode,19,23,0
decode,19,24,0
decode,19,25,0
decode,19,26,0
decode,19,27,0
decode,19,28,0
decode,19,29,0
decode,19,30,0
decode,19,31,0
decode,19,32,0
decode,19,33,0
decode,19,34,0
decode,19,35,0
decode,19,36,0
decode,19,37,0
decode,19,38,1
decode,19,39,0
decode,19,40,0
decode,19,41,0
decode,19,42,0
decode,19,43,0
decode,19,44,0
decode,19,45,0
decode,19,46,0
decode,19,47,1
decode,19,48,0
decode,19,49,0
decode,19,50,0
decode,19,51,0
decode,19,52,0
decode,19,53,0
decode,19,54,0
decode,19,55,0
decode,19,56,0
decode,19,57,7
decode,19,58,0
decode,19,59,0
decode,19,60,0
decode,19,61,0
decode,19,62,0
decode,19,63,0
decode,19,64,0
decode,19,65,0
decode,19,66,0
decode,19,67,0
decode,19,68,0
decode,19,69,0
decode,19,70,2
decode,19,71,0
decode,19,72,0
decode,19,73,0
decode,19,74,0
decode,19,75,0
decode,19,76,0
decode,19,77,0
decode,19,78,0
decode,19,79,0
decode,19,80,0
decode,19,81,0
decode,19,82,0
decode,19,83,0
decode,19,84,0
decode,19,85,0
decode,19,86,0
decode,19,87,0
decode,19,88,0
decode,19,89,0
decode,19,90,0
decode,19,91,0
decode,19,92,0
decode,19,93,0
decode,19,94,0
decode,19,95,0
decode,19,96,0
decode,19,97,0
decode,19,98,0
decode,19,99,3
decode,19,100,0
decode,19,101,0
decode,19,102,0
decode,19,103,0
decode,19,104,0
decode,19,105,0
decode,19,106,0
decode,19,107,1
decode,19,108,0
decode,19,109,0
decode,19,110,0
decode,19,111,0
decode,19,112,0
decode,19,113,0
decode,19,114,0
decode,19,115,0
decode,19,116,0
decode,19,117,0
decode,19,118,0
decode,19,119,0
decode,19,120,0
decode,19,121,0
decode,19,122,0
decode,19,123,0
decode,19,124,0
decode,19,125,0
decode,19,126,0
decode,19,127,0
decode,19,128,0
decode,19,129,0
decode,19,130,0
decode,19,131,0
decode,19,132,0
decode,19,133,0
decode,19,134,0
decode,19,135,0
decode,19,136,0
decode,19,137,0
decode,19,138,0
decode,19,139,0
decode,19,140,0
decode,19,141,0
decode,19,142,0
decode,19,143,0
decode,19,144,0
decode,19,145,0
decode,19,146,0
decode,19,147,0
decode,19,148,0
decode,19,149,0
decode,19,150,0
decode,19,151,0
decode,19,152,0
decode,19,153,0
decode,19,154,0
decode,19,155,0
decode,19,156,0
decode,19,157,0
decode,19,158,0
decode,19,159,0
decode,19,160,0
decode,19,161,0
decode,19,162,0
decode,19,163,0
decode,19,164,0
decode,19,165,0
decode,19,166,0
decode,19,167,0
decode,19,168,0
decode,19,169,0
decode,19,170,0
decode,19,171,0
decode,19,172,0
decode,19,173,0
decode,19,174,0
decode,19,175,0
decode,19,176,5
decode,19,177,0
decode,19,178,0
decode,19,179,0
decode,19,180,5
decode,19,181,0
decode,19,182,0
decode,19,183,0
decode,19,184,0
decode,19,185,0
decode,19,186,0
decode,19,187,0
decode,19,188,0
decode,19,189,0
decode,19,190,0
decode,19,191,0
decode,19,192,0
decode,19,193,2
decode,19,194,0
decode,19,195,0
decode,19,196,0
decode,19,197,0
decode,19,198,0
decode,19,199,0
decode,19,200,5
decode,19,201,0
decode,19,202,0
decode,19,203,0
decode,19,204,0
decode,19,205,0
decode,19,206,0
decode,19,207,0
decode,19,208,0
decode,19,209,0
decode,19,210,0
decode,19,211,0
decode,19,212,0
decode,19,213,0
decode,19,214,0
decode,19,215,0
decode,19,216,0
decode,19,217,0
decode,19,218,0
decode,19,219,0
decode,19,220,0
decode,19,221,0
decode,19,222,0
decode,19,223,0
decode,19,224,0
decode,19,225,0
decode,19,226,0
decode,19,227,0
decode,19,228,0
decode,19,229,0
decode,19,230,0
decode,19,231,0
decode,19,232,3
decode,19,233,0
decode,19,234,2
decode,19,235,0
decode,19,236,0
decode,19,237,0
decode,19,238,0
decode,19,239,0
decode,19,240,0
decode,19,241,2
decode,19,242,0
decode,19,243,0
decode,19,244,0
decode,19,245,0
decode,19,246,0
decode,19,247,0
decode,19,248,0
decode,19,249,0
decode,19,250,0
decode,19,251,0
decode,19,252,0
decode,19,253,0
decode,19,254,0
decode,19,255,0
decode,20,0,0
decode,20,1,0
decode,20,2,0
decode,20,3,0
decode,20,4,0
decode,20,5,0
decode,20,6,0
decode,20,7,0
decode,20,8,0
decode,20,9,0
decode,20,10,0
decode,20,11,0
decode,20,12,0
decode,20,13,0
decode,20,14,0
decode,20,15,0
decode,20,16,0
decode,20,17,0
decode,20,18,2
decode,20,19,0
decode,20,20,0
decode,20,21,0
decode,20,22,0
decode,20,23,0
decode,20,24,0
decode,20,25,0
decode,20,26,0
decode,20,27,0
decode,20,28,0
decode,20,29,0
decode,20,30,0
decode,20,31,0
decode,20,32,0
decode,20,33,0
decode,20,34,0
decode,20,35,0
decode,20,36,0
decode,20,37,0
decode,20,38,0
decode,20,39,0
decode,20,40,0
decode,20,41,0
decode,20,42,0
decode,20,43,0
decode,20,44,0
decode,20,45,0
decode,20,46,0
decode,20,47,0
decode,20,48,0
decode,20,49,0
decode,20,50,0
decode,20,51,0
decode,20,52,0
decode,20,53,0
decode,20,54,5
decode,20,55,0
decode,20,56,0
decode,20,57,0
decode,20,58,0
decode,20,59,0
decode,20,60,0
decode,20,61,2
decode,20,62,0
decode,20,63,0
decode,20,64,0
decode,20,65,0
decode,20,66,0
decode,20,67,0
decode,20,68,0
decode,20,69,0
decode,20,70,0
decode,20,71,0
decode,20,72,0
decode,20,73,0
decode,20,74,0
decode,20,75,0
decode,20,76,0
decode,20,77,0
decode,20,78,0
decode,20,79,0
decode,20,80,0
decode,20,81,0
decode,20,82,0
decode,20,83,0
decode,20,84,0
decode,20,85,1
decode,20,86,0
decode,20,87,0
decode,20,88,0
decode,20,89,0
decode,20,90,0
decode,20,91,0
decode,20,92,0
decode,20,93,0
decode,20,94,0
decode,20,95,0
decode,20,96,0
decode,20,97,0
decode,20,98,0
decode,20,99,0
decode,20,100,0
decode,20,101,0
decode,20,102,2
decode,20,103,0
decode,20,104,0
decode,20,105,0
decode,20,106,0
decode,20,107,0
decode,20,108,0
decode,20,109,0
decode,20,110,0
decode,20,111,0
decode,20,112,0
decode,20,113,0
decode,20,114,0
decode,20,115,0
decode,20,116,0
decode,20,117,0
decode,20,118,0
decode,20,119,0
decode,20,120,0
decode,20,121,0
decode,20,122,0
decode,20,123,0
decode,20,124,0
decode,20,125,0
decode,20,126,0
decode,20,127,0
decode,20,128,1
decode,20,129,0
decode,20,130,3
decode,20,131,3
decode,20,132,0
decode,20,133,0
decode,20,134,0
decode,20,135,0
decode,20,136,0
decode,20,137,0
decode,20,138,2
decode,20,139,0
decode,20,140,0
decode,20,141,0
decode,20,142,0
decode,20,143,0
decode,20,144,0
decode,20,145,0
decode,20,146,0
decode,20,147,0
decode,20,148,0
decode,20,149,4
decode,20,150,0
decode,20,151,1
decode,20,152,0
decode,20,153,0
decode,20,154,0
decode,20,155,0
decode,20,156,0
decode,20,157,0
decode,20,158,0
decode,20,159,0
decode,20,160,0
decode,20,161,0
decode,20,162,0
decode,20,163,0
decode,20,164,0
decode,20,165,0
decode,20,166,0
decode,20,167,0
decode,20,168,0
decode,20,169,0
decode,20,170,0
decode,20,171,0
decode,20,172,0
decode,20,173,0
decode,20,174,0
decode,20,175,0
decode,20,176,0
decode,20,177,0
decode,20,178,0
decode,20,179,0
decode,20,180,0
decode,20,181,0
decode,20,182,0
decode,20,183,0
decode,20,184,0
decode,20,185,1
decode,20,186,0
decode,20,187,0
decode,20,188,0
decode,20,189,0
decode,20,190,0
decode,20,191,0
decode,20,192,0
decode,20,193,0
decode,20,194,0
decode,20,195,0
decode,20,196,0
decode,20,197,0
decode,20,198,0
decode,20,199,0
decode,20,200,0
decode,20,201,0
decode,20,202,0
decode,20,203,0
decode,20,204,1
decode,20,205,0
decode,20,206,0
decode,20,207,0
decode,20,208,0
decode,20,209,0
decode,20,210,0
decode,20,211,0
decode,20,212,0
decode,20,213,0
decode,20,214,0
decode,20,215,0
decode,20,216,6
decode,20,217,0
decode,20,218,7
decode,20,219,0
decode,20,220,0
decode,20,221,0
decode,20,222,0
decode,20,223,0
decode,20,224,0
decode,20,225,0
decode,20,226,0
decode,20,227,0
decode,20,228,0
decode,20,229,0
decode,20,230,0
decode,20,231,0
decode,20,232,0
decode,20,233,0
decode,20,234,0
decode,20,235,0
decode,20,236,0
decode,20,237,0
decode,20,238,0
decode,20,239,0
decode,20,240,0
decode,20,241,0
decode,20,242,0
decode,20,243,0
decode,20,244,0
decode,20,245,0
decode,20,246,0
decode,20,247,0
decode,20,248,0
decode,20,249,0
decode,20,250,1
decode,20,251,0
decode,20,252,0
decode,20,253,0
decode,20,254,0
decode,20,255,0
decode,21,0,0
decode,21,1,0
decode,21,2,0
decode,21,3,0
decode,21,4,0
decode,21,5,0
decode,21,6,0
decode,21,7,0
decode,21,8,0
decode,21,9,0
decode,21,10,0
decode,21,11,0
decode,21,12,0
decode,21,13,0
decode,21,14,0
decode,21,15,0
decode,21,16,0
decode,21,17,0
decode,21,18,0
decode,21,19,2
decode,21,20,0
decode,21,21,0
decode,21,22,0
decode,21,23,0
decode,21,24,0
decode,21,25,0
decode,21,26,0
decode,21,27,0
decode,21,28,0
decode,21,29,0
decode,21,30,0
decode,21,31,0
decode,21,32,0
decode,21,33,0
decode,21,34,1
decode,21,35,0
decode,21,36,0
decode,21,37,0
decode,21,38,0
decode,21,39,0
decode,21,40,0
decode,21,41,0
decode,21,42,0
decode,21,43,0
decode,21,44,0
decode,21,45,0
decode,21,46,0
decode,21,47,0
decode,21,48,0
decode,21,49,7
decode,21,50,0
decode,21,51,0
decode,21,52,2
decode,21,53,0
decode,21,54,0
decode,21,55,0
decode,21,56,0
decode,21,57,0
decode,21,58,0
decode,21,59,0
decode,21,60,0
decode,21,61,0
decode,21,62,5
decode,21,63,0
decode,21,64,0
decode,21,65,0
decode,21,66,0
decode,21,67,0
decode,21,68,0
decode,21,69,0
decode,21,70,0
decode,21,71,0
decode,21,72,0
decode,21,73,0
decode,21,74,0
decode,21,75,0
decode,21,76,0
decode,21,77,0
decode,21,78,0
decode,21,79,0
decode,21,80,0
decode,21,81,0
decode,21,82,0
decode,21,83,0
decode,21,84,0
decode,21,85,0
decode,21,86,3
decode,21,87,0
decode,21,88,0
decode,21,89,0
decode,21,90,0
decode,21,91,0
decode,21,92,0
decode,21,93,0
decode,21,94,0
decode,21,95,0
decode,21,96,0
decode,21,97,0
decode,21,98,0
decode,21,99,0
decode,21,100,0
decode,21,101,0
decode,21,102,0
decode,21,103,0
decode,21,104,0
decode,21,105,0
decode,21,106,0
decode,21,107,0
decode,21,108,0
decode,21,109,0
decode,21,110,0
decode,21,111,0
decode,21,112,0
decode,21,113,0
decode,21,114,0
decode,21,115,0
decode,21,116,0
decode,21,117,0
decode,21,118,0
decode,21,119,0
decode,21,120,0
decode,21,121,0
decode,21,122,0
decode,21,123,0
decode,21,124,0
decode,21,125,0
decode,21,126,0
decode,21,127,2
decode,21,128,0
decode,21,129,7
decode,21,130,0
decode,21,131,0
decode,21,132,0
decode,21,133,0
decode,21,134,0
decode,21,135,0
decode,21,136,0
decode,21,137,0
decode,21,138,0
decode,21,139,0
decode,21,140,0
decode,21,141,0
decode,21,142,0
decode,21,143,0
decode,21,144,0
decode,21,145,0
decode,21,146,0
decode,21,147,0
decode,21,148,0
decode,21,149,0
decode,21,150,0
decode,21,151,0
decode,21,152,0
decode,21,153,0
decode,21,154,3
decode,21,155,0
decode,21,156,0
decode,21,157,0
decode,21,158,0
decode,21,159,0
decode,21,160,0
decode,21,161,0
decode,21,162,0
decode,21,163,0
decode,21,164,0
decode,21,165,0
decode,21,166,0
decode,21,167,0
decode,21,168,0
decode,21,169,0
decode,21,170,0
decode,21,171,0
decode,21,172,0
decode,21,173,1
decode,21,174,0
decode,21,175,0
decode,21,176,0
decode,21,177,0
decode,21,178,0
decode,21,179,0
decode,21,180,0
decode,21,181,0
decode,21,182,0
decode,21,183,0
decode,21,184,0
decode,21,185,0
decode,21,186,0
decode,21,187,0
decode,21,188,0
decode,21,189,0
decode,21,190,0
decode,21,191,0
decode,21,192,0
decode,21,193,0
decode,21,194,0
decode,21,195,0
decode,21,196,0
decode,21,197,0
decode,21,198,0
decode,21,199,0
decode,21,200,0
decode,21,201,0
decode,21,202,2
decode,21,203,0
decode,21,204,0
decode,21,205,1
decode,21,206,0
decode,21,207,0
decode,21,208,0
decode,21,209,0
decode,21,210,0
decode,21,211,0
decode,21,212,0
decode,21,213,0
decode,21,214,0
decode,21,215,3
decode,21,216,0
decode,21,217,0
decode,21,218,0
decode,21,219,0
decode,21,220,0
decode,21,221,0
decode,21,222,0
decode,21,223,0
decode,21,224,0
decode,21,225,0
decode,21,226,0
decode,21,227,0
decode,21,228,0
decode,21,229,0
decode,21,230,0
decode,21,231,0
decode,21,232,0
decode,21,233,0
decode,21,234,0
decode,21,235,0
decode,21,236,0
decode,21,237,0
decode,21,238,0
decode,21,239,0
decode,21,240,0
decode,21,241,0
decode,21,242,0
decode,21,243,3
decode,21,244,0
decode,21,245,0
decode,21,246,0
decode,21,247,0
decode,21,248,0
decode,21,249,0
decode,21,250,0
decode,21,251,0
decode,21,252,0
decode,21,253,0
decode,21,254,0
decode,21,255,0
decode,22,0,0
decode,22,1,0
decode,22,2,0
decode,22,3,0
decode,22,4,0
decode,22,5,0
decode,22,6,0
decode,22,7,0
decode,22,8,0
decode,22,9,0
decode,22,10,0
decode,22,11,0
decode,22,12,0
decode,22,13,0
decode,22,14,0
decode,22,15,0
decode,22,16,0
decode,22,17,0
decode,22,18,0
decode,22,19,0
decode,22,20,0
decode,22,21,0
decode,22,22,0
decode,22,23,0
decode,22,24,0
decode,22,25,0
decode,22,26,0
decode,22,27,0
decode,22,28,0
decode,22,29,0
decode,22,30,0
decode,22,31,0
decode,22,32,0
decode,22,33,0
decode,22,34,0
decode,22,35,0
decode,22,36,0
decode,22,37,0
decode,22,38,0
decode,22,39,0
decode,22,40,0
decode,22,41,0
decode,22,42,0
decode,22,43,0
decode,22,44,0
decode,22,45,0
decode,22,46,0
decode,22,47,5
decode,22,48,0
decode,22,49,0
decode,22,50,0
decode,22,51,0
decode,22,52,0
decode,22,53,0
decode,22,54,4
decode,22,55,0
decode,22,56,0
decode,22,57,0
decode,22,58,0
decode,22,59,0
decode,22,60,0
decode,22,61,0
decode,22,62,0
decode,22,63,0
decode,22,64,0
decode,22,65,0
decode,22,66,0
decode,22,67,0
decode,22,68,0
decode,22,69,0
decode,22,70,0
decode,22,71,0
decode,22,72,0
decode,22,73,0
decode,22,74,0
decode,22,75,0
decode,22,76,0
decode,22,77,0
decode,22,78,0
decode,22,79,0
decode,22,80,0
decode,22,81,0
decode,22,82,0
decode,22,83,0
decode,22,84,0
decode,22,85,0
decode,22,86,0
decode,22,87,0
decode,22,88,0
decode,22,89,0
decode,22,90,0
decode,22,91,0
decode,22,92,0
decode,22,93,2
decode,22,94,0
decode,22,95,0
decode,22,96,0
decode,22,97,0
decode,22,98,0
decode,22,99,0
decode,22,100,0
decode,22,101,0
decode,22,102,0
decode,22,103,3
decode,22,104,0
decode,22,105,0
decode,22,106,0
decode,22,107,0
decode,22,108,0
decode,22,109,0
decode,22,110,0
decode,22,111,0
decode,22,112,0
decode,22,113,0
decode,22,114,0
decode,22,115,0
decode,22,116,0
decode,22,117,0
decode,22,118,0
decode,22,119,0
decode,22,120,0
decode,22,121,0
decode,22,122,0
decode,22,123,0
decode,22,124,0
decode,22,125,0
decode,22,126,0
decode,22,127,0
decode,22,128,0
decode,22,129,0
decode,22,130,0
decode,22,131,0
decode,22,132,0
decode,22,133,0
decode,22,134,0
decode,22,135,0
decode,22,136,0
decode,22,137,0
decode,22,138,0
decode,22,139,0
decode,22,140,0
decode,22,141,0
decode,22,142,0
decode,22,143,0
decode,22,144,0
decode,22,145,0
decode,22,146,0
decode,22,147,1
decode,22,148,0
decode,22,149,0
decode,22,150,0
decode,22,151,0
decode,22,152,0
decode,22,153,0
decode,22,154,0
decode,22,155,0
decode,22,156,2
decode,22,157,0
decode,22,158,0
decode,22,159,0
decode,22,160,0
decode,22,161,0
decode,22,162,0
decode,22,163,0
decode,22,164,0
decode,22,165,0
decode,22,166,5
decode,22,167,0
decode,22,168,0
decode,22,169,0
decode,22,170,0
decode,22,171,0
decode,22,172,0
decode,22,173,6
decode,22,174,0
decode,22,175,0
decode,22,176,0
decode,22,177,0
decode,22,178,0
decode,22,179,0
decode,22,180,0
decode,22,181,0
decode,22,182,0
decode,22,183,0
decode,22,184,0
decode,22,185,0
decode,22,186,0
decode,22,187,0
decode,22,188,0
decode,22,189,0
decode,22,190,0
decode,22,191,0
decode,22,192,0
decode,22,193,0
decode,22,194,0
decode,22,195,0
decode,22,196,0
decode,22,197,0
decode,22,198,0
decode,22,199,0
decode,22,200,0
decode,22,201,0
decode,22,202,3
decode,22,203,0
decode,22,204,0
decode,22,205,0
decode,22,206,0
decode,22,207,0
decode,22,208,0
decode,22,209,0
decode,22,210,0
decode,22,211,0
decode,22,212,0
decode,22,213,0
decode,22,214,0
decode,22,215,0
decode,22,216,1
decode,22,217,0
decode,22,218,0
decode,22,219,3
decode,22,220,0
decode,22,221,0
decode,22,222,0
decode,22,223,0
decode,22,224,0
decode,22,225,0
decode,22,226,0
decode,22,227,0
decode,22,228,0
decode,22,229,0
decode,22,230,0
decode,22,231,0
decode,22,232,0
decode,22,233,0
decode,22,234,0
decode,22,235,0
decode,22,236,0
decode,22,237,0
decode,22,238,5
decode,22,239,0
decode,22,240,0
decode,22,241,0
decode,22,242,0
decode,22,243,0
decode,22,244,0
decode,22,245,0
decode,22,246,1
decode,22,247,1
decode,22,248,0
decode,22,249,0
decode,22,250,0
decode,22,251,0
decode,22,252,0
decode,22,253,0
decode,22,254,0
decode,22,255,0
decode,23,0,0
decode,23,1,0
decode,23,2,0
decode,23,3,0
decode,23,4,0
decode,23,5,0
decode,23,6,0
decode,23,7,0
decode,23,8,1
decode,23,9,0
decode,23,10,0
decode,23,11,0
decode,23,12,0
decode,23,13,0
decode,23,14,0
decode,23,15,0
decode,23,16,0
decode,23,17,0
decode,23,18,0
decode,23,19,0
decode,23,20,0
decode,23,21,0
decode,23,22,0
decode,23,23,0
decode,23,24,0
decode,23,25,0
decode,23,26,0
decode,23,27,0
decode,23,28,0
decode,23,29,0
decode,23,30,4
decode,23,31,0
decode,23,32,0
decode,23,33,0
decode,23,34,0
decode,23,35,0
decode,23,36,0
decode,23,37,0
decode,23,38,0
decode,23,39,0
decode,23,40,0
decode,23,41,0
decode,23,42,0
decode,23,43,0
decode,23,44,0
decode,23,45,0
decode,23,46,0
decode,23,47,0
decode,23,48,0
decode,23,49,3
decode,23,50,0
decode,23,51,0
decode,23,52,0
decode,23,53,0
decode,23,54,0
decode,23,55,0
decode,23,56,0
decode,23,57,0
decode,23,58,0
decode,23,59,0
decode,23,60,5
decode,23,61,0
decode,23,62,0
decode,23,63,0
decode,23,64,0
decode,23,65,0
decode,23,66,0
decode,23,67,0
decode,23,68,0
decode,23,69,0
decode,23,70,0
decode,23,71,0
decode,23,72,0
decode,23,73,0
decode,23,74,0
decode,23,75,0
decode,23,76,2
decode,23,77,0
decode,23,78,0
decode,23,79,0
decode,23,80,0
decode,23,81,0
decode,23,82,0
decode,23,83,0
decode,23,84,0
decode,23,85,0
decode,23,86,0
decode,23,87,0
decode,23,88,0
decode,23,89,0
decode,23,90,0
decode,23,91,0
decode,23,92,0
decode,23,93,0
decode,23,94,0
decode,23,95,0
decode,23,96,0
decode,23,97,0
decode,23,98,0
decode,23,99,0
decode,23,100,0
decode,23,101,0
decode,23,102,0
decode,23,103,0
decode,23,104,0
decode,23,105,0
decode,23,106,0
decode,23,107,0
decode,23,108,0
decode,23,109,0
decode,23,110,0
decode,23,111,0
decode,23,112,0
decode,23,113,0
decode,23,114,0
decode,23,115,0
decode,23,116,0
decode,23,117,0
decode,23,118,5
decode,23,119,2
decode,23,120,0
decode,23,121,0
decode,23,122,0
decode,23,123,0
decode,23,124,0
decode,23,125,0
decode,23,126,0
decode,23,127,0
decode,23,128,0
decode,23,129,0
decode,23,130,0
decode,23,131,0
decode,23,132,0
decode,23,133,0
decode,23,134,0
decode,23,135,0
decode,23,136,0
decode,23,137,0
decode,23,138,0
decode,23,139,0
decode,23,140,0
decode,23,141,0
decode,23,142,0
decode,23,143,0
decode,23,144,0
decode,23,145,0
decode,23,146,0
decode,23,147,0
decode,23,148,0
decode,23,149,0
decode,23,150,0
decode,23,151,0
decode,23,152,0
decode,23,153,0
decode,23,154,0
decode,23,155,0
decode,23,156,0
decode,23,157,0
decode,23,158,0
decode,23,159,0
decode,23,160,0
decode,23,161,0
decode,23,162,0
decode,23,163,0
decode,23,164,2
decode,23,165,1
decode,23,166,0
decode,23,167,0
decode,23,168,0
decode,23,169,0
decode,23,170,0
decode,23,171,0
decode,23,172,0
decode,23,173,0
decode,23,174,0
decode,23,175,0
decode,23,176,0
decode,23,177,0
decode,23,178,0
decode,23,179,0
decode,23,180,0
decode,23,181,0
decode,23,182,0
decode,23,183,0
decode,23,184,0
decode,23,185,0
decode,23,186,0
decode,23,187,0
decode,23,188,0
decode,23,189,0
decode,23,190,0
decode,23,191,0
decode,23,192,0
decode,23,193,0
decode,23,194,0
decode,23,195,3
decode,23,196,0
decode,23,197,1
decode,23,198,0
decode,23,199,0
decode,23,200,0
decode,23,201,0
decode,23,202,0
decode,23,203,0
decode,23,204,0
decode,23,205,0
decode,23,206,0
decode,23,207,0
decode,23,208,0
decode,23,209,0
decode,23,210,2
decode,23,211,0
decode,23,212,0
decode,23,213,0
decode,23,214,0
decode,23,215,0
decode,23,216,0
decode,23,217,0
decode,23,218,0
decode,23,219,0
decode,23,220,0
decode,23,221,0
decode,23,222,0
decode,23,223,0
decode,23,224,0
decode,23,225,0
decode,23,226,0
decode,23,227,7
decode,23,228,1
decode,23,229,0
decode,23,230,0
decode,23,231,0
decode,23,232,0
decode,23,233,0
decode,23,234,0
decode,23,235,0
decode,23,236,0
decode,23,237,0
decode,23,238,0
decode,23,239,0
decode,23,240,0
decode,23,241,0
decode,23,242,1
decode,23,243,0
decode,23,244,0
decode,23,245,0
decode,23,246,0
decode,23,247,1
decode,23,248,0
decode,23,249,1
decode,23,250,0
decode,23,251,0
decode,23,252,0
decode,23,253,0
decode,23,254,0
decode,23,255,0
decode,24,0,1
decode,24,1,0
decode,24,2,0
decode,24,3,0
decode,24,4,0
decode,24,5,0
decode,24,6,0
decode,24,7,0
decode,24,8,0
decode,24,9,0
decode,24,10,0
decode,24,11,0
decode,24,12,0
decode,24,13,0
decode,24,14,0
decode,24,15,0
decode,24,16,0
decode,24,17,0
decode,24,18,0
decode,24,19,0
decode,24,20,0
decode,24,21,0
decode,24,22,0
decode,24,23,0
decode,24,24,0
decode,24,25,0
decode,24,26,0
decode,24,27,0
decode,24,28,0
decode,24,29,0
decode,24,30,0
decode,24,31,0
decode,24,32,0
decode,24,33,0
decode,24,34,0
decode,24,35,0
decode,24,36,0
decode,24,37,0
decode,24,38,0
decode,24,39,0
decode,24,40,1
decode,24,41,1
decode,24,42,0
decode,24,43,0
decode,24,44,0
decode,24,45,0
decode,24,46,0
decode,24,47,0
decode,24,48,0
decode,24,49,0
decode,24,50,0
decode,24,51,4
decode,24,52,0
decode,24,53,0
decode,24,54,0
decode,24,55,0
decode,24,56,0
decode,24,57,0
decode,24,58,0
decode,24,59,7
decode,24,60,0
decode,24,61,2
decode,24,62,0
decode,24,63,0
decode,24,64,0
decode,24,65,0
decode,24,66,0
decode,24,67,0
decode,24,68,0
decode,24,69,0
decode,24,70,0
decode,24,71,0
decode,24,72,0
decode,24,73,0
decode,24,74,0
decode,24,75,0
decode,24,76,0
decode,24,77,0
decode,24,78,0
decode,24,79,0
decode,24,80,0
decode,24,81,0
decode,24,82,0
decode,24,83,0
decode,24,84,0
decode,24,85,0
decode,24,86,0
decode,24,87,0
decode,24,88,0
decode,24,89,0
decode,24,90,0
decode,24,91,0
decode,24,92,0
decode,24,93,0
decode,24,94,0
decode,24,95,0
decode,24,96,0
decode,24,97,0
decode,24,98,0
decode,24,99,0
decode,24,100,0
decode,24,101,0
decode,24,102,0
decode,24,103,0
decode,24,104,0
decode,24,105,0
decode,24,106,0
decode,24,107,0
decode,24,108,0
decode,24,109,0
decode,24,110,0
decode,24,111,0
decode,24,112,0
decode,24,113,0
decode,24,114,1
decode,24,115,0
decode,24,116,0
decode,24,117,0
decode,24,118,0
decode,24,119,0
decode,24,120,0
decode,24,121,0
decode,24,122,0
decode,24,123,7
decode,24,124,0
decode,24,125,0
decode,24,126,0
decode,24,127,0
decode,24,128,0
decode,24,129,0
decode,24,130,0
decode,24,131,0
decode,24,132,0
decode,24,133,0
decode,24,134,0
decode,24,135,0
decode,24,136,0
decode,24,137,0
decode,24,138,0
decode,24,139,0
decode,24,140,0
decode,24,141,2
decode,24,142,0
decode,24,143,0
decode,24,144,0
decode,24,145,0
decode,24,146,0
decode,24,147,0
decode,24,148,0
decode,24,149,0
decode,24,150,0
decode,24,151,0
decode,24,152,0
decode,24,153,0
decode,24,154,0
decode,24,155,0
decode,24,156,0
decode,24,157,0
decode,24,158,0
decode,24,159,0
decode,24,160,0
decode,24,161,0
decode,24,162,0
decode,24,163,0
decode,24,164,0
decode,24,165,0
decode,24,166,0
decode,24,167,0
decode,24,168,0
decode,24,169,0
decode,24,170,0
decode,24,171,0
decode,24,172,0
decode,24,173,0
decode,24,174,0
decode,24,175,0
decode,24,176,0
decode,24,177,0
decode,24,178,0
decode,24,179,0
decode,24,180,0
decode,24,181,0
decode,24,182,0
decode,24,183,3
decode,24,184,0
decode,24,185,1
decode,24,186,6
decode,24,187,0
decode,24,188,0
decode,24,189,0
decode,24,190,0
decode,24,191,0
decode,24,192,0
decode,24,193,0
decode,24,194,0
decode,24,195,0
decode,24,196,2
decode,24,197,0
decode,24,198,0
decode,24,199,0
decode,24,200,0
decode,24,201,0
decode,24,202,0
decode,24,203,0
decode,24,204,0
decode,24,205,0
decode,24,206,0
decode,24,207,0
decode,24,208,0
decode,24,209,2
decode,24,210,0
decode,24,211,0
decode,24,212,2
decode,24,213,0
decode,24,214,0
decode,24,215,0
decode,24,216,0
decode,24,217,0
decode,24,218,0
decode,24,219,0
decode,24,220,0
decode,24,221,0
decode,24,222,0
decode,24,223,0
decode,24,224,0
decode,24,225,0
decode,24,226,0
decode,24,227,0
decode,24,228,0
decode,24,229,0
decode,24,230,0
decode,24,231,0
decode,24,232,0
decode,24,233,0
decode,24,234,0
decode,24,235,0
decode,24,236,0
decode,24,237,0
decode,24,238,0
decode,24,239,0
decode,24,240,0
decode,24,241,0
decode,24,242,0
decode,24,243,0
decode,24,244,0
decode,24,245,0
decode,24,246,0
decode,24,247,0
decode,24,248,0
decode,24,249,0
decode,24,250,0
decode,24,251,0
decode,24,252,0
decode,24,253,0
decode,24,254,0
decode,24,255,0
decode,25,0,0
decode,25,1,0
decode,25,2,0
decode,25,3,0
decode,25,4,0
decode,25,5,0
decode,25,6,0
decode,25,7,0
decode,25,8,0
decode,25,9,1
decode,25,10,0
decode,25,11,0
decode,25,12,0
decode,25,13,0
decode,25,14,0
decode,25,15,0
decode,25,16,0
decode,25,17,0
decode,25,18,0
decode,25,19,0
decode,25,20,0
decode,25,21,0
decode,25,22,0
decode,25,23,0
decode,25,24,0
decode,25,25,0
decode,25,26,0
decode,25,27,0
decode,25,28,0
decode,25,29,0
decode,25,30,0
decode,25,31,0
decode,25,32,0
decode,25,33,0
decode,25,34,0
decode,25,35,0
decode,25,36,0
decode,25,37,1
decode,25,38,0
decode,25,39,0
decode,25,40,0
decode,25,41,0
decode,25,42,0
decode,25,43,0
decode,25,44,0
decode,25,45,0
decode,25,46,0
decode,25,47,0
decode,25,48,0
decode,25,49,0
decode,25,50,0
decode,25,51,0
decode,25,52,0
decode,25,53,0
decode,25,54,0
decode,25,55,0
decode,25,56,0
decode,25,57,0
decode,25,58,0
decode,25,59,0
decode,25,60,0
decode,25,61,0
decode,25,62,0
decode,25,63,0
decode,25,64,0
decode,25,65,0
decode,25,66,0
decode,25,67,1
decode,25,68,0
decode,25,69,0
decode,25,70,0
decode,25,71,0
decode,25,72,0
decode,25,73,0
decode,25,74,0
decode,25,75,0
decode,25,76,0
decode,25,77,0
decode,25,78,0
decode,25,79,0
decode,25,80,0
decode,25,81,0
decode,25,82,0
decode,25,83,0
decode,25,84,0
decode,25,85,1
decode,25,86,0
decode,25,87,0
decode,25,88,0
decode,25,89,0
decode,25,90,1
decode,25,91,0
decode,25,92,0
decode,25,93,0
decode,25,94,0
decode,25,95,0
decode,25,96,0
decode,25,97,0
decode,25,98,0
decode,25,99,0
decode,25,100,0
decode,25,101,0
decode,25,102,0
decode,25,103,0
decode,25,104,0
decode,25,105,0
decode,25,106,0
decode,25,107,0
decode,25,108,0
decode,25,109,0
decode,25,110,0
decode,25,111,2
decode,25,112,0
decode,25,113,0
decode,25,114,0
decode,25,115,0
decode,25,116,0
decode,25,117,0
decode,25,118,0
decode,25,119,0
decode,25,120,0
decode,25,121,0
decode,25,122,0
decode,25,123,0
decode,25,124,0
decode,25,125,0
decode,25,126,0
decode,25,127,0
decode,25,128,0
decode,25,129,0
decode,25,130,0
decode,25,131,0
decode,25,132,0
decode,25,133,0
decode,25,134,0
decode,25,135,0
decode,25,136,0
decode,25,137,0
decode,25,138,0
decode,25,139,0
decode,25,140,0
decode,25,141,1
decode,25,142,0
decode,25,143,0
decode,25,144,0
decode,25,145,0
decode,25,146,0
decode,25,147,0
decode,25,148,0
decode,25,149,0
decode,25,150,0
decode,25,151,0
decode,25,152,0
decode,25,153,0
decode,25,154,0
decode,25,155,0
decode,25,156,0
decode,25,157,0
decode,25,158,0
decode,25,159,0
decode,25,160,0
decode,25,161,0
decode,25,162,1
decode,25,163,0
decode,25,164,0
decode,25,165,0
decode,25,166,0
decode,25,167,2
decode,25,168,0
decode,25,169,0
decode,25,170,0
decode,25,171,0
decode,25,172,0
decode,25,173,5
decode,25,174,0
decode,25,175,0
decode,25,176,0
decode,25,177,0
decode,25,178,0
decode,25,179,0
decode,25,180,0
decode,25,181,0
decode,25,182,0
decode,25,183,0
decode,25,184,0
decode,25,185,0
decode,25,186,0
decode,25,187,0
decode,25,188,0
decode,25,189,6
decode,25,190,0
decode,25,191,0
decode,25,192,0
decode,25,193,0
decode,25,194,0
decode,25,195,0
decode,25,196,0
decode,25,197,0
decode,25,198,0
decode,25,199,0
decode,25,200,0
decode,25,201,0
decode,25,202,0
decode,25,203,0
decode,25,204,0
decode,25,205,0
decode,25,206,0
decode,25,207,0
decode,25,208,0
decode,25,209,0
decode,25,210,0
decode,25,211,0
decode,25,212,0
decode,25,213,0
decode,25,214,7
decode,25,215,0
decode,25,216,2
decode,25,217,0
decode,25,218,0
decode,25,219,2
decode,25,220,0
decode,25,221,0
decode,25,222,0
decode,25,223,0
decode,25,224,0
decode,25,225,0
decode,25,226,0
decode,25,227,0
decode,25,228,0
decode,25,229,0
decode,25,230,0
decode,25,231,0
decode,25,232,0
decode,25,233,0
decode,25,234,0
decode,25,235,4
decode,25,236,0
decode,25,237,0
decode,25,238,0
decode,25,239,0
decode,25,240,0
decode,25,241,0
decode,25,242,0
decode,25,243,0
decode,25,244,2
decode,25,245,0
decode,25,246,0
decode,25,247,3
decode,25,248,0
decode,25,249,0
decode,25,250,0
decode,25,251,0
decode,25,252,0
decode,25,253,0
decode,25,254,0
decode,25,255,0
decode,26,0,0
decode,26,1,0
decode,26,2,0
decode,26,3,0
decode,26,4,0
decode,26,5,0
decode,26,6,0
decode,26,7,0
decode,26,8,1
decode,26,9,0
decode,26,10,0
decode,26,11,0
decode,26,12,0
decode,26,13,0
decode,26,14,0
decode,26,15,0
decode,26,16,0
decode,26,17,0
decode,26,18,3
decode,26,19,5
decode,26,20,0
decode,26,21,0
decode,26,22,0
decode,26,23,0
decode,26,24,0
decode,26,25,0
decode,26,26,7
decode,26,27,0
decode,26,28,0
decode,26,29,0
decode,26,30,0
decode,26,31,0
decode,26,32,1
decode,26,33,0
decode,26,34,0
decode,26,35,0
decode,26,36,0
decode,26,37,0
decode,26,38,0
decode,26,39,0
decode,26,40,0
decode,26,41,0
decode,26,42,0
decode,26,43,0
decode,26,44,0
decode,26,45,0
decode,26,46,0
decode,26,47,0
decode,26,48,0
decode,26,49,0
decode,26,50,0
decode,26,51,0
decode,26,52,0
decode,26,53,0
decode,26,54,0
decode,26,55,0
decode,26,56,0
decode,26,57,0
decode,26,58,0
decode,26,59,0
decode,26,60,0
decode,26,61,0
decode,26,62,0
decode,26,63,0
decode,26,64,0
decode,26,65,0
decode,26,66,0
decode,26,67,0
decode,26,68,3
decode,26,69,0
decode,26,70,0
decode,26,71,0
decode,26,72,0
decode,26,73,0
decode,26,74,0
decode,26,75,0
decode,26,76,0
decode,26,77,0
decode,26,78,0
decode,26,79,1
decode,26,80,0
decode,26,81,0
decode,26,82,0
decode,26,83,0
decode,26,84,0
decode,26,85,0
decode,26,86,0
decode,26,87,0
decode,26,88,0
decode,26,89,1
decode,26,90,0
decode,26,91,0
decode,26,92,0
decode,26,93,0
decode,26,94,0
decode,26,95,0
decode,26,96,0
decode,26,97,0
decode,26,98,0
decode,26,99,0
decode,26,100,0
decode,26,101,0
decode,26,102,0
decode,26,103,0
decode,26,104,0
decode,26,105,0
decode,26,106,0
decode,26,107,0
decode,26,108,0
decode,26,109,0
decode,26,110,0
decode,26,111,0
decode,26,112,0
decode,26,113,0
decode,26,114,0
decode,26,115,0
decode,26,116,0
decode,26,117,0
decode,26,118,0
decode,26,119,0
decode,26,120,0
decode,26,121,0
decode,26,122,0
decode,26,123,0
decode,26,124,0
decode,26,125,0
decode,26,126,0
decode,26,127,0
decode,26,128,0
decode,26,129,0
decode,26,130,0
decode,26,131,0
decode,26,132,0
decode,26,133,0
decode,26,134,0
decode,26,135,0
decode,26,136,0
decode,26,137,0
decode,26,138,0
decode,26,139,0
decode,26,140,0
decode,26,141,0
decode,26,142,0
decode,26,143,0
decode,26,144,0
decode,26,145,0
decode,26,146,0
decode,26,147,0
decode,26,148,0
decode,26,149,0
decode,26,150,0
decode,26,151,0
decode,26,152,0
decode,26,153,0
decode,26,154,0
decode,26,155,0
decode,26,156,0
decode,26,157,0
decode,26,158,0
decode,26,159,0
decode,26,160,0
decode,26,161,0
decode,26,162,0
decode,26,163,0
decode,26,164,0
decode,26,165,0
decode,26,166,1
decode,26,167,1
decode,26,168,0
decode,26,169,0
decode,26,170,0
decode,26,171,0
decode,26,172,0
decode,26,173,0
decode,26,174,0
decode,26,175,0
decode,26,176,0
decode,26,177,0
decode,26,178,0
decode,26,179,0
decode,26,180,0
decode,26,181,0
decode,26,182,0
decode,26,183,0
decode,26,184,0
decode,26,185,0
decode,26,186,0
decode,26,187,0
decode,26,188,0
decode,26,189,0
decode,26,190,0
decode,26,191,0
decode,26,192,0
decode,26,193,0
decode,26,194,0
decode,26,195,0
decode,26,196,0
decode,26,197,0
decode,26,198,0
decode,26,199,0
decode,26,200,0
decode,26,201,0
decode,26,202,0
decode,26,203,0
decode,26,204,0
decode,26,205,0
decode,26,206,0
decode,26,207,0
decode,26,208,0
decode,26,209,6
decode,26,210,0
decode,26,211,0
decode,26,212,0
decode,26,213,0
decode,26,214,0
decode,26,215,2
decode,26,216,1
decode,26,217,0
decode,26,218,0
decode,26,219,0
decode,26,220,0
decode,26,221,0
decode,26,222,0
decode,26,223,0
decode,26,224,0
decode,26,225,0
decode,26,226,0
decode,26,227,0
decode,26,228,0
decode,26,229,3
decode,26,230,0
decode,26,231,0
decode,26,232,0
decode,26,233,0
decode,26,234,0
decode,26,235,0
decode,26,236,0
decode,26,237,0
decode,26,238,0
decode,26,239,0
decode,26,240,0
decode,26,241,0
decode,26,242,0
decode,26,243,2
decode,26,244,0
decode,26,245,0
decode,26,246,0
decode,26,247,0
decode,26,248,0
decode,26,249,0
decode,26,250,0
decode,26,251,0
decode,26,252,0
decode,26,253,4
decode,26,254,0
decode,26,255,0
decode,27,0,0
decode,27,1,0
decode,27,2,3
decode,27,3,3
decode,27,4,0
decode,27,5,0
decode,27,6,0
decode,27,7,0
decode,27,8,0
decode,27,9,0
decode,27,10,0
decode,27,11,0
decode,27,12,0
decode,27,13,0
decode,27,14,0
decode,27,15,2
decode,27,16,0
decode,27,17,0
decode,27,18,0
decode,27,19,0
decode,27,20,5
decode,27,21,0
decode,27,22,0
decode,27,23,0
decode,27,24,0
decode,27,25,0
decode,27,26,0
decode,27,27,0
decode,27,28,0
decode,27,29,0
decode,27,30,0
decode,27,31,0
decode,27,32,0
decode,27,33,0
decode,27,34,0
decode,27,35,0
decode,27,36,0
decode,27,37,0
decode,27,38,0
decode,27,39,7
decode,27,40,0
decode,27,41,0
decode,27,42,0
decode,27,43,0
decode,27,44,0
decode,27,45,0
decode,27,46,0
decode,27,47,0
decode,27,48,0
decode,27,49,0
decode,27,50,0
decode,27,51,0
decode,27,52,0
decode,27,53,0
decode,27,54,0
decode,27,55,0
decode,27,56,0
decode,27,57,0
decode,27,58,0
decode,27,59,0
decode,27,60,0
decode,27,61,0
decode,27,62,0
decode,27,63,0
decode,27,64,0
decode,27,65,0
decode,27,66,0
decode,27,67,0
decode,27,68,0
decode,27,69,0
decode,27,70,0
decode,27,71,0
decode,27,72,0
decode,27,73,0
decode,27,74,0
decode,27,75,0
decode,27,76,0
decode,27,77,0
decode,27,78,0
decode,27,79,0
decode,27,80,0
decode,27,81,0
decode,27,82,0
decode,27,83,0
decode,27,84,0
decode,27,85,0
decode,27,86,0
decode,27,87,0
decode,27,88,0
decode,27,89,0
decode,27,90,0
decode,27,91,0
decode,27,92,0
decode,27,93,0
decode,27,94,0
decode,27,95,0
decode,27,96,0
decode,27,97,0
decode,27,98,0
decode,27,99,0
decode,27,100,0
decode,27,101,0
decode,27,102,0
decode,27,103,0
decode,27,104,0
decode,27,105,0
decode,27,106,0
decode,27,107,0
decode,27,108,0
decode,27,109,0
decode,27,110,0
decode,27,111,0
decode,27,112,0
decode,27,113,0
decode,27,114,0
decode,27,115,0
decode,27,116,0
decode,27,117,0
decode,27,118,0
decode,27,119,0
decode,27,120,0
decode,27,121,0
decode,27,122,0
decode,27,123,0
decode,27,124,0
decode,27,125,0
decode,27,126,0
decode,27,127,0
decode,27,128,0
decode,27,129,0
decode,27,130,0
decode,27,131,0
decode,27,132,0
decode,27,133,0
decode,27,134,0
decode,27,135,0
decode,27,136,0
decode,27,137,0
decode,27,138,0
decode,27,139,0
decode,27,140,3
decode,27,141,0
decode,27,142,0
decode,27,143,0
decode,27,144,0
decode,27,145,0
decode,27,146,0
decode,27,147,0
decode,27,148,0
decode,27,149,3
decode,27,150,0
decode,27,151,0
decode,27,152,0
decode,27,153,0
decode,27,154,0
decode,27,155,0
decode,27,156,0
decode,27,157,0
decode,27,158,0
decode,27,159,1
decode,27,160,0
decode,27,161,0
decode,27,162,0
decode,27,163,0
decode,27,164,0
decode,27,165,0
decode,27,166,0
decode,27,167,0
decode,27,168,0
decode,27,169,0
decode,27,170,0
decode,27,171,0
decode,27,172,0
decode,27,173,0
decode,27,174,0
decode,27,175,0
decode,27,176,0
decode,27,177,0
decode,27,178,0
decode,27,179,0
decode,27,180,0
decode,27,181,0
decode,27,182,0
decode,27,183,0
decode,27,184,1
decode,27,185,0
decode,27,186,0
decode,27,187,0
decode,27,188,0
decode,27,189,0
decode,27,190,0
decode,27,191,0
decode,27,192,0
decode,27,193,0
decode,27,194,0
decode,27,195,0
decode,27,196,0
decode,27,197,0
decode,27,198,0
decode,27,199,0
decode,27,200,0
decode,27,201,0
decode,27,202,0
decode,27,203,5
decode,27,204,0
decode,27,205,0
decode,27,206,0
decode,27,207,0
decode,27,208,0
decode,27,209,0
decode,27,210,0
decode,27,211,0
decode,27,212,0
decode,27,213,0
decode,27,214,0
decode,27,215,0
decode,27,216,0
decode,27,217,0
decode,27,218,2
decode,27,219,0
decode,27,220,0
decode,27,221,0
decode,27,222,0
decode,27,223,0
decode,27,224,2
decode,27,225,0
decode,27,226,0
decode,27,227,0
decode,27,228,0
decode,27,229,0
decode,27,230,0
decode,27,231,0
decode,27,232,0
decode,27,233,2
decode,27,234,2
decode,27,235,0
decode,27,236,0
decode,27,237,0
decode,27,238,0
decode,27,239,0
decode,27,240,0
decode,27,241,0
decode,27,242,0
decode,27,243,1
decode,27,244,0
decode,27,245,0
decode,27,246,0
decode,27,247,0
decode,27,248,0
decode,27,249,0
decode,27,250,0
decode,27,251,0
decode,27,252,0
decode,27,253,0
decode,27,254,0
decode,27,255,0
decode,28,0,0
decode,28,1,0
decode,28,2,0
decode,28,3,0
decode,28,4,0
decode,28,5,0
decode,28,6,0
decode,28,7,1
decode,28,8,0
decode,28,9,0
decode,28,10,0
decode,28,11,0
decode,28,12,0
decode,28,13,0
decode,28,14,0
decode,28,15,0
decode,28,16,0
decode,28,17,0
decode,28,18,0
decode,28,19,7
decode,28,20,0
decode,28,21,0
decode,28,22,0
decode,28,23,0
decode,28,24,0
decode,28,25,0
decode,28,26,0
decode,28,27,0
decode,28,28,1
decode,28,29,0
decode,28,30,0
decode,28,31,0
decode,28,32,1
decode,28,33,0
decode,28,34,0
decode,28,35,0
decode,28,36,3
decode,28,37,0
decode,28,38,0
decode,28,39,0
decode,28,40,0
decode,28,41,0
decode,28,42,0
decode,28,43,0
decode,28,44,0
decode,28,45,7
decode,28,46,2
decode,28,47,0
decode,28,48,0
decode,28,49,0
decode,28,50,0
decode,28,51,0
decode,28,52,0
decode,28,53,0
decode,28,54,0
decode,28,55,0
decode,28,56,7
decode,28,57,0
decode,28,58,0
decode,28,59,0
decode,28,60,0
decode,28,61,0
decode,28,62,0
decode,28,63,0
decode,28,64,0
decode,28,65,0
decode,28,66,0
decode,28,67,0
decode,28,68,0
decode,28,69,0
decode,28,70,0
decode,28,71,0
decode,28,72,0
decode,28,73,0
decode,28,74,0
decode,28,75,0
decode,28,76,0
decode,28,77,0
decode,28,78,0
decode,28,79,0
decode,28,80,0
decode,28,81,0
decode,28,82,0
decode,28,83,0
decode,28,84,0
decode,28,85,1
decode,28,86,0
decode,28,87,0
decode,28,88,0
decode,28,89,0
decode,28,90,0
decode,28,91,0
decode,28,92,0
decode,28,93,0
decode,28,94,0
decode,28,95,0
decode,28,96,0
decode,28,97,0
decode,28,98,0
decode,28,99,0
decode,28,100,0
decode,28,101,1
decode,28,102,0
decode,28,103,0
decode,28,104,0
decode,28,105,0
decode,28,106,0
decode,28,107,0
decode,28,108,0
decode,28,109,2
decode,28,110,0
decode,28,111,0
decode,28,112,0
decode,28,113,0
decode,28,114,0
decode,28,115,0
decode,28,116,0
decode,28,117,0
decode,28,118,0
decode,28,119,0
decode,28,120,0
decode,28,121,0
decode,28,122,0
decode,28,123,0
decode,28,124,0
decode,28,125,0
decode,28,126,0
decode,28,127,0
decode,28,128,0
decode,28,129,0
decode,28,130,1
decode,28,131,0
decode,28,132,0
decode,28,133,0
decode,28,134,0
decode,28,135,0
decode,28,136,0
decode,28,137,0
decode,28,138,0
decode,28,139,0
decode,28,140,0
decode,28,141,0
decode,28,142,0
decode,28,143,0
decode,28,144,0
decode,28,145,0
decode,28,146,0
decode,28,147,0
decode,28,148,0
decode,28,149,0
decode,28,150,0
decode,28,151,0
decode,28,152,0
decode,28,153,0
decode,28,154,0
decode,28,155,0
decode,28,156,0
decode,28,157,1
decode,28,158,0
decode,28,159,0
decode,28,160,0
decode,28,161,1
decode,28,162,0
decode,28,163,0
decode,28,164,0
decode,28,165,0
decode,28,166,0
decode,28,167,0
decode,28,168,0
decode,28,169,0
decode,28,170,0
decode,28,171,0
decode,28,172,0
decode,28,173,0
decode,28,174,0
decode,28,175,0
decode,28,176,0
decode,28,177,0
decode,28,178,0
decode,28,179,0
decode,28,180,0
decode,28,181,0
decode,28,182,0
decode,28,183,0
decode,28,184,0
decode,28,185,0
decode,28,186,0
decode,28,187,0
decode,28,188,0
decode,28,189,0
decode,28,190,0
decode,28,191,0
decode,28,192,0
decode,28,193,0
decode,28,194,0
decode,28,195,0
decode,28,196,0
decode,28,197,0
decode,28,198,0
decode,28,199,0
decode,28,200,0
decode,28,201,0
decode,28,202,0
decode,28,203,0
decode,28,204,0
decode,28,205,0
decode,28,206,0
decode,28,207,0
decode,28,208,0
decode,28,209,0
decode,28,210,0
decode,28,211,0
decode,28,212,0
decode,28,213,0
decode,28,214,0
decode,28,215,0
decode,28,216,0
decode,28,217,0
decode,28,218,0
decode,28,219,0
decode,28,220,0
decode,28,221,0
decode,28,222,0
decode,28,223,0
decode,28,224,0
decode,28,225,0
decode,28,226,0
decode,28,227,0
decode,28,228,0
decode,28,229,0
decode,28,230,0
decode,28,231,0
decode,28,232,0
decode,28,233,0
decode,28,234,0
decode,28,235,0
decode,28,236,0
decode,28,237,0
decode,28,238,0
decode,28,239,0
decode,28,240,0
decode,28,241,0
decode,28,242,0
decode,28,243,0
decode,28,244,1
decode,28,245,0
decode,28,246,0
decode,28,247,0
decode,28,248,0
decode,28,249,0
decode,28,250,0
decode,28,251,0
decode,28,252,0
decode,28,253,5
decode,28,254,0
decode,28,255,0
decode,29,0,0
decode,29,1,0
decode,29,2,5
decode,29,3,0
decode,29,4,0
decode,29,5,2
decode,29,6,0
decode,29,7,0
decode,29,8,0
decode,29,9,6
decode,29,10,0
decode,29,11,0
decode,29,12,0
decode,29,13,2
decode,29,14,0
decode,29,15,0
decode,29,16,0
decode,29,17,0
decode,29,18,0
decode,29,19,1
decode,29,20,0
decode,29,21,0
decode,29,22,0
decode,29,23,0
decode,29,24,0
decode,29,25,0
decode,29,26,0
decode,29,27,0
decode,29,28,0
decode,29,29,0
decode,29,30,0
decode,29,31,0
decode,29,32,0
decode,29,33,0
decode,29,34,0
decode,29,35,0
decode,29,36,0
decode,29,37,4
decode,29,38,0
decode,29,39,0
decode,29,40,0
decode,29,41,0
decode,29,42,0
decode,29,43,0
decode,29,44,0
decode,29,45,0
decode,29,46,0
decode,29,47,0
decode,29,48,0
decode,29,49,0
decode,29,50,0
decode,29,51,0
decode,29,52,0
decode,29,53,0
decode,29,54,0
decode,29,55,0
decode,29,56,0
decode,29,57,0
decode,29,58,0
decode,29,59,0
decode,29,60,0
decode,29,61,0
decode,29,62,0
decode,29,63,0
decode,29,64,0
decode,29,65,0
decode,29,66,0
decode,29,67,0
decode,29,68,0
decode,29,69,0
decode,29,70,0
decode,29,71,0
decode,29,72,0
decode,29,73,0
decode,29,74,0
decode,29,75,0
decode,29,76,0
decode,29,77,0
decode,29,78,0
decode,29,79,0
decode,29,80,0
decode,29,81,0
decode,29,82,0
decode,29,83,0
decode,29,84,0
decode,29,85,0
decode,29,86,0
decode,29,87,0
decode,29,88,0
decode,29,89,0
decode,29,90,0
decode,29,91,0
decode,29,92,0
decode,29,93,2
decode,29,94,0
decode,29,95,0
decode,29,96,0
decode,29,97,0
decode,29,98,0
decode,29,99,0
decode,29,100,0
decode,29,101,0
decode,29,102,0
decode,29,103,0
decode,29,104,0
decode,29,105,0
decode,29,106,0
decode,29,107,0
decode,29,108,0
decode,29,109,0
decode,29,110,0
decode,29,111,0
decode,29,112,0
decode,29,113,0
decode,29,114,0
decode,29,115,0
decode,29,116,0
decode,29,117,0
decode,29,118,0
decode,29,119,0
decode,29,120,0
decode,29,121,0
decode,29,122,0
decode,29,123,0
decode,29,124,0
decode,29,125,0
decode,29,126,0
decode,29,127,0
decode,29,128,0
decode,29,129,0
decode,29,130,0
decode,29,131,0
decode,29,132,3
decode,29,133,0
decode,29,134,0
decode,29,135,0
decode,29,136,0
decode,29,137,0
decode,29,138,0
decode,29,139,0
decode,29,140,0
decode,29,141,1
decode,29,142,0
decode,29,143,0
decode,29,144,0
decode,29,145,0
decode,29,146,1
decode,29,147,0
decode,29,148,0
decode,29,149,0
decode,29,150,0
decode,29,151,0
decode,29,152,0
decode,29,153,0
decode,29,154,0
decode,29,155,0
decode,29,156,0
decode,29,157,0
decode,29,158,0
decode,29,159,0
decode,29,160,0
decode,29,161,0
decode,29,162,0
decode,29,163,0
decode,29,164,0
decode,29,165,0
decode,29,166,0
decode,29,167,0
decode,29,168,0
decode,29,169,0
decode,29,170,0
decode,29,171,0
decode,29,172,0
decode,29,173,0
decode,29,174,0
decode,29,175,0
decode,29,176,0
decode,29,177,0
decode,29,178,4
decode,29,179,0
decode,29,180,0
decode,29,181,0
decode,29,182,0
decode,29,183,0
decode,29,184,0
decode,29,185,0
decode,29,186,0
decode,29,187,0
decode,29,188,0
decode,29,189,0
decode,29,190,0
decode,29,191,0
decode,29,192,5
decode,29,193,0
decode,29,194,0
decode,29,195,0
decode,29,196,0
decode,29,197,0
decode,29,198,0
decode,29,199,0
decode,29,200,0
decode,29,201,0
decode,29,202,0
decode,29,203,0
decode,29,204,0
decode,29,205,1
decode,29,206,0
decode,29,207,0
decode,29,208,0
decode,29,209,0
decode,29,210,0
decode,29,211,0
decode,29,212,0
decode,29,213,0
decode,29,214,0
decode,29,215,0
decode,29,216,0
decode,29,217,0
decode,29,218,0
decode,29,219,0
decode,29,220,0
decode,29,221,0
decode,29,222,0
decode,29,223,0
decode,29,224,0
decode,29,225,0
decode,29,226,0
decode,29,227,0
decode,29,228,0
decode,29,229,0
decode,29,230,0
decode,29,231,0
decode,29,232,0
decode,29,233,0
decode,29,234,0
decode,29,235,0
decode,29,236,0
decode,29,237,0
decode,29,238,0
decode,29,239,0
decode,29,240,0
decode,29,241,0
decode,29,242,0
decode,29,243,0
decode,29,244,5
decode,29,245,0
decode,29,246,0
decode,29,247,0
decode,29,248,0
decode,29,249,0
decode,29,250,0
decode,29,251,0
decode,29,252,0
decode,29,253,0
decode,29,254,0
decode,29,255,0
decode,30,0,0
decode,30,1,0
decode,30,2,0
decode,30,3,0
decode,30,4,0
decode,30,5,0
decode,30,6,0
decode,30,7,0
decode,30,8,0
decode,30,9,0
decode,30,10,0
decode,30,11,0
decode,30,12,0
decode,30,13,0
decode,30,14,0
decode,30,15,0
decode,30,16,1
decode,30,17,0
decode,30,18,0
decode,30,19,0
decode,30,20,0
decode,30,21,0
decode,30,22,0
decode,30,23,0
decode,30,24,0
decode,30,25,0
decode,30,26,0
decode,30,27,0
decode,30,28,0
decode,30,29,0
decode,30,30,0
decode,30,31,0
decode,30,32,0
decode,30,33,0
decode,30,34,0
decode,30,35,0
decode,30,36,0
decode,30,37,0
decode,30,38,0
decode,30,39,0
decode,30,40,0
decode,30,41,0
decode,30,42,0
decode,30,43,0
decode,30,44,0
decode,30,45,0
decode,30,46,0
decode,30,47,0
decode,30,48,0
decode,30,49,0
decode,30,50,0
decode,30,51,7
decode,30,52,0
decode,30,53,0
decode,30,54,0
decode,30,55,0
decode,30,56,0
decode,30,57,0
decode,30,58,0
decode,30,59,0
decode,30,60,0
decode,30,61,0
decode,30,62,0
decode,30,63,0
decode,30,64,0
decode,30,65,0
decode,30,66,0
decode,30,67,0
decode,30,68,0
decode,30,69,0
decode,30,70,0
decode,30,71,0
decode,30,72,0
decode,30,73,0
decode,30,74,0
decode,30,75,0
decode,30,76,0
decode,30,77,0
decode,30,78,0
decode,30,79,0
decode,30,80,0
decode,30,81,0
decode,30,82,0
decode,30,83,5
decode,30,84,0
decode,30,85,0
decode,30,86,0
decode,30,87,0
decode,30,88,0
decode,30,89,0
decode,30,90,0
decode,30,91,0
decode,30,92,0
decode,30,93,0
decode,30,94,1
decode,30,95,0
decode,30,96,0
decode,30,97,0
decode,30,98,0
decode,30,99,0
decode,30,100,0
decode,30,101,0
decode,30,102,0
decode,30,103,0
decode,30,104,0
decode,30,105,0
decode,30,106,0
decode,30,107,0
decode,30,108,0
decode,30,109,5
decode,30,110,0
decode,30,111,0
decode,30,112,0
decode,30,113,0
decode,30,114,0
decode,30,115,0
decode,30,116,0
decode,30,117,2
decode,30,118,0
decode,30,119,0
decode,30,120,0
decode,30,121,1
decode,30,122,0
decode,30,123,0
decode,30,124,1
decode,30,125,0
decode,30,126,0
decode,30,127,2
decode,30,128,0
decode,30,129,0
decode,30,130,0
decode,30,131,0
decode,30,132,3
decode,30,133,0
decode,30,134,0
decode,30,135,0
decode,30,136,0
decode,30,137,0
decode,30,138,0
decode,30,139,0
decode,30,140,0
decode,30,141,0
decode,30,142,0
decode,30,143,0
decode,30,144,0
decode,30,145,0
decode,30,146,0
decode,30,147,0
decode,30,148,0
decode,30,149,0
decode,30,150,0
decode,30,151,0
decode,30,152,0
decode,30,153,0
decode,30,154,0
decode,30,155,0
decode,30,156,0
decode,30,157,0
decode,30,158,0
decode,30,159,0
decode,30,160,0
decode,30,161,2
decode,30,162,0
decode,30,163,0
decode,30,164,0
decode,30,165,0
decode,30,166,0
decode,30,167,0
decode,30,168,0
decode,30,169,1
decode,30,170,0
decode,30,171,0
decode,30,172,0
decode,30,173,0
decode,30,174,0
decode,30,175,0
decode,30,176,0
decode,30,177,0
decode,30,178,1
decode,30,179,0
decode,30,180,0
decode,30,181,0
decode,30,182,0
decode,30,183,0
decode,30,184,0
decode,30,185,0
decode,30,186,0
decode,30,187,0
decode,30,188,0
decode,30,189,0
decode,30,190,0
decode,30,191,0
decode,30,192,0
decode,30,193,1
decode,30,194,0
decode,30,195,0
decode,30,196,0
decode,30,197,0
decode,30,198,0
decode,30,199,0
decode,30,200,0
decode,30,201,0
decode,30,202,0
decode,30,203,0
decode,30,204,0
decode,30,205,0
decode,30,206,0
decode,30,207,0
decode,30,208,0
decode,30,209,0
decode,30,210,0
decode,30,211,0
decode,30,212,0
decode,30,213,0
decode,30,214,0
decode,30,215,0
decode,30,216,0
decode,30,217,0
decode,30,218,0
decode,30,219,0
decode,30,220,0
decode,30,221,0
decode,30,222,0
decode,30,223,0
decode,30,224,0
decode,30,225,0
decode,30,226,0
decode,30,227,1
decode,30,228,0
decode,30,229,0
decode,30,230,0
decode,30,231,0
decode,30,232,0
decode,30,233,0
decode,30,234,0
decode,30,235,0
decode,30,236,5
decode,30,237,0
decode,30,238,0
decode,30,239,0
decode,30,240,0
decode,30,241,0
decode,30,242,0
decode,30,243,0
decode,30,244,0
decode,30,245,0
decode,30,246,0
decode,30,247,0
decode,30,248,0
decode,30,249,0
decode,30,250,0
decode,30,251,0
decode,30,252,2
decode,30,253,1
decode,30,254,0
decode,30,255,0
decode,31,0,0
decode,31,1,0
decode,31,2,0
decode,31,3,0
decode,31,4,0
decode,31,5,0
decode,31,6,0
decode,31,7,0
decode,31,8,0
decode,31,9,0
decode,31,10,0
decode,31,11,0
decode,31,12,0
decode,31,13,0
decode,31,14,0
decode,31,15,0
decode,31,16,0
decode,31,17,0
decode,31,18,0
decode,31,19,0
decode,31,20,0
decode,31,21,0
decode,31,22,0
decode,31,23,0
decode,31,24,0
decode,31,25,0
decode,31,26,0
decode,31,27,0
decode,31,28,0
decode,31,29,0
decode,31,30,0
decode,31,31,0
decode,31,32,0
decode,31,33,0
decode,31,34,0
decode,31,35,0
decode,31,36,0
decode,31,37,0
decode,31,38,0
decode,31,39,0
decode,31,40,0
decode,31,41,0
decode,31,42,0
decode,31,43,0
decode,31,44,0
decode,31,45,5
decode,31,46,0
decode,31,47,0
decode,31,48,0
decode,31,49,0
decode,31,50,0
decode,31,51,0
decode,31,52,0
decode,31,53,0
decode,31,54,0
decode,31,55,0
decode,31,56,0
decode,31,57,0
decode,31,58,0
decode,31,59,0
decode,31,60,0
decode,31,61,0
decode,31,62,0
decode,31,63,0
decode,31,64,0
decode,31,65,6
decode,31,66,0
decode,31,67,0
decode,31,68,0
decode,31,69,0
decode,31,70,0
decode,31,71,0
decode,31,72,0
decode,31,73,0
decode,31,74,0
decode,31,75,0
decode,31,76,0
decode,31,77,0
decode,31,78,0
decode,31,79,0
decode,31,80,0
decode,31,81,0
decode,31,82,0
decode,31,83,0
decode,31,84,0
decode,31,85,0
decode,31,86,0
decode,31,87,0
decode,31,88,0
decode,31,89,0
decode,31,90,0
decode,31,91,0
decode,31,92,0
decode,31,93,0
decode,31,94,4
decode,31,95,0
decode,31,96,0
decode,31,97,0
decode,31,98,0
decode,31,99,0
decode,31,100,0
decode,31,101,0
decode,31,102,0
decode,31,103,0
decode,31,104,0
decode,31,105,0
decode,31,106,0
decode,31,107,0
decode,31,108,0
decode,31,109,0
decode,31,110,0
decode,31,111,0
decode,31,112,0
decode,31,113,7
decode,31,114,0
decode,31,115,0
decode,31,116,0
decode,31,117,3
decode,31,118,0
decode,31,119,0
decode,31,120,0
decode,31,121,0
decode,31,122,0
decode,31,123,1
decode,31,124,0
decode,31,125,0
decode,31,126,0
decode,31,127,0
decode,31,128,0
decode,31,129,0
decode,31,130,0
decode,31,131,0
decode,31,132,0
decode,31,133,0
decode,31,134,0
decode,31,135,0
decode,31,136,0
decode,31,137,0
decode,31,138,0
decode,31,139,0
decode,31,140,0
decode,31,141,0
decode,31,142,0
decode,31,143,3
decode,31,144,0
decode,31,145,0
decode,31,146,0
decode,31,147,0
decode,31,148,0
decode,31,149,0
decode,31,150,0
decode,31,151,0
decode,31,152,0
decode,31,153,0
decode,31,154,0
decode,31,155,0
decode,31,156,0
decode,31,157,0
decode,31,158,0
decode,31,159,0
decode,31,160,0
decode,31,161,0
decode,31,162,0
decode,31,163,0
decode,31,164,0
decode,31,165,0
decode,31,166,0
decode,31,167,0
decode,31,168,0
decode,31,169,0
decode,31,170,4
decode,31,171,0
decode,31,172,0
decode,31,173,0
decode,31,174,0
decode,31,175,0
decode,31,176,0
decode,31,177,0
decode,31,178,0
decode,31,179,0
decode,31,180,0
decode,31,181,0
decode,31,182,0
decode,31,183,0
decode,31,184,0
decode,31,185,0
decode,31,186,0
decode,31,187,0
decode,31,188,0
decode,31,189,0
decode,31,190,0
decode,31,191,0
decode,31,192,0
decode,31,193,0
decode,31,194,0
decode,31,195,0
decode,31,196,0
decode,31,197,0
decode,31,198,0
decode,31,199,0
decode,31,200,0
decode,31,201,0
decode,31,202,0
decode,31,203,1
decode,31,204,2
decode,31,205,0
decode,31,206,0
decode,31,207,0
decode,31,208,0
decode,31,209,0
decode,31,210,0
decode,31,211,0
decode,31,212,5
decode,31,213,0
decode,31,214,0
decode,31,215,0
decode,31,216,0
decode,31,217,0
decode,31,218,0
decode,31,219,0
decode,31,220,0
decode,31,221,0
decode,31,222,0
decode,31,223,0
decode,31,224,0
decode,31,225,0
decode,31,226,0
decode,31,227,0
decode,31,228,0
decode,31,229,0
decode,31,230,0
decode,31,231,0
decode,31,232,0
decode,31,233,0
decode,31,234,0
decode,31,235,0
decode,31,236,0
decode,31,237,0
decode,31,238,0
decode,31,239,0
decode,31,240,0
decode,31,241,0
decode,31,242,1
decode,31,243,0
decode,31,244,0
decode,31,245,0
decode,31,246,0
decode,31,247,0
decode,31,248,0
decode,31,249,0
decode,31,250,0
decode,31,251,0
decode,31,252,0
decode,31,253,0
decode,31,254,0
decode,31,255,0
decode,32,0,0
decode,32,1,0
decode,32,2,0
decode,32,3,0
decode,32,4,0
decode,32,5,0
decode,32,6,0
decode,32,7,0
decode,32,8,0
decode,32,9,0
decode,32,10,0
decode,32,11,0
decode,32,12,0
decode,32,13,0
decode,32,14,0
decode,32,15,0
decode,32,16,0
decode,32,17,3
decode,32,18,0
decode,32,19,0
decode,32,20,0
decode,32,21,0
decode,32,22,0
decode,32,23,0
decode,32,24,0
decode,32,25,0
decode,32,26,0
decode,32,27,0
decode,32,28,0
decode,32,29,0
decode,32,30,0
decode,32,31,0
decode,32,32,0
decode,32,33,0
decode,32,34,0
decode,32,35,0
decode,32,36,0
decode,32,37,0
decode,32,38,0
decode,32,39,0
decode,32,40,0
decode,32,41,0
decode,32,42,0
decode,32,43,0
decode,32,44,0
decode,32,45,0
decode,32,46,0
decode,32,47,0
decode,32,48,0
decode,32,49,0
decode,32,50,0
decode,32,51,0
decode,32,52,0
decode,32,53,0
decode,32,54,0
decode,32,55,0
decode,32,56,0
decode,32,57,0
decode,32,58,0
decode,32,59,0
decode,32,60,0
decode,32,61,0
decode,32,62,0
decode,32,63,0
decode,32,64,0
decode,32,65,0
decode,32,66,0
decode,32,67,0
decode,32,68,0
decode,32,69,0
decode,32,70,0
decode,32,71,0
decode,32,72,0
decode,32,73,0
decode,32,74,0
decode,32,75,0
decode,32,76,0
decode,32,77,0
decode,32,78,0
decode,32,79,0
decode,32,80,0
decode,32,81,0
decode,32,82,3
decode,32,83,0
decode,32,84,0
decode,32,85,0
decode,32,86,0
decode,32,87,0
decode,32,88,0
decode,32,89,0
decode,32,90,0
decode,32,91,0
decode,32,92,0
decode,32,93,0
decode,32,94,0
decode,32,95,0
decode,32,96,0
decode,32,97,0
decode,32,98,0
decode,32,99,0
decode,32,100,0
decode,32,101,0
decode,32,102,0
decode,32,103,0
decode,32,104,0
decode,32,105,0
decode,32,106,0
decode,32,107,6
decode,32,108,0
decode,32,109,0
decode,32,110,0
decode,32,111,0
decode,32,112,0
decode,32,113,0
decode,32,114,0
decode,32,115,0
decode,32,116,0
decode,32,117,2
decode,32,118,0
decode,32,119,0
decode,32,120,0
decode,32,121,0
decode,32,122,0
decode,32,123,0
decode,32,124,0
decode,32,125,0
decode,32,126,0
decode,32,127,0
decode,32,128,0
decode,32,129,0
decode,32,130,0
decode,32,131,2
decode,32,132,0
decode,32,133,3
decode,32,134,0
decode,32,135,0
decode,32,136,3
decode,32,137,0
decode,32,138,0
decode,32,139,0
decode,32,140,0
decode,32,141,0
decode,32,142,0
decode,32,143,1
decode,32,144,0
decode,32,145,0
decode,32,146,0
decode,32,147,0
decode,32,148,0
decode,32,149,0
decode,32,150,0
decode,32,151,0
decode,32,152,0
decode,32,153,0
decode,32,154,0
decode,32,155,0
decode,32,156,0
decode,32,157,0
decode,32,158,0
decode,32,159,0
decode,32,160,0
decode,32,161,0
decode,32,162,0
decode,32,163,0
decode,32,164,0
decode,32,165,0
decode,32,166,0
decode,32,167,0
decode,32,168,0
decode,32,169,0
decode,32,170,0
decode,32,171,0
decode,32,172,0
decode,32,173,0
decode,32,174,0
decode,32,175,3
decode,32,176,0
decode,32,177,0
decode,32,178,0
decode,32,179,0
decode,32,180,0
decode,32,181,0
decode,32,182,0
decode,32,183,0
decode,32,184,0
decode,32,185,0
decode,32,186,0
decode,32,187,0
decode,32,188,0
decode,32,189,0
decode,32,190,0
decode,32,191,0
decode,32,192,0
decode,32,193,7
decode,32,194,0
decode,32,195,0
decode,32,196,0
decode,32,197,0
decode,32,198,0
decode,32,199,0
decode,32,200,0
decode,32,201,0
decode,32,202,0
decode,32,203,7
decode,32,204,0
decode,32,205,0
decode,32,206,0
decode,32,207,0
decode,32,208,0
decode,32,209,0
decode,32,210,0
decode,32,211,0
decode,32,212,0
decode,32,213,0
decode,32,214,2
decode,32,215,0
decode,32,216,0
decode,32,217,0
decode,32,218,0
decode,32,219,0
decode,32,220,0
decode,32,221,0
decode,32,222,0
decode,32,223,0
decode,32,224,0
decode,32,225,0
decode,32,226,0
decode,32,227,0
decode,32,228,0
decode,32,229,0
decode,32,230,0
decode,32,231,0
decode,32,232,0
decode,32,233,0
decode,32,234,0
decode,32,235,0
decode,32,236,0
decode,32,237,0
decode,32,238,0
decode,32,239,0
decode,32,240,0
decode,32,241,0
decode,32,242,0
decode,32,243,0
decode,32,244,0
decode,32,245,0
decode,32,246,0
decode,32,247,0
decode,32,248,0
decode,32,249,0
decode,32,250,0
decode,32,251,0
decode,32,252,0
decode,32,253,0
decode,32,254,0
decode,32,255,0
decode,33,0,0
decode,33,1,1
decode,33,2,0
decode,33,3,0
decode,33,4,7
decode,33,5,0
decode,33,6,0
decode,33,7,0
decode,33,8,0
decode,33,9,0
decode,33,10,0
decode,33,11,0
decode,33,12,0
decode,33,13,0
decode,33,14,0
decode,33,15,4
decode,33,16,0
decode,33,17,0
decode,33,18,0
decode,33,19,0
decode,33,20,0
decode,33,21,0
decode,33,22,0
decode,33,23,0
decode,33,24,0
decode,33,25,0
decode,33,26,0
decode,33,27,0
decode,33,28,0
decode,33,29,0
decode,33,30,0
decode,33,31,0
decode,33,32,0
decode,33,33,0
decode,33,34,0
decode,33,35,7
decode,33,36,0
decode,33,37,0
decode,33,38,0
decode,33,39,0
decode,33,40,1
decode,33,41,0
decode,33,42,0
decode,33,43,0
decode,33,44,0
decode,33,45,0
decode,33,46,0
decode,33,47,0
decode,33,48,0
decode,33,49,0
decode,33,50,0
decode,33,51,0
decode,33,52,0
decode,33,53,0
decode,33,54,0
decode,33,55,0
decode,33,56,0
decode,33,57,0
decode,33,58,5
decode,33,59,0
decode,33,60,0
decode,33,61,0
decode,33,62,0
decode,33,63,0
decode,33,64,1
decode,33,65,0
decode,33,66,0
decode,33,67,0
decode,33,68,0
decode,33,69,0
decode,33,70,0
decode,33,71,0
decode,33,72,0
decode,33,73,0
decode,33,74,0
decode,33,75,0
decode,33,76,0
decode,33,77,0
decode,33,78,0
decode,33,79,0
decode,33,80,0
decode,33,81,0
decode,33,82,0
decode,33,83,0
decode,33,84,0
decode,33,85,0
decode,33,86,0
decode,33,87,0
decode,33,88,0
decode,33,89,0
decode,33,90,0
decode,33,91,0
decode,33,92,0
decode,33,93,0
decode,33,94,0
decode,33,95,0
decode,33,96,0
decode,33,97,0
decode,33,98,0
decode,33,99,0
decode,33,100,0
decode,33,101,0
decode,33,102,0
decode,33,103,0
decode,33,104,0
decode,33,105,0
decode,33,106,0
decode,33,107,0
decode,33,108,0
decode,33,109,0
decode,33,110,0
decode,33,111,0
decode,33,112,0
decode,33,113,0
decode,33,114,0
decode,33,115,0
decode,33,116,0
decode,33,117,0
decode,33,118,0
decode,33,119,0
decode,33,120,0
decode,33,121,0
decode,33,122,0
decode,33,123,0
decode,33,124,0
decode,33,125,0
decode,33,126,0
decode,33,127,0
decode,33,128,0
decode,33,129,0
decode,33,130,0
decode,33,131,0
decode,33,132,0
decode,33,133,0
decode,33,134,0
decode,33,135,0
decode,33,136,3
decode,33,137,0
decode,33,138,0
decode,33,139,0
decode,33,140,0
decode,33,141,0
decode,33,142,0
decode,33,143,0
decode,33,144,0
decode,33,145,0
decode,33,146,0
decode,33,147,1
decode,33,148,0
decode,33,149,0
decode,33,150,0
decode,33,151,0
decode,33,152,0
decode,33,153,0
decode,33,154,0
decode,33,155,0
decode,33,156,0
decode,33,157,0
decode,33,158,1
decode,33,159,0
decode,33,160,0
decode,33,161,0
decode,33,162,0
decode,33,163,0
decode,33,164,0
decode,33,165,0
decode,33,166,0
decode,33,167,0
decode,33,168,0
decode,33,169,0
decode,33,170,0
decode,33,171,0
decode,33,172,0
decode,33,173,0
decode,33,174,2
decode,33,175,0
decode,33,176,0
decode,33,177,0
decode,33,178,0
decode,33,179,0
decode,33,180,0
decode,33,181,1
decode,33,182,0
decode,33,183,0
decode,33,184,0
decode,33,185,0
decode,33,186,0
decode,33,187,0
decode,33,188,0
decode,33,189,0
decode,33,190,0
decode,33,191,0
decode,33,192,0
decode,33,193,0
decode,33,194,0
decode,33,195,0
decode,33,196,0
decode,33,197,0
decode,33,198,0
decode,33,199,0
decode,33,200,6
decode,33,201,0
decode,33,202,0
decode,33,203,0
decode,33,204,0
decode,33,205,0
decode,33,206,0
decode,33,207,0
decode,33,208,0
decode,33,209,0
decode,33,210,0
decode,33,211,0
decode,33,212,2
decode,33,213,0
decode,33,214,0
decode,33,215,0
decode,33,216,0
decode,33,217,0
decode,33,218,0
decode,33,219,0
decode,33,220,0
decode,33,221,0
decode,33,222,0
decode,33,223,0
decode,33,224,0
decode,33,225,0
decode,33,226,0
decode,33,227,0
decode,33,228,0
decode,33,229,0
decode,33,230,0
decode,33,231,0
decode,33,232,0
decode,33,233,0
decode,33,234,0
decode,33,235,0
decode,33,236,0
decode,33,237,0
decode,33,238,0
decode,33,239,0
decode,33,240,0
decode,33,241,0
decode,33,242,0
decode,33,243,0
decode,33,244,0
decode,33,245,0
decode,33,246,0
decode,33,247,0
decode,33,248,0
decode,33,249,0
decode,33,250,0
decode,33,251,0
decode,33,252,0
decode,33,253,0
decode,33,254,0
decode,33,255,0
decode,34,0,0
decode,34,1,0
decode,34,2,0
decode,34,3,0
decode,34,4,0
decode,34,5,0
decode,34,6,0
decode,34,7,0
decode,34,8,0
decode,34,9,0
decode,34,10,4
decode,34,11,0
decode,34,12,0
decode,34,13,0
decode,34,14,0
decode,34,15,0
decode,34,16,0
decode,34,17,0
decode,34,18,0
decode,34,19,0
decode,34,20,0
decode,34,21,0
decode,34,22,0
decode,34,23,0
decode,34,24,0
decode,34,25,0
decode,34,26,0
decode,34,27,0
decode,34,28,0
decode,34,29,0
decode,34,30,1
decode,34,31,0
decode,34,32,0
decode,34,33,0
decode,34,34,0
decode,34,35,0
decode,34,36,0
decode,34,37,0
decode,34,38,0
decode,34,39,0
decode,34,40,0
decode,34,41,0
decode,34,42,0
decode,34,43,0
decode,34,44,0
decode,34,45,0
decode,34,46,0
decode,34,47,0
decode,34,48,0
decode,34,49,0
decode,34,50,0
decode,34,51,0
decode,34,52,0
decode,34,53,0
decode,34,54,0
decode,34,55,0
decode,34,56,0
decode,34,57,0
decode,34,58,0
decode,34,59,0
decode,34,60,0
decode,34,61,0
decode,34,62,0
decode,34,63,0
decode,34,64,0
decode,34,65,0
decode,34,66,0
decode,34,67,0
decode,34,68,0
decode,34,69,0
decode,34,70,0
decode,34,71,0
decode,34,72,0
decode,34,73,0
decode,34,74,0
decode,34,75,0
decode,34,76,0
decode,34,77,0
decode,34,78,0
decode,34,79,3
decode,34,80,2
decode,34,81,0
decode,34,82,0
decode,34,83,0
decode,34,84,0
decode,34,85,6
decode,34,86,0
decode,34,87,0
decode,34,88,0
decode,34,89,0
decode,34,90,7
decode,34,91,0
decode,34,92,0
decode,34,93,0
decode,34,94,0
decode,34,95,0
decode,34,96,0
decode,34,97,0
decode,34,98,0
decode,34,99,0
decode,34,100,0
decode,34,101,0
decode,34,102,0
decode,34,103,0
decode,34,104,0
decode,34,105,0
decode,34,106,0
decode,34,107,0
decode,34,108,0
decode,34,109,0
decode,34,110,0
decode,34,111,0
decode,34,112,0
decode,34,113,0
decode,34,114,0
decode,34,115,2
decode,34,116,0
decode,34,117,0
decode,34,118,0
decode,34,119,0
decode,34,120,0
decode,34,121,0
decode,34,122,0
decode,34,123,0
decode,34,124,0
decode,34,125,0
decode,34,126,0
decode,34,127,0
decode,34,128,0
decode,34,129,0
decode,34,130,0
decode,34,131,0
decode,34,132,0
decode,34,133,0
decode,34,134,0
decode,34,135,0
decode,34,136,2
decode,34,137,0
decode,34,138,0
decode,34,139,0
decode,34,140,0
decode,34,141,0
decode,34,142,0
decode,34,143,0
decode,34,144,0
decode,34,145,0
decode,34,146,0
decode,34,147,0
decode,34,148,0
decode,34,149,0
decode,34,150,0
decode,34,151,0
decode,34,152,0
decode,34,153,0
decode,34,154,0
decode,34,155,0
decode,34,156,0
decode,34,157,0
decode,34,158,0
decode,34,159,0
decode,34,160,0
decode,34,161,0
decode,34,162,0
decode,34,163,0
decode,34,164,0
decode,34,165,0
decode,34,166,0
decode,34,167,0
decode,34,168,0
decode,34,169,0
decode,34,170,0
decode,34,171,0
decode,34,172,0
decode,34,173,0
decode,34,174,0
decode,34,175,0
decode,34,176,0
decode,34,177,2
decode,34,178,0
decode,34,179,0
decode,34,180,0
decode,34,181,0
decode,34,182,0
decode,34,183,0
decode,34,184,0
decode,34,185,0
decode,34,186,0
decode,34,187,0
decode,34,188,0
decode,34,189,0
decode,34,190,0
decode,34,191,1
decode,34,192,0
decode,34,193,0
decode,34,194,0
decode,34,195,0
decode,34,196,0
decode,34,197,0
decode,34,198,0
decode,34,199,0
decode,34,200,0
decode,34,201,1
decode,34,202,0
decode,34,203,0
decode,34,204,0
decode,34,205,0
decode,34,206,0
decode,34,207,7
decode,34,208,0
decode,34,209,0
decode,34,210,0
decode,34,211,0
decode,34,212,0
decode,34,213,0
decode,34,214,0
decode,34,215,0
decode,34,216,0
decode,34,217,0
decode,34,218,0
decode,34,219,0
decode,34,220,0
decode,34,221,0
decode,34,222,0
decode,34,223,0
decode,34,224,0
decode,34,225,0
decode,34,226,0
decode,34,227,0
decode,34,228,0
decode,34,229,0
decode,34,230,0
decode,34,231,0
decode,34,232,0
decode,34,233,0
decode,34,234,0
decode,34,235,0
decode,34,236,0
decode,34,237,0
decode,34,238,0
decode,34,239,0
decode,34,240,0
decode,34,241,0
decode,34,242,0
decode,34,243,0
decode,34,244,3
decode,34,245,0
decode,34,246,0
decode,34,247,1
decode,34,248,0
decode,34,249,0
decode,34,250,0
decode,34,251,0
decode,34,252,0
decode,34,253,0
decode,34,254,0
decode,34,255,0
decode,35,0,0
decode,35,1,0
decode,35,2,0
decode,35,3,0
decode,35,4,0
decode,35,5,0
decode,35,6,0
decode,35,7,0
decode,35,8,0
decode,35,9,0
decode,35,10,0
decode,35,11,0
decode,35,12,0
decode,35,13,0
decode,35,14,0
decode,35,15,0
decode,35,16,0
decode,35,17,0
decode,35,18,0
decode,35,19,0
decode,35,20,0
decode,35,21,0
decode,35,22,0
decode,35,23,0
decode,35,24,0
decode,35,25,0
decode,35,26,0
decode,35,27,0
decode,35,28,0
decode,35,29,0
decode,35,30,0
decode,35,31,0
decode,35,32,0
decode,35,33,0
decode,35,34,0
decode,35,35,0
decode,35,36,0
decode,35,37,1
decode,35,38,0
decode,35,39,0
decode,35,40,0
decode,35,41,0
decode,35,42,0
decode,35,43,0
decode,35,44,0
decode,35,45,0
decode,35,46,0
decode,35,47,0
decode,35,48,0
decode,35,49,0
decode,35,50,0
decode,35,51,0
decode,35,52,0
decode,35,53,0
decode,35,54,0
decode,35,55,0
decode,35,56,0
decode,35,57,0
decode,35,58,0
decode,35,59,0
decode,35,60,0
decode,35,61,0
decode,35,62,0
decode,35,63,0
decode,35,64,0
decode,35,65,0
decode,35,66,0
decode,35,67,0
decode,35,68,0
decode,35,69,0
decode,35,70,0
decode,35,71,4
decode,35,72,0
decode,35,73,6
decode,35,74,0
decode,35,75,0
decode,35,76,0
decode,35,77,0
decode,35,78,0
decode,35,79,0
decode,35,80,0
decode,35,81,0
decode,35,82,0
decode,35,83,0
decode,35,84,0
decode,35,85,0
decode,35,86,0
decode,35,87,0
decode,35,88,0
decode,35,89,0
decode,35,90,0
decode,35,91,0
decode,35,92,0
decode,35,93,0
decode,35,94,0
decode,35,95,0
decode,35,96,0
decode,35,97,0
decode,35,98,0
decode,35,99,2
decode,35,100,0
decode,35,101,0
decode,35,102,0
decode,35,103,0
decode,35,104,0
decode,35,105,0
decode,35,106,0
decode,35,107,0
decode,35,108,0
decode,35,109,0
decode,35,110,0
decode,35,111,0
decode,35,112,0
decode,35,113,0
decode,35,114,0
decode,35,115,0
decode,35,116,0
decode,35,117,0
decode,35,118,0
decode,35,119,0
decode,35,120,0
decode,35,121,0
decode,35,122,0
decode,35,123,0
decode,35,124,0
decode,35,125,0
decode,35,126,0
decode,35,127,0
decode,35,128,0
decode,35,129,0
decode,35,130,0
decode,35,131,0
decode,35,132,0
decode,35,133,0
decode,35,134,0
decode,35,135,0
decode,35,136,0
decode,35,137,0
decode,35,138,0
decode,35,139,0
decode,35,140,0
decode,35,141,0
decode,35,142,0
decode,35,143,0
decode,35,144,0
decode,35,145,0
decode,35,146,0
decode,35,147,0
decode,35,148,0
decode,35,149,0
decode,35,150,0
decode,35,151,0
decode,35,152,0
decode,35,153,0
decode,35,154,0
decode,35,155,0
decode,35,156,0
decode,35,157,0
decode,35,158,0
decode,35,159,0
decode,35,160,0
decode,35,161,2
decode,35,162,0
decode,35,163,0
decode,35,164,7
decode,35,165,0
decode,35,166,0
decode,35,167,0
decode,35,168,0
decode,35,169,0
decode,35,170,0
decode,35,171,0
decode,35,172,0
decode,35,173,0
decode,35,174,7
decode,35,175,0
decode,35,176,0
decode,35,177,0
decode,35,178,1
decode,35,179,0
decode,35,180,0
decode,35,181,0
decode,35,182,0
decode,35,183,0
decode,35,184,0
decode,35,185,0
decode,35,186,0
decode,35,187,0
decode,35,188,0
decode,35,189,0
decode,35,190,0
decode,35,191,0
decode,35,192,0
decode,35,193,0
decode,35,194,0
decode,35,195,0
decode,35,196,0
decode,35,197,0
decode,35,198,0
decode,35,199,5
decode,35,200,0
decode,35,201,0
decode,35,202,0
decode,35,203,0
decode,35,204,0
decode,35,205,0
decode,35,206,0
decode,35,207,0
decode,35,208,0
decode,35,209,0
decode,35,210,0
decode,35,211,0
decode,35,212,0
decode,35,213,0
decode,35,214,0
decode,35,215,0
decode,35,216,5
decode,35,217,0
decode,35,218,0
decode,35,219,0
decode,35,220,0
decode,35,221,0
decode,35,222,0
decode,35,223,0
decode,35,224,0
decode,35,225,0
decode,35,226,0
decode,35,227,2
decode,35,228,0
decode,35,229,0
decode,35,230,0
decode,35,231,0
decode,35,232,0
decode,35,233,0
decode,35,234,0
decode,35,235,0
decode,35,236,0
decode,35,237,0
decode,35,238,0
decode,35,239,0
decode,35,240,0
decode,35,241,0
decode,35,242,0
decode,35,243,0
decode,35,244,0
decode,35,245,0
decode,35,246,0
decode,35,247,0
decode,35,248,0
decode,35,249,0
decode,35,250,0
decode,35,251,0
decode,35,252,0
decode,35,253,0
decode,35,254,0
decode,35,255,0
decode,36,0,0
decode,36,1,0
decode,36,2,0
decode,36,3,0
decode,36,4,0
decode,36,5,0
decode,36,6,0
decode,36,7,0
decode,36,8,0
decode,36,9,0
decode,36,10,0
decode,36,11,0
decode,36,12,0
decode,36,13,0
decode,36,14,0
decode,36,15,0
decode,36,16,0
decode,36,17,0
decode,36,18,4
decode,36,19,0
decode,36,20,0
decode,36,21,0
decode,36,22,0
decode,36,23,0
decode,36,24,0
decode,36,25,0
decode,36,26,0
decode,36,27,0
decode,36,28,3
decode,36,29,0
decode,36,30,0
decode,36,31,0
decode,36,32,0
decode,36,33,0
decode,36,34,0
decode,36,35,0
decode,36,36,0
decode,36,37,0
decode,36,38,0
decode,36,39,0
decode,36,40,0
decode,36,41,0
decode,36,42,0
decode,36,43,0
decode,36,44,0
decode,36,45,0
decode,36,46,0
decode,36,47,0
decode,36,48,0
decode,36,49,0
decode,36,50,0
decode,36,51,0
decode,36,52,0
decode,36,53,1
decode,36,54,0
decode,36,55,1
decode,36,56,0
decode,36,57,0
decode,36,58,0
decode,36,59,0
decode,36,60,0
decode,36,61,0
decode,36,62,0
decode,36,63,0
decode,36,64,0
decode,36,65,0
decode,36,66,0
decode,36,67,0
decode,36,68,0
decode,36,69,0
decode,36,70,0
decode,36,71,1
decode,36,72,0
decode,36,73,0
decode,36,74,0
decode,36,75,0
decode,36,76,0
decode,36,77,0
decode,36,78,0
decode,36,79,0
decode,36,80,0
decode,36,81,0
decode,36,82,0
decode,36,83,0
decode,36,84,0
decode,36,85,0
decode,36,86,0
decode,36,87,0
decode,36,88,0
decode,36,89,0
decode,36,90,0
decode,36,91,0
decode,36,92,0
decode,36,93,0
decode,36,94,0
decode,36,95,0
decode,36,96,0
decode,36,97,0
decode,36,98,0
decode,36,99,0
decode,36,100,0
decode,36,101,0
decode,36,102,0
decode,36,103,1
decode,36,104,0
decode,36,105,0
decode,36,106,0
decode,36,107,0
decode,36,108,0
decode,36,109,0
decode,36,110,0
decode,36,111,0
decode,36,112,0
decode,36,113,0
decode,36,114,0
decode,36,115,0
decode,36,116,1
decode,36,117,0
decode,36,118,0
decode,36,119,0
decode,36,120,0
decode,36,121,0
decode,36,122,0
decode,36,123,0
decode,36,124,0
decode,36,125,0
decode,36,126,0
decode,36,127,0
decode,36,128,2
decode,36,129,0
decode,36,130,0
decode,36,131,0
decode,36,132,0
decode,36,133,0
decode,36,134,0
decode,36,135,0
decode,36,136,0
decode,36,137,0
decode,36,138,0
decode,36,139,0
decode,36,140,0
decode,36,141,0
decode,36,142,0
decode,36,143,0
decode,36,144,7
decode,36,145,0
decode,36,146,0
decode,36,147,0
decode,36,148,0
decode,36,149,0
decode,36,150,0
decode,36,151,0
decode,36,152,0
decode,36,153,0
decode,36,154,0
decode,36,155,0
decode,36,156,0
decode,36,157,0
decode,36,158,0
decode,36,159,0
decode,36,160,0
decode,36,161,0
decode,36,162,0
decode,36,163,0
decode,36,164,0
decode,36,165,0
decode,36,166,0
decode,36,167,0
decode,36,168,0
decode,36,169,0
decode,36,170,0
decode,36,171,0
decode,36,172,7
decode,36,173,0
decode,36,174,0
decode,36,175,0
decode,36,176,0
decode,36,177,0
decode,36,178,0
decode,36,179,0
decode,36,180,0
decode,36,181,0
decode,36,182,0
decode,36,183,0
decode,36,184,0
decode,36,185,0
decode,36,186,0
decode,36,187,0
decode,36,188,0
decode,36,189,0
decode,36,190,0
decode,36,191,0
decode,36,192,0
decode,36,193,0
decode,36,194,0
decode,36,195,0
decode,36,196,0
decode,36,197,0
decode,36,198,0
decode,36,199,0
decode,36,200,0
decode,36,201,0
decode,36,202,0
decode,36,203,0
decode,36,204,0
decode,36,205,0
decode,36,206,0
decode,36,207,0
decode,36,208,0
decode,36,209,0
decode,36,210,0
decode,36,211,0
decode,36,212,0
decode,36,213,0
decode,36,214,0
decode,36,215,0
decode,36,216,0
decode,36,217,0
decode,36,218,0
decode,36,219,0
decode,36,220,0
decode,36,221,0
decode,36,222,0
decode,36,223,6
decode,36,224,0
decode,36,225,1
decode,36,226,0
decode,36,227,0
decode,36,228,0
decode,36,229,0
decode,36,230,0
decode,36,231,0
decode,36,232,0
decode,36,233,7
decode,36,234,0
decode,36,235,0
decode,36,236,0
decode,36,237,0
decode,36,238,0
decode,36,239,0
decode,36,240,0
decode,36,241,0
decode,36,242,0
decode,36,243,0
decode,36,244,0
decode,36,245,0
decode,36,246,0
decode,36,247,0
decode,36,248,0
decode,36,249,0
decode,36,250,0
decode,36,251,0
decode,36,252,0
decode,36,253,0
decode,36,254,0
decode,36,255,0
decode,37,0,0
decode,37,1,0
decode,37,2,0
decode,37,3,0
decode,37,4,0
decode,37,5,0
decode,37,6,0
decode,37,7,0
decode,37,8,0
decode,37,9,0
decode,37,10,0
decode,37,11,0
decode,37,12,0
decode,37,13,0
decode,37,14,0
decode,37,15,0
decode,37,16,0
decode,37,17,0
decode,37,18,0
decode,37,19,0
decode,37,20,0
decode,37,21,0
decode,37,22,0
decode,37,23,0
decode,37,24,0
decode,37,25,0
decode,37,26,0
decode,37,27,0
decode,37,28,0
decode,37,29,4
decode,37,30,0
decode,37,31,3
decode,37,32,0
decode,37,33,1
decode,37,34,0
decode,37,35,0
decode,37,36,0
decode,37,37,0
decode,37,38,7
decode,37,39,0
decode,37,40,0
decode,37,41,0
decode,37,42,0
decode,37,43,0
decode,37,44,0
decode,37,45,0
decode,37,46,0
decode,37,47,0
decode,37,48,0
decode,37,49,0
decode,37,50,0
decode,37,51,0
decode,37,52,0
decode,37,53,0
decode,37,54,0
decode,37,55,0
decode,37,56,7
decode,37,57,0
decode,37,58,0
decode,37,59,0
decode,37,60,0
decode,37,61,0
decode,37,62,0
decode,37,63,0
decode,37,64,0
decode,37,65,0
decode,37,66,0
decode,37,67,0
decode,37,68,0
decode,37,69,0
decode,37,70,0
decode,37,71,0
decode,37,72,0
decode,37,73,0
decode,37,74,3
decode,37,75,0
decode,37,76,2
decode,37,77,0
decode,37,78,0
decode,37,79,0
decode,37,80,0
decode,37,81,0
decode,37,82,0
decode,37,83,0
decode,37,84,0
decode,37,85,0
decode,37,86,0
decode,37,87,0
decode,37,88,0
decode,37,89,0
decode,37,90,0
decode,37,91,0
decode,37,92,0
decode,37,93,0
decode,37,94,0
decode,37,95,0
decode,37,96,0
decode,37,97,0
decode,37,98,0
decode,37,99,0
decode,37,100,0
decode,37,101,0
decode,37,102,0
decode,37,103,0
decode,37,104,0
decode,37,105,0
decode,37,106,2
decode,37,107,0
decode,37,108,0
decode,37,109,0
decode,37,110,0
decode,37,111,0
decode,37,112,0
decode,37,113,0
decode,37,114,0
decode,37,115,0
decode,37,116,0
decode,37,117,0
decode,37,118,0
decode,37,119,0
decode,37,120,0
decode,37,121,0
decode,37,122,0
decode,37,123,0
decode,37,124,0
decode,37,125,0
decode,37,126,0
decode,37,127,0
decode,37,128,0
decode,37,129,0
decode,37,130,0
decode,37,131,2
decode,37,132,0
decode,37,133,0
decode,37,134,0
decode,37,135,0
decode,37,136,0
decode,37,137,0
decode,37,138,0
decode,37,139,0
decode,37,140,0
decode,37,141,0
decode,37,142,0
decode,37,143,0
decode,37,144,0
decode,37,145,0
decode,37,146,0
decode,37,147,0
decode,37,148,3
decode,37,149,0
decode,37,150,0
decode,37,151,0
decode,37,152,0
decode,37,153,0
decode,37,154,0
decode,37,155,0
decode,37,156,0
decode,37,157,0
decode,37,158,0
decode,37,159,0
decode,37,160,0
decode,37,161,0
decode,37,162,0
decode,37,163,0
decode,37,164,0
decode,37,165,0
decode,37,166,0
decode,37,167,0
decode,37,168,0
decode,37,169,0
decode,37,170,0
decode,37,171,0
decode,37,172,0
decode,37,173,0
decode,37,174,0
decode,37,175,0
decode,37,176,0
decode,37,177,0
decode,37,178,0
decode,37,179,0
decode,37,180,0
decode,37,181,0
decode,37,182,0
decode,37,183,0
decode,37,184,0
decode,37,185,0
decode,37,186,0
decode,37,187,0
decode,37,188,0
decode,37,189,0
decode,37,190,0
decode,37,191,0
decode,37,192,0
decode,37,193,1
decode,37,194,0
decode,37,195,0
decode,37,196,0
decode,37,197,0
decode,37,198,0
decode,37,199,0
decode,37,200,0
decode,37,201,0
decode,37,202,0
decode,37,203,0
decode,37,204,0
decode,37,205,0
decode,37,206,0
decode,37,207,0
decode,37,208,0
decode,37,209,0
decode,37,210,0
decode,37,211,0
decode,37,212,0
decode,37,213,0
decode,37,214,0
decode,37,215,0
decode,37,216,0
decode,37,217,0
decode,37,218,0
decode,37,219,0
decode,37,220,0
decode,37,221,0
decode,37,222,0
decode,37,223,0
decode,37,224,0
decode,37,225,0
decode,37,226,0
decode,37,227,0
decode,37,228,0
decode,37,229,0
decode,37,230,0
decode,37,231,0
decode,37,232,0
decode,37,233,4
decode,37,234,3
decode,37,235,0
decode,37,236,0
decode,37,237,0
decode,37,238,0
decode,37,239,0
decode,37,240,0
decode,37,241,0
decode,37,242,0
decode,37,243,0
decode,37,244,0
decode,37,245,0
decode,37,246,0
decode,37,247,0
decode,37,248,0
decode,37,249,0
decode,37,250,0
decode,37,251,0
decode,37,252,0
decode,37,253,0
decode,37,254,0
decode,37,255,0
decode,38,0,0
decode,38,1,0
decode,38,2,0
decode,38,3,0
decode,38,4,0
decode,38,5,0
decode,38,6,0
decode,38,7,0
decode,38,8,0
decode,38,9,0
decode,38,10,7
decode,38,11,0
decode,38,12,0
decode,38,13,0
decode,38,14,0
decode,38,15,2
decode,38,16,0
decode,38,17,0
decode,38,18,0
decode,38,19,0
decode,38,20,0
decode,38,21,0
decode,38,22,0
decode,38,23,3
decode,38,24,0
decode,38,25,0
decode,38,26,0
decode,38,27,0
decode,38,28,0
decode,38,29,0
decode,38,30,0
decode,38,31,0
decode,38,32,0
decode,38,33,0
decode,38,34,0
decode,38,35,0
decode,38,36,0
decode,38,37,0
decode,38,38,0
decode,38,39,0
decode,38,40,0
decode,38,41,0
decode,38,42,0
decode,38,43,1
decode,38,44,3
decode,38,45,0
decode,38,46,0
decode,38,47,0
decode,38,48,0
decode,38,49,0
decode,38,50,0
decode,38,51,0
decode,38,52,0
decode,38,53,0
decode,38,54,0
decode,38,55,0
decode,38,56,0
decode,38,57,0
decode,38,58,0
decode,38,59,0
decode,38,60,0
decode,38,61,0
decode,38,62,0
decode,38,63,0
decode,38,64,0
decode,38,65,0
decode,38,66,0
decode,38,67,0
decode,38,68,0
decode,38,69,0
decode,38,70,2
decode,38,71,0
decode,38,72,0
decode,38,73,0
decode,38,74,4
decode,38,75,0
decode,38,76,5
decode,38,77,0
decode,38,78,0
decode,38,79,0
decode,38,80,0
decode,38,81,0
decode,38,82,0
decode,38,83,0
decode,38,84,0
decode,38,85,0
decode,38,86,0
decode,38,87,0
decode,38,88,0
decode,38,89,0
decode,38,90,0
decode,38,91,0
decode,38,92,0
decode,38,93,0
decode,38,94,0
decode,38,95,0
decode,38,96,0
decode,38,97,0
decode,38,98,0
decode,38,99,0
decode,38,100,0
decode,38,101,0
decode,38,102,0
decode,38,103,0
decode,38,104,0
decode,38,105,0
decode,38,106,0
decode,38,107,0
decode,38,108,0
decode,38,109,0
decode,38,110,2
decode,38,111,0
decode,38,112,0
decode,38,113,0
decode,38,114,0
decode,38,115,0
decode,38,116,0
decode,38,117,0
decode,38,118,0
decode,38,119,0
decode,38,120,0
decode,38,121,0
decode,38,122,0
decode,38,123,0
decode,38,124,0
decode,38,125,0
decode,38,126,0
decode,38,127,5
decode,38,128,0
decode,38,129,0
decode,38,130,0
decode,38,131,0
decode,38,132,0
decode,38,133,0
decode,38,134,0
decode,38,135,0
decode,38,136,0
decode,38,137,0
decode,38,138,0
decode,38,139,0
decode,38,140,0
decode,38,141,0
decode,38,142,0
decode,38,143,0
decode,38,144,0
decode,38,145,0
decode,38,146,0
decode,38,147,0
decode,38,148,0
decode,38,149,0
decode,38,150,0
decode,38,151,0
decode,38,152,0
decode,38,153,0
decode,38,154,0
decode,38,155,0
decode,38,156,0
decode,38,157,0
decode,38,158,0
decode,38,159,0
decode,38,160,0
decode,38,161,0
decode,38,162,0
decode,38,163,0
decode,38,164,0
decode,38,165,0
decode,38,166,0
decode,38,167,0
decode,38,168,0
decode,38,169,2
decode,38,170,0
decode,38,171,0
decode,38,172,0
decode,38,173,0
decode,38,174,0
decode,38,175,0
decode,38,176,0
decode,38,177,0
decode,38,178,0
decode,38,179,0
decode,38,180,0
decode,38,181,0
decode,38,182,0
decode,38,183,0
decode,38,184,0
decode,38,185,0
decode,38,186,0
decode,38,187,0
decode,38,188,0
decode,38,189,0
decode,38,190,0
decode,38,191,0
decode,38,192,0
decode,38,193,0
decode,38,194,0
decode,38,195,0
decode,38,196,0
decode,38,197,0
decode,38,198,0
decode,38,199,0
decode,38,200,0
decode,38,201,1
decode,38,202,0
decode,38,203,0
decode,38,204,0
decode,38,205,0
decode,38,206,0
decode,38,207,0
decode,38,208,0
decode,38,209,5
decode,38,210,0
decode,38,211,0
decode,38,212,0
decode,38,213,0
decode,38,214,0
decode,38,215,0
decode,38,216,0
decode,38,217,0
decode,38,218,0
decode,38,219,0
decode,38,220,0
decode,38,221,0
decode,38,222,0
decode,38,223,0
decode,38,224,0
decode,38,225,0
decode,38,226,0
decode,38,227,0
decode,38,228,0
decode,38,229,0
decode,38,230,0
decode,38,231,0
decode,38,232,0
decode,38,233,0
decode,38,234,0
decode,38,235,0
decode,38,236,0
decode,38,237,0
decode,38,238,0
decode,38,239,0
decode,38,240,0
decode,38,241,0
decode,38,242,0
decode,38,243,0
decode,38,244,0
decode,38,245,0
decode,38,246,0
decode,38,247,0
decode,38,248,0
decode,38,249,0
decode,38,250,0
decode,38,251,0
decode,38,252,0
decode,38,253,0
decode,38,254,0
decode,38,255,0
decode,39,0,0
decode,39,1,0
decode,39,2,0
decode,39,3,0
decode,39,4,0
decode,39,5,0
decode,39,6,0
decode,39,7,0
decode,39,8,0
decode,39,9,0
decode,39,10,0
decode,39,11,0
decode,39,12,0
decode,39,13,0
decode,39,14,0
decode,39,15,0
decode,39,16,0
decode,39,17,0
decode,39,18,0
decode,39,19,0
decode,39,20,0
decode,39,21,0
decode,39,22,0
decode,39,23,0
decode,39,24,0
decode,39,25,0
decode,39,26,0
decode,39,27,0
decode,39,28,0
decode,39,29,0
decode,39,30,0
decode,39,31,0
decode,39,32,0
decode,39,33,0
decode,39,34,0
decode,39,35,0
decode,39,36,0
decode,39,37,0
decode,39,38,3
decode,39,39,0
decode,39,40,0
decode,39,41,0
decode,39,42,0
decode,39,43,0
decode,39,44,0
decode,39,45,0
decode,39,46,0
decode,39,47,0
decode,39,48,0
decode,39,49,0
decode,39,50,0
decode,39,51,0
decode,39,52,0
decode,39,53,0
decode,39,54,0
decode,39,55,0
decode,39,56,0
decode,39,57,0
decode,39,58,0
decode,39,59,0
decode,39,60,0
decode,39,61,0
decode,39,62,0
decode,39,63,0
decode,39,64,0
decode,39,65,0
decode,39,66,0
decode,39,67,0
decode,39,68,0
decode,39,69,0
decode,39,70,0
decode,39,71,0
decode,39,72,0
decode,39,73,0
decode,39,74,0
decode,39,75,0
decode,39,76,0
decode,39,77,0
decode,39,78,0
decode,39,79,0
decode,39,80,0
decode,39,81,0
decode,39,82,0
decode,39,83,0
decode,39,84,0
decode,39,85,5
decode,39,86,0
decode,39,87,0
decode,39,88,0
decode,39,89,0
decode,39,90,0
decode,39,91,0
decode,39,92,0
decode,39,93,0
decode,39,94,0
decode,39,95,0
decode,39,96,0
decode,39,97,0
decode,39,98,0
decode,39,99,0
decode,39,100,0
decode,39,101,0
decode,39,102,0
decode,39,103,0
decode,39,104,0
decode,39,105,0
decode,39,106,2
decode,39,107,0
decode,39,108,0
decode,39,109,0
decode,39,110,0
decode,39,111,0
decode,39,112,0
decode,39,113,0
decode,39,114,0
decode,39,115,0
decode,39,116,0
decode,39,117,0
decode,39,118,0
decode,39,119,0
decode,39,120,7
decode,39,121,0
decode,39,122,0
decode,39,123,0
decode,39,124,0
decode,39,125,0
decode,39,126,0
decode,39,127,0
decode,39,128,0
decode,39,129,0
decode,39,130,0
decode,39,131,0
decode,39,132,0
decode,39,133,0
decode,39,134,0
decode,39,135,0
decode,39,136,0
decode,39,137,0
decode,39,138,0
decode,39,139,0
decode,39,140,0
decode,39,141,0
decode,39,142,0
decode,39,143,0
decode,39,144,0
decode,39,145,0
decode,39,146,0
decode,39,147,0
decode,39,148,0
decode,39,149,0
decode,39,150,0
decode,39,151,0
decode,39,152,0
decode,39,153,0
decode,39,154,0
decode,39,155,0
decode,39,156,0
decode,39,157,0
decode,39,158,0
decode,39,159,0
decode,39,160,0
decode,39,161,0
decode,39,162,0
decode,39,163,0
decode,39,164,0
decode,39,165,0
decode,39,166,0
decode,39,167,0
decode,39,168,0
decode,39,169,0
decode,39,170,2
decode,39,171,0
decode,39,172,0
decode,39,173,0
decode,39,174,0
decode,39,175,0
decode,39,176,0
decode,39,177,0
decode,39,178,0
decode,39,179,0
decode,39,180,0
decode,39,181,0
decode,39,182,2
decode,39,183,7
decode,39,184,0
decode,39,185,0
decode,39,186,0
decode,39,187,0
decode,39,188,0
decode,39,189,0
decode,39,190,1
decode,39,191,0
decode,39,192,0
decode,39,193,0
decode,39,194,0
decode,39,195,0
decode,39,196,0
decode,39,197,6
decode,39,198,0
decode,39,199,0
decode,39,200,0
decode,39,201,0
decode,39,202,0
decode,39,203,0
decode,39,204,0
decode,39,205,0
decode,39,206,0
decode,39,207,0
decode,39,208,0
decode,39,209,0
decode,39,210,0
decode,39,211,0
decode,39,212,0
decode,39,213,0
decode,39,214,0
decode,39,215,0
decode,39,216,0
decode,39,217,0
decode,39,218,0
decode,39,219,0
decode,39,220,4
decode,39,221,3
decode,39,222,0
decode,39,223,0
decode,39,224,0
decode,39,225,0
decode,39,226,0
decode,39,227,0
decode,39,228,0
decode,39,229,0
decode,39,230,0
decode,39,231,0
decode,39,232,0
decode,39,233,0
decode,39,234,0
decode,39,235,0
decode,39,236,0
decode,39,237,0
decode,39,238,0
decode,39,239,0
decode,39,240,0
decode,39,241,0
decode,39,242,0
decode,39,243,0
decode,39,244,0
decode,39,245,0
decode,39,246,0
decode,39,247,0
decode,39,248,0
decode,39,249,0
decode,39,250,0
decode,39,251,0
decode,39,252,0
decode,39,253,0
decode,39,254,0
decode,39,255,0
decode,40,0,0
decode,40,1,0
decode,40,2,0
decode,40,3,0
decode,40,4,0
decode,40,5,0
decode,40,6,0
decode,40,7,0
decode,40,8,0
decode,40,9,0
decode,40,10,0
decode,40,11,0
decode,40,12,0
decode,40,13,0
decode,40,14,0
decode,40,15,0
decode,40,16,0
decode,40,17,0
decode,40,18,0
decode,40,19,0
decode,40,20,0
decode,40,21,0
decode,40,22,0
decode,40,23,0
decode,40,24,1
decode,40,25,4
decode,40,26,6
decode,40,27,0
decode,40,28,0
decode,40,29,0
decode,40,30,0
decode,40,31,0
decode,40,32,0
decode,40,33,0
decode,40,34,0
decode,40,35,0
decode,40,36,0
decode,40,37,0
decode,40,38,0
decode,40,39,0
decode,40,40,1
decode,40,41,0
decode,40,42,0
decode,40,43,0
decode,40,44,0
decode,40,45,0
decode,40,46,0
decode,40,47,0
decode,40,48,0
decode,40,49,0
decode,40,50,0
decode,40,51,0
decode,40,52,0
decode,40,53,0
decode,40,54,0
decode,40,55,0
decode,40,56,0
decode,40,57,0
decode,40,58,0
decode,40,59,0
decode,40,60,0
decode,40,61,0
decode,40,62,0
decode,40,63,0
decode,40,64,0
decode,40,65,0
decode,40,66,0
decode,40,67,0
decode,40,68,0
decode,40,69,0
decode,40,70,0
decode,40,71,0
decode,40,72,0
decode,40,73,0
decode,40,74,0
decode,40,75,0
decode,40,76,0
decode,40,77,0
decode,40,78,0
decode,40,79,0
decode,40,80,0
decode,40,81,0
decode,40,82,0
decode,40,83,0
decode,40,84,0
decode,40,85,0
decode,40,86,0
decode,40,87,0
decode,40,88,0
decode,40,89,0
decode,40,90,0
decode,40,91,0
decode,40,92,0
decode,40,93,0
decode,40,94,0
decode,40,95,0
decode,40,96,0
decode,40,97,0
decode,40,98,0
decode,40,99,0
decode,40,100,0
decode,40,101,0
decode,40,102,0
decode,40,103,0
decode,40,104,0
decode,40,105,0
decode,40,106,0
decode,40,107,0
decode,40,108,0
decode,40,109,0
decode,40,110,7
decode,40,111,0
decode,40,112,0
decode,40,113,0
decode,40,114,0
decode,40,115,0
decode,40,116,0
decode,40,117,0
decode,40,118,0
decode,40,119,0
decode,40,120,0
decode,40,121,0
decode,40,122,1
decode,40,123,0
decode,40,124,0
decode,40,125,0
decode,40,126,0
decode,40,127,0
decode,40,128,0
decode,40,129,0
decode,40,130,0
decode,40,131,0
decode,40,132,0
decode,40,133,0
decode,40,134,0
decode,40,135,0
decode,40,136,0
decode,40,137,0
decode,40,138,0
decode,40,139,0
decode,40,140,0
decode,40,141,0
decode,40,142,0
decode,40,143,2
decode,40,144,0
decode,40,145,7
decode,40,146,0
decode,40,147,0
decode,40,148,0
decode,40,149,0
decode,40,150,0
decode,40,151,0
decode,40,152,0
decode,40,153,0
decode,40,154,0
decode,40,155,0
decode,40,156,0
decode,40,157,0
decode,40,158,0
decode,40,159,0
decode,40,160,0
decode,40,161,0
decode,40,162,0
decode,40,163,0
decode,40,164,0
decode,40,165,0
decode,40,166,0
decode,40,167,0
decode,40,168,0
decode,40,169,0
decode,40,170,0
decode,40,171,0
decode,40,172,0
decode,40,173,0
decode,40,174,0
decode,40,175,0
decode,40,176,0
decode,40,177,0
decode,40,178,0
decode,40,179,0
decode,40,180,0
decode,40,181,0
decode,40,182,0
decode,40,183,0
decode,40,184,1
decode,40,185,0
decode,40,186,0
decode,40,187,0
decode,40,188,0
decode,40,189,0
decode,40,190,0
decode,40,191,0
decode,40,192,0
decode,40,193,0
decode,40,194,0
decode,40,195,2
decode,40,196,0
decode,40,197,0
decode,40,198,0
decode,40,199,0
decode,40,200,0
decode,40,201,0
decode,40,202,0
decode,40,203,0
decode,40,204,0
decode,40,205,0
decode,40,206,0
decode,40,207,0
decode,40,208,2
decode,40,209,0
decode,40,210,0
decode,40,211,0
decode,40,212,0
decode,40,213,0
decode,40,214,0
decode,40,215,0
decode,40,216,0
decode,40,217,0
decode,40,218,0
decode,40,219,0
decode,40,220,0
decode,40,221,0
decode,40,222,1
decode,40,223,0
decode,40,224,0
decode,40,225,0
decode,40,226,0
decode,40,227,0
decode,40,228,0
decode,40,229,0
decode,40,230,0
decode,40,231,0
decode,40,232,0
decode,40,233,7
decode,40,234,0
decode,40,235,0
decode,40,236,0
decode,40,237,0
decode,40,238,0
decode,40,239,0
decode,40,240,0
decode,40,241,0
decode,40,242,0
decode,40,243,0
decode,40,244,0
decode,40,245,0
decode,40,246,0
decode,40,247,0
decode,40,248,0
decode,40,249,0
decode,40,250,0
decode,40,251,0
decode,40,252,0
decode,40,253,0
decode,40,254,0
decode,40,255,0
decode,41,0,0
decode,41,1,0
decode,41,2,0
decode,41,3,0
decode,41,4,0
decode,41,5,0
decode,41,6,0
decode,41,7,0
decode,41,8,2
decode,41,9,0
decode,41,10,0
decode,41,11,0
decode,41,12,0
decode,41,13,0
decode,41,14,0
decode,41,15,0
decode,41,16,0
decode,41,17,0
decode,41,18,0
decode,41,19,0
decode,41,20,0
decode,41,21,0
decode,41,22,0
decode,41,23,0
decode,41,24,0
decode,41,25,0
decode,41,26,0
decode,41,27,0
decode,41,28,0
decode,41,29,0
decode,41,30,0
decode,41,31,0
decode,41,32,0
decode,41,33,0
decode,41,34,0
decode,41,35,7
decode,41,36,0
decode,41,37,0
decode,41,38,0
decode,41,39,0
decode,41,40,0
decode,41,41,7
decode,41,42,0
decode,41,43,0
decode,41,44,0
decode,41,45,0
decode,41,46,0
decode,41,47,0
decode,41,48,0
decode,41,49,0
decode,41,50,0
decode,41,51,0
decode,41,52,0
decode,41,53,0
decode,41,54,0
decode,41,55,0
decode,41,56,0
decode,41,57,0
decode,41,58,0
decode,41,59,4
decode,41,60,0
decode,41,61,0
decode,41,62,0
decode,41,63,0
decode,41,64,0
decode,41,65,0
decode,41,66,0
decode,41,67,0
decode,41,68,0
decode,41,69,0
decode,41,70,0
decode,41,71,0
decode,41,72,0
decode,41,73,0
decode,41,74,0
decode,41,75,0
decode,41,76,0
decode,41,77,0
decode,41,78,2
decode,41,79,0
decode,41,80,0
decode,41,81,0
decode,41,82,0
decode,41,83,0
decode,41,84,0
decode,41,85,0
decode,41,86,0
decode,41,87,0
decode,41,88,0
decode,41,89,0
decode,41,90,0
decode,41,91,0
decode,41,92,0
decode,41,93,0
decode,41,94,0
decode,41,95,0
decode,41,96,0
decode,41,97,0
decode,41,98,0
decode,41,99,0
decode,41,100,0
decode,41,101,0
decode,41,102,0
decode,41,103,0
decode,41,104,0
decode,41,105,0
decode,41,106,0
decode,41,107,0
decode,41,108,0
decode,41,109,0
decode,41,110,0
decode,41,111,0
decode,41,112,0
decode,41,113,0
decode,41,114,0
decode,41,115,0
decode,41,116,0
decode,41,117,0
decode,41,118,0
decode,41,119,0
decode,41,120,0
decode,41,121,0
decode,41,122,0
decode,41,123,0
decode,41,124,0
decode,41,125,0
decode,41,126,0
decode,41,127,0
decode,41,128,0
decode,41,129,0
decode,41,130,4
decode,41,131,0
decode,41,132,7
decode,41,133,0
decode,41,134,0
decode,41,135,0
decode,41,136,0
decode,41,137,0
decode,41,138,0
decode,41,139,0
decode,41,140,0
decode,41,141,0
decode,41,142,0
decode,41,143,0
decode,41,144,0
decode,41,145,0
decode,41,146,0
decode,41,147,0
decode,41,148,0
decode,41,149,0
decode,41,150,0
decode,41,151,0
decode,41,152,0
decode,41,153,3
decode,41,154,0
decode,41,155,0
decode,41,156,0
decode,41,157,0
decode,41,158,0
decode,41,159,0
decode,41,160,0
decode,41,161,0
decode,41,162,0
decode,41,163,0
decode,41,164,0
decode,41,165,0
decode,41,166,0
decode,41,167,0
decode,41,168,0
decode,41,169,0
decode,41,170,0
decode,41,171,0
decode,41,172,0
decode,41,173,0
decode,41,174,0
decode,41,175,0
decode,41,176,0
decode,41,177,0
decode,41,178,0
decode,41,179,0
decode,41,180,0
decode,41,181,0
decode,41,182,0
decode,41,183,0
decode,41,184,0
decode,41,185,0
decode,41,186,0
decode,41,187,0
decode,41,188,0
decode,41,189,0
decode,41,190,0
decode,41,191,5
decode,41,192,0
decode,41,193,0
decode,41,194,0
decode,41,195,0
decode,41,196,0
decode,41,197,0
decode,41,198,0
decode,41,199,0
decode,41,200,0
decode,41,201,0
decode,41,202,0
decode,41,203,0
decode,41,204,0
decode,41,205,0
decode,41,206,0
decode,41,207,0
decode,41,208,0
decode,41,209,0
decode,41,210,0
decode,41,211,0
decode,41,212,0
decode,41,213,0
decode,41,214,0
decode,41,215,0
decode,41,216,0
decode,41,217,0
decode,41,218,0
decode,41,219,0
decode,41,220,0
decode,41,221,0
decode,41,222,0
decode,41,223,0
decode,41,224,0
decode,41,225,0
decode,41,226,0
decode,41,227,0
decode,41,228,0
decode,41,229,0
decode,41,230,0
decode,41,231,0
decode,41,232,0
decode,41,233,0
decode,41,234,0
decode,41,235,0
decode,41,236,0
decode,41,237,0
decode,41,238,0
decode,41,239,0
decode,41,240,0
decode,41,241,0
decode,41,242,0
decode,41,243,1
decode,41,244,0
decode,41,245,0
decode,41,246,0
decode,41,247,0
decode,41,248,0
decode,41,249,0
decode,41,250,0
decode,41,251,0
decode,41,252,0
decode,41,253,0
decode,41,254,0
decode,41,255,0
decode,42,0,0
decode,42,1,0
decode,42,2,0
decode,42,3,0
decode,42,4,0
decode,42,5,0
decode,42,6,0
decode,42,7,0
decode,42,8,0
decode,42,9,0
decode,42,10,0
decode,42,11,0
decode,42,12,0
decode,42,13,0
decode,42,14,0
decode,42,15,2
decode,42,16,0
decode,42,17,0
decode,42,18,0
decode,42,19,0
decode,42,20,0
decode,42,21,0
decode,42,22,0
decode,42,23,0
decode,42,24,0
decode,42,25,0
decode,42,26,0
decode,42,27,0
decode,42,28,0
decode,42,29,0
decode,42,30,0
decode,42,31,0
decode,42,32,0
decode,42,33,0
decode,42,34,0
decode,42,35,0
decode,42,36,0
decode,42,37,0
decode,42,38,0
decode,42,39,4
decode,42,40,0
decode,42,41,0
decode,42,42,0
decode,42,43,0
decode,42,44,0
decode,42,45,0
decode,42,46,0
decode,42,47,1
decode,42,48,0
decode,42,49,0
decode,42,50,0
decode,42,51,0
decode,42,52,0
decode,42,53,0
decode,42,54,0
decode,42,55,0
decode,42,56,0
decode,42,57,0
decode,42,58,0
decode,42,59,0
decode,42,60,0
decode,42,61,0
decode,42,62,0
decode,42,63,7
decode,42,64,0
decode,42,65,0
decode,42,66,0
decode,42,67,0
decode,42,68,0
decode,42,69,0
decode,42,70,0
decode,42,71,0
decode,42,72,0
decode,42,73,2
decode,42,74,0
decode,42,75,0
decode,42,76,0
decode,42,77,4
decode,42,78,0
decode,42,79,0
decode,42,80,0
decode,42,81,0
decode,42,82,0
decode,42,83,0
decode,42,84,0
decode,42,85,0
decode,42,86,0
decode,42,87,0
decode,42,88,0
decode,42,89,0
decode,42,90,0
decode,42,91,0
decode,42,92,0
decode,42,93,0
decode,42,94,0
decode,42,95,0
decode,42,96,0
decode,42,97,5
decode,42,98,0
decode,42,99,0
decode,42,100,0
decode,42,101,0
decode,42,102,0
decode,42,103,0
decode,42,104,0
decode,42,105,0
decode,42,106,0
decode,42,107,0
decode,42,108,0
decode,42,109,0
decode,42,110,0
decode,42,111,0
decode,42,112,0
decode,42,113,0
decode,42,114,0
decode,42,115,0
decode,42,116,0
decode,42,117,0
decode,42,118,0
decode,42,119,0
decode,42,120,0
decode,42,121,0
decode,42,122,0
decode,42,123,0
decode,42,124,0
decode,42,125,0
decode,42,126,0
decode,42,127,0
decode,42,128,0
decode,42,129,0
decode,42,130,0
decode,42,131,0
decode,42,132,0
decode,42,133,0
decode,42,134,0
decode,42,135,0
decode,42,136,0
decode,42,137,0
decode,42,138,0
decode,42,139,0
decode,42,140,0
decode,42,141,0
decode,42,142,0
decode,42,143,0
decode,42,144,0
decode,42,145,0
decode,42,146,0
decode,42,147,0
decode,42,148,0
decode,42,149,0
decode,42,150,4
decode,42,151,0
decode,42,152,0
decode,42,153,0
decode,42,154,0
decode,42,155,0
decode,42,156,0
decode,42,157,0
decode,42,158,0
decode,42,159,0
decode,42,160,0
decode,42,161,0
decode,42,162,0
decode,42,163,0
decode,42,164,0
decode,42,165,0
decode,42,166,0
decode,42,167,0
decode,42,168,0
decode,42,169,0
decode,42,170,0
decode,42,171,0
decode,42,172,0
decode,42,173,0
decode,42,174,0
decode,42,175,0
decode,42,176,0
decode,42,177,0
decode,42,178,0
decode,42,179,0
decode,42,180,0
decode,42,181,0
decode,42,182,0
decode,42,183,0
decode,42,184,0
decode,42,185,0
decode,42,186,0
decode,42,187,0
decode,42,188,0
decode,42,189,0
decode,42,190,0
decode,42,191,0
decode,42,192,0
decode,42,193,0
decode,42,194,0
decode,42,195,7
decode,42,196,0
decode,42,197,0
decode,42,198,0
decode,42,199,0
decode,42,200,0
decode,42,201,0
decode,42,202,0
decode,42,203,0
decode,42,204,0
decode,42,205,0
decode,42,206,0
decode,42,207,0
decode,42,208,0
decode,42,209,0
decode,42,210,0
decode,42,211,0
decode,42,212,0
decode,42,213,0
decode,42,214,0
decode,42,215,0
decode,42,216,0
decode,42,217,0
decode,42,218,0
decode,42,219,0
decode,42,220,0
decode,42,221,0
decode,42,222,0
decode,42,223,0
decode,42,224,1
decode,42,225,5
decode,42,226,0
decode,42,227,0
decode,42,228,0
decode,42,229,0
decode,42,230,0
decode,42,231,0
decode,42,232,0
decode,42,233,0
decode,42,234,0
decode,42,235,0
decode,42,236,0
decode,42,237,0
decode,42,238,0
decode,42,239,0
decode,42,240,0
decode,42,241,0
decode,42,242,0
decode,42,243,0
decode,42,244,0
decode,42,245,0
decode,42,246,0
decode,42,247,0
decode,42,248,0
decode,42,249,0
decode,42,250,0
decode,42,251,0
decode,42,252,0
decode,42,253,0
decode,42,254,0
decode,42,255,0
