phase,layer_id,rank,expert_id,selection_count,total_selections,probability,cumulative_probability
prefill,0,1,201,3,96,0.03125,0.03125
prefill,0,2,13,2,96,0.0208333333333333,0.0520833333333333
prefill,0,3,24,2,96,0.0208333333333333,0.0729166666666667
prefill,0,4,28,2,96,0.0208333333333333,0.09375
prefill,0,5,29,2,96,0.0208333333333333,0.114583333333333
prefill,0,6,44,2,96,0.0208333333333333,0.135416666666667
prefill,0,7,52,2,96,0.0208333333333333,0.15625
prefill,0,8,56,2,96,0.0208333333333333,0.177083333333333
prefill,0,9,77,2,96,0.0208333333333333,0.197916666666667
prefill,0,10,112,2,96,0.0208333333333333,0.21875
prefill,0,11,123,2,96,0.0208333333333333,0.239583333333333
prefill,0,12,135,2,96,0.0208333333333333,0.260416666666667
prefill,0,13,149,2,96,0.0208333333333333,0.28125
prefill,0,14,150,2,96,0.0208333333333333,0.302083333333333
prefill,0,15,151,2,96,0.0208333333333333,0.322916666666667
prefill,0,16,156,2,96,0.0208333333333333,0.34375
prefill,0,17,174,2,96,0.0208333333333333,0.364583333333333
prefill,0,18,203,2,96,0.0208333333333333,0.385416666666667
prefill,0,19,222,2,96,0.0208333333333333,0.40625
prefill,0,20,1,1,96,0.0104166666666667,0.416666666666667
prefill,0,21,2,1,96,0.0104166666666667,0.427083333333333
prefill,0,22,4,1,96,0.0104166666666667,0.4375
prefill,0,23,14,1,96,0.0104166666666667,0.447916666666667
prefill,0,24,19,1,96,0.0104166666666667,0.458333333333333
prefill,0,25,22,1,96,0.0104166666666667,0.46875
prefill,0,26,23,1,96,0.0104166666666667,0.479166666666667
prefill,0,27,36,1,96,0.0104166666666667,0.489583333333333
prefill,0,28,37,1,96,0.0104166666666667,0.5
prefill,0,29,39,1,96,0.0104166666666667,0.510416666666667
prefill,0,30,42,1,96,0.0104166666666667,0.520833333333333
prefill,0,31,47,1,96,0.0104166666666667,0.53125
prefill,0,32,48,1,96,0.0104166666666667,0.541666666666667
prefill,0,33,51,1,96,0.0104166666666667,0.552083333333333
prefill,0,34,55,1,96,0.0104166666666667,0.5625
prefill,0,35,69,1,96,0.0104166666666667,0.572916666666666
prefill,0,36,73,1,96,0.0104166666666667,0.583333333333333
prefill,0,37,79,1,96,0.0104166666666667,0.59375
prefill,0,38,81,1,96,0.0104166666666667,0.604166666666666
prefill,0,39,100,1,96,0.0104166666666667,0.614583333333333
prefill,0,40,105,1,96,0.0104166666666667,0.625
prefill,0,41,107,1,96,0.0104166666666667,0.635416666666666
prefill,0,42,113,1,96,0.0104166666666667,0.645833333333333
prefill,0,43,116,1,96,0.0104166666666667,0.656249999999999
prefill,0,44,120,1,96,0.0104166666666667,0.666666666666666
prefill,0,45,127,1,96,0.0104166666666667,0.677083333333333
prefill,0,46,129,1,96,0.0104166666666667,0.687499999999999
prefill,0,47,132,1,96,0.0104166666666667,0.697916666666666
prefill,0,48,133,1,96,0.0104166666666667,0.708333333333333
prefill,0,49,136,1,96,0.0104166666666667,0.718749999999999
prefill,0,50,140,1,96,0.0104166666666667,0.729166666666666
prefill,0,51,152,1,96,0.0104166666666667,0.739583333333332
prefill,0,52,155,1,96,0.0104166666666667,0.749999999999999
prefill,0,53,160,1,96,0.0104166666666667,0.760416666666666
prefill,0,54,167,1,96,0.0104166666666667,0.770833333333332
prefill,0,55,169,1,96,0.0104166666666667,0.781249999999999
prefill,0,56,170,1,96,0.0104166666666667,0.791666666666666
prefill,0,57,171,1,96,0.0104166666666667,0.802083333333332
prefill,0,58,173,1,96,0.0104166666666667,0.812499999999999
prefill,0,59,176,1,96,0.0104166666666667,0.822916666666666
prefill,0,60,180,1,96,0.0104166666666667,0.833333333333332
prefill,0,61,181,1,96,0.0104166666666667,0.843749999999999
prefill,0,62,183,1,96,0.0104166666666667,0.854166666666665
prefill,0,63,186,1,96,0.0104166666666667,0.864583333333332
prefill,0,64,195,1,96,0.0104166666666667,0.874999999999999
prefill,0,65,198,1,96,0.0104166666666667,0.885416666666665
prefill,0,66,206,1,96,0.0104166666666667,0.895833333333332
prefill,0,67,207,1,96,0.0104166666666667,0.906249999999999
prefill,0,68,208,1,96,0.0104166666666667,0.916666666666665
prefill,0,69,211,1,96,0.0104166666666667,0.927083333333332
prefill,0,70,213,1,96,0.0104166666666667,0.937499999999998
prefill,0,71,217,1,96,0.0104166666666667,0.947916666666665
prefill,0,72,218,1,96,0.0104166666666667,0.958333333333332
prefill,0,73,230,1,96,0.0104166666666667,0.968749999999998
prefill,0,74,236,1,96,0.0104166666666667,0.979166666666665
prefill,0,75,248,1,96,0.0104166666666667,0.989583333333332
prefill,0,76,252,1,96,0.0104166666666667,0.999999999999998
prefill,0,77,0,0,96,0,0.999999999999998
prefill,0,78,3,0,96,0,0.999999999999998
prefill,0,79,5,0,96,0,0.999999999999998
prefill,0,80,6,0,96,0,0.999999999999998
prefill,0,81,7,0,96,0,0.999999999999998
prefill,0,82,8,0,96,0,0.999999999999998
prefill,0,83,9,0,96,0,0.999999999999998
prefill,0,84,10,0,96,0,0.999999999999998
prefill,0,85,11,0,96,0,0.999999999999998
prefill,0,86,12,0,96,0,0.999999999999998
prefill,0,87,15,0,96,0,0.999999999999998
prefill,0,88,16,0,96,0,0.999999999999998
prefill,0,89,17,0,96,0,0.999999999999998
prefill,0,90,18,0,96,0,0.999999999999998
prefill,0,91,20,0,96,0,0.999999999999998
prefill,0,92,21,0,96,0,0.999999999999998
prefill,0,93,25,0,96,0,0.999999999999998
prefill,0,94,26,0,96,0,0.999999999999998
prefill,0,95,27,0,96,0,0.999999999999998
prefill,0,96,30,0,96,0,0.999999999999998
prefill,0,97,31,0,96,0,0.999999999999998
prefill,0,98,32,0,96,0,0.999999999999998
prefill,0,99,33,0,96,0,0.999999999999998
prefill,0,100,34,0,96,0,0.999999999999998
prefill,0,101,35,0,96,0,0.999999999999998
prefill,0,102,38,0,96,0,0.999999999999998
prefill,0,103,40,0,96,0,0.999999999999998
prefill,0,104,41,0,96,0,0.999999999999998
prefill,0,105,43,0,96,0,0.999999999999998
prefill,0,106,45,0,96,0,0.999999999999998
prefill,0,107,46,0,96,0,0.999999999999998
prefill,0,108,49,0,96,0,0.999999999999998
prefill,0,109,50,0,96,0,0.999999999999998
prefill,0,110,53,0,96,0,0.999999999999998
prefill,0,111,54,0,96,0,0.999999999999998
prefill,0,112,57,0,96,0,0.999999999999998
prefill,0,113,58,0,96,0,0.999999999999998
prefill,0,114,59,0,96,0,0.999999999999998
prefill,0,115,60,0,96,0,0.999999999999998
prefill,0,116,61,0,96,0,0.999999999999998
prefill,0,117,62,0,96,0,0.999999999999998
prefill,0,118,63,0,96,0,0.999999999999998
prefill,0,119,64,0,96,0,0.999999999999998
prefill,0,120,65,0,96,0,0.999999999999998
prefill,0,121,66,0,96,0,0.999999999999998
prefill,0,122,67,0,96,0,0.999999999999998
prefill,0,123,68,0,96,0,0.999999999999998
prefill,0,124,70,0,96,0,0.999999999999998
prefill,0,125,71,0,96,0,0.999999999999998
prefill,0,126,72,0,96,0,0.999999999999998
prefill,0,127,74,0,96,0,0.999999999999998
prefill,0,128,75,0,96,0,0.999999999999998
prefill,0,129,76,0,96,0,0.999999999999998
prefill,0,130,78,0,96,0,0.999999999999998
prefill,0,131,80,0,96,0,0.999999999999998
prefill,0,132,82,0,96,0,0.999999999999998
prefill,0,133,83,0,96,0,0.999999999999998
prefill,0,134,84,0,96,0,0.999999999999998
prefill,0,135,85,0,96,0,0.999999999999998
prefill,0,136,86,0,96,0,0.999999999999998
prefill,0,137,87,0,96,0,0.999999999999998
prefill,0,138,88,0,96,0,0.999999999999998
prefill,0,139,89,0,96,0,0.999999999999998
prefill,0,140,90,0,96,0,0.999999999999998
prefill,0,141,91,0,96,0,0.999999999999998
prefill,0,142,92,0,96,0,0.999999999999998
prefill,0,143,93,0,96,0,0.999999999999998
prefill,0,144,94,0,96,0,0.999999999999998
prefill,0,145,95,0,96,0,0.999999999999998
prefill,0,146,96,0,96,0,0.999999999999998
prefill,0,147,97,0,96,0,0.999999999999998
prefill,0,148,98,0,96,0,0.999999999999998
prefill,0,149,99,0,96,0,0.999999999999998
prefill,0,150,101,0,96,0,0.999999999999998
prefill,0,151,102,0,96,0,0.999999999999998
prefill,0,152,103,0,96,0,0.999999999999998
prefill,0,153,104,0,96,0,0.999999999999998
prefill,0,154,106,0,96,0,0.999999999999998
prefill,0,155,108,0,96,0,0.999999999999998
prefill,0,156,109,0,96,0,0.999999999999998
prefill,0,157,110,0,96,0,0.999999999999998
prefill,0,158,111,0,96,0,0.999999999999998
prefill,0,159,114,0,96,0,0.999999999999998
prefill,0,160,115,0,96,0,0.999999999999998
prefill,0,161,117,0,96,0,0.999999999999998
prefill,0,162,118,0,96,0,0.999999999999998
prefill,0,163,119,0,96,0,0.999999999999998
prefill,0,164,121,0,96,0,0.999999999999998
prefill,0,165,122,0,96,0,0.999999999999998
prefill,0,166,124,0,96,0,0.999999999999998
prefill,0,167,125,0,96,0,0.999999999999998
prefill,0,168,126,0,96,0,0.999999999999998
prefill,0,169,128,0,96,0,0.999999999999998
prefill,0,170,130,0,96,0,0.999999999999998
prefill,0,171,131,0,96,0,0.999999999999998
prefill,0,172,134,0,96,0,0.999999999999998
prefill,0,173,137,0,96,0,0.999999999999998
prefill,0,174,138,0,96,0,0.999999999999998
prefill,0,175,139,0,96,0,0.999999999999998
prefill,0,176,141,0,96,0,0.999999999999998
prefill,0,177,142,0,96,0,0.999999999999998
prefill,0,178,143,0,96,0,0.999999999999998
prefill,0,179,144,0,96,0,0.999999999999998
prefill,0,180,145,0,96,0,0.999999999999998
prefill,0,181,146,0,96,0,0.999999999999998
prefill,0,182,147,0,96,0,0.999999999999998
prefill,0,183,148,0,96,0,0.999999999999998
prefill,0,184,153,0,96,0,0.999999999999998
prefill,0,185,154,0,96,0,0.999999999999998
prefill,0,186,157,0,96,0,0.999999999999998
prefill,0,187,158,0,96,0,0.999999999999998
prefill,0,188,159,0,96,0,0.999999999999998
prefill,0,189,161,0,96,0,0.999999999999998
prefill,0,190,162,0,96,0,0.999999999999998
prefill,0,191,163,0,96,0,0.999999999999998
prefill,0,192,164,0,96,0,0.999999999999998
prefill,0,193,165,0,96,0,0.999999999999998
prefill,0,194,166,0,96,0,0.999999999999998
prefill,0,195,168,0,96,0,0.999999999999998
prefill,0,196,172,0,96,0,0.999999999999998
prefill,0,197,175,0,96,0,0.999999999999998
prefill,0,198,177,0,96,0,0.999999999999998
prefill,0,199,178,0,96,0,0.999999999999998
prefill,0,200,179,0,96,0,0.999999999999998
prefill,0,201,182,0,96,0,0.999999999999998
prefill,0,202,184,0,96,0,0.999999999999998
prefill,0,203,185,0,96,0,0.999999999999998
prefill,0,204,187,0,96,0,0.999999999999998
prefill,0,205,188,0,96,0,0.999999999999998
prefill,0,206,189,0,96,0,0.999999999999998
prefill,0,207,190,0,96,0,0.999999999999998
prefill,0,208,191,0,96,0,0.999999999999998
prefill,0,209,192,0,96,0,0.999999999999998
prefill,0,210,193,0,96,0,0.999999999999998
prefill,0,211,194,0,96,0,0.999999999999998
prefill,0,212,196,0,96,0,0.999999999999998
prefill,0,213,197,0,96,0,0.999999999999998
prefill,0,214,199,0,96,0,0.999999999999998
prefill,0,215,200,0,96,0,0.999999999999998
prefill,0,216,202,0,96,0,0.999999999999998
prefill,0,217,204,0,96,0,0.999999999999998
prefill,0,218,205,0,96,0,0.999999999999998
prefill,0,219,209,0,96,0,0.999999999999998
prefill,0,220,210,0,96,0,0.999999999999998
prefill,0,221,212,0,96,0,0.999999999999998
prefill,0,222,214,0,96,0,0.999999999999998
prefill,0,223,215,0,96,0,0.999999999999998
prefill,0,224,216,0,96,0,0.999999999999998
prefill,0,225,219,0,96,0,0.999999999999998
prefill,0,226,220,0,96,0,0.999999999999998
prefill,0,227,221,0,96,0,0.999999999999998
prefill,0,228,223,0,96,0,0.999999999999998
prefill,0,229,224,0,96,0,0.999999999999998
prefill,0,230,225,0,96,0,0.999999999999998
prefill,0,231,226,0,96,0,0.999999999999998
prefill,0,232,227,0,96,0,0.999999999999998
prefill,0,233,228,0,96,0,0.999999999999998
prefill,0,234,229,0,96,0,0.999999999999998
prefill,0,235,231,0,96,0,0.999999999999998
prefill,0,236,232,0,96,0,0.999999999999998
prefill,0,237,233,0,96,0,0.999999999999998
prefill,0,238,234,0,96,0,0.999999999999998
prefill,0,239,235,0,96,0,0.999999999999998
prefill,0,240,237,0,96,0,0.999999999999998
prefill,0,241,238,0,96,0,0.999999999999998
prefill,0,242,239,0,96,0,0.999999999999998
prefill,0,243,240,0,96,0,0.999999999999998
prefill,0,244,241,0,96,0,0.999999999999998
prefill,0,245,242,0,96,0,0.999999999999998
prefill,0,246,243,0,96,0,0.999999999999998
prefill,0,247,244,0,96,0,0.999999999999998
prefill,0,248,245,0,96,0,0.999999999999998
prefill,0,249,246,0,96,0,0.999999999999998
prefill,0,250,247,0,96,0,0.999999999999998
prefill,0,251,249,0,96,0,0.999999999999998
prefill,0,252,250,0,96,0,0.999999999999998
prefill,0,253,251,0,96,0,0.999999999999998
prefill,0,254,253,0,96,0,0.999999999999998
prefill,0,255,254,0,96,0,0.999999999999998
prefill,0,256,255,0,96,0,0.999999999999998
prefill,1,1,48,4,96,0.0416666666666667,0.0416666666666667
prefill,1,2,0,2,96,0.0208333333333333,0.0625
prefill,1,3,25,2,96,0.0208333333333333,0.0833333333333333
prefill,1,4,28,2,96,0.0208333333333333,0.104166666666667
prefill,1,5,37,2,96,0.0208333333333333,0.125
prefill,1,6,44,2,96,0.0208333333333333,0.145833333333333
prefill,1,7,61,2,96,0.0208333333333333,0.166666666666667
prefill,1,8,75,2,96,0.0208333333333333,0.1875
prefill,1,9,77,2,96,0.0208333333333333,0.208333333333333
prefill,1,10,80,2,96,0.0208333333333333,0.229166666666667
prefill,1,11,94,2,96,0.0208333333333333,0.25
prefill,1,12,139,2,96,0.0208333333333333,0.270833333333333
prefill,1,13,162,2,96,0.0208333333333333,0.291666666666667
prefill,1,14,169,2,96,0.0208333333333333,0.3125
prefill,1,15,218,2,96,0.0208333333333333,0.333333333333333
prefill,1,16,1,1,96,0.0104166666666667,0.34375
prefill,1,17,7,1,96,0.0104166666666667,0.354166666666667
prefill,1,18,11,1,96,0.0104166666666667,0.364583333333333
prefill,1,19,15,1,96,0.0104166666666667,0.375
prefill,1,20,19,1,96,0.0104166666666667,0.385416666666667
prefill,1,21,32,1,96,0.0104166666666667,0.395833333333333
prefill,1,22,36,1,96,0.0104166666666667,0.40625
prefill,1,23,38,1,96,0.0104166666666667,0.416666666666667
prefill,1,24,40,1,96,0.0104166666666667,0.427083333333333
prefill,1,25,52,1,96,0.0104166666666667,0.4375
prefill,1,26,54,1,96,0.0104166666666667,0.447916666666667
prefill,1,27,58,1,96,0.0104166666666667,0.458333333333333
prefill,1,28,64,1,96,0.0104166666666667,0.46875
prefill,1,29,69,1,96,0.0104166666666667,0.479166666666667
prefill,1,30,76,1,96,0.0104166666666667,0.489583333333334
prefill,1,31,82,1,96,0.0104166666666667,0.5
prefill,1,32,84,1,96,0.0104166666666667,0.510416666666667
prefill,1,33,100,1,96,0.0104166666666667,0.520833333333333
prefill,1,34,104,1,96,0.0104166666666667,0.53125
prefill,1,35,110,1,96,0.0104166666666667,0.541666666666667
prefill,1,36,112,1,96,0.0104166666666667,0.552083333333333
prefill,1,37,116,1,96,0.0104166666666667,0.5625
prefill,1,38,117,1,96,0.0104166666666667,0.572916666666667
prefill,1,39,118,1,96,0.0104166666666667,0.583333333333333
prefill,1,40,119,1,96,0.0104166666666667,0.59375
prefill,1,41,126,1,96,0.0104166666666667,0.604166666666667
prefill,1,42,127,1,96,0.0104166666666667,0.614583333333333
prefill,1,43,129,1,96,0.0104166666666667,0.625
prefill,1,44,136,1,96,0.0104166666666667,0.635416666666666
prefill,1,45,138,1,96,0.0104166666666667,0.645833333333333
prefill,1,46,140,1,96,0.0104166666666667,0.65625
prefill,1,47,141,1,96,0.0104166666666667,0.666666666666666
prefill,1,48,142,1,96,0.0104166666666667,0.677083333333333
prefill,1,49,146,1,96,0.0104166666666667,0.6875
prefill,1,50,150,1,96,0.0104166666666667,0.697916666666666
prefill,1,51,151,1,96,0.0104166666666667,0.708333333333333
prefill,1,52,155,1,96,0.0104166666666667,0.718749999999999
prefill,1,53,157,1,96,0.0104166666666667,0.729166666666666
prefill,1,54,158,1,96,0.0104166666666667,0.739583333333333
prefill,1,55,166,1,96,0.0104166666666667,0.749999999999999
prefill,1,56,182,1,96,0.0104166666666667,0.760416666666666
prefill,1,57,186,1,96,0.0104166666666667,0.770833333333333
prefill,1,58,191,1,96,0.0104166666666667,0.781249999999999
prefill,1,59,192,1,96,0.0104166666666667,0.791666666666666
prefill,1,60,195,1,96,0.0104166666666667,0.802083333333332
prefill,1,61,198,1,96,0.0104166666666667,0.812499999999999
prefill,1,62,201,1,96,0.0104166666666667,0.822916666666666
prefill,1,63,204,1,96,0.0104166666666667,0.833333333333332
prefill,1,64,207,1,96,0.0104166666666667,0.843749999999999
prefill,1,65,208,1,96,0.0104166666666667,0.854166666666666
prefill,1,66,210,1,96,0.0104166666666667,0.864583333333332
prefill,1,67,211,1,96,0.0104166666666667,0.874999999999999
prefill,1,68,216,1,96,0.0104166666666667,0.885416666666666
prefill,1,69,221,1,96,0.0104166666666667,0.895833333333332
prefill,1,70,224,1,96,0.0104166666666667,0.906249999999999
prefill,1,71,227,1,96,0.0104166666666667,0.916666666666665
prefill,1,72,229,1,96,0.0104166666666667,0.927083333333332
prefill,1,73,230,1,96,0.0104166666666667,0.937499999999999
prefill,1,74,232,1,96,0.0104166666666667,0.947916666666665
prefill,1,75,234,1,96,0.0104166666666667,0.958333333333332
prefill,1,76,236,1,96,0.0104166666666667,0.968749999999999
prefill,1,77,245,1,96,0.0104166666666667,0.979166666666665
prefill,1,78,246,1,96,0.0104166666666667,0.989583333333332
prefill,1,79,251,1,96,0.0104166666666667,0.999999999999998
prefill,1,80,2,0,96,0,0.999999999999998
prefill,1,81,3,0,96,0,0.999999999999998
prefill,1,82,4,0,96,0,0.999999999999998
prefill,1,83,5,0,96,0,0.999999999999998
prefill,1,84,6,0,96,0,0.999999999999998
prefill,1,85,8,0,96,0,0.999999999999998
prefill,1,86,9,0,96,0,0.999999999999998
prefill,1,87,10,0,96,0,0.999999999999998
prefill,1,88,12,0,96,0,0.999999999999998
prefill,1,89,13,0,96,0,0.999999999999998
prefill,1,90,14,0,96,0,0.999999999999998
prefill,1,91,16,0,96,0,0.999999999999998
prefill,1,92,17,0,96,0,0.999999999999998
prefill,1,93,18,0,96,0,0.999999999999998
prefill,1,94,20,0,96,0,0.999999999999998
prefill,1,95,21,0,96,0,0.999999999999998
prefill,1,96,22,0,96,0,0.999999999999998
prefill,1,97,23,0,96,0,0.999999999999998
prefill,1,98,24,0,96,0,0.999999999999998
prefill,1,99,26,0,96,0,0.999999999999998
prefill,1,100,27,0,96,0,0.999999999999998
prefill,1,101,29,0,96,0,0.999999999999998
prefill,1,102,30,0,96,0,0.999999999999998
prefill,1,103,31,0,96,0,0.999999999999998
prefill,1,104,33,0,96,0,0.999999999999998
prefill,1,105,34,0,96,0,0.999999999999998
prefill,1,106,35,0,96,0,0.999999999999998
prefill,1,107,39,0,96,0,0.999999999999998
prefill,1,108,41,0,96,0,0.999999999999998
prefill,1,109,42,0,96,0,0.999999999999998
prefill,1,110,43,0,96,0,0.999999999999998
prefill,1,111,45,0,96,0,0.999999999999998
prefill,1,112,46,0,96,0,0.999999999999998
prefill,1,113,47,0,96,0,0.999999999999998
prefill,1,114,49,0,96,0,0.999999999999998
prefill,1,115,50,0,96,0,0.999999999999998
prefill,1,116,51,0,96,0,0.999999999999998
prefill,1,117,53,0,96,0,0.999999999999998
prefill,1,118,55,0,96,0,0.999999999999998
prefill,1,119,56,0,96,0,0.999999999999998
prefill,1,120,57,0,96,0,0.999999999999998
prefill,1,121,59,0,96,0,0.999999999999998
prefill,1,122,60,0,96,0,0.999999999999998
prefill,1,123,62,0,96,0,0.999999999999998
prefill,1,124,63,0,96,0,0.999999999999998
prefill,1,125,65,0,96,0,0.999999999999998
prefill,1,126,66,0,96,0,0.999999999999998
prefill,1,127,67,0,96,0,0.999999999999998
prefill,1,128,68,0,96,0,0.999999999999998
prefill,1,129,70,0,96,0,0.999999999999998
prefill,1,130,71,0,96,0,0.999999999999998
prefill,1,131,72,0,96,0,0.999999999999998
prefill,1,132,73,0,96,0,0.999999999999998
prefill,1,133,74,0,96,0,0.999999999999998
prefill,1,134,78,0,96,0,0.999999999999998
prefill,1,135,79,0,96,0,0.999999999999998
prefill,1,136,81,0,96,0,0.999999999999998
prefill,1,137,83,0,96,0,0.999999999999998
prefill,1,138,85,0,96,0,0.999999999999998
prefill,1,139,86,0,96,0,0.999999999999998
prefill,1,140,87,0,96,0,0.999999999999998
prefill,1,141,88,0,96,0,0.999999999999998
prefill,1,142,89,0,96,0,0.999999999999998
prefill,1,143,90,0,96,0,0.999999999999998
prefill,1,144,91,0,96,0,0.999999999999998
prefill,1,145,92,0,96,0,0.999999999999998
prefill,1,146,93,0,96,0,0.999999999999998
prefill,1,147,95,0,96,0,0.999999999999998
prefill,1,148,96,0,96,0,0.999999999999998
prefill,1,149,97,0,96,0,0.999999999999998
prefill,1,150,98,0,96,0,0.999999999999998
prefill,1,151,99,0,96,0,0.999999999999998
prefill,1,152,101,0,96,0,0.999999999999998
prefill,1,153,102,0,96,0,0.999999999999998
prefill,1,154,103,0,96,0,0.999999999999998
prefill,1,155,105,0,96,0,0.999999999999998
prefill,1,156,106,0,96,0,0.999999999999998
prefill,1,157,107,0,96,0,0.999999999999998
prefill,1,158,108,0,96,0,0.999999999999998
prefill,1,159,109,0,96,0,0.999999999999998
prefill,1,160,111,0,96,0,0.999999999999998
prefill,1,161,113,0,96,0,0.999999999999998
prefill,1,162,114,0,96,0,0.999999999999998
prefill,1,163,115,0,96,0,0.999999999999998
prefill,1,164,120,0,96,0,0.999999999999998
prefill,1,165,121,0,96,0,0.999999999999998
prefill,1,166,122,0,96,0,0.999999999999998
prefill,1,167,123,0,96,0,0.999999999999998
prefill,1,168,124,0,96,0,0.999999999999998
prefill,1,169,125,0,96,0,0.999999999999998
prefill,1,170,128,0,96,0,0.999999999999998
prefill,1,171,130,0,96,0,0.999999999999998
prefill,1,172,131,0,96,0,0.999999999999998
prefill,1,173,132,0,96,0,0.999999999999998
prefill,1,174,133,0,96,0,0.999999999999998
prefill,1,175,134,0,96,0,0.999999999999998
prefill,1,176,135,0,96,0,0.999999999999998
prefill,1,177,137,0,96,0,0.999999999999998
prefill,1,178,143,0,96,0,0.999999999999998
prefill,1,179,144,0,96,0,0.999999999999998
prefill,1,180,145,0,96,0,0.999999999999998
prefill,1,181,147,0,96,0,0.999999999999998
prefill,1,182,148,0,96,0,0.999999999999998
prefill,1,183,149,0,96,0,0.999999999999998
prefill,1,184,152,0,96,0,0.999999999999998
prefill,1,185,153,0,96,0,0.999999999999998
prefill,1,186,154,0,96,0,0.999999999999998
prefill,1,187,156,0,96,0,0.999999999999998
prefill,1,188,159,0,96,0,0.999999999999998
prefill,1,189,160,0,96,0,0.999999999999998
prefill,1,190,161,0,96,0,0.999999999999998
prefill,1,191,163,0,96,0,0.999999999999998
prefill,1,192,164,0,96,0,0.999999999999998
prefill,1,193,165,0,96,0,0.999999999999998
prefill,1,194,167,0,96,0,0.999999999999998
prefill,1,195,168,0,96,0,0.999999999999998
prefill,1,196,170,0,96,0,0.999999999999998
prefill,1,197,171,0,96,0,0.999999999999998
prefill,1,198,172,0,96,0,0.999999999999998
prefill,1,199,173,0,96,0,0.999999999999998
prefill,1,200,174,0,96,0,0.999999999999998
prefill,1,201,175,0,96,0,0.999999999999998
prefill,1,202,176,0,96,0,0.999999999999998
prefill,1,203,177,0,96,0,0.999999999999998
prefill,1,204,178,0,96,0,0.999999999999998
prefill,1,205,179,0,96,0,0.999999999999998
prefill,1,206,180,0,96,0,0.999999999999998
prefill,1,207,181,0,96,0,0.999999999999998
prefill,1,208,183,0,96,0,0.999999999999998
prefill,1,209,184,0,96,0,0.999999999999998
prefill,1,210,185,0,96,0,0.999999999999998
prefill,1,211,187,0,96,0,0.999999999999998
prefill,1,212,188,0,96,0,0.999999999999998
prefill,1,213,189,0,96,0,0.999999999999998
prefill,1,214,190,0,96,0,0.999999999999998
prefill,1,215,193,0,96,0,0.999999999999998
prefill,1,216,194,0,96,0,0.999999999999998
prefill,1,217,196,0,96,0,0.999999999999998
prefill,1,218,197,0,96,0,0.999999999999998
prefill,1,219,199,0,96,0,0.999999999999998
prefill,1,220,200,0,96,0,0.999999999999998
prefill,1,221,202,0,96,0,0.999999999999998
prefill,1,222,203,0,96,0,0.999999999999998
prefill,1,223,205,0,96,0,0.999999999999998
prefill,1,224,206,0,96,0,0.999999999999998
prefill,1,225,209,0,96,0,0.999999999999998
prefill,1,226,212,0,96,0,0.999999999999998
prefill,1,227,213,0,96,0,0.999999999999998
prefill,1,228,214,0,96,0,0.999999999999998
prefill,1,229,215,0,96,0,0.999999999999998
prefill,1,230,217,0,96,0,0.999999999999998
prefill,1,231,219,0,96,0,0.999999999999998
prefill,1,232,220,0,96,0,0.999999999999998
prefill,1,233,222,0,96,0,0.999999999999998
prefill,1,234,223,0,96,0,0.999999999999998
prefill,1,235,225,0,96,0,0.999999999999998
prefill,1,236,226,0,96,0,0.999999999999998
prefill,1,237,228,0,96,0,0.999999999999998
prefill,1,238,231,0,96,0,0.999999999999998
prefill,1,239,233,0,96,0,0.999999999999998
prefill,1,240,235,0,96,0,0.999999999999998
prefill,1,241,237,0,96,0,0.999999999999998
prefill,1,242,238,0,96,0,0.999999999999998
prefill,1,243,239,0,96,0,0.999999999999998
prefill,1,244,240,0,96,0,0.999999999999998
prefill,1,245,241,0,96,0,0.999999999999998
prefill,1,246,242,0,96,0,0.999999999999998
prefill,1,247,243,0,96,0,0.999999999999998
prefill,1,248,244,0,96,0,0.999999999999998
prefill,1,249,247,0,96,0,0.999999999999998
prefill,1,250,248,0,96,0,0.999999999999998
prefill,1,251,249,0,96,0,0.999999999999998
prefill,1,252,250,0,96,0,0.999999999999998
prefill,1,253,252,0,96,0,0.999999999999998
prefill,1,254,253,0,96,0,0.999999999999998
prefill,1,255,254,0,96,0,0.999999999999998
prefill,1,256,255,0,96,0,0.999999999999998
prefill,2,1,24,2,96,0.0208333333333333,0.0208333333333333
prefill,2,2,39,2,96,0.0208333333333333,0.0416666666666667
prefill,2,3,40,2,96,0.0208333333333333,0.0625
prefill,2,4,58,2,96,0.0208333333333333,0.0833333333333333
prefill,2,5,68,2,96,0.0208333333333333,0.104166666666667
prefill,2,6,79,2,96,0.0208333333333333,0.125
prefill,2,7,80,2,96,0.0208333333333333,0.145833333333333
prefill,2,8,102,2,96,0.0208333333333333,0.166666666666667
prefill,2,9,238,2,96,0.0208333333333333,0.1875
prefill,2,10,247,2,96,0.0208333333333333,0.208333333333333
prefill,2,11,0,1,96,0.0104166666666667,0.21875
prefill,2,12,2,1,96,0.0104166666666667,0.229166666666667
prefill,2,13,3,1,96,0.0104166666666667,0.239583333333333
prefill,2,14,7,1,96,0.0104166666666667,0.25
prefill,2,15,11,1,96,0.0104166666666667,0.260416666666667
prefill,2,16,13,1,96,0.0104166666666667,0.270833333333333
prefill,2,17,16,1,96,0.0104166666666667,0.28125
prefill,2,18,21,1,96,0.0104166666666667,0.291666666666667
prefill,2,19,26,1,96,0.0104166666666667,0.302083333333333
prefill,2,20,28,1,96,0.0104166666666667,0.3125
prefill,2,21,34,1,96,0.0104166666666667,0.322916666666667
prefill,2,22,37,1,96,0.0104166666666667,0.333333333333333
prefill,2,23,46,1,96,0.0104166666666667,0.34375
prefill,2,24,48,1,96,0.0104166666666667,0.354166666666667
prefill,2,25,49,1,96,0.0104166666666667,0.364583333333333
prefill,2,26,50,1,96,0.0104166666666667,0.375
prefill,2,27,53,1,96,0.0104166666666667,0.385416666666667
prefill,2,28,59,1,96,0.0104166666666667,0.395833333333334
prefill,2,29,61,1,96,0.0104166666666667,0.40625
prefill,2,30,64,1,96,0.0104166666666667,0.416666666666667
prefill,2,31,69,1,96,0.0104166666666667,0.427083333333334
prefill,2,32,74,1,96,0.0104166666666667,0.4375
prefill,2,33,76,1,96,0.0104166666666667,0.447916666666667
prefill,2,34,84,1,96,0.0104166666666667,0.458333333333334
prefill,2,35,86,1,96,0.0104166666666667,0.46875
prefill,2,36,87,1,96,0.0104166666666667,0.479166666666667
prefill,2,37,89,1,96,0.0104166666666667,0.489583333333334
prefill,2,38,92,1,96,0.0104166666666667,0.5
prefill,2,39,96,1,96,0.0104166666666667,0.510416666666667
prefill,2,40,100,1,96,0.0104166666666667,0.520833333333334
prefill,2,41,106,1,96,0.0104166666666667,0.53125
prefill,2,42,107,1,96,0.0104166666666667,0.541666666666667
prefill,2,43,109,1,96,0.0104166666666667,0.552083333333333
prefill,2,44,111,1,96,0.0104166666666667,0.5625
prefill,2,45,112,1,96,0.0104166666666667,0.572916666666667
prefill,2,46,113,1,96,0.0104166666666667,0.583333333333333
prefill,2,47,115,1,96,0.0104166666666667,0.59375
prefill,2,48,117,1,96,0.0104166666666667,0.604166666666667
prefill,2,49,118,1,96,0.0104166666666667,0.614583333333333
prefill,2,50,128,1,96,0.0104166666666667,0.625
prefill,2,51,134,1,96,0.0104166666666667,0.635416666666667
prefill,2,52,139,1,96,0.0104166666666667,0.645833333333333
prefill,2,53,140,1,96,0.0104166666666667,0.65625
prefill,2,54,143,1,96,0.0104166666666667,0.666666666666666
prefill,2,55,146,1,96,0.0104166666666667,0.677083333333333
prefill,2,56,156,1,96,0.0104166666666667,0.6875
prefill,2,57,159,1,96,0.0104166666666667,0.697916666666666
prefill,2,58,160,1,96,0.0104166666666667,0.708333333333333
prefill,2,59,161,1,96,0.0104166666666667,0.71875
prefill,2,60,163,1,96,0.0104166666666667,0.729166666666666
prefill,2,61,173,1,96,0.0104166666666667,0.739583333333333
prefill,2,62,176,1,96,0.0104166666666667,0.749999999999999
prefill,2,63,180,1,96,0.0104166666666667,0.760416666666666
prefill,2,64,181,1,96,0.0104166666666667,0.770833333333333
prefill,2,65,182,1,96,0.0104166666666667,0.781249999999999
prefill,2,66,183,1,96,0.0104166666666667,0.791666666666666
prefill,2,67,186,1,96,0.0104166666666667,0.802083333333333
prefill,2,68,192,1,96,0.0104166666666667,0.812499999999999
prefill,2,69,194,1,96,0.0104166666666667,0.822916666666666
prefill,2,70,195,1,96,0.0104166666666667,0.833333333333332
prefill,2,71,199,1,96,0.0104166666666667,0.843749999999999
prefill,2,72,202,1,96,0.0104166666666667,0.854166666666666
prefill,2,73,203,1,96,0.0104166666666667,0.864583333333332
prefill,2,74,205,1,96,0.0104166666666667,0.874999999999999
prefill,2,75,207,1,96,0.0104166666666667,0.885416666666666
prefill,2,76,209,1,96,0.0104166666666667,0.895833333333332
prefill,2,77,210,1,96,0.0104166666666667,0.906249999999999
prefill,2,78,220,1,96,0.0104166666666667,0.916666666666666
prefill,2,79,223,1,96,0.0104166666666667,0.927083333333332
prefill,2,80,226,1,96,0.0104166666666667,0.937499999999999
prefill,2,81,228,1,96,0.0104166666666667,0.947916666666665
prefill,2,82,230,1,96,0.0104166666666667,0.958333333333332
prefill,2,83,237,1,96,0.0104166666666667,0.968749999999999
prefill,2,84,239,1,96,0.0104166666666667,0.979166666666665
prefill,2,85,248,1,96,0.0104166666666667,0.989583333333332
prefill,2,86,254,1,96,0.0104166666666667,0.999999999999999
prefill,2,87,1,0,96,0,0.999999999999999
prefill,2,88,4,0,96,0,0.999999999999999
prefill,2,89,5,0,96,0,0.999999999999999
prefill,2,90,6,0,96,0,0.999999999999999
prefill,2,91,8,0,96,0,0.999999999999999
prefill,2,92,9,0,96,0,0.999999999999999
prefill,2,93,10,0,96,0,0.999999999999999
prefill,2,94,12,0,96,0,0.999999999999999
prefill,2,95,14,0,96,0,0.999999999999999
prefill,2,96,15,0,96,0,0.999999999999999
prefill,2,97,17,0,96,0,0.999999999999999
prefill,2,98,18,0,96,0,0.999999999999999
prefill,2,99,19,0,96,0,0.999999999999999
prefill,2,100,20,0,96,0,0.999999999999999
prefill,2,101,22,0,96,0,0.999999999999999
prefill,2,102,23,0,96,0,0.999999999999999
prefill,2,103,25,0,96,0,0.999999999999999
prefill,2,104,27,0,96,0,0.999999999999999
prefill,2,105,29,0,96,0,0.999999999999999
prefill,2,106,30,0,96,0,0.999999999999999
prefill,2,107,31,0,96,0,0.999999999999999
prefill,2,108,32,0,96,0,0.999999999999999
prefill,2,109,33,0,96,0,0.999999999999999
prefill,2,110,35,0,96,0,0.999999999999999
prefill,2,111,36,0,96,0,0.999999999999999
prefill,2,112,38,0,96,0,0.999999999999999
prefill,2,113,41,0,96,0,0.999999999999999
prefill,2,114,42,0,96,0,0.999999999999999
prefill,2,115,43,0,96,0,0.999999999999999
prefill,2,116,44,0,96,0,0.999999999999999
prefill,2,117,45,0,96,0,0.999999999999999
prefill,2,118,47,0,96,0,0.999999999999999
prefill,2,119,51,0,96,0,0.999999999999999
prefill,2,120,52,0,96,0,0.999999999999999
prefill,2,121,54,0,96,0,0.999999999999999
prefill,2,122,55,0,96,0,0.999999999999999
prefill,2,123,56,0,96,0,0.999999999999999
prefill,2,124,57,0,96,0,0.999999999999999
prefill,2,125,60,0,96,0,0.999999999999999
prefill,2,126,62,0,96,0,0.999999999999999
prefill,2,127,63,0,96,0,0.999999999999999
prefill,2,128,65,0,96,0,0.999999999999999
prefill,2,129,66,0,96,0,0.999999999999999
prefill,2,130,67,0,96,0,0.999999999999999
prefill,2,131,70,0,96,0,0.999999999999999
prefill,2,132,71,0,96,0,0.999999999999999
prefill,2,133,72,0,96,0,0.999999999999999
prefill,2,134,73,0,96,0,0.999999999999999
prefill,2,135,75,0,96,0,0.999999999999999
prefill,2,136,77,0,96,0,0.999999999999999
prefill,2,137,78,0,96,0,0.999999999999999
prefill,2,138,81,0,96,0,0.999999999999999
prefill,2,139,82,0,96,0,0.999999999999999
prefill,2,140,83,0,96,0,0.999999999999999
prefill,2,141,85,0,96,0,0.999999999999999
prefill,2,142,88,0,96,0,0.999999999999999
prefill,2,143,90,0,96,0,0.999999999999999
prefill,2,144,91,0,96,0,0.999999999999999
prefill,2,145,93,0,96,0,0.999999999999999
prefill,2,146,94,0,96,0,0.999999999999999
prefill,2,147,95,0,96,0,0.999999999999999
prefill,2,148,97,0,96,0,0.999999999999999
prefill,2,149,98,0,96,0,0.999999999999999
prefill,2,150,99,0,96,0,0.999999999999999
prefill,2,151,101,0,96,0,0.999999999999999
prefill,2,152,103,0,96,0,0.999999999999999
prefill,2,153,104,0,96,0,0.999999999999999
prefill,2,154,105,0,96,0,0.999999999999999
prefill,2,155,108,0,96,0,0.999999999999999
prefill,2,156,110,0,96,0,0.999999999999999
prefill,2,157,114,0,96,0,0.999999999999999
prefill,2,158,116,0,96,0,0.999999999999999
prefill,2,159,119,0,96,0,0.999999999999999
prefill,2,160,120,0,96,0,0.999999999999999
prefill,2,161,121,0,96,0,0.999999999999999
prefill,2,162,122,0,96,0,0.999999999999999
prefill,2,163,123,0,96,0,0.999999999999999
prefill,2,164,124,0,96,0,0.999999999999999
prefill,2,165,125,0,96,0,0.999999999999999
prefill,2,166,126,0,96,0,0.999999999999999
prefill,2,167,127,0,96,0,0.999999999999999
prefill,2,168,129,0,96,0,0.999999999999999
prefill,2,169,130,0,96,0,0.999999999999999
prefill,2,170,131,0,96,0,0.999999999999999
prefill,2,171,132,0,96,0,0.999999999999999
prefill,2,172,133,0,96,0,0.999999999999999
prefill,2,173,135,0,96,0,0.999999999999999
prefill,2,174,136,0,96,0,0.999999999999999
prefill,2,175,137,0,96,0,0.999999999999999
prefill,2,176,138,0,96,0,0.999999999999999
prefill,2,177,141,0,96,0,0.999999999999999
prefill,2,178,142,0,96,0,0.999999999999999
prefill,2,179,144,0,96,0,0.999999999999999
prefill,2,180,145,0,96,0,0.999999999999999
prefill,2,181,147,0,96,0,0.999999999999999
prefill,2,182,148,0,96,0,0.999999999999999
prefill,2,183,149,0,96,0,0.999999999999999
prefill,2,184,150,0,96,0,0.999999999999999
prefill,2,185,151,0,96,0,0.999999999999999
prefill,2,186,152,0,96,0,0.999999999999999
prefill,2,187,153,0,96,0,0.999999999999999
prefill,2,188,154,0,96,0,0.999999999999999
prefill,2,189,155,0,96,0,0.999999999999999
prefill,2,190,157,0,96,0,0.999999999999999
prefill,2,191,158,0,96,0,0.999999999999999
prefill,2,192,162,0,96,0,0.999999999999999
prefill,2,193,164,0,96,0,0.999999999999999
prefill,2,194,165,0,96,0,0.999999999999999
prefill,2,195,166,0,96,0,0.999999999999999
prefill,2,196,167,0,96,0,0.999999999999999
prefill,2,197,168,0,96,0,0.999999999999999
prefill,2,198,169,0,96,0,0.999999999999999
prefill,2,199,170,0,96,0,0.999999999999999
prefill,2,200,171,0,96,0,0.999999999999999
prefill,2,201,172,0,96,0,0.999999999999999
prefill,2,202,174,0,96,0,0.999999999999999
prefill,2,203,175,0,96,0,0.999999999999999
prefill,2,204,177,0,96,0,0.999999999999999
prefill,2,205,178,0,96,0,0.999999999999999
prefill,2,206,179,0,96,0,0.999999999999999
prefill,2,207,184,0,96,0,0.999999999999999
prefill,2,208,185,0,96,0,0.999999999999999
prefill,2,209,187,0,96,0,0.999999999999999
prefill,2,210,188,0,96,0,0.999999999999999
prefill,2,211,189,0,96,0,0.999999999999999
prefill,2,212,190,0,96,0,0.999999999999999
prefill,2,213,191,0,96,0,0.999999999999999
prefill,2,214,193,0,96,0,0.999999999999999
prefill,2,215,196,0,96,0,0.999999999999999
prefill,2,216,197,0,96,0,0.999999999999999
prefill,2,217,198,0,96,0,0.999999999999999
prefill,2,218,200,0,96,0,0.999999999999999
prefill,2,219,201,0,96,0,0.999999999999999
prefill,2,220,204,0,96,0,0.999999999999999
prefill,2,221,206,0,96,0,0.999999999999999
prefill,2,222,208,0,96,0,0.999999999999999
prefill,2,223,211,0,96,0,0.999999999999999
prefill,2,224,212,0,96,0,0.999999999999999
prefill,2,225,213,0,96,0,0.999999999999999
prefill,2,226,214,0,96,0,0.999999999999999
prefill,2,227,215,0,96,0,0.999999999999999
prefill,2,228,216,0,96,0,0.999999999999999
prefill,2,229,217,0,96,0,0.999999999999999
prefill,2,230,218,0,96,0,0.999999999999999
prefill,2,231,219,0,96,0,0.999999999999999
prefill,2,232,221,0,96,0,0.999999999999999
prefill,2,233,222,0,96,0,0.999999999999999
prefill,2,234,224,0,96,0,0.999999999999999
prefill,2,235,225,0,96,0,0.999999999999999
prefill,2,236,227,0,96,0,0.999999999999999
prefill,2,237,229,0,96,0,0.999999999999999
prefill,2,238,231,0,96,0,0.999999999999999
prefill,2,239,232,0,96,0,0.999999999999999
prefill,2,240,233,0,96,0,0.999999999999999
prefill,2,241,234,0,96,0,0.999999999999999
prefill,2,242,235,0,96,0,0.999999999999999
prefill,2,243,236,0,96,0,0.999999999999999
prefill,2,244,240,0,96,0,0.999999999999999
prefill,2,245,241,0,96,0,0.999999999999999
prefill,2,246,242,0,96,0,0.999999999999999
prefill,2,247,243,0,96,0,0.999999999999999
prefill,2,248,244,0,96,0,0.999999999999999
prefill,2,249,245,0,96,0,0.999999999999999
prefill,2,250,246,0,96,0,0.999999999999999
prefill,2,251,249,0,96,0,0.999999999999999
prefill,2,252,250,0,96,0,0.999999999999999
prefill,2,253,251,0,96,0,0.999999999999999
prefill,2,254,252,0,96,0,0.999999999999999
prefill,2,255,253,0,96,0,0.999999999999999
prefill,2,256,255,0,96,0,0.999999999999999
prefill,3,1,221,9,96,0.09375,0.09375
prefill,3,2,62,7,96,0.0729166666666667,0.166666666666667
prefill,3,3,19,6,96,0.0625,0.229166666666667
prefill,3,4,202,6,96,0.0625,0.291666666666667
prefill,3,5,212,5,96,0.0520833333333333,0.34375
prefill,3,6,173,4,96,0.0416666666666667,0.385416666666667
prefill,3,7,0,3,96,0.03125,0.416666666666667
prefill,3,8,14,3,96,0.03125,0.447916666666667
prefill,3,9,112,3,96,0.03125,0.479166666666667
prefill,3,10,121,3,96,0.03125,0.510416666666667
prefill,3,11,128,3,96,0.03125,0.541666666666667
prefill,3,12,31,2,96,0.0208333333333333,0.5625
prefill,3,13,67,2,96,0.0208333333333333,0.583333333333333
prefill,3,14,72,2,96,0.0208333333333333,0.604166666666667
prefill,3,15,100,2,96,0.0208333333333333,0.625
prefill,3,16,118,2,96,0.0208333333333333,0.645833333333334
prefill,3,17,226,2,96,0.0208333333333333,0.666666666666667
prefill,3,18,4,1,96,0.0104166666666667,0.677083333333334
prefill,3,19,6,1,96,0.0104166666666667,0.6875
prefill,3,20,11,1,96,0.0104166666666667,0.697916666666667
prefill,3,21,20,1,96,0.0104166666666667,0.708333333333333
prefill,3,22,24,1,96,0.0104166666666667,0.71875
prefill,3,23,25,1,96,0.0104166666666667,0.729166666666667
prefill,3,24,27,1,96,0.0104166666666667,0.739583333333333
prefill,3,25,38,1,96,0.0104166666666667,0.75
prefill,3,26,45,1,96,0.0104166666666667,0.760416666666667
prefill,3,27,59,1,96,0.0104166666666667,0.770833333333333
prefill,3,28,61,1,96,0.0104166666666667,0.78125
prefill,3,29,63,1,96,0.0104166666666667,0.791666666666667
prefill,3,30,64,1,96,0.0104166666666667,0.802083333333333
prefill,3,31,71,1,96,0.0104166666666667,0.8125
prefill,3,32,80,1,96,0.0104166666666667,0.822916666666666
prefill,3,33,82,1,96,0.0104166666666667,0.833333333333333
prefill,3,34,96,1,96,0.0104166666666667,0.84375
prefill,3,35,116,1,96,0.0104166666666667,0.854166666666666
prefill,3,36,119,1,96,0.0104166666666667,0.864583333333333
prefill,3,37,120,1,96,0.0104166666666667,0.875
prefill,3,38,123,1,96,0.0104166666666667,0.885416666666666
prefill,3,39,141,1,96,0.0104166666666667,0.895833333333333
prefill,3,40,145,1,96,0.0104166666666667,0.906249999999999
prefill,3,41,149,1,96,0.0104166666666667,0.916666666666666
prefill,3,42,155,1,96,0.0104166666666667,0.927083333333333
prefill,3,43,159,1,96,0.0104166666666667,0.937499999999999
prefill,3,44,172,1,96,0.0104166666666667,0.947916666666666
prefill,3,45,174,1,96,0.0104166666666667,0.958333333333333
prefill,3,46,198,1,96,0.0104166666666667,0.968749999999999
prefill,3,47,223,1,96,0.0104166666666667,0.979166666666666
prefill,3,48,227,1,96,0.0104166666666667,0.989583333333332
prefill,3,49,248,1,96,0.0104166666666667,0.999999999999999
prefill,3,50,1,0,96,0,0.999999999999999
prefill,3,51,2,0,96,0,0.999999999999999
prefill,3,52,3,0,96,0,0.999999999999999
prefill,3,53,5,0,96,0,0.999999999999999
prefill,3,54,7,0,96,0,0.999999999999999
prefill,3,55,8,0,96,0,0.999999999999999
prefill,3,56,9,0,96,0,0.999999999999999
prefill,3,57,10,0,96,0,0.999999999999999
prefill,3,58,12,0,96,0,0.999999999999999
prefill,3,59,13,0,96,0,0.999999999999999
prefill,3,60,15,0,96,0,0.999999999999999
prefill,3,61,16,0,96,0,0.999999999999999
prefill,3,62,17,0,96,0,0.999999999999999
prefill,3,63,18,0,96,0,0.999999999999999
prefill,3,64,21,0,96,0,0.999999999999999
prefill,3,65,22,0,96,0,0.999999999999999
prefill,3,66,23,0,96,0,0.999999999999999
prefill,3,67,26,0,96,0,0.999999999999999
prefill,3,68,28,0,96,0,0.999999999999999
prefill,3,69,29,0,96,0,0.999999999999999
prefill,3,70,30,0,96,0,0.999999999999999
prefill,3,71,32,0,96,0,0.999999999999999
prefill,3,72,33,0,96,0,0.999999999999999
prefill,3,73,34,0,96,0,0.999999999999999
prefill,3,74,35,0,96,0,0.999999999999999
prefill,3,75,36,0,96,0,0.999999999999999
prefill,3,76,37,0,96,0,0.999999999999999
prefill,3,77,39,0,96,0,0.999999999999999
prefill,3,78,40,0,96,0,0.999999999999999
prefill,3,79,41,0,96,0,0.999999999999999
prefill,3,80,42,0,96,0,0.999999999999999
prefill,3,81,43,0,96,0,0.999999999999999
prefill,3,82,44,0,96,0,0.999999999999999
prefill,3,83,46,0,96,0,0.999999999999999
prefill,3,84,47,0,96,0,0.999999999999999
prefill,3,85,48,0,96,0,0.999999999999999
prefill,3,86,49,0,96,0,0.999999999999999
prefill,3,87,50,0,96,0,0.999999999999999
prefill,3,88,51,0,96,0,0.999999999999999
prefill,3,89,52,0,96,0,0.999999999999999
prefill,3,90,53,0,96,0,0.999999999999999
prefill,3,91,54,0,96,0,0.999999999999999
prefill,3,92,55,0,96,0,0.999999999999999
prefill,3,93,56,0,96,0,0.999999999999999
prefill,3,94,57,0,96,0,0.999999999999999
prefill,3,95,58,0,96,0,0.999999999999999
prefill,3,96,60,0,96,0,0.999999999999999
prefill,3,97,65,0,96,0,0.999999999999999
prefill,3,98,66,0,96,0,0.999999999999999
prefill,3,99,68,0,96,0,0.999999999999999
prefill,3,100,69,0,96,0,0.999999999999999
prefill,3,101,70,0,96,0,0.999999999999999
prefill,3,102,73,0,96,0,0.999999999999999
prefill,3,103,74,0,96,0,0.999999999999999
prefill,3,104,75,0,96,0,0.999999999999999
prefill,3,105,76,0,96,0,0.999999999999999
prefill,3,106,77,0,96,0,0.999999999999999
prefill,3,107,78,0,96,0,0.999999999999999
prefill,3,108,79,0,96,0,0.999999999999999
prefill,3,109,81,0,96,0,0.999999999999999
prefill,3,110,83,0,96,0,0.999999999999999
prefill,3,111,84,0,96,0,0.999999999999999
prefill,3,112,85,0,96,0,0.999999999999999
prefill,3,113,86,0,96,0,0.999999999999999
prefill,3,114,87,0,96,0,0.999999999999999
prefill,3,115,88,0,96,0,0.999999999999999
prefill,3,116,89,0,96,0,0.999999999999999
prefill,3,117,90,0,96,0,0.999999999999999
prefill,3,118,91,0,96,0,0.999999999999999
prefill,3,119,92,0,96,0,0.999999999999999
prefill,3,120,93,0,96,0,0.999999999999999
prefill,3,121,94,0,96,0,0.999999999999999
prefill,3,122,95,0,96,0,0.999999999999999
prefill,3,123,97,0,96,0,0.999999999999999
prefill,3,124,98,0,96,0,0.999999999999999
prefill,3,125,99,0,96,0,0.999999999999999
prefill,3,126,101,0,96,0,0.999999999999999
prefill,3,127,102,0,96,0,0.999999999999999
prefill,3,128,103,0,96,0,0.999999999999999
prefill,3,129,104,0,96,0,0.999999999999999
prefill,3,130,105,0,96,0,0.999999999999999
prefill,3,131,106,0,96,0,0.999999999999999
prefill,3,132,107,0,96,0,0.999999999999999
prefill,3,133,108,0,96,0,0.999999999999999
prefill,3,134,109,0,96,0,0.999999999999999
prefill,3,135,110,0,96,0,0.999999999999999
prefill,3,136,111,0,96,0,0.999999999999999
prefill,3,137,113,0,96,0,0.999999999999999
prefill,3,138,114,0,96,0,0.999999999999999
prefill,3,139,115,0,96,0,0.999999999999999
prefill,3,140,117,0,96,0,0.999999999999999
prefill,3,141,122,0,96,0,0.999999999999999
prefill,3,142,124,0,96,0,0.999999999999999
prefill,3,143,125,0,96,0,0.999999999999999
prefill,3,144,126,0,96,0,0.999999999999999
prefill,3,145,127,0,96,0,0.999999999999999
prefill,3,146,129,0,96,0,0.999999999999999
prefill,3,147,130,0,96,0,0.999999999999999
prefill,3,148,131,0,96,0,0.999999999999999
prefill,3,149,132,0,96,0,0.999999999999999
prefill,3,150,133,0,96,0,0.999999999999999
prefill,3,151,134,0,96,0,0.999999999999999
prefill,3,152,135,0,96,0,0.999999999999999
prefill,3,153,136,0,96,0,0.999999999999999
prefill,3,154,137,0,96,0,0.999999999999999
prefill,3,155,138,0,96,0,0.999999999999999
prefill,3,156,139,0,96,0,0.999999999999999
prefill,3,157,140,0,96,0,0.999999999999999
prefill,3,158,142,0,96,0,0.999999999999999
prefill,3,159,143,0,96,0,0.999999999999999
prefill,3,160,144,0,96,0,0.999999999999999
prefill,3,161,146,0,96,0,0.999999999999999
prefill,3,162,147,0,96,0,0.999999999999999
prefill,3,163,148,0,96,0,0.999999999999999
prefill,3,164,150,0,96,0,0.999999999999999
prefill,3,165,151,0,96,0,0.999999999999999
prefill,3,166,152,0,96,0,0.999999999999999
prefill,3,167,153,0,96,0,0.999999999999999
prefill,3,168,154,0,96,0,0.999999999999999
prefill,3,169,156,0,96,0,0.999999999999999
prefill,3,170,157,0,96,0,0.999999999999999
prefill,3,171,158,0,96,0,0.999999999999999
prefill,3,172,160,0,96,0,0.999999999999999
prefill,3,173,161,0,96,0,0.999999999999999
prefill,3,174,162,0,96,0,0.999999999999999
prefill,3,175,163,0,96,0,0.999999999999999
prefill,3,176,164,0,96,0,0.999999999999999
prefill,3,177,165,0,96,0,0.999999999999999
prefill,3,178,166,0,96,0,0.999999999999999
prefill,3,179,167,0,96,0,0.999999999999999
prefill,3,180,168,0,96,0,0.999999999999999
prefill,3,181,169,0,96,0,0.999999999999999
prefill,3,182,170,0,96,0,0.999999999999999
prefill,3,183,171,0,96,0,0.999999999999999
prefill,3,184,175,0,96,0,0.999999999999999
prefill,3,185,176,0,96,0,0.999999999999999
prefill,3,186,177,0,96,0,0.999999999999999
prefill,3,187,178,0,96,0,0.999999999999999
prefill,3,188,179,0,96,0,0.999999999999999
prefill,3,189,180,0,96,0,0.999999999999999
prefill,3,190,181,0,96,0,0.999999999999999
prefill,3,191,182,0,96,0,0.999999999999999
prefill,3,192,183,0,96,0,0.999999999999999
prefill,3,193,184,0,96,0,0.999999999999999
prefill,3,194,185,0,96,0,0.999999999999999
prefill,3,195,186,0,96,0,0.999999999999999
prefill,3,196,187,0,96,0,0.999999999999999
prefill,3,197,188,0,96,0,0.999999999999999
prefill,3,198,189,0,96,0,0.999999999999999
prefill,3,199,190,0,96,0,0.999999999999999
prefill,3,200,191,0,96,0,0.999999999999999
prefill,3,201,192,0,96,0,0.999999999999999
prefill,3,202,193,0,96,0,0.999999999999999
prefill,3,203,194,0,96,0,0.999999999999999
prefill,3,204,195,0,96,0,0.999999999999999
prefill,3,205,196,0,96,0,0.999999999999999
prefill,3,206,197,0,96,0,0.999999999999999
prefill,3,207,199,0,96,0,0.999999999999999
prefill,3,208,200,0,96,0,0.999999999999999
prefill,3,209,201,0,96,0,0.999999999999999
prefill,3,210,203,0,96,0,0.999999999999999
prefill,3,211,204,0,96,0,0.999999999999999
prefill,3,212,205,0,96,0,0.999999999999999
prefill,3,213,206,0,96,0,0.999999999999999
prefill,3,214,207,0,96,0,0.999999999999999
prefill,3,215,208,0,96,0,0.999999999999999
prefill,3,216,209,0,96,0,0.999999999999999
prefill,3,217,210,0,96,0,0.999999999999999
prefill,3,218,211,0,96,0,0.999999999999999
prefill,3,219,213,0,96,0,0.999999999999999
prefill,3,220,214,0,96,0,0.999999999999999
prefill,3,221,215,0,96,0,0.999999999999999
prefill,3,222,216,0,96,0,0.999999999999999
prefill,3,223,217,0,96,0,0.999999999999999
prefill,3,224,218,0,96,0,0.999999999999999
prefill,3,225,219,0,96,0,0.999999999999999
prefill,3,226,220,0,96,0,0.999999999999999
prefill,3,227,222,0,96,0,0.999999999999999
prefill,3,228,224,0,96,0,0.999999999999999
prefill,3,229,225,0,96,0,0.999999999999999
prefill,3,230,228,0,96,0,0.999999999999999
prefill,3,231,229,0,96,0,0.999999999999999
prefill,3,232,230,0,96,0,0.999999999999999
prefill,3,233,231,0,96,0,0.999999999999999
prefill,3,234,232,0,96,0,0.999999999999999
prefill,3,235,233,0,96,0,0.999999999999999
prefill,3,236,234,0,96,0,0.999999999999999
prefill,3,237,235,0,96,0,0.999999999999999
prefill,3,238,236,0,96,0,0.999999999999999
prefill,3,239,237,0,96,0,0.999999999999999
prefill,3,240,238,0,96,0,0.999999999999999
prefill,3,241,239,0,96,0,0.999999999999999
prefill,3,242,240,0,96,0,0.999999999999999
prefill,3,243,241,0,96,0,0.999999999999999
prefill,3,244,242,0,96,0,0.999999999999999
prefill,3,245,243,0,96,0,0.999999999999999
prefill,3,246,244,0,96,0,0.999999999999999
prefill,3,247,245,0,96,0,0.999999999999999
prefill,3,248,246,0,96,0,0.999999999999999
prefill,3,249,247,0,96,0,0.999999999999999
prefill,3,250,249,0,96,0,0.999999999999999
prefill,3,251,250,0,96,0,0.999999999999999
prefill,3,252,251,0,96,0,0.999999999999999
prefill,3,253,252,0,96,0,0.999999999999999
prefill,3,254,253,0,96,0,0.999999999999999
prefill,3,255,254,0,96,0,0.999999999999999
prefill,3,256,255,0,96,0,0.999999999999999
prefill,4,1,8,15,96,0.15625,0.15625
prefill,4,2,17,10,96,0.104166666666667,0.260416666666667
prefill,4,3,92,10,96,0.104166666666667,0.364583333333333
prefill,4,4,170,8,96,0.0833333333333333,0.447916666666667
prefill,4,5,110,6,96,0.0625,0.510416666666667
prefill,4,6,25,3,96,0.03125,0.541666666666667
prefill,4,7,49,3,96,0.03125,0.572916666666667
prefill,4,8,46,2,96,0.0208333333333333,0.59375
prefill,4,9,62,2,96,0.0208333333333333,0.614583333333333
prefill,4,10,237,2,96,0.0208333333333333,0.635416666666667
prefill,4,11,238,2,96,0.0208333333333333,0.65625
prefill,4,12,1,1,96,0.0104166666666667,0.666666666666667
prefill,4,13,9,1,96,0.0104166666666667,0.677083333333333
prefill,4,14,10,1,96,0.0104166666666667,0.6875
prefill,4,15,24,1,96,0.0104166666666667,0.697916666666667
prefill,4,16,26,1,96,0.0104166666666667,0.708333333333333
prefill,4,17,27,1,96,0.0104166666666667,0.71875
prefill,4,18,28,1,96,0.0104166666666667,0.729166666666667
prefill,4,19,29,1,96,0.0104166666666667,0.739583333333333
prefill,4,20,30,1,96,0.0104166666666667,0.75
prefill,4,21,37,1,96,0.0104166666666667,0.760416666666667
prefill,4,22,56,1,96,0.0104166666666667,0.770833333333333
prefill,4,23,72,1,96,0.0104166666666667,0.78125
prefill,4,24,81,1,96,0.0104166666666667,0.791666666666666
prefill,4,25,87,1,96,0.0104166666666667,0.802083333333333
prefill,4,26,113,1,96,0.0104166666666667,0.8125
prefill,4,27,114,1,96,0.0104166666666667,0.822916666666666
prefill,4,28,137,1,96,0.0104166666666667,0.833333333333333
prefill,4,29,138,1,96,0.0104166666666667,0.84375
prefill,4,30,146,1,96,0.0104166666666667,0.854166666666666
prefill,4,31,151,1,96,0.0104166666666667,0.864583333333333
prefill,4,32,180,1,96,0.0104166666666667,0.874999999999999
prefill,4,33,195,1,96,0.0104166666666667,0.885416666666666
prefill,4,34,198,1,96,0.0104166666666667,0.895833333333333
prefill,4,35,200,1,96,0.0104166666666667,0.906249999999999
prefill,4,36,206,1,96,0.0104166666666667,0.916666666666666
prefill,4,37,224,1,96,0.0104166666666667,0.927083333333333
prefill,4,38,227,1,96,0.0104166666666667,0.937499999999999
prefill,4,39,230,1,96,0.0104166666666667,0.947916666666666
prefill,4,40,231,1,96,0.0104166666666667,0.958333333333332
prefill,4,41,232,1,96,0.0104166666666667,0.968749999999999
prefill,4,42,248,1,96,0.0104166666666667,0.979166666666666
prefill,4,43,254,1,96,0.0104166666666667,0.989583333333332
prefill,4,44,255,1,96,0.0104166666666667,0.999999999999999
prefill,4,45,0,0,96,0,0.999999999999999
prefill,4,46,2,0,96,0,0.999999999999999
prefill,4,47,3,0,96,0,0.999999999999999
prefill,4,48,4,0,96,0,0.999999999999999
prefill,4,49,5,0,96,0,0.999999999999999
prefill,4,50,6,0,96,0,0.999999999999999
prefill,4,51,7,0,96,0,0.999999999999999
prefill,4,52,11,0,96,0,0.999999999999999
prefill,4,53,12,0,96,0,0.999999999999999
prefill,4,54,13,0,96,0,0.999999999999999
prefill,4,55,14,0,96,0,0.999999999999999
prefill,4,56,15,0,96,0,0.999999999999999
prefill,4,57,16,0,96,0,0.999999999999999
prefill,4,58,18,0,96,0,0.999999999999999
prefill,4,59,19,0,96,0,0.999999999999999
prefill,4,60,20,0,96,0,0.999999999999999
prefill,4,61,21,0,96,0,0.999999999999999
prefill,4,62,22,0,96,0,0.999999999999999
prefill,4,63,23,0,96,0,0.999999999999999
prefill,4,64,31,0,96,0,0.999999999999999
prefill,4,65,32,0,96,0,0.999999999999999
prefill,4,66,33,0,96,0,0.999999999999999
prefill,4,67,34,0,96,0,0.999999999999999
prefill,4,68,35,0,96,0,0.999999999999999
prefill,4,69,36,0,96,0,0.999999999999999
prefill,4,70,38,0,96,0,0.999999999999999
prefill,4,71,39,0,96,0,0.999999999999999
prefill,4,72,40,0,96,0,0.999999999999999
prefill,4,73,41,0,96,0,0.999999999999999
prefill,4,74,42,0,96,0,0.999999999999999
prefill,4,75,43,0,96,0,0.999999999999999
prefill,4,76,44,0,96,0,0.999999999999999
prefill,4,77,45,0,96,0,0.999999999999999
prefill,4,78,47,0,96,0,0.999999999999999
prefill,4,79,48,0,96,0,0.999999999999999
prefill,4,80,50,0,96,0,0.999999999999999
prefill,4,81,51,0,96,0,0.999999999999999
prefill,4,82,52,0,96,0,0.999999999999999
prefill,4,83,53,0,96,0,0.999999999999999
prefill,4,84,54,0,96,0,0.999999999999999
prefill,4,85,55,0,96,0,0.999999999999999
prefill,4,86,57,0,96,0,0.999999999999999
prefill,4,87,58,0,96,0,0.999999999999999
prefill,4,88,59,0,96,0,0.999999999999999
prefill,4,89,60,0,96,0,0.999999999999999
prefill,4,90,61,0,96,0,0.999999999999999
prefill,4,91,63,0,96,0,0.999999999999999
prefill,4,92,64,0,96,0,0.999999999999999
prefill,4,93,65,0,96,0,0.999999999999999
prefill,4,94,66,0,96,0,0.999999999999999
prefill,4,95,67,0,96,0,0.999999999999999
prefill,4,96,68,0,96,0,0.999999999999999
prefill,4,97,69,0,96,0,0.999999999999999
prefill,4,98,70,0,96,0,0.999999999999999
prefill,4,99,71,0,96,0,0.999999999999999
prefill,4,100,73,0,96,0,0.999999999999999
prefill,4,101,74,0,96,0,0.999999999999999
prefill,4,102,75,0,96,0,0.999999999999999
prefill,4,103,76,0,96,0,0.999999999999999
prefill,4,104,77,0,96,0,0.999999999999999
prefill,4,105,78,0,96,0,0.999999999999999
prefill,4,106,79,0,96,0,0.999999999999999
prefill,4,107,80,0,96,0,0.999999999999999
prefill,4,108,82,0,96,0,0.999999999999999
prefill,4,109,83,0,96,0,0.999999999999999
prefill,4,110,84,0,96,0,0.999999999999999
prefill,4,111,85,0,96,0,0.999999999999999
prefill,4,112,86,0,96,0,0.999999999999999
prefill,4,113,88,0,96,0,0.999999999999999
prefill,4,114,89,0,96,0,0.999999999999999
prefill,4,115,90,0,96,0,0.999999999999999
prefill,4,116,91,0,96,0,0.999999999999999
prefill,4,117,93,0,96,0,0.999999999999999
prefill,4,118,94,0,96,0,0.999999999999999
prefill,4,119,95,0,96,0,0.999999999999999
prefill,4,120,96,0,96,0,0.999999999999999
prefill,4,121,97,0,96,0,0.999999999999999
prefill,4,122,98,0,96,0,0.999999999999999
prefill,4,123,99,0,96,0,0.999999999999999
prefill,4,124,100,0,96,0,0.999999999999999
prefill,4,125,101,0,96,0,0.999999999999999
prefill,4,126,102,0,96,0,0.999999999999999
prefill,4,127,103,0,96,0,0.999999999999999
prefill,4,128,104,0,96,0,0.999999999999999
prefill,4,129,105,0,96,0,0.999999999999999
prefill,4,130,106,0,96,0,0.999999999999999
prefill,4,131,107,0,96,0,0.999999999999999
prefill,4,132,108,0,96,0,0.999999999999999
prefill,4,133,109,0,96,0,0.999999999999999
prefill,4,134,111,0,96,0,0.999999999999999
prefill,4,135,112,0,96,0,0.999999999999999
prefill,4,136,115,0,96,0,0.999999999999999
prefill,4,137,116,0,96,0,0.999999999999999
prefill,4,138,117,0,96,0,0.999999999999999
prefill,4,139,118,0,96,0,0.999999999999999
prefill,4,140,119,0,96,0,0.999999999999999
prefill,4,141,120,0,96,0,0.999999999999999
prefill,4,142,121,0,96,0,0.999999999999999
prefill,4,143,122,0,96,0,0.999999999999999
prefill,4,144,123,0,96,0,0.999999999999999
prefill,4,145,124,0,96,0,0.999999999999999
prefill,4,146,125,0,96,0,0.999999999999999
prefill,4,147,126,0,96,0,0.999999999999999
prefill,4,148,127,0,96,0,0.999999999999999
prefill,4,149,128,0,96,0,0.999999999999999
prefill,4,150,129,0,96,0,0.999999999999999
prefill,4,151,130,0,96,0,0.999999999999999
prefill,4,152,131,0,96,0,0.999999999999999
prefill,4,153,132,0,96,0,0.999999999999999
prefill,4,154,133,0,96,0,0.999999999999999
prefill,4,155,134,0,96,0,0.999999999999999
prefill,4,156,135,0,96,0,0.999999999999999
prefill,4,157,136,0,96,0,0.999999999999999
prefill,4,158,139,0,96,0,0.999999999999999
prefill,4,159,140,0,96,0,0.999999999999999
prefill,4,160,141,0,96,0,0.999999999999999
prefill,4,161,142,0,96,0,0.999999999999999
prefill,4,162,143,0,96,0,0.999999999999999
prefill,4,163,144,0,96,0,0.999999999999999
prefill,4,164,145,0,96,0,0.999999999999999
prefill,4,165,147,0,96,0,0.999999999999999
prefill,4,166,148,0,96,0,0.999999999999999
prefill,4,167,149,0,96,0,0.999999999999999
prefill,4,168,150,0,96,0,0.999999999999999
prefill,4,169,152,0,96,0,0.999999999999999
prefill,4,170,153,0,96,0,0.999999999999999
prefill,4,171,154,0,96,0,0.999999999999999
prefill,4,172,155,0,96,0,0.999999999999999
prefill,4,173,156,0,96,0,0.999999999999999
prefill,4,174,157,0,96,0,0.999999999999999
prefill,4,175,158,0,96,0,0.999999999999999
prefill,4,176,159,0,96,0,0.999999999999999
prefill,4,177,160,0,96,0,0.999999999999999
prefill,4,178,161,0,96,0,0.999999999999999
prefill,4,179,162,0,96,0,0.999999999999999
prefill,4,180,163,0,96,0,0.999999999999999
prefill,4,181,164,0,96,0,0.999999999999999
prefill,4,182,165,0,96,0,0.999999999999999
prefill,4,183,166,0,96,0,0.999999999999999
prefill,4,184,167,0,96,0,0.999999999999999
prefill,4,185,168,0,96,0,0.999999999999999
prefill,4,186,169,0,96,0,0.999999999999999
prefill,4,187,171,0,96,0,0.999999999999999
prefill,4,188,172,0,96,0,0.999999999999999
prefill,4,189,173,0,96,0,0.999999999999999
prefill,4,190,174,0,96,0,0.999999999999999
prefill,4,191,175,0,96,0,0.999999999999999
prefill,4,192,176,0,96,0,0.999999999999999
prefill,4,193,177,0,96,0,0.999999999999999
prefill,4,194,178,0,96,0,0.999999999999999
prefill,4,195,179,0,96,0,0.999999999999999
prefill,4,196,181,0,96,0,0.999999999999999
prefill,4,197,182,0,96,0,0.999999999999999
prefill,4,198,183,0,96,0,0.999999999999999
prefill,4,199,184,0,96,0,0.999999999999999
prefill,4,200,185,0,96,0,0.999999999999999
prefill,4,201,186,0,96,0,0.999999999999999
prefill,4,202,187,0,96,0,0.999999999999999
prefill,4,203,188,0,96,0,0.999999999999999
prefill,4,204,189,0,96,0,0.999999999999999
prefill,4,205,190,0,96,0,0.999999999999999
prefill,4,206,191,0,96,0,0.999999999999999
prefill,4,207,192,0,96,0,0.999999999999999
prefill,4,208,193,0,96,0,0.999999999999999
prefill,4,209,194,0,96,0,0.999999999999999
prefill,4,210,196,0,96,0,0.999999999999999
prefill,4,211,197,0,96,0,0.999999999999999
prefill,4,212,199,0,96,0,0.999999999999999
prefill,4,213,201,0,96,0,0.999999999999999
prefill,4,214,202,0,96,0,0.999999999999999
prefill,4,215,203,0,96,0,0.999999999999999
prefill,4,216,204,0,96,0,0.999999999999999
prefill,4,217,205,0,96,0,0.999999999999999
prefill,4,218,207,0,96,0,0.999999999999999
prefill,4,219,208,0,96,0,0.999999999999999
prefill,4,220,209,0,96,0,0.999999999999999
prefill,4,221,210,0,96,0,0.999999999999999
prefill,4,222,211,0,96,0,0.999999999999999
prefill,4,223,212,0,96,0,0.999999999999999
prefill,4,224,213,0,96,0,0.999999999999999
prefill,4,225,214,0,96,0,0.999999999999999
prefill,4,226,215,0,96,0,0.999999999999999
prefill,4,227,216,0,96,0,0.999999999999999
prefill,4,228,217,0,96,0,0.999999999999999
prefill,4,229,218,0,96,0,0.999999999999999
prefill,4,230,219,0,96,0,0.999999999999999
prefill,4,231,220,0,96,0,0.999999999999999
prefill,4,232,221,0,96,0,0.999999999999999
prefill,4,233,222,0,96,0,0.999999999999999
prefill,4,234,223,0,96,0,0.999999999999999
prefill,4,235,225,0,96,0,0.999999999999999
prefill,4,236,226,0,96,0,0.999999999999999
prefill,4,237,228,0,96,0,0.999999999999999
prefill,4,238,229,0,96,0,0.999999999999999
prefill,4,239,233,0,96,0,0.999999999999999
prefill,4,240,234,0,96,0,0.999999999999999
prefill,4,241,235,0,96,0,0.999999999999999
prefill,4,242,236,0,96,0,0.999999999999999
prefill,4,243,239,0,96,0,0.999999999999999
prefill,4,244,240,0,96,0,0.999999999999999
prefill,4,245,241,0,96,0,0.999999999999999
prefill,4,246,242,0,96,0,0.999999999999999
prefill,4,247,243,0,96,0,0.999999999999999
prefill,4,248,244,0,96,0,0.999999999999999
prefill,4,249,245,0,96,0,0.999999999999999
prefill,4,250,246,0,96,0,0.999999999999999
prefill,4,251,247,0,96,0,0.999999999999999
prefill,4,252,249,0,96,0,0.999999999999999
prefill,4,253,250,0,96,0,0.999999999999999
prefill,4,254,251,0,96,0,0.999999999999999
prefill,4,255,252,0,96,0,0.999999999999999
prefill,4,256,253,0,96,0,0.999999999999999
prefill,5,1,23,13,96,0.135416666666667,0.135416666666667
prefill,5,2,133,12,96,0.125,0.260416666666667
prefill,5,3,63,10,96,0.104166666666667,0.364583333333333
prefill,5,4,128,10,96,0.104166666666667,0.46875
prefill,5,5,172,6,96,0.0625,0.53125
prefill,5,6,210,5,96,0.0520833333333333,0.583333333333333
prefill,5,7,209,4,96,0.0416666666666667,0.625
prefill,5,8,11,2,96,0.0208333333333333,0.645833333333333
prefill,5,9,21,2,96,0.0208333333333333,0.666666666666667
prefill,5,10,35,2,96,0.0208333333333333,0.6875
prefill,5,11,47,2,96,0.0208333333333333,0.708333333333333
prefill,5,12,84,2,96,0.0208333333333333,0.729166666666667
prefill,5,13,96,2,96,0.0208333333333333,0.75
prefill,5,14,146,2,96,0.0208333333333333,0.770833333333334
prefill,5,15,194,2,96,0.0208333333333333,0.791666666666667
prefill,5,16,214,2,96,0.0208333333333333,0.8125
prefill,5,17,252,2,96,0.0208333333333333,0.833333333333334
prefill,5,18,17,1,96,0.0104166666666667,0.84375
prefill,5,19,25,1,96,0.0104166666666667,0.854166666666667
prefill,5,20,45,1,96,0.0104166666666667,0.864583333333334
prefill,5,21,50,1,96,0.0104166666666667,0.875
prefill,5,22,99,1,96,0.0104166666666667,0.885416666666667
prefill,5,23,115,1,96,0.0104166666666667,0.895833333333333
prefill,5,24,118,1,96,0.0104166666666667,0.90625
prefill,5,25,150,1,96,0.0104166666666667,0.916666666666667
prefill,5,26,156,1,96,0.0104166666666667,0.927083333333333
prefill,5,27,159,1,96,0.0104166666666667,0.9375
prefill,5,28,175,1,96,0.0104166666666667,0.947916666666667
prefill,5,29,180,1,96,0.0104166666666667,0.958333333333333
prefill,5,30,220,1,96,0.0104166666666667,0.96875
prefill,5,31,221,1,96,0.0104166666666667,0.979166666666667
prefill,5,32,242,1,96,0.0104166666666667,0.989583333333333
prefill,5,33,244,1,96,0.0104166666666667,1
prefill,5,34,0,0,96,0,1
prefill,5,35,1,0,96,0,1
prefill,5,36,2,0,96,0,1
prefill,5,37,3,0,96,0,1
prefill,5,38,4,0,96,0,1
prefill,5,39,5,0,96,0,1
prefill,5,40,6,0,96,0,1
prefill,5,41,7,0,96,0,1
prefill,5,42,8,0,96,0,1
prefill,5,43,9,0,96,0,1
prefill,5,44,10,0,96,0,1
prefill,5,45,12,0,96,0,1
prefill,5,46,13,0,96,0,1
prefill,5,47,14,0,96,0,1
prefill,5,48,15,0,96,0,1
prefill,5,49,16,0,96,0,1
prefill,5,50,18,0,96,0,1
prefill,5,51,19,0,96,0,1
prefill,5,52,20,0,96,0,1
prefill,5,53,22,0,96,0,1
prefill,5,54,24,0,96,0,1
prefill,5,55,26,0,96,0,1
prefill,5,56,27,0,96,0,1
prefill,5,57,28,0,96,0,1
prefill,5,58,29,0,96,0,1
prefill,5,59,30,0,96,0,1
prefill,5,60,31,0,96,0,1
prefill,5,61,32,0,96,0,1
prefill,5,62,33,0,96,0,1
prefill,5,63,34,0,96,0,1
prefill,5,64,36,0,96,0,1
prefill,5,65,37,0,96,0,1
prefill,5,66,38,0,96,0,1
prefill,5,67,39,0,96,0,1
prefill,5,68,40,0,96,0,1
prefill,5,69,41,0,96,0,1
prefill,5,70,42,0,96,0,1
prefill,5,71,43,0,96,0,1
prefill,5,72,44,0,96,0,1
prefill,5,73,46,0,96,0,1
prefill,5,74,48,0,96,0,1
prefill,5,75,49,0,96,0,1
prefill,5,76,51,0,96,0,1
prefill,5,77,52,0,96,0,1
prefill,5,78,53,0,96,0,1
prefill,5,79,54,0,96,0,1
prefill,5,80,55,0,96,0,1
prefill,5,81,56,0,96,0,1
prefill,5,82,57,0,96,0,1
prefill,5,83,58,0,96,0,1
prefill,5,84,59,0,96,0,1
prefill,5,85,60,0,96,0,1
prefill,5,86,61,0,96,0,1
prefill,5,87,62,0,96,0,1
prefill,5,88,64,0,96,0,1
prefill,5,89,65,0,96,0,1
prefill,5,90,66,0,96,0,1
prefill,5,91,67,0,96,0,1
prefill,5,92,68,0,96,0,1
prefill,5,93,69,0,96,0,1
prefill,5,94,70,0,96,0,1
prefill,5,95,71,0,96,0,1
prefill,5,96,72,0,96,0,1
prefill,5,97,73,0,96,0,1
prefill,5,98,74,0,96,0,1
prefill,5,99,75,0,96,0,1
prefill,5,100,76,0,96,0,1
prefill,5,101,77,0,96,0,1
prefill,5,102,78,0,96,0,1
prefill,5,103,79,0,96,0,1
prefill,5,104,80,0,96,0,1
prefill,5,105,81,0,96,0,1
prefill,5,106,82,0,96,0,1
prefill,5,107,83,0,96,0,1
prefill,5,108,85,0,96,0,1
prefill,5,109,86,0,96,0,1
prefill,5,110,87,0,96,0,1
prefill,5,111,88,0,96,0,1
prefill,5,112,89,0,96,0,1
prefill,5,113,90,0,96,0,1
prefill,5,114,91,0,96,0,1
prefill,5,115,92,0,96,0,1
prefill,5,116,93,0,96,0,1
prefill,5,117,94,0,96,0,1
prefill,5,118,95,0,96,0,1
prefill,5,119,97,0,96,0,1
prefill,5,120,98,0,96,0,1
prefill,5,121,100,0,96,0,1
prefill,5,122,101,0,96,0,1
prefill,5,123,102,0,96,0,1
prefill,5,124,103,0,96,0,1
prefill,5,125,104,0,96,0,1
prefill,5,126,105,0,96,0,1
prefill,5,127,106,0,96,0,1
prefill,5,128,107,0,96,0,1
prefill,5,129,108,0,96,0,1
prefill,5,130,109,0,96,0,1
prefill,5,131,110,0,96,0,1
prefill,5,132,111,0,96,0,1
prefill,5,133,112,0,96,0,1
prefill,5,134,113,0,96,0,1
prefill,5,135,114,0,96,0,1
prefill,5,136,116,0,96,0,1
prefill,5,137,117,0,96,0,1
prefill,5,138,119,0,96,0,1
prefill,5,139,120,0,96,0,1
prefill,5,140,121,0,96,0,1
prefill,5,141,122,0,96,0,1
prefill,5,142,123,0,96,0,1
prefill,5,143,124,0,96,0,1
prefill,5,144,125,0,96,0,1
prefill,5,145,126,0,96,0,1
prefill,5,146,127,0,96,0,1
prefill,5,147,129,0,96,0,1
prefill,5,148,130,0,96,0,1
prefill,5,149,131,0,96,0,1
prefill,5,150,132,0,96,0,1
prefill,5,151,134,0,96,0,1
prefill,5,152,135,0,96,0,1
prefill,5,153,136,0,96,0,1
prefill,5,154,137,0,96,0,1
prefill,5,155,138,0,96,0,1
prefill,5,156,139,0,96,0,1
prefill,5,157,140,0,96,0,1
prefill,5,158,141,0,96,0,1
prefill,5,159,142,0,96,0,1
prefill,5,160,143,0,96,0,1
prefill,5,161,144,0,96,0,1
prefill,5,162,145,0,96,0,1
prefill,5,163,147,0,96,0,1
prefill,5,164,148,0,96,0,1
prefill,5,165,149,0,96,0,1
prefill,5,166,151,0,96,0,1
prefill,5,167,152,0,96,0,1
prefill,5,168,153,0,96,0,1
prefill,5,169,154,0,96,0,1
prefill,5,170,155,0,96,0,1
prefill,5,171,157,0,96,0,1
prefill,5,172,158,0,96,0,1
prefill,5,173,160,0,96,0,1
prefill,5,174,161,0,96,0,1
prefill,5,175,162,0,96,0,1
prefill,5,176,163,0,96,0,1
prefill,5,177,164,0,96,0,1
prefill,5,178,165,0,96,0,1
prefill,5,179,166,0,96,0,1
prefill,5,180,167,0,96,0,1
prefill,5,181,168,0,96,0,1
prefill,5,182,169,0,96,0,1
prefill,5,183,170,0,96,0,1
prefill,5,184,171,0,96,0,1
prefill,5,185,173,0,96,0,1
prefill,5,186,174,0,96,0,1
prefill,5,187,176,0,96,0,1
prefill,5,188,177,0,96,0,1
prefill,5,189,178,0,96,0,1
prefill,5,190,179,0,96,0,1
prefill,5,191,181,0,96,0,1
prefill,5,192,182,0,96,0,1
prefill,5,193,183,0,96,0,1
prefill,5,194,184,0,96,0,1
prefill,5,195,185,0,96,0,1
prefill,5,196,186,0,96,0,1
prefill,5,197,187,0,96,0,1
prefill,5,198,188,0,96,0,1
prefill,5,199,189,0,96,0,1
prefill,5,200,190,0,96,0,1
prefill,5,201,191,0,96,0,1
prefill,5,202,192,0,96,0,1
prefill,5,203,193,0,96,0,1
prefill,5,204,195,0,96,0,1
prefill,5,205,196,0,96,0,1
prefill,5,206,197,0,96,0,1
prefill,5,207,198,0,96,0,1
prefill,5,208,199,0,96,0,1
prefill,5,209,200,0,96,0,1
prefill,5,210,201,0,96,0,1
prefill,5,211,202,0,96,0,1
prefill,5,212,203,0,96,0,1
prefill,5,213,204,0,96,0,1
prefill,5,214,205,0,96,0,1
prefill,5,215,206,0,96,0,1
prefill,5,216,207,0,96,0,1
prefill,5,217,208,0,96,0,1
prefill,5,218,211,0,96,0,1
prefill,5,219,212,0,96,0,1
prefill,5,220,213,0,96,0,1
prefill,5,221,215,0,96,0,1
prefill,5,222,216,0,96,0,1
prefill,5,223,217,0,96,0,1
prefill,5,224,218,0,96,0,1
prefill,5,225,219,0,96,0,1
prefill,5,226,222,0,96,0,1
prefill,5,227,223,0,96,0,1
prefill,5,228,224,0,96,0,1
prefill,5,229,225,0,96,0,1
prefill,5,230,226,0,96,0,1
prefill,5,231,227,0,96,0,1
prefill,5,232,228,0,96,0,1
prefill,5,233,229,0,96,0,1
prefill,5,234,230,0,96,0,1
prefill,5,235,231,0,96,0,1
prefill,5,236,232,0,96,0,1
prefill,5,237,233,0,96,0,1
prefill,5,238,234,0,96,0,1
prefill,5,239,235,0,96,0,1
prefill,5,240,236,0,96,0,1
prefill,5,241,237,0,96,0,1
prefill,5,242,238,0,96,0,1
prefill,5,243,239,0,96,0,1
prefill,5,244,240,0,96,0,1
prefill,5,245,241,0,96,0,1
prefill,5,246,243,0,96,0,1
prefill,5,247,245,0,96,0,1
prefill,5,248,246,0,96,0,1
prefill,5,249,247,0,96,0,1
prefill,5,250,248,0,96,0,1
prefill,5,251,249,0,96,0,1
prefill,5,252,250,0,96,0,1
prefill,5,253,251,0,96,0,1
prefill,5,254,253,0,96,0,1
prefill,5,255,254,0,96,0,1
prefill,5,256,255,0,96,0,1
prefill,6,1,228,11,96,0.114583333333333,0.114583333333333
prefill,6,2,68,10,96,0.104166666666667,0.21875
prefill,6,3,76,10,96,0.104166666666667,0.322916666666667
prefill,6,4,8,8,96,0.0833333333333333,0.40625
prefill,6,5,1,5,96,0.0520833333333333,0.458333333333333
prefill,6,6,156,5,96,0.0520833333333333,0.510416666666667
prefill,6,7,87,3,96,0.03125,0.541666666666667
prefill,6,8,77,2,96,0.0208333333333333,0.5625
prefill,6,9,88,2,96,0.0208333333333333,0.583333333333333
prefill,6,10,115,2,96,0.0208333333333333,0.604166666666667
prefill,6,11,161,2,96,0.0208333333333333,0.625
prefill,6,12,181,2,96,0.0208333333333333,0.645833333333333
prefill,6,13,194,2,96,0.0208333333333333,0.666666666666667
prefill,6,14,214,2,96,0.0208333333333333,0.6875
prefill,6,15,3,1,96,0.0104166666666667,0.697916666666667
prefill,6,16,4,1,96,0.0104166666666667,0.708333333333333
prefill,6,17,16,1,96,0.0104166666666667,0.71875
prefill,6,18,20,1,96,0.0104166666666667,0.729166666666667
prefill,6,19,22,1,96,0.0104166666666667,0.739583333333333
prefill,6,20,27,1,96,0.0104166666666667,0.75
prefill,6,21,29,1,96,0.0104166666666667,0.760416666666667
prefill,6,22,49,1,96,0.0104166666666667,0.770833333333333
prefill,6,23,53,1,96,0.0104166666666667,0.78125
prefill,6,24,54,1,96,0.0104166666666667,0.791666666666667
prefill,6,25,56,1,96,0.0104166666666667,0.802083333333333
prefill,6,26,70,1,96,0.0104166666666667,0.8125
prefill,6,27,93,1,96,0.0104166666666667,0.822916666666666
prefill,6,28,95,1,96,0.0104166666666667,0.833333333333333
prefill,6,29,101,1,96,0.0104166666666667,0.84375
prefill,6,30,109,1,96,0.0104166666666667,0.854166666666666
prefill,6,31,113,1,96,0.0104166666666667,0.864583333333333
prefill,6,32,120,1,96,0.0104166666666667,0.875
prefill,6,33,128,1,96,0.0104166666666667,0.885416666666666
prefill,6,34,136,1,96,0.0104166666666667,0.895833333333333
prefill,6,35,154,1,96,0.0104166666666667,0.906249999999999
prefill,6,36,178,1,96,0.0104166666666667,0.916666666666666
prefill,6,37,187,1,96,0.0104166666666667,0.927083333333333
prefill,6,38,189,1,96,0.0104166666666667,0.937499999999999
prefill,6,39,195,1,96,0.0104166666666667,0.947916666666666
prefill,6,40,207,1,96,0.0104166666666667,0.958333333333333
prefill,6,41,232,1,96,0.0104166666666667,0.968749999999999
prefill,6,42,242,1,96,0.0104166666666667,0.979166666666666
prefill,6,43,250,1,96,0.0104166666666667,0.989583333333332
prefill,6,44,255,1,96,0.0104166666666667,0.999999999999999
prefill,6,45,0,0,96,0,0.999999999999999
prefill,6,46,2,0,96,0,0.999999999999999
prefill,6,47,5,0,96,0,0.999999999999999
prefill,6,48,6,0,96,0,0.999999999999999
prefill,6,49,7,0,96,0,0.999999999999999
prefill,6,50,9,0,96,0,0.999999999999999
prefill,6,51,10,0,96,0,0.999999999999999
prefill,6,52,11,0,96,0,0.999999999999999
prefill,6,53,12,0,96,0,0.999999999999999
prefill,6,54,13,0,96,0,0.999999999999999
prefill,6,55,14,0,96,0,0.999999999999999
prefill,6,56,15,0,96,0,0.999999999999999
prefill,6,57,17,0,96,0,0.999999999999999
prefill,6,58,18,0,96,0,0.999999999999999
prefill,6,59,19,0,96,0,0.999999999999999
prefill,6,60,21,0,96,0,0.999999999999999
prefill,6,61,23,0,96,0,0.999999999999999
prefill,6,62,24,0,96,0,0.999999999999999
prefill,6,63,25,0,96,0,0.999999999999999
prefill,6,64,26,0,96,0,0.999999999999999
prefill,6,65,28,0,96,0,0.999999999999999
prefill,6,66,30,0,96,0,0.999999999999999
prefill,6,67,31,0,96,0,0.999999999999999
prefill,6,68,32,0,96,0,0.999999999999999
prefill,6,69,33,0,96,0,0.999999999999999
prefill,6,70,34,0,96,0,0.999999999999999
prefill,6,71,35,0,96,0,0.999999999999999
prefill,6,72,36,0,96,0,0.999999999999999
prefill,6,73,37,0,96,0,0.999999999999999
prefill,6,74,38,0,96,0,0.999999999999999
prefill,6,75,39,0,96,0,0.999999999999999
prefill,6,76,40,0,96,0,0.999999999999999
prefill,6,77,41,0,96,0,0.999999999999999
prefill,6,78,42,0,96,0,0.999999999999999
prefill,6,79,43,0,96,0,0.999999999999999
prefill,6,80,44,0,96,0,0.999999999999999
prefill,6,81,45,0,96,0,0.999999999999999
prefill,6,82,46,0,96,0,0.999999999999999
prefill,6,83,47,0,96,0,0.999999999999999
prefill,6,84,48,0,96,0,0.999999999999999
prefill,6,85,50,0,96,0,0.999999999999999
prefill,6,86,51,0,96,0,0.999999999999999
prefill,6,87,52,0,96,0,0.999999999999999
prefill,6,88,55,0,96,0,0.999999999999999
prefill,6,89,57,0,96,0,0.999999999999999
prefill,6,90,58,0,96,0,0.999999999999999
prefill,6,91,59,0,96,0,0.999999999999999
prefill,6,92,60,0,96,0,0.999999999999999
prefill,6,93,61,0,96,0,0.999999999999999
prefill,6,94,62,0,96,0,0.999999999999999
prefill,6,95,63,0,96,0,0.999999999999999
prefill,6,96,64,0,96,0,0.999999999999999
prefill,6,97,65,0,96,0,0.999999999999999
prefill,6,98,66,0,96,0,0.999999999999999
prefill,6,99,67,0,96,0,0.999999999999999
prefill,6,100,69,0,96,0,0.999999999999999
prefill,6,101,71,0,96,0,0.999999999999999
prefill,6,102,72,0,96,0,0.999999999999999
prefill,6,103,73,0,96,0,0.999999999999999
prefill,6,104,74,0,96,0,0.999999999999999
prefill,6,105,75,0,96,0,0.999999999999999
prefill,6,106,78,0,96,0,0.999999999999999
prefill,6,107,79,0,96,0,0.999999999999999
prefill,6,108,80,0,96,0,0.999999999999999
prefill,6,109,81,0,96,0,0.999999999999999
prefill,6,110,82,0,96,0,0.999999999999999
prefill,6,111,83,0,96,0,0.999999999999999
prefill,6,112,84,0,96,0,0.999999999999999
prefill,6,113,85,0,96,0,0.999999999999999
prefill,6,114,86,0,96,0,0.999999999999999
prefill,6,115,89,0,96,0,0.999999999999999
prefill,6,116,90,0,96,0,0.999999999999999
prefill,6,117,91,0,96,0,0.999999999999999
prefill,6,118,92,0,96,0,0.999999999999999
prefill,6,119,94,0,96,0,0.999999999999999
prefill,6,120,96,0,96,0,0.999999999999999
prefill,6,121,97,0,96,0,0.999999999999999
prefill,6,122,98,0,96,0,0.999999999999999
prefill,6,123,99,0,96,0,0.999999999999999
prefill,6,124,100,0,96,0,0.999999999999999
prefill,6,125,102,0,96,0,0.999999999999999
prefill,6,126,103,0,96,0,0.999999999999999
prefill,6,127,104,0,96,0,0.999999999999999
prefill,6,128,105,0,96,0,0.999999999999999
prefill,6,129,106,0,96,0,0.999999999999999
prefill,6,130,107,0,96,0,0.999999999999999
prefill,6,131,108,0,96,0,0.999999999999999
prefill,6,132,110,0,96,0,0.999999999999999
prefill,6,133,111,0,96,0,0.999999999999999
prefill,6,134,112,0,96,0,0.999999999999999
prefill,6,135,114,0,96,0,0.999999999999999
prefill,6,136,116,0,96,0,0.999999999999999
prefill,6,137,117,0,96,0,0.999999999999999
prefill,6,138,118,0,96,0,0.999999999999999
prefill,6,139,119,0,96,0,0.999999999999999
prefill,6,140,121,0,96,0,0.999999999999999
prefill,6,141,122,0,96,0,0.999999999999999
prefill,6,142,123,0,96,0,0.999999999999999
prefill,6,143,124,0,96,0,0.999999999999999
prefill,6,144,125,0,96,0,0.999999999999999
prefill,6,145,126,0,96,0,0.999999999999999
prefill,6,146,127,0,96,0,0.999999999999999
prefill,6,147,129,0,96,0,0.999999999999999
prefill,6,148,130,0,96,0,0.999999999999999
prefill,6,149,131,0,96,0,0.999999999999999
prefill,6,150,132,0,96,0,0.999999999999999
prefill,6,151,133,0,96,0,0.999999999999999
prefill,6,152,134,0,96,0,0.999999999999999
prefill,6,153,135,0,96,0,0.999999999999999
prefill,6,154,137,0,96,0,0.999999999999999
prefill,6,155,138,0,96,0,0.999999999999999
prefill,6,156,139,0,96,0,0.999999999999999
prefill,6,157,140,0,96,0,0.999999999999999
prefill,6,158,141,0,96,0,0.999999999999999
prefill,6,159,142,0,96,0,0.999999999999999
prefill,6,160,143,0,96,0,0.999999999999999
prefill,6,161,144,0,96,0,0.999999999999999
prefill,6,162,145,0,96,0,0.999999999999999
prefill,6,163,146,0,96,0,0.999999999999999
prefill,6,164,147,0,96,0,0.999999999999999
prefill,6,165,148,0,96,0,0.999999999999999
prefill,6,166,149,0,96,0,0.999999999999999
prefill,6,167,150,0,96,0,0.999999999999999
prefill,6,168,151,0,96,0,0.999999999999999
prefill,6,169,152,0,96,0,0.999999999999999
prefill,6,170,153,0,96,0,0.999999999999999
prefill,6,171,155,0,96,0,0.999999999999999
prefill,6,172,157,0,96,0,0.999999999999999
prefill,6,173,158,0,96,0,0.999999999999999
prefill,6,174,159,0,96,0,0.999999999999999
prefill,6,175,160,0,96,0,0.999999999999999
prefill,6,176,162,0,96,0,0.999999999999999
prefill,6,177,163,0,96,0,0.999999999999999
prefill,6,178,164,0,96,0,0.999999999999999
prefill,6,179,165,0,96,0,0.999999999999999
prefill,6,180,166,0,96,0,0.999999999999999
prefill,6,181,167,0,96,0,0.999999999999999
prefill,6,182,168,0,96,0,0.999999999999999
prefill,6,183,169,0,96,0,0.999999999999999
prefill,6,184,170,0,96,0,0.999999999999999
prefill,6,185,171,0,96,0,0.999999999999999
prefill,6,186,172,0,96,0,0.999999999999999
prefill,6,187,173,0,96,0,0.999999999999999
prefill,6,188,174,0,96,0,0.999999999999999
prefill,6,189,175,0,96,0,0.999999999999999
prefill,6,190,176,0,96,0,0.999999999999999
prefill,6,191,177,0,96,0,0.999999999999999
prefill,6,192,179,0,96,0,0.999999999999999
prefill,6,193,180,0,96,0,0.999999999999999
prefill,6,194,182,0,96,0,0.999999999999999
prefill,6,195,183,0,96,0,0.999999999999999
prefill,6,196,184,0,96,0,0.999999999999999
prefill,6,197,185,0,96,0,0.999999999999999
prefill,6,198,186,0,96,0,0.999999999999999
prefill,6,199,188,0,96,0,0.999999999999999
prefill,6,200,190,0,96,0,0.999999999999999
prefill,6,201,191,0,96,0,0.999999999999999
prefill,6,202,192,0,96,0,0.999999999999999
prefill,6,203,193,0,96,0,0.999999999999999
prefill,6,204,196,0,96,0,0.999999999999999
prefill,6,205,197,0,96,0,0.999999999999999
prefill,6,206,198,0,96,0,0.999999999999999
prefill,6,207,199,0,96,0,0.999999999999999
prefill,6,208,200,0,96,0,0.999999999999999
prefill,6,209,201,0,96,0,0.999999999999999
prefill,6,210,202,0,96,0,0.999999999999999
prefill,6,211,203,0,96,0,0.999999999999999
prefill,6,212,204,0,96,0,0.999999999999999
prefill,6,213,205,0,96,0,0.999999999999999
prefill,6,214,206,0,96,0,0.999999999999999
prefill,6,215,208,0,96,0,0.999999999999999
prefill,6,216,209,0,96,0,0.999999999999999
prefill,6,217,210,0,96,0,0.999999999999999
prefill,6,218,211,0,96,0,0.999999999999999
prefill,6,219,212,0,96,0,0.999999999999999
prefill,6,220,213,0,96,0,0.999999999999999
prefill,6,221,215,0,96,0,0.999999999999999
prefill,6,222,216,0,96,0,0.999999999999999
prefill,6,223,217,0,96,0,0.999999999999999
prefill,6,224,218,0,96,0,0.999999999999999
prefill,6,225,219,0,96,0,0.999999999999999
prefill,6,226,220,0,96,0,0.999999999999999
prefill,6,227,221,0,96,0,0.999999999999999
prefill,6,228,222,0,96,0,0.999999999999999
prefill,6,229,223,0,96,0,0.999999999999999
prefill,6,230,224,0,96,0,0.999999999999999
prefill,6,231,225,0,96,0,0.999999999999999
prefill,6,232,226,0,96,0,0.999999999999999
prefill,6,233,227,0,96,0,0.999999999999999
prefill,6,234,229,0,96,0,0.999999999999999
prefill,6,235,230,0,96,0,0.999999999999999
prefill,6,236,231,0,96,0,0.999999999999999
prefill,6,237,233,0,96,0,0.999999999999999
prefill,6,238,234,0,96,0,0.999999999999999
prefill,6,239,235,0,96,0,0.999999999999999
prefill,6,240,236,0,96,0,0.999999999999999
prefill,6,241,237,0,96,0,0.999999999999999
prefill,6,242,238,0,96,0,0.999999999999999
prefill,6,243,239,0,96,0,0.999999999999999
prefill,6,244,240,0,96,0,0.999999999999999
prefill,6,245,241,0,96,0,0.999999999999999
prefill,6,246,243,0,96,0,0.999999999999999
prefill,6,247,244,0,96,0,0.999999999999999
prefill,6,248,245,0,96,0,0.999999999999999
prefill,6,249,246,0,96,0,0.999999999999999
prefill,6,250,247,0,96,0,0.999999999999999
prefill,6,251,248,0,96,0,0.999999999999999
prefill,6,252,249,0,96,0,0.999999999999999
prefill,6,253,251,0,96,0,0.999999999999999
prefill,6,254,252,0,96,0,0.999999999999999
prefill,6,255,253,0,96,0,0.999999999999999
prefill,6,256,254,0,96,0,0.999999999999999
prefill,7,1,232,14,96,0.145833333333333,0.145833333333333
prefill,7,2,145,5,96,0.0520833333333333,0.197916666666667
prefill,7,3,0,4,96,0.0416666666666667,0.239583333333333
prefill,7,4,66,4,96,0.0416666666666667,0.28125
prefill,7,5,124,4,96,0.0416666666666667,0.322916666666667
prefill,7,6,141,4,96,0.0416666666666667,0.364583333333333
prefill,7,7,220,4,96,0.0416666666666667,0.40625
prefill,7,8,205,3,96,0.03125,0.4375
prefill,7,9,22,2,96,0.0208333333333333,0.458333333333333
prefill,7,10,24,2,96,0.0208333333333333,0.479166666666667
prefill,7,11,80,2,96,0.0208333333333333,0.5
prefill,7,12,110,2,96,0.0208333333333333,0.520833333333333
prefill,7,13,122,2,96,0.0208333333333333,0.541666666666667
prefill,7,14,170,2,96,0.0208333333333333,0.5625
prefill,7,15,180,2,96,0.0208333333333333,0.583333333333333
prefill,7,16,184,2,96,0.0208333333333333,0.604166666666667
prefill,7,17,238,2,96,0.0208333333333333,0.625
prefill,7,18,8,1,96,0.0104166666666667,0.635416666666667
prefill,7,19,15,1,96,0.0104166666666667,0.645833333333333
prefill,7,20,23,1,96,0.0104166666666667,0.65625
prefill,7,21,28,1,96,0.0104166666666667,0.666666666666667
prefill,7,22,33,1,96,0.0104166666666667,0.677083333333333
prefill,7,23,35,1,96,0.0104166666666667,0.6875
prefill,7,24,56,1,96,0.0104166666666667,0.697916666666667
prefill,7,25,70,1,96,0.0104166666666667,0.708333333333333
prefill,7,26,100,1,96,0.0104166666666667,0.71875
prefill,7,27,103,1,96,0.0104166666666667,0.729166666666667
prefill,7,28,127,1,96,0.0104166666666667,0.739583333333333
prefill,7,29,140,1,96,0.0104166666666667,0.75
prefill,7,30,146,1,96,0.0104166666666667,0.760416666666666
prefill,7,31,151,1,96,0.0104166666666667,0.770833333333333
prefill,7,32,153,1,96,0.0104166666666667,0.78125
prefill,7,33,154,1,96,0.0104166666666667,0.791666666666666
prefill,7,34,159,1,96,0.0104166666666667,0.802083333333333
prefill,7,35,168,1,96,0.0104166666666667,0.8125
prefill,7,36,172,1,96,0.0104166666666667,0.822916666666666
prefill,7,37,175,1,96,0.0104166666666667,0.833333333333333
prefill,7,38,181,1,96,0.0104166666666667,0.843749999999999
prefill,7,39,182,1,96,0.0104166666666667,0.854166666666666
prefill,7,40,192,1,96,0.0104166666666667,0.864583333333333
prefill,7,41,194,1,96,0.0104166666666667,0.874999999999999
prefill,7,42,200,1,96,0.0104166666666667,0.885416666666666
prefill,7,43,204,1,96,0.0104166666666667,0.895833333333333
prefill,7,44,206,1,96,0.0104166666666667,0.906249999999999
prefill,7,45,207,1,96,0.0104166666666667,0.916666666666666
prefill,7,46,210,1,96,0.0104166666666667,0.927083333333332
prefill,7,47,215,1,96,0.0104166666666667,0.937499999999999
prefill,7,48,226,1,96,0.0104166666666667,0.947916666666666
prefill,7,49,243,1,96,0.0104166666666667,0.958333333333332
prefill,7,50,245,1,96,0.0104166666666667,0.968749999999999
prefill,7,51,248,1,96,0.0104166666666667,0.979166666666666
prefill,7,52,251,1,96,0.0104166666666667,0.989583333333332
prefill,7,53,255,1,96,0.0104166666666667,0.999999999999999
prefill,7,54,1,0,96,0,0.999999999999999
prefill,7,55,2,0,96,0,0.999999999999999
prefill,7,56,3,0,96,0,0.999999999999999
prefill,7,57,4,0,96,0,0.999999999999999
prefill,7,58,5,0,96,0,0.999999999999999
prefill,7,59,6,0,96,0,0.999999999999999
prefill,7,60,7,0,96,0,0.999999999999999
prefill,7,61,9,0,96,0,0.999999999999999
prefill,7,62,10,0,96,0,0.999999999999999
prefill,7,63,11,0,96,0,0.999999999999999
prefill,7,64,12,0,96,0,0.999999999999999
prefill,7,65,13,0,96,0,0.999999999999999
prefill,7,66,14,0,96,0,0.999999999999999
prefill,7,67,16,0,96,0,0.999999999999999
prefill,7,68,17,0,96,0,0.999999999999999
prefill,7,69,18,0,96,0,0.999999999999999
prefill,7,70,19,0,96,0,0.999999999999999
prefill,7,71,20,0,96,0,0.999999999999999
prefill,7,72,21,0,96,0,0.999999999999999
prefill,7,73,25,0,96,0,0.999999999999999
prefill,7,74,26,0,96,0,0.999999999999999
prefill,7,75,27,0,96,0,0.999999999999999
prefill,7,76,29,0,96,0,0.999999999999999
prefill,7,77,30,0,96,0,0.999999999999999
prefill,7,78,31,0,96,0,0.999999999999999
prefill,7,79,32,0,96,0,0.999999999999999
prefill,7,80,34,0,96,0,0.999999999999999
prefill,7,81,36,0,96,0,0.999999999999999
prefill,7,82,37,0,96,0,0.999999999999999
prefill,7,83,38,0,96,0,0.999999999999999
prefill,7,84,39,0,96,0,0.999999999999999
prefill,7,85,40,0,96,0,0.999999999999999
prefill,7,86,41,0,96,0,0.999999999999999
prefill,7,87,42,0,96,0,0.999999999999999
prefill,7,88,43,0,96,0,0.999999999999999
prefill,7,89,44,0,96,0,0.999999999999999
prefill,7,90,45,0,96,0,0.999999999999999
prefill,7,91,46,0,96,0,0.999999999999999
prefill,7,92,47,0,96,0,0.999999999999999
prefill,7,93,48,0,96,0,0.999999999999999
prefill,7,94,49,0,96,0,0.999999999999999
prefill,7,95,50,0,96,0,0.999999999999999
prefill,7,96,51,0,96,0,0.999999999999999
prefill,7,97,52,0,96,0,0.999999999999999
prefill,7,98,53,0,96,0,0.999999999999999
prefill,7,99,54,0,96,0,0.999999999999999
prefill,7,100,55,0,96,0,0.999999999999999
prefill,7,101,57,0,96,0,0.999999999999999
prefill,7,102,58,0,96,0,0.999999999999999
prefill,7,103,59,0,96,0,0.999999999999999
prefill,7,104,60,0,96,0,0.999999999999999
prefill,7,105,61,0,96,0,0.999999999999999
prefill,7,106,62,0,96,0,0.999999999999999
prefill,7,107,63,0,96,0,0.999999999999999
prefill,7,108,64,0,96,0,0.999999999999999
prefill,7,109,65,0,96,0,0.999999999999999
prefill,7,110,67,0,96,0,0.999999999999999
prefill,7,111,68,0,96,0,0.999999999999999
prefill,7,112,69,0,96,0,0.999999999999999
prefill,7,113,71,0,96,0,0.999999999999999
prefill,7,114,72,0,96,0,0.999999999999999
prefill,7,115,73,0,96,0,0.999999999999999
prefill,7,116,74,0,96,0,0.999999999999999
prefill,7,117,75,0,96,0,0.999999999999999
prefill,7,118,76,0,96,0,0.999999999999999
prefill,7,119,77,0,96,0,0.999999999999999
prefill,7,120,78,0,96,0,0.999999999999999
prefill,7,121,79,0,96,0,0.999999999999999
prefill,7,122,81,0,96,0,0.999999999999999
prefill,7,123,82,0,96,0,0.999999999999999
prefill,7,124,83,0,96,0,0.999999999999999
prefill,7,125,84,0,96,0,0.999999999999999
prefill,7,126,85,0,96,0,0.999999999999999
prefill,7,127,86,0,96,0,0.999999999999999
prefill,7,128,87,0,96,0,0.999999999999999
prefill,7,129,88,0,96,0,0.999999999999999
prefill,7,130,89,0,96,0,0.999999999999999
prefill,7,131,90,0,96,0,0.999999999999999
prefill,7,132,91,0,96,0,0.999999999999999
prefill,7,133,92,0,96,0,0.999999999999999
prefill,7,134,93,0,96,0,0.999999999999999
prefill,7,135,94,0,96,0,0.999999999999999
prefill,7,136,95,0,96,0,0.999999999999999
prefill,7,137,96,0,96,0,0.999999999999999
prefill,7,138,97,0,96,0,0.999999999999999
prefill,7,139,98,0,96,0,0.999999999999999
prefill,7,140,99,0,96,0,0.999999999999999
prefill,7,141,101,0,96,0,0.999999999999999
prefill,7,142,102,0,96,0,0.999999999999999
prefill,7,143,104,0,96,0,0.999999999999999
prefill,7,144,105,0,96,0,0.999999999999999
prefill,7,145,106,0,96,0,0.999999999999999
prefill,7,146,107,0,96,0,0.999999999999999
prefill,7,147,108,0,96,0,0.999999999999999
prefill,7,148,109,0,96,0,0.999999999999999
prefill,7,149,111,0,96,0,0.999999999999999
prefill,7,150,112,0,96,0,0.999999999999999
prefill,7,151,113,0,96,0,0.999999999999999
prefill,7,152,114,0,96,0,0.999999999999999
prefill,7,153,115,0,96,0,0.999999999999999
prefill,7,154,116,0,96,0,0.999999999999999
prefill,7,155,117,0,96,0,0.999999999999999
prefill,7,156,118,0,96,0,0.999999999999999
prefill,7,157,119,0,96,0,0.999999999999999
prefill,7,158,120,0,96,0,0.999999999999999
prefill,7,159,121,0,96,0,0.999999999999999
prefill,7,160,123,0,96,0,0.999999999999999
prefill,7,161,125,0,96,0,0.999999999999999
prefill,7,162,126,0,96,0,0.999999999999999
prefill,7,163,128,0,96,0,0.999999999999999
prefill,7,164,129,0,96,0,0.999999999999999
prefill,7,165,130,0,96,0,0.999999999999999
prefill,7,166,131,0,96,0,0.999999999999999
prefill,7,167,132,0,96,0,0.999999999999999
prefill,7,168,133,0,96,0,0.999999999999999
prefill,7,169,134,0,96,0,0.999999999999999
prefill,7,170,135,0,96,0,0.999999999999999
prefill,7,171,136,0,96,0,0.999999999999999
prefill,7,172,137,0,96,0,0.999999999999999
prefill,7,173,138,0,96,0,0.999999999999999
prefill,7,174,139,0,96,0,0.999999999999999
prefill,7,175,142,0,96,0,0.999999999999999
prefill,7,176,143,0,96,0,0.999999999999999
prefill,7,177,144,0,96,0,0.999999999999999
prefill,7,178,147,0,96,0,0.999999999999999
prefill,7,179,148,0,96,0,0.999999999999999
prefill,7,180,149,0,96,0,0.999999999999999
prefill,7,181,150,0,96,0,0.999999999999999
prefill,7,182,152,0,96,0,0.999999999999999
prefill,7,183,155,0,96,0,0.999999999999999
prefill,7,184,156,0,96,0,0.999999999999999
prefill,7,185,157,0,96,0,0.999999999999999
prefill,7,186,158,0,96,0,0.999999999999999
prefill,7,187,160,0,96,0,0.999999999999999
prefill,7,188,161,0,96,0,0.999999999999999
prefill,7,189,162,0,96,0,0.999999999999999
prefill,7,190,163,0,96,0,0.999999999999999
prefill,7,191,164,0,96,0,0.999999999999999
prefill,7,192,165,0,96,0,0.999999999999999
prefill,7,193,166,0,96,0,0.999999999999999
prefill,7,194,167,0,96,0,0.999999999999999
prefill,7,195,169,0,96,0,0.999999999999999
prefill,7,196,171,0,96,0,0.999999999999999
prefill,7,197,173,0,96,0,0.999999999999999
prefill,7,198,174,0,96,0,0.999999999999999
prefill,7,199,176,0,96,0,0.999999999999999
prefill,7,200,177,0,96,0,0.999999999999999
prefill,7,201,178,0,96,0,0.999999999999999
prefill,7,202,179,0,96,0,0.999999999999999
prefill,7,203,183,0,96,0,0.999999999999999
prefill,7,204,185,0,96,0,0.999999999999999
prefill,7,205,186,0,96,0,0.999999999999999
prefill,7,206,187,0,96,0,0.999999999999999
prefill,7,207,188,0,96,0,0.999999999999999
prefill,7,208,189,0,96,0,0.999999999999999
prefill,7,209,190,0,96,0,0.999999999999999
prefill,7,210,191,0,96,0,0.999999999999999
prefill,7,211,193,0,96,0,0.999999999999999
prefill,7,212,195,0,96,0,0.999999999999999
prefill,7,213,196,0,96,0,0.999999999999999
prefill,7,214,197,0,96,0,0.999999999999999
prefill,7,215,198,0,96,0,0.999999999999999
prefill,7,216,199,0,96,0,0.999999999999999
prefill,7,217,201,0,96,0,0.999999999999999
prefill,7,218,202,0,96,0,0.999999999999999
prefill,7,219,203,0,96,0,0.999999999999999
prefill,7,220,208,0,96,0,0.999999999999999
prefill,7,221,209,0,96,0,0.999999999999999
prefill,7,222,211,0,96,0,0.999999999999999
prefill,7,223,212,0,96,0,0.999999999999999
prefill,7,224,213,0,96,0,0.999999999999999
prefill,7,225,214,0,96,0,0.999999999999999
prefill,7,226,216,0,96,0,0.999999999999999
prefill,7,227,217,0,96,0,0.999999999999999
prefill,7,228,218,0,96,0,0.999999999999999
prefill,7,229,219,0,96,0,0.999999999999999
prefill,7,230,221,0,96,0,0.999999999999999
prefill,7,231,222,0,96,0,0.999999999999999
prefill,7,232,223,0,96,0,0.999999999999999
prefill,7,233,224,0,96,0,0.999999999999999
prefill,7,234,225,0,96,0,0.999999999999999
prefill,7,235,227,0,96,0,0.999999999999999
prefill,7,236,228,0,96,0,0.999999999999999
prefill,7,237,229,0,96,0,0.999999999999999
prefill,7,238,230,0,96,0,0.999999999999999
prefill,7,239,231,0,96,0,0.999999999999999
prefill,7,240,233,0,96,0,0.999999999999999
prefill,7,241,234,0,96,0,0.999999999999999
prefill,7,242,235,0,96,0,0.999999999999999
prefill,7,243,236,0,96,0,0.999999999999999
prefill,7,244,237,0,96,0,0.999999999999999
prefill,7,245,239,0,96,0,0.999999999999999
prefill,7,246,240,0,96,0,0.999999999999999
prefill,7,247,241,0,96,0,0.999999999999999
prefill,7,248,242,0,96,0,0.999999999999999
prefill,7,249,244,0,96,0,0.999999999999999
prefill,7,250,246,0,96,0,0.999999999999999
prefill,7,251,247,0,96,0,0.999999999999999
prefill,7,252,249,0,96,0,0.999999999999999
prefill,7,253,250,0,96,0,0.999999999999999
prefill,7,254,252,0,96,0,0.999999999999999
prefill,7,255,253,0,96,0,0.999999999999999
prefill,7,256,254,0,96,0,0.999999999999999
prefill,8,1,120,14,96,0.145833333333333,0.145833333333333
prefill,8,2,77,10,96,0.104166666666667,0.25
prefill,8,3,53,9,96,0.09375,0.34375
prefill,8,4,31,6,96,0.0625,0.40625
prefill,8,5,208,5,96,0.0520833333333333,0.458333333333333
prefill,8,6,131,4,96,0.0416666666666667,0.5
prefill,8,7,20,3,96,0.03125,0.53125
prefill,8,8,17,2,96,0.0208333333333333,0.552083333333333
prefill,8,9,80,2,96,0.0208333333333333,0.572916666666667
prefill,8,10,88,2,96,0.0208333333333333,0.59375
prefill,8,11,110,2,96,0.0208333333333333,0.614583333333333
prefill,8,12,172,2,96,0.0208333333333333,0.635416666666667
prefill,8,13,179,2,96,0.0208333333333333,0.65625
prefill,8,14,226,2,96,0.0208333333333333,0.677083333333334
prefill,8,15,253,2,96,0.0208333333333333,0.697916666666667
prefill,8,16,255,2,96,0.0208333333333333,0.71875
prefill,8,17,1,1,96,0.0104166666666667,0.729166666666667
prefill,8,18,2,1,96,0.0104166666666667,0.739583333333334
prefill,8,19,6,1,96,0.0104166666666667,0.75
prefill,8,20,13,1,96,0.0104166666666667,0.760416666666667
prefill,8,21,34,1,96,0.0104166666666667,0.770833333333333
prefill,8,22,63,1,96,0.0104166666666667,0.78125
prefill,8,23,73,1,96,0.0104166666666667,0.791666666666667
prefill,8,24,81,1,96,0.0104166666666667,0.802083333333333
prefill,8,25,84,1,96,0.0104166666666667,0.8125
prefill,8,26,91,1,96,0.0104166666666667,0.822916666666667
prefill,8,27,111,1,96,0.0104166666666667,0.833333333333333
prefill,8,28,112,1,96,0.0104166666666667,0.84375
prefill,8,29,115,1,96,0.0104166666666667,0.854166666666667
prefill,8,30,124,1,96,0.0104166666666667,0.864583333333333
prefill,8,31,128,1,96,0.0104166666666667,0.875
prefill,8,32,143,1,96,0.0104166666666667,0.885416666666666
prefill,8,33,150,1,96,0.0104166666666667,0.895833333333333
prefill,8,34,153,1,96,0.0104166666666667,0.90625
prefill,8,35,177,1,96,0.0104166666666667,0.916666666666666
prefill,8,36,192,1,96,0.0104166666666667,0.927083333333333
prefill,8,37,197,1,96,0.0104166666666667,0.9375
prefill,8,38,202,1,96,0.0104166666666667,0.947916666666666
prefill,8,39,206,1,96,0.0104166666666667,0.958333333333333
prefill,8,40,222,1,96,0.0104166666666667,0.968749999999999
prefill,8,41,225,1,96,0.0104166666666667,0.979166666666666
prefill,8,42,238,1,96,0.0104166666666667,0.989583333333333
prefill,8,43,241,1,96,0.0104166666666667,0.999999999999999
prefill,8,44,0,0,96,0,0.999999999999999
prefill,8,45,3,0,96,0,0.999999999999999
prefill,8,46,4,0,96,0,0.999999999999999
prefill,8,47,5,0,96,0,0.999999999999999
prefill,8,48,7,0,96,0,0.999999999999999
prefill,8,49,8,0,96,0,0.999999999999999
prefill,8,50,9,0,96,0,0.999999999999999
prefill,8,51,10,0,96,0,0.999999999999999
prefill,8,52,11,0,96,0,0.999999999999999
prefill,8,53,12,0,96,0,0.999999999999999
prefill,8,54,14,0,96,0,0.999999999999999
prefill,8,55,15,0,96,0,0.999999999999999
prefill,8,56,16,0,96,0,0.999999999999999
prefill,8,57,18,0,96,0,0.999999999999999
prefill,8,58,19,0,96,0,0.999999999999999
prefill,8,59,21,0,96,0,0.999999999999999
prefill,8,60,22,0,96,0,0.999999999999999
prefill,8,61,23,0,96,0,0.999999999999999
prefill,8,62,24,0,96,0,0.999999999999999
prefill,8,63,25,0,96,0,0.999999999999999
prefill,8,64,26,0,96,0,0.999999999999999
prefill,8,65,27,0,96,0,0.999999999999999
prefill,8,66,28,0,96,0,0.999999999999999
prefill,8,67,29,0,96,0,0.999999999999999
prefill,8,68,30,0,96,0,0.999999999999999
prefill,8,69,32,0,96,0,0.999999999999999
prefill,8,70,33,0,96,0,0.999999999999999
prefill,8,71,35,0,96,0,0.999999999999999
prefill,8,72,36,0,96,0,0.999999999999999
prefill,8,73,37,0,96,0,0.999999999999999
prefill,8,74,38,0,96,0,0.999999999999999
prefill,8,75,39,0,96,0,0.999999999999999
prefill,8,76,40,0,96,0,0.999999999999999
prefill,8,77,41,0,96,0,0.999999999999999
prefill,8,78,42,0,96,0,0.999999999999999
prefill,8,79,43,0,96,0,0.999999999999999
prefill,8,80,44,0,96,0,0.999999999999999
prefill,8,81,45,0,96,0,0.999999999999999
prefill,8,82,46,0,96,0,0.999999999999999
prefill,8,83,47,0,96,0,0.999999999999999
prefill,8,84,48,0,96,0,0.999999999999999
prefill,8,85,49,0,96,0,0.999999999999999
prefill,8,86,50,0,96,0,0.999999999999999
prefill,8,87,51,0,96,0,0.999999999999999
prefill,8,88,52,0,96,0,0.999999999999999
prefill,8,89,54,0,96,0,0.999999999999999
prefill,8,90,55,0,96,0,0.999999999999999
prefill,8,91,56,0,96,0,0.999999999999999
prefill,8,92,57,0,96,0,0.999999999999999
prefill,8,93,58,0,96,0,0.999999999999999
prefill,8,94,59,0,96,0,0.999999999999999
prefill,8,95,60,0,96,0,0.999999999999999
prefill,8,96,61,0,96,0,0.999999999999999
prefill,8,97,62,0,96,0,0.999999999999999
prefill,8,98,64,0,96,0,0.999999999999999
prefill,8,99,65,0,96,0,0.999999999999999
prefill,8,100,66,0,96,0,0.999999999999999
prefill,8,101,67,0,96,0,0.999999999999999
prefill,8,102,68,0,96,0,0.999999999999999
prefill,8,103,69,0,96,0,0.999999999999999
prefill,8,104,70,0,96,0,0.999999999999999
prefill,8,105,71,0,96,0,0.999999999999999
prefill,8,106,72,0,96,0,0.999999999999999
prefill,8,107,74,0,96,0,0.999999999999999
prefill,8,108,75,0,96,0,0.999999999999999
prefill,8,109,76,0,96,0,0.999999999999999
prefill,8,110,78,0,96,0,0.999999999999999
prefill,8,111,79,0,96,0,0.999999999999999
prefill,8,112,82,0,96,0,0.999999999999999
prefill,8,113,83,0,96,0,0.999999999999999
prefill,8,114,85,0,96,0,0.999999999999999
prefill,8,115,86,0,96,0,0.999999999999999
prefill,8,116,87,0,96,0,0.999999999999999
prefill,8,117,89,0,96,0,0.999999999999999
prefill,8,118,90,0,96,0,0.999999999999999
prefill,8,119,92,0,96,0,0.999999999999999
prefill,8,120,93,0,96,0,0.999999999999999
prefill,8,121,94,0,96,0,0.999999999999999
prefill,8,122,95,0,96,0,0.999999999999999
prefill,8,123,96,0,96,0,0.999999999999999
prefill,8,124,97,0,96,0,0.999999999999999
prefill,8,125,98,0,96,0,0.999999999999999
prefill,8,126,99,0,96,0,0.999999999999999
prefill,8,127,100,0,96,0,0.999999999999999
prefill,8,128,101,0,96,0,0.999999999999999
prefill,8,129,102,0,96,0,0.999999999999999
prefill,8,130,103,0,96,0,0.999999999999999
prefill,8,131,104,0,96,0,0.999999999999999
prefill,8,132,105,0,96,0,0.999999999999999
prefill,8,133,106,0,96,0,0.999999999999999
prefill,8,134,107,0,96,0,0.999999999999999
prefill,8,135,108,0,96,0,0.999999999999999
prefill,8,136,109,0,96,0,0.999999999999999
prefill,8,137,113,0,96,0,0.999999999999999
prefill,8,138,114,0,96,0,0.999999999999999
prefill,8,139,116,0,96,0,0.999999999999999
prefill,8,140,117,0,96,0,0.999999999999999
prefill,8,141,118,0,96,0,0.999999999999999
prefill,8,142,119,0,96,0,0.999999999999999
prefill,8,143,121,0,96,0,0.999999999999999
prefill,8,144,122,0,96,0,0.999999999999999
prefill,8,145,123,0,96,0,0.999999999999999
prefill,8,146,125,0,96,0,0.999999999999999
prefill,8,147,126,0,96,0,0.999999999999999
prefill,8,148,127,0,96,0,0.999999999999999
prefill,8,149,129,0,96,0,0.999999999999999
prefill,8,150,130,0,96,0,0.999999999999999
prefill,8,151,132,0,96,0,0.999999999999999
prefill,8,152,133,0,96,0,0.999999999999999
prefill,8,153,134,0,96,0,0.999999999999999
prefill,8,154,135,0,96,0,0.999999999999999
prefill,8,155,136,0,96,0,0.999999999999999
prefill,8,156,137,0,96,0,0.999999999999999
prefill,8,157,138,0,96,0,0.999999999999999
prefill,8,158,139,0,96,0,0.999999999999999
prefill,8,159,140,0,96,0,0.999999999999999
prefill,8,160,141,0,96,0,0.999999999999999
prefill,8,161,142,0,96,0,0.999999999999999
prefill,8,162,144,0,96,0,0.999999999999999
prefill,8,163,145,0,96,0,0.999999999999999
prefill,8,164,146,0,96,0,0.999999999999999
prefill,8,165,147,0,96,0,0.999999999999999
prefill,8,166,148,0,96,0,0.999999999999999
prefill,8,167,149,0,96,0,0.999999999999999
prefill,8,168,151,0,96,0,0.999999999999999
prefill,8,169,152,0,96,0,0.999999999999999
prefill,8,170,154,0,96,0,0.999999999999999
prefill,8,171,155,0,96,0,0.999999999999999
prefill,8,172,156,0,96,0,0.999999999999999
prefill,8,173,157,0,96,0,0.999999999999999
prefill,8,174,158,0,96,0,0.999999999999999
prefill,8,175,159,0,96,0,0.999999999999999
prefill,8,176,160,0,96,0,0.999999999999999
prefill,8,177,161,0,96,0,0.999999999999999
prefill,8,178,162,0,96,0,0.999999999999999
prefill,8,179,163,0,96,0,0.999999999999999
prefill,8,180,164,0,96,0,0.999999999999999
prefill,8,181,165,0,96,0,0.999999999999999
prefill,8,182,166,0,96,0,0.999999999999999
prefill,8,183,167,0,96,0,0.999999999999999
prefill,8,184,168,0,96,0,0.999999999999999
prefill,8,185,169,0,96,0,0.999999999999999
prefill,8,186,170,0,96,0,0.999999999999999
prefill,8,187,171,0,96,0,0.999999999999999
prefill,8,188,173,0,96,0,0.999999999999999
prefill,8,189,174,0,96,0,0.999999999999999
prefill,8,190,175,0,96,0,0.999999999999999
prefill,8,191,176,0,96,0,0.999999999999999
prefill,8,192,178,0,96,0,0.999999999999999
prefill,8,193,180,0,96,0,0.999999999999999
prefill,8,194,181,0,96,0,0.999999999999999
prefill,8,195,182,0,96,0,0.999999999999999
prefill,8,196,183,0,96,0,0.999999999999999
prefill,8,197,184,0,96,0,0.999999999999999
prefill,8,198,185,0,96,0,0.999999999999999
prefill,8,199,186,0,96,0,0.999999999999999
prefill,8,200,187,0,96,0,0.999999999999999
prefill,8,201,188,0,96,0,0.999999999999999
prefill,8,202,189,0,96,0,0.999999999999999
prefill,8,203,190,0,96,0,0.999999999999999
prefill,8,204,191,0,96,0,0.999999999999999
prefill,8,205,193,0,96,0,0.999999999999999
prefill,8,206,194,0,96,0,0.999999999999999
prefill,8,207,195,0,96,0,0.999999999999999
prefill,8,208,196,0,96,0,0.999999999999999
prefill,8,209,198,0,96,0,0.999999999999999
prefill,8,210,199,0,96,0,0.999999999999999
prefill,8,211,200,0,96,0,0.999999999999999
prefill,8,212,201,0,96,0,0.999999999999999
prefill,8,213,203,0,96,0,0.999999999999999
prefill,8,214,204,0,96,0,0.999999999999999
prefill,8,215,205,0,96,0,0.999999999999999
prefill,8,216,207,0,96,0,0.999999999999999
prefill,8,217,209,0,96,0,0.999999999999999
prefill,8,218,210,0,96,0,0.999999999999999
prefill,8,219,211,0,96,0,0.999999999999999
prefill,8,220,212,0,96,0,0.999999999999999
prefill,8,221,213,0,96,0,0.999999999999999
prefill,8,222,214,0,96,0,0.999999999999999
prefill,8,223,215,0,96,0,0.999999999999999
prefill,8,224,216,0,96,0,0.999999999999999
prefill,8,225,217,0,96,0,0.999999999999999
prefill,8,226,218,0,96,0,0.999999999999999
prefill,8,227,219,0,96,0,0.999999999999999
prefill,8,228,220,0,96,0,0.999999999999999
prefill,8,229,221,0,96,0,0.999999999999999
prefill,8,230,223,0,96,0,0.999999999999999
prefill,8,231,224,0,96,0,0.999999999999999
prefill,8,232,227,0,96,0,0.999999999999999
prefill,8,233,228,0,96,0,0.999999999999999
prefill,8,234,229,0,96,0,0.999999999999999
prefill,8,235,230,0,96,0,0.999999999999999
prefill,8,236,231,0,96,0,0.999999999999999
prefill,8,237,232,0,96,0,0.999999999999999
prefill,8,238,233,0,96,0,0.999999999999999
prefill,8,239,234,0,96,0,0.999999999999999
prefill,8,240,235,0,96,0,0.999999999999999
prefill,8,241,236,0,96,0,0.999999999999999
prefill,8,242,237,0,96,0,0.999999999999999
prefill,8,243,239,0,96,0,0.999999999999999
prefill,8,244,240,0,96,0,0.999999999999999
prefill,8,245,242,0,96,0,0.999999999999999
prefill,8,246,243,0,96,0,0.999999999999999
prefill,8,247,244,0,96,0,0.999999999999999
prefill,8,248,245,0,96,0,0.999999999999999
prefill,8,249,246,0,96,0,0.999999999999999
prefill,8,250,247,0,96,0,0.999999999999999
prefill,8,251,248,0,96,0,0.999999999999999
prefill,8,252,249,0,96,0,0.999999999999999
prefill,8,253,250,0,96,0,0.999999999999999
prefill,8,254,251,0,96,0,0.999999999999999
prefill,8,255,252,0,96,0,0.999999999999999
prefill,8,256,254,0,96,0,0.999999999999999
prefill,9,1,114,15,96,0.15625,0.15625
prefill,9,2,211,13,96,0.135416666666667,0.291666666666667
prefill,9,3,40,9,96,0.09375,0.385416666666667
prefill,9,4,236,9,96,0.09375,0.479166666666667
prefill,9,5,169,8,96,0.0833333333333333,0.5625
prefill,9,6,57,3,96,0.03125,0.59375
prefill,9,7,150,3,96,0.03125,0.625
prefill,9,8,15,2,96,0.0208333333333333,0.645833333333333
prefill,9,9,31,2,96,0.0208333333333333,0.666666666666667
prefill,9,10,72,2,96,0.0208333333333333,0.6875
prefill,9,11,163,2,96,0.0208333333333333,0.708333333333333
prefill,9,12,191,2,96,0.0208333333333333,0.729166666666667
prefill,9,13,233,2,96,0.0208333333333333,0.75
prefill,9,14,242,2,96,0.0208333333333333,0.770833333333334
prefill,9,15,14,1,96,0.0104166666666667,0.78125
prefill,9,16,24,1,96,0.0104166666666667,0.791666666666667
prefill,9,17,27,1,96,0.0104166666666667,0.802083333333333
prefill,9,18,32,1,96,0.0104166666666667,0.8125
prefill,9,19,46,1,96,0.0104166666666667,0.822916666666667
prefill,9,20,49,1,96,0.0104166666666667,0.833333333333333
prefill,9,21,55,1,96,0.0104166666666667,0.84375
prefill,9,22,83,1,96,0.0104166666666667,0.854166666666667
prefill,9,23,93,1,96,0.0104166666666667,0.864583333333333
prefill,9,24,98,1,96,0.0104166666666667,0.875
prefill,9,25,106,1,96,0.0104166666666667,0.885416666666667
prefill,9,26,133,1,96,0.0104166666666667,0.895833333333333
prefill,9,27,143,1,96,0.0104166666666667,0.90625
prefill,9,28,146,1,96,0.0104166666666667,0.916666666666666
prefill,9,29,166,1,96,0.0104166666666667,0.927083333333333
prefill,9,30,184,1,96,0.0104166666666667,0.9375
prefill,9,31,188,1,96,0.0104166666666667,0.947916666666666
prefill,9,32,219,1,96,0.0104166666666667,0.958333333333333
prefill,9,33,221,1,96,0.0104166666666667,0.96875
prefill,9,34,247,1,96,0.0104166666666667,0.979166666666666
prefill,9,35,251,1,96,0.0104166666666667,0.989583333333333
prefill,9,36,252,1,96,0.0104166666666667,0.999999999999999
prefill,9,37,0,0,96,0,0.999999999999999
prefill,9,38,1,0,96,0,0.999999999999999
prefill,9,39,2,0,96,0,0.999999999999999
prefill,9,40,3,0,96,0,0.999999999999999
prefill,9,41,4,0,96,0,0.999999999999999
prefill,9,42,5,0,96,0,0.999999999999999
prefill,9,43,6,0,96,0,0.999999999999999
prefill,9,44,7,0,96,0,0.999999999999999
prefill,9,45,8,0,96,0,0.999999999999999
prefill,9,46,9,0,96,0,0.999999999999999
prefill,9,47,10,0,96,0,0.999999999999999
prefill,9,48,11,0,96,0,0.999999999999999
prefill,9,49,12,0,96,0,0.999999999999999
prefill,9,50,13,0,96,0,0.999999999999999
prefill,9,51,16,0,96,0,0.999999999999999
prefill,9,52,17,0,96,0,0.999999999999999
prefill,9,53,18,0,96,0,0.999999999999999
prefill,9,54,19,0,96,0,0.999999999999999
prefill,9,55,20,0,96,0,0.999999999999999
prefill,9,56,21,0,96,0,0.999999999999999
prefill,9,57,22,0,96,0,0.999999999999999
prefill,9,58,23,0,96,0,0.999999999999999
prefill,9,59,25,0,96,0,0.999999999999999
prefill,9,60,26,0,96,0,0.999999999999999
prefill,9,61,28,0,96,0,0.999999999999999
prefill,9,62,29,0,96,0,0.999999999999999
prefill,9,63,30,0,96,0,0.999999999999999
prefill,9,64,33,0,96,0,0.999999999999999
prefill,9,65,34,0,96,0,0.999999999999999
prefill,9,66,35,0,96,0,0.999999999999999
prefill,9,67,36,0,96,0,0.999999999999999
prefill,9,68,37,0,96,0,0.999999999999999
prefill,9,69,38,0,96,0,0.999999999999999
prefill,9,70,39,0,96,0,0.999999999999999
prefill,9,71,41,0,96,0,0.999999999999999
prefill,9,72,42,0,96,0,0.999999999999999
prefill,9,73,43,0,96,0,0.999999999999999
prefill,9,74,44,0,96,0,0.999999999999999
prefill,9,75,45,0,96,0,0.999999999999999
prefill,9,76,47,0,96,0,0.999999999999999
prefill,9,77,48,0,96,0,0.999999999999999
prefill,9,78,50,0,96,0,0.999999999999999
prefill,9,79,51,0,96,0,0.999999999999999
prefill,9,80,52,0,96,0,0.999999999999999
prefill,9,81,53,0,96,0,0.999999999999999
prefill,9,82,54,0,96,0,0.999999999999999
prefill,9,83,56,0,96,0,0.999999999999999
prefill,9,84,58,0,96,0,0.999999999999999
prefill,9,85,59,0,96,0,0.999999999999999
prefill,9,86,60,0,96,0,0.999999999999999
prefill,9,87,61,0,96,0,0.999999999999999
prefill,9,88,62,0,96,0,0.999999999999999
prefill,9,89,63,0,96,0,0.999999999999999
prefill,9,90,64,0,96,0,0.999999999999999
prefill,9,91,65,0,96,0,0.999999999999999
prefill,9,92,66,0,96,0,0.999999999999999
prefill,9,93,67,0,96,0,0.999999999999999
prefill,9,94,68,0,96,0,0.999999999999999
prefill,9,95,69,0,96,0,0.999999999999999
prefill,9,96,70,0,96,0,0.999999999999999
prefill,9,97,71,0,96,0,0.999999999999999
prefill,9,98,73,0,96,0,0.999999999999999
prefill,9,99,74,0,96,0,0.999999999999999
prefill,9,100,75,0,96,0,0.999999999999999
prefill,9,101,76,0,96,0,0.999999999999999
prefill,9,102,77,0,96,0,0.999999999999999
prefill,9,103,78,0,96,0,0.999999999999999
prefill,9,104,79,0,96,0,0.999999999999999
prefill,9,105,80,0,96,0,0.999999999999999
prefill,9,106,81,0,96,0,0.999999999999999
prefill,9,107,82,0,96,0,0.999999999999999
prefill,9,108,84,0,96,0,0.999999999999999
prefill,9,109,85,0,96,0,0.999999999999999
prefill,9,110,86,0,96,0,0.999999999999999
prefill,9,111,87,0,96,0,0.999999999999999
prefill,9,112,88,0,96,0,0.999999999999999
prefill,9,113,89,0,96,0,0.999999999999999
prefill,9,114,90,0,96,0,0.999999999999999
prefill,9,115,91,0,96,0,0.999999999999999
prefill,9,116,92,0,96,0,0.999999999999999
prefill,9,117,94,0,96,0,0.999999999999999
prefill,9,118,95,0,96,0,0.999999999999999
prefill,9,119,96,0,96,0,0.999999999999999
prefill,9,120,97,0,96,0,0.999999999999999
prefill,9,121,99,0,96,0,0.999999999999999
prefill,9,122,100,0,96,0,0.999999999999999
prefill,9,123,101,0,96,0,0.999999999999999
prefill,9,124,102,0,96,0,0.999999999999999
prefill,9,125,103,0,96,0,0.999999999999999
prefill,9,126,104,0,96,0,0.999999999999999
prefill,9,127,105,0,96,0,0.999999999999999
prefill,9,128,107,0,96,0,0.999999999999999
prefill,9,129,108,0,96,0,0.999999999999999
prefill,9,130,109,0,96,0,0.999999999999999
prefill,9,131,110,0,96,0,0.999999999999999
prefill,9,132,111,0,96,0,0.999999999999999
prefill,9,133,112,0,96,0,0.999999999999999
prefill,9,134,113,0,96,0,0.999999999999999
prefill,9,135,115,0,96,0,0.999999999999999
prefill,9,136,116,0,96,0,0.999999999999999
prefill,9,137,117,0,96,0,0.999999999999999
prefill,9,138,118,0,96,0,0.999999999999999
prefill,9,139,119,0,96,0,0.999999999999999
prefill,9,140,120,0,96,0,0.999999999999999
prefill,9,141,121,0,96,0,0.999999999999999
prefill,9,142,122,0,96,0,0.999999999999999
prefill,9,143,123,0,96,0,0.999999999999999
prefill,9,144,124,0,96,0,0.999999999999999
prefill,9,145,125,0,96,0,0.999999999999999
prefill,9,146,126,0,96,0,0.999999999999999
prefill,9,147,127,0,96,0,0.999999999999999
prefill,9,148,128,0,96,0,0.999999999999999
prefill,9,149,129,0,96,0,0.999999999999999
prefill,9,150,130,0,96,0,0.999999999999999
prefill,9,151,131,0,96,0,0.999999999999999
prefill,9,152,132,0,96,0,0.999999999999999
prefill,9,153,134,0,96,0,0.999999999999999
prefill,9,154,135,0,96,0,0.999999999999999
prefill,9,155,136,0,96,0,0.999999999999999
prefill,9,156,137,0,96,0,0.999999999999999
prefill,9,157,138,0,96,0,0.999999999999999
prefill,9,158,139,0,96,0,0.999999999999999
prefill,9,159,140,0,96,0,0.999999999999999
prefill,9,160,141,0,96,0,0.999999999999999
prefill,9,161,142,0,96,0,0.999999999999999
prefill,9,162,144,0,96,0,0.999999999999999
prefill,9,163,145,0,96,0,0.999999999999999
prefill,9,164,147,0,96,0,0.999999999999999
prefill,9,165,148,0,96,0,0.999999999999999
prefill,9,166,149,0,96,0,0.999999999999999
prefill,9,167,151,0,96,0,0.999999999999999
prefill,9,168,152,0,96,0,0.999999999999999
prefill,9,169,153,0,96,0,0.999999999999999
prefill,9,170,154,0,96,0,0.999999999999999
prefill,9,171,155,0,96,0,0.999999999999999
prefill,9,172,156,0,96,0,0.999999999999999
prefill,9,173,157,0,96,0,0.999999999999999
prefill,9,174,158,0,96,0,0.999999999999999
prefill,9,175,159,0,96,0,0.999999999999999
prefill,9,176,160,0,96,0,0.999999999999999
prefill,9,177,161,0,96,0,0.999999999999999
prefill,9,178,162,0,96,0,0.999999999999999
prefill,9,179,164,0,96,0,0.999999999999999
prefill,9,180,165,0,96,0,0.999999999999999
prefill,9,181,167,0,96,0,0.999999999999999
prefill,9,182,168,0,96,0,0.999999999999999
prefill,9,183,170,0,96,0,0.999999999999999
prefill,9,184,171,0,96,0,0.999999999999999
prefill,9,185,172,0,96,0,0.999999999999999
prefill,9,186,173,0,96,0,0.999999999999999
prefill,9,187,174,0,96,0,0.999999999999999
prefill,9,188,175,0,96,0,0.999999999999999
prefill,9,189,176,0,96,0,0.999999999999999
prefill,9,190,177,0,96,0,0.999999999999999
prefill,9,191,178,0,96,0,0.999999999999999
prefill,9,192,179,0,96,0,0.999999999999999
prefill,9,193,180,0,96,0,0.999999999999999
prefill,9,194,181,0,96,0,0.999999999999999
prefill,9,195,182,0,96,0,0.999999999999999
prefill,9,196,183,0,96,0,0.999999999999999
prefill,9,197,185,0,96,0,0.999999999999999
prefill,9,198,186,0,96,0,0.999999999999999
prefill,9,199,187,0,96,0,0.999999999999999
prefill,9,200,189,0,96,0,0.999999999999999
prefill,9,201,190,0,96,0,0.999999999999999
prefill,9,202,192,0,96,0,0.999999999999999
prefill,9,203,193,0,96,0,0.999999999999999
prefill,9,204,194,0,96,0,0.999999999999999
prefill,9,205,195,0,96,0,0.999999999999999
prefill,9,206,196,0,96,0,0.999999999999999
prefill,9,207,197,0,96,0,0.999999999999999
prefill,9,208,198,0,96,0,0.999999999999999
prefill,9,209,199,0,96,0,0.999999999999999
prefill,9,210,200,0,96,0,0.999999999999999
prefill,9,211,201,0,96,0,0.999999999999999
prefill,9,212,202,0,96,0,0.999999999999999
prefill,9,213,203,0,96,0,0.999999999999999
prefill,9,214,204,0,96,0,0.999999999999999
prefill,9,215,205,0,96,0,0.999999999999999
prefill,9,216,206,0,96,0,0.999999999999999
prefill,9,217,207,0,96,0,0.999999999999999
prefill,9,218,208,0,96,0,0.999999999999999
prefill,9,219,209,0,96,0,0.999999999999999
prefill,9,220,210,0,96,0,0.999999999999999
prefill,9,221,212,0,96,0,0.999999999999999
prefill,9,222,213,0,96,0,0.999999999999999
prefill,9,223,214,0,96,0,0.999999999999999
prefill,9,224,215,0,96,0,0.999999999999999
prefill,9,225,216,0,96,0,0.999999999999999
prefill,9,226,217,0,96,0,0.999999999999999
prefill,9,227,218,0,96,0,0.999999999999999
prefill,9,228,220,0,96,0,0.999999999999999
prefill,9,229,222,0,96,0,0.999999999999999
prefill,9,230,223,0,96,0,0.999999999999999
prefill,9,231,224,0,96,0,0.999999999999999
prefill,9,232,225,0,96,0,0.999999999999999
prefill,9,233,226,0,96,0,0.999999999999999
prefill,9,234,227,0,96,0,0.999999999999999
prefill,9,235,228,0,96,0,0.999999999999999
prefill,9,236,229,0,96,0,0.999999999999999
prefill,9,237,230,0,96,0,0.999999999999999
prefill,9,238,231,0,96,0,0.999999999999999
prefill,9,239,232,0,96,0,0.999999999999999
prefill,9,240,234,0,96,0,0.999999999999999
prefill,9,241,235,0,96,0,0.999999999999999
prefill,9,242,237,0,96,0,0.999999999999999
prefill,9,243,238,0,96,0,0.999999999999999
prefill,9,244,239,0,96,0,0.999999999999999
prefill,9,245,240,0,96,0,0.999999999999999
prefill,9,246,241,0,96,0,0.999999999999999
prefill,9,247,243,0,96,0,0.999999999999999
prefill,9,248,244,0,96,0,0.999999999999999
prefill,9,249,245,0,96,0,0.999999999999999
prefill,9,250,246,0,96,0,0.999999999999999
prefill,9,251,248,0,96,0,0.999999999999999
prefill,9,252,249,0,96,0,0.999999999999999
prefill,9,253,250,0,96,0,0.999999999999999
prefill,9,254,253,0,96,0,0.999999999999999
prefill,9,255,254,0,96,0,0.999999999999999
prefill,9,256,255,0,96,0,0.999999999999999
prefill,10,1,69,12,96,0.125,0.125
prefill,10,2,14,11,96,0.114583333333333,0.239583333333333
prefill,10,3,16,11,96,0.114583333333333,0.354166666666667
prefill,10,4,40,6,96,0.0625,0.416666666666667
prefill,10,5,29,4,96,0.0416666666666667,0.458333333333333
prefill,10,6,64,4,96,0.0416666666666667,0.5
prefill,10,7,13,3,96,0.03125,0.53125
prefill,10,8,15,3,96,0.03125,0.5625
prefill,10,9,94,3,96,0.03125,0.59375
prefill,10,10,8,2,96,0.0208333333333333,0.614583333333333
prefill,10,11,19,2,96,0.0208333333333333,0.635416666666667
prefill,10,12,37,2,96,0.0208333333333333,0.65625
prefill,10,13,56,2,96,0.0208333333333333,0.677083333333333
prefill,10,14,122,2,96,0.0208333333333333,0.697916666666667
prefill,10,15,148,2,96,0.0208333333333333,0.71875
prefill,10,16,222,2,96,0.0208333333333333,0.739583333333334
prefill,10,17,223,2,96,0.0208333333333333,0.760416666666667
prefill,10,18,27,1,96,0.0104166666666667,0.770833333333334
prefill,10,19,33,1,96,0.0104166666666667,0.78125
prefill,10,20,34,1,96,0.0104166666666667,0.791666666666667
prefill,10,21,50,1,96,0.0104166666666667,0.802083333333333
prefill,10,22,62,1,96,0.0104166666666667,0.8125
prefill,10,23,65,1,96,0.0104166666666667,0.822916666666667
prefill,10,24,80,1,96,0.0104166666666667,0.833333333333333
prefill,10,25,102,1,96,0.0104166666666667,0.84375
prefill,10,26,117,1,96,0.0104166666666667,0.854166666666667
prefill,10,27,130,1,96,0.0104166666666667,0.864583333333333
prefill,10,28,157,1,96,0.0104166666666667,0.875
prefill,10,29,186,1,96,0.0104166666666667,0.885416666666667
prefill,10,30,196,1,96,0.0104166666666667,0.895833333333333
prefill,10,31,201,1,96,0.0104166666666667,0.90625
prefill,10,32,218,1,96,0.0104166666666667,0.916666666666666
prefill,10,33,220,1,96,0.0104166666666667,0.927083333333333
prefill,10,34,221,1,96,0.0104166666666667,0.9375
prefill,10,35,231,1,96,0.0104166666666667,0.947916666666666
prefill,10,36,232,1,96,0.0104166666666667,0.958333333333333
prefill,10,37,241,1,96,0.0104166666666667,0.96875
prefill,10,38,242,1,96,0.0104166666666667,0.979166666666666
prefill,10,39,247,1,96,0.0104166666666667,0.989583333333333
prefill,10,40,248,1,96,0.0104166666666667,0.999999999999999
prefill,10,41,0,0,96,0,0.999999999999999
prefill,10,42,1,0,96,0,0.999999999999999
prefill,10,43,2,0,96,0,0.999999999999999
prefill,10,44,3,0,96,0,0.999999999999999
prefill,10,45,4,0,96,0,0.999999999999999
prefill,10,46,5,0,96,0,0.999999999999999
prefill,10,47,6,0,96,0,0.999999999999999
prefill,10,48,7,0,96,0,0.999999999999999
prefill,10,49,9,0,96,0,0.999999999999999
prefill,10,50,10,0,96,0,0.999999999999999
prefill,10,51,11,0,96,0,0.999999999999999
prefill,10,52,12,0,96,0,0.999999999999999
prefill,10,53,17,0,96,0,0.999999999999999
prefill,10,54,18,0,96,0,0.999999999999999
prefill,10,55,20,0,96,0,0.999999999999999
prefill,10,56,21,0,96,0,0.999999999999999
prefill,10,57,22,0,96,0,0.999999999999999
prefill,10,58,23,0,96,0,0.999999999999999
prefill,10,59,24,0,96,0,0.999999999999999
prefill,10,60,25,0,96,0,0.999999999999999
prefill,10,61,26,0,96,0,0.999999999999999
prefill,10,62,28,0,96,0,0.999999999999999
prefill,10,63,30,0,96,0,0.999999999999999
prefill,10,64,31,0,96,0,0.999999999999999
prefill,10,65,32,0,96,0,0.999999999999999
prefill,10,66,35,0,96,0,0.999999999999999
prefill,10,67,36,0,96,0,0.999999999999999
prefill,10,68,38,0,96,0,0.999999999999999
prefill,10,69,39,0,96,0,0.999999999999999
prefill,10,70,41,0,96,0,0.999999999999999
prefill,10,71,42,0,96,0,0.999999999999999
prefill,10,72,43,0,96,0,0.999999999999999
prefill,10,73,44,0,96,0,0.999999999999999
prefill,10,74,45,0,96,0,0.999999999999999
prefill,10,75,46,0,96,0,0.999999999999999
prefill,10,76,47,0,96,0,0.999999999999999
prefill,10,77,48,0,96,0,0.999999999999999
prefill,10,78,49,0,96,0,0.999999999999999
prefill,10,79,51,0,96,0,0.999999999999999
prefill,10,80,52,0,96,0,0.999999999999999
prefill,10,81,53,0,96,0,0.999999999999999
prefill,10,82,54,0,96,0,0.999999999999999
prefill,10,83,55,0,96,0,0.999999999999999
prefill,10,84,57,0,96,0,0.999999999999999
prefill,10,85,58,0,96,0,0.999999999999999
prefill,10,86,59,0,96,0,0.999999999999999
prefill,10,87,60,0,96,0,0.999999999999999
prefill,10,88,61,0,96,0,0.999999999999999
prefill,10,89,63,0,96,0,0.999999999999999
prefill,10,90,66,0,96,0,0.999999999999999
prefill,10,91,67,0,96,0,0.999999999999999
prefill,10,92,68,0,96,0,0.999999999999999
prefill,10,93,70,0,96,0,0.999999999999999
prefill,10,94,71,0,96,0,0.999999999999999
prefill,10,95,72,0,96,0,0.999999999999999
prefill,10,96,73,0,96,0,0.999999999999999
prefill,10,97,74,0,96,0,0.999999999999999
prefill,10,98,75,0,96,0,0.999999999999999
prefill,10,99,76,0,96,0,0.999999999999999
prefill,10,100,77,0,96,0,0.999999999999999
prefill,10,101,78,0,96,0,0.999999999999999
prefill,10,102,79,0,96,0,0.999999999999999
prefill,10,103,81,0,96,0,0.999999999999999
prefill,10,104,82,0,96,0,0.999999999999999
prefill,10,105,83,0,96,0,0.999999999999999
prefill,10,106,84,0,96,0,0.999999999999999
prefill,10,107,85,0,96,0,0.999999999999999
prefill,10,108,86,0,96,0,0.999999999999999
prefill,10,109,87,0,96,0,0.999999999999999
prefill,10,110,88,0,96,0,0.999999999999999
prefill,10,111,89,0,96,0,0.999999999999999
prefill,10,112,90,0,96,0,0.999999999999999
prefill,10,113,91,0,96,0,0.999999999999999
prefill,10,114,92,0,96,0,0.999999999999999
prefill,10,115,93,0,96,0,0.999999999999999
prefill,10,116,95,0,96,0,0.999999999999999
prefill,10,117,96,0,96,0,0.999999999999999
prefill,10,118,97,0,96,0,0.999999999999999
prefill,10,119,98,0,96,0,0.999999999999999
prefill,10,120,99,0,96,0,0.999999999999999
prefill,10,121,100,0,96,0,0.999999999999999
prefill,10,122,101,0,96,0,0.999999999999999
prefill,10,123,103,0,96,0,0.999999999999999
prefill,10,124,104,0,96,0,0.999999999999999
prefill,10,125,105,0,96,0,0.999999999999999
prefill,10,126,106,0,96,0,0.999999999999999
prefill,10,127,107,0,96,0,0.999999999999999
prefill,10,128,108,0,96,0,0.999999999999999
prefill,10,129,109,0,96,0,0.999999999999999
prefill,10,130,110,0,96,0,0.999999999999999
prefill,10,131,111,0,96,0,0.999999999999999
prefill,10,132,112,0,96,0,0.999999999999999
prefill,10,133,113,0,96,0,0.999999999999999
prefill,10,134,114,0,96,0,0.999999999999999
prefill,10,135,115,0,96,0,0.999999999999999
prefill,10,136,116,0,96,0,0.999999999999999
prefill,10,137,118,0,96,0,0.999999999999999
prefill,10,138,119,0,96,0,0.999999999999999
prefill,10,139,120,0,96,0,0.999999999999999
prefill,10,140,121,0,96,0,0.999999999999999
prefill,10,141,123,0,96,0,0.999999999999999
prefill,10,142,124,0,96,0,0.999999999999999
prefill,10,143,125,0,96,0,0.999999999999999
prefill,10,144,126,0,96,0,0.999999999999999
prefill,10,145,127,0,96,0,0.999999999999999
prefill,10,146,128,0,96,0,0.999999999999999
prefill,10,147,129,0,96,0,0.999999999999999
prefill,10,148,131,0,96,0,0.999999999999999
prefill,10,149,132,0,96,0,0.999999999999999
prefill,10,150,133,0,96,0,0.999999999999999
prefill,10,151,134,0,96,0,0.999999999999999
prefill,10,152,135,0,96,0,0.999999999999999
prefill,10,153,136,0,96,0,0.999999999999999
prefill,10,154,137,0,96,0,0.999999999999999
prefill,10,155,138,0,96,0,0.999999999999999
prefill,10,156,139,0,96,0,0.999999999999999
prefill,10,157,140,0,96,0,0.999999999999999
prefill,10,158,141,0,96,0,0.999999999999999
prefill,10,159,142,0,96,0,0.999999999999999
prefill,10,160,143,0,96,0,0.999999999999999
prefill,10,161,144,0,96,0,0.999999999999999
prefill,10,162,145,0,96,0,0.999999999999999
prefill,10,163,146,0,96,0,0.999999999999999
prefill,10,164,147,0,96,0,0.999999999999999
prefill,10,165,149,0,96,0,0.999999999999999
prefill,10,166,150,0,96,0,0.999999999999999
prefill,10,167,151,0,96,0,0.999999999999999
prefill,10,168,152,0,96,0,0.999999999999999
prefill,10,169,153,0,96,0,0.999999999999999
prefill,10,170,154,0,96,0,0.999999999999999
prefill,10,171,155,0,96,0,0.999999999999999
prefill,10,172,156,0,96,0,0.999999999999999
prefill,10,173,158,0,96,0,0.999999999999999
prefill,10,174,159,0,96,0,0.999999999999999
prefill,10,175,160,0,96,0,0.999999999999999
prefill,10,176,161,0,96,0,0.999999999999999
prefill,10,177,162,0,96,0,0.999999999999999
prefill,10,178,163,0,96,0,0.999999999999999
prefill,10,179,164,0,96,0,0.999999999999999
prefill,10,180,165,0,96,0,0.999999999999999
prefill,10,181,166,0,96,0,0.999999999999999
prefill,10,182,167,0,96,0,0.999999999999999
prefill,10,183,168,0,96,0,0.999999999999999
prefill,10,184,169,0,96,0,0.999999999999999
prefill,10,185,170,0,96,0,0.999999999999999
prefill,10,186,171,0,96,0,0.999999999999999
prefill,10,187,172,0,96,0,0.999999999999999
prefill,10,188,173,0,96,0,0.999999999999999
prefill,10,189,174,0,96,0,0.999999999999999
prefill,10,190,175,0,96,0,0.999999999999999
prefill,10,191,176,0,96,0,0.999999999999999
prefill,10,192,177,0,96,0,0.999999999999999
prefill,10,193,178,0,96,0,0.999999999999999
prefill,10,194,179,0,96,0,0.999999999999999
prefill,10,195,180,0,96,0,0.999999999999999
prefill,10,196,181,0,96,0,0.999999999999999
prefill,10,197,182,0,96,0,0.999999999999999
prefill,10,198,183,0,96,0,0.999999999999999
prefill,10,199,184,0,96,0,0.999999999999999
prefill,10,200,185,0,96,0,0.999999999999999
prefill,10,201,187,0,96,0,0.999999999999999
prefill,10,202,188,0,96,0,0.999999999999999
prefill,10,203,189,0,96,0,0.999999999999999
prefill,10,204,190,0,96,0,0.999999999999999
prefill,10,205,191,0,96,0,0.999999999999999
prefill,10,206,192,0,96,0,0.999999999999999
prefill,10,207,193,0,96,0,0.999999999999999
prefill,10,208,194,0,96,0,0.999999999999999
prefill,10,209,195,0,96,0,0.999999999999999
prefill,10,210,197,0,96,0,0.999999999999999
prefill,10,211,198,0,96,0,0.999999999999999
prefill,10,212,199,0,96,0,0.999999999999999
prefill,10,213,200,0,96,0,0.999999999999999
prefill,10,214,202,0,96,0,0.999999999999999
prefill,10,215,203,0,96,0,0.999999999999999
prefill,10,216,204,0,96,0,0.999999999999999
prefill,10,217,205,0,96,0,0.999999999999999
prefill,10,218,206,0,96,0,0.999999999999999
prefill,10,219,207,0,96,0,0.999999999999999
prefill,10,220,208,0,96,0,0.999999999999999
prefill,10,221,209,0,96,0,0.999999999999999
prefill,10,222,210,0,96,0,0.999999999999999
prefill,10,223,211,0,96,0,0.999999999999999
prefill,10,224,212,0,96,0,0.999999999999999
prefill,10,225,213,0,96,0,0.999999999999999
prefill,10,226,214,0,96,0,0.999999999999999
prefill,10,227,215,0,96,0,0.999999999999999
prefill,10,228,216,0,96,0,0.999999999999999
prefill,10,229,217,0,96,0,0.999999999999999
prefill,10,230,219,0,96,0,0.999999999999999
prefill,10,231,224,0,96,0,0.999999999999999
prefill,10,232,225,0,96,0,0.999999999999999
prefill,10,233,226,0,96,0,0.999999999999999
prefill,10,234,227,0,96,0,0.999999999999999
prefill,10,235,228,0,96,0,0.999999999999999
prefill,10,236,229,0,96,0,0.999999999999999
prefill,10,237,230,0,96,0,0.999999999999999
prefill,10,238,233,0,96,0,0.999999999999999
prefill,10,239,234,0,96,0,0.999999999999999
prefill,10,240,235,0,96,0,0.999999999999999
prefill,10,241,236,0,96,0,0.999999999999999
prefill,10,242,237,0,96,0,0.999999999999999
prefill,10,243,238,0,96,0,0.999999999999999
prefill,10,244,239,0,96,0,0.999999999999999
prefill,10,245,240,0,96,0,0.999999999999999
prefill,10,246,243,0,96,0,0.999999999999999
prefill,10,247,244,0,96,0,0.999999999999999
prefill,10,248,245,0,96,0,0.999999999999999
prefill,10,249,246,0,96,0,0.999999999999999
prefill,10,250,249,0,96,0,0.999999999999999
prefill,10,251,250,0,96,0,0.999999999999999
prefill,10,252,251,0,96,0,0.999999999999999
prefill,10,253,252,0,96,0,0.999999999999999
prefill,10,254,253,0,96,0,0.999999999999999
prefill,10,255,254,0,96,0,0.999999999999999
prefill,10,256,255,0,96,0,0.999999999999999
prefill,11,1,109,11,96,0.114583333333333,0.114583333333333
prefill,11,2,159,10,96,0.104166666666667,0.21875
prefill,11,3,34,9,96,0.09375,0.3125
prefill,11,4,38,7,96,0.0729166666666667,0.385416666666667
prefill,11,5,30,5,96,0.0520833333333333,0.4375
prefill,11,6,124,5,96,0.0520833333333333,0.489583333333333
prefill,11,7,5,4,96,0.0416666666666667,0.53125
prefill,11,8,28,4,96,0.0416666666666667,0.572916666666667
prefill,11,9,46,4,96,0.0416666666666667,0.614583333333333
prefill,11,10,209,4,96,0.0416666666666667,0.65625
prefill,11,11,70,3,96,0.03125,0.6875
prefill,11,12,240,3,96,0.03125,0.71875
prefill,11,13,35,2,96,0.0208333333333333,0.739583333333333
prefill,11,14,53,2,96,0.0208333333333333,0.760416666666667
prefill,11,15,67,2,96,0.0208333333333333,0.78125
prefill,11,16,195,2,96,0.0208333333333333,0.802083333333333
prefill,11,17,223,2,96,0.0208333333333333,0.822916666666667
prefill,11,18,232,2,96,0.0208333333333333,0.84375
prefill,11,19,11,1,96,0.0104166666666667,0.854166666666667
prefill,11,20,18,1,96,0.0104166666666667,0.864583333333333
prefill,11,21,69,1,96,0.0104166666666667,0.875
prefill,11,22,79,1,96,0.0104166666666667,0.885416666666667
prefill,11,23,89,1,96,0.0104166666666667,0.895833333333333
prefill,11,24,115,1,96,0.0104166666666667,0.90625
prefill,11,25,127,1,96,0.0104166666666667,0.916666666666667
prefill,11,26,157,1,96,0.0104166666666667,0.927083333333333
prefill,11,27,161,1,96,0.0104166666666667,0.9375
prefill,11,28,173,1,96,0.0104166666666667,0.947916666666666
prefill,11,29,176,1,96,0.0104166666666667,0.958333333333333
prefill,11,30,184,1,96,0.0104166666666667,0.96875
prefill,11,31,194,1,96,0.0104166666666667,0.979166666666666
prefill,11,32,226,1,96,0.0104166666666667,0.989583333333333
prefill,11,33,253,1,96,0.0104166666666667,1
prefill,11,34,0,0,96,0,1
prefill,11,35,1,0,96,0,1
prefill,11,36,2,0,96,0,1
prefill,11,37,3,0,96,0,1
prefill,11,38,4,0,96,0,1
prefill,11,39,6,0,96,0,1
prefill,11,40,7,0,96,0,1
prefill,11,41,8,0,96,0,1
prefill,11,42,9,0,96,0,1
prefill,11,43,10,0,96,0,1
prefill,11,44,12,0,96,0,1
prefill,11,45,13,0,96,0,1
prefill,11,46,14,0,96,0,1
prefill,11,47,15,0,96,0,1
prefill,11,48,16,0,96,0,1
prefill,11,49,17,0,96,0,1
prefill,11,50,19,0,96,0,1
prefill,11,51,20,0,96,0,1
prefill,11,52,21,0,96,0,1
prefill,11,53,22,0,96,0,1
prefill,11,54,23,0,96,0,1
prefill,11,55,24,0,96,0,1
prefill,11,56,25,0,96,0,1
prefill,11,57,26,0,96,0,1
prefill,11,58,27,0,96,0,1
prefill,11,59,29,0,96,0,1
prefill,11,60,31,0,96,0,1
prefill,11,61,32,0,96,0,1
prefill,11,62,33,0,96,0,1
prefill,11,63,36,0,96,0,1
prefill,11,64,37,0,96,0,1
prefill,11,65,39,0,96,0,1
prefill,11,66,40,0,96,0,1
prefill,11,67,41,0,96,0,1
prefill,11,68,42,0,96,0,1
prefill,11,69,43,0,96,0,1
prefill,11,70,44,0,96,0,1
prefill,11,71,45,0,96,0,1
prefill,11,72,47,0,96,0,1
prefill,11,73,48,0,96,0,1
prefill,11,74,49,0,96,0,1
prefill,11,75,50,0,96,0,1
prefill,11,76,51,0,96,0,1
prefill,11,77,52,0,96,0,1
prefill,11,78,54,0,96,0,1
prefill,11,79,55,0,96,0,1
prefill,11,80,56,0,96,0,1
prefill,11,81,57,0,96,0,1
prefill,11,82,58,0,96,0,1
prefill,11,83,59,0,96,0,1
prefill,11,84,60,0,96,0,1
prefill,11,85,61,0,96,0,1
prefill,11,86,62,0,96,0,1
prefill,11,87,63,0,96,0,1
prefill,11,88,64,0,96,0,1
prefill,11,89,65,0,96,0,1
prefill,11,90,66,0,96,0,1
prefill,11,91,68,0,96,0,1
prefill,11,92,71,0,96,0,1
prefill,11,93,72,0,96,0,1
prefill,11,94,73,0,96,0,1
prefill,11,95,74,0,96,0,1
prefill,11,96,75,0,96,0,1
prefill,11,97,76,0,96,0,1
prefill,11,98,77,0,96,0,1
prefill,11,99,78,0,96,0,1
prefill,11,100,80,0,96,0,1
prefill,11,101,81,0,96,0,1
prefill,11,102,82,0,96,0,1
prefill,11,103,83,0,96,0,1
prefill,11,104,84,0,96,0,1
prefill,11,105,85,0,96,0,1
prefill,11,106,86,0,96,0,1
prefill,11,107,87,0,96,0,1
prefill,11,108,88,0,96,0,1
prefill,11,109,90,0,96,0,1
prefill,11,110,91,0,96,0,1
prefill,11,111,92,0,96,0,1
prefill,11,112,93,0,96,0,1
prefill,11,113,94,0,96,0,1
prefill,11,114,95,0,96,0,1
prefill,11,115,96,0,96,0,1
prefill,11,116,97,0,96,0,1
prefill,11,117,98,0,96,0,1
prefill,11,118,99,0,96,0,1
prefill,11,119,100,0,96,0,1
prefill,11,120,101,0,96,0,1
prefill,11,121,102,0,96,0,1
prefill,11,122,103,0,96,0,1
prefill,11,123,104,0,96,0,1
prefill,11,124,105,0,96,0,1
prefill,11,125,106,0,96,0,1
prefill,11,126,107,0,96,0,1
prefill,11,127,108,0,96,0,1
prefill,11,128,110,0,96,0,1
prefill,11,129,111,0,96,0,1
prefill,11,130,112,0,96,0,1
prefill,11,131,113,0,96,0,1
prefill,11,132,114,0,96,0,1
prefill,11,133,116,0,96,0,1
prefill,11,134,117,0,96,0,1
prefill,11,135,118,0,96,0,1
prefill,11,136,119,0,96,0,1
prefill,11,137,120,0,96,0,1
prefill,11,138,121,0,96,0,1
prefill,11,139,122,0,96,0,1
prefill,11,140,123,0,96,0,1
prefill,11,141,125,0,96,0,1
prefill,11,142,126,0,96,0,1
prefill,11,143,128,0,96,0,1
prefill,11,144,129,0,96,0,1
prefill,11,145,130,0,96,0,1
prefill,11,146,131,0,96,0,1
prefill,11,147,132,0,96,0,1
prefill,11,148,133,0,96,0,1
prefill,11,149,134,0,96,0,1
prefill,11,150,135,0,96,0,1
prefill,11,151,136,0,96,0,1
prefill,11,152,137,0,96,0,1
prefill,11,153,138,0,96,0,1
prefill,11,154,139,0,96,0,1
prefill,11,155,140,0,96,0,1
prefill,11,156,141,0,96,0,1
prefill,11,157,142,0,96,0,1
prefill,11,158,143,0,96,0,1
prefill,11,159,144,0,96,0,1
prefill,11,160,145,0,96,0,1
prefill,11,161,146,0,96,0,1
prefill,11,162,147,0,96,0,1
prefill,11,163,148,0,96,0,1
prefill,11,164,149,0,96,0,1
prefill,11,165,150,0,96,0,1
prefill,11,166,151,0,96,0,1
prefill,11,167,152,0,96,0,1
prefill,11,168,153,0,96,0,1
prefill,11,169,154,0,96,0,1
prefill,11,170,155,0,96,0,1
prefill,11,171,156,0,96,0,1
prefill,11,172,158,0,96,0,1
prefill,11,173,160,0,96,0,1
prefill,11,174,162,0,96,0,1
prefill,11,175,163,0,96,0,1
prefill,11,176,164,0,96,0,1
prefill,11,177,165,0,96,0,1
prefill,11,178,166,0,96,0,1
prefill,11,179,167,0,96,0,1
prefill,11,180,168,0,96,0,1
prefill,11,181,169,0,96,0,1
prefill,11,182,170,0,96,0,1
prefill,11,183,171,0,96,0,1
prefill,11,184,172,0,96,0,1
prefill,11,185,174,0,96,0,1
prefill,11,186,175,0,96,0,1
prefill,11,187,177,0,96,0,1
prefill,11,188,178,0,96,0,1
prefill,11,189,179,0,96,0,1
prefill,11,190,180,0,96,0,1
prefill,11,191,181,0,96,0,1
prefill,11,192,182,0,96,0,1
prefill,11,193,183,0,96,0,1
prefill,11,194,185,0,96,0,1
prefill,11,195,186,0,96,0,1
prefill,11,196,187,0,96,0,1
prefill,11,197,188,0,96,0,1
prefill,11,198,189,0,96,0,1
prefill,11,199,190,0,96,0,1
prefill,11,200,191,0,96,0,1
prefill,11,201,192,0,96,0,1
prefill,11,202,193,0,96,0,1
prefill,11,203,196,0,96,0,1
prefill,11,204,197,0,96,0,1
prefill,11,205,198,0,96,0,1
prefill,11,206,199,0,96,0,1
prefill,11,207,200,0,96,0,1
prefill,11,208,201,0,96,0,1
prefill,11,209,202,0,96,0,1
prefill,11,210,203,0,96,0,1
prefill,11,211,204,0,96,0,1
prefill,11,212,205,0,96,0,1
prefill,11,213,206,0,96,0,1
prefill,11,214,207,0,96,0,1
prefill,11,215,208,0,96,0,1
prefill,11,216,210,0,96,0,1
prefill,11,217,211,0,96,0,1
prefill,11,218,212,0,96,0,1
prefill,11,219,213,0,96,0,1
prefill,11,220,214,0,96,0,1
prefill,11,221,215,0,96,0,1
prefill,11,222,216,0,96,0,1
prefill,11,223,217,0,96,0,1
prefill,11,224,218,0,96,0,1
prefill,11,225,219,0,96,0,1
prefill,11,226,220,0,96,0,1
prefill,11,227,221,0,96,0,1
prefill,11,228,222,0,96,0,1
prefill,11,229,224,0,96,0,1
prefill,11,230,225,0,96,0,1
prefill,11,231,227,0,96,0,1
prefill,11,232,228,0,96,0,1
prefill,11,233,229,0,96,0,1
prefill,11,234,230,0,96,0,1
prefill,11,235,231,0,96,0,1
prefill,11,236,233,0,96,0,1
prefill,11,237,234,0,96,0,1
prefill,11,238,235,0,96,0,1
prefill,11,239,236,0,96,0,1
prefill,11,240,237,0,96,0,1
prefill,11,241,238,0,96,0,1
prefill,11,242,239,0,96,0,1
prefill,11,243,241,0,96,0,1
prefill,11,244,242,0,96,0,1
prefill,11,245,243,0,96,0,1
prefill,11,246,244,0,96,0,1
prefill,11,247,245,0,96,0,1
prefill,11,248,246,0,96,0,1
prefill,11,249,247,0,96,0,1
prefill,11,250,248,0,96,0,1
prefill,11,251,249,0,96,0,1
prefill,11,252,250,0,96,0,1
prefill,11,253,251,0,96,0,1
prefill,11,254,252,0,96,0,1
prefill,11,255,254,0,96,0,1
prefill,11,256,255,0,96,0,1
prefill,12,1,124,12,96,0.125,0.125
prefill,12,2,228,11,96,0.114583333333333,0.239583333333333
prefill,12,3,250,11,96,0.114583333333333,0.354166666666667
prefill,12,4,189,10,96,0.104166666666667,0.458333333333333
prefill,12,5,164,8,96,0.0833333333333333,0.541666666666667
prefill,12,6,175,6,96,0.0625,0.604166666666667
prefill,12,7,14,3,96,0.03125,0.635416666666667
prefill,12,8,100,3,96,0.03125,0.666666666666667
prefill,12,9,229,3,96,0.03125,0.697916666666667
prefill,12,10,43,2,96,0.0208333333333333,0.71875
prefill,12,11,114,2,96,0.0208333333333333,0.739583333333333
prefill,12,12,159,2,96,0.0208333333333333,0.760416666666667
prefill,12,13,190,2,96,0.0208333333333333,0.78125
prefill,12,14,220,2,96,0.0208333333333333,0.802083333333333
prefill,12,15,244,2,96,0.0208333333333333,0.822916666666667
prefill,12,16,19,1,96,0.0104166666666667,0.833333333333333
prefill,12,17,39,1,96,0.0104166666666667,0.84375
prefill,12,18,80,1,96,0.0104166666666667,0.854166666666667
prefill,12,19,89,1,96,0.0104166666666667,0.864583333333333
prefill,12,20,93,1,96,0.0104166666666667,0.875
prefill,12,21,111,1,96,0.0104166666666667,0.885416666666667
prefill,12,22,115,1,96,0.0104166666666667,0.895833333333333
prefill,12,23,127,1,96,0.0104166666666667,0.90625
prefill,12,24,133,1,96,0.0104166666666667,0.916666666666667
prefill,12,25,151,1,96,0.0104166666666667,0.927083333333333
prefill,12,26,154,1,96,0.0104166666666667,0.9375
prefill,12,27,156,1,96,0.0104166666666667,0.947916666666666
prefill,12,28,176,1,96,0.0104166666666667,0.958333333333333
prefill,12,29,183,1,96,0.0104166666666667,0.96875
prefill,12,30,187,1,96,0.0104166666666667,0.979166666666666
prefill,12,31,247,1,96,0.0104166666666667,0.989583333333333
prefill,12,32,255,1,96,0.0104166666666667,1
prefill,12,33,0,0,96,0,1
prefill,12,34,1,0,96,0,1
prefill,12,35,2,0,96,0,1
prefill,12,36,3,0,96,0,1
prefill,12,37,4,0,96,0,1
prefill,12,38,5,0,96,0,1
prefill,12,39,6,0,96,0,1
prefill,12,40,7,0,96,0,1
prefill,12,41,8,0,96,0,1
prefill,12,42,9,0,96,0,1
prefill,12,43,10,0,96,0,1
prefill,12,44,11,0,96,0,1
prefill,12,45,12,0,96,0,1
prefill,12,46,13,0,96,0,1
prefill,12,47,15,0,96,0,1
prefill,12,48,16,0,96,0,1
prefill,12,49,17,0,96,0,1
prefill,12,50,18,0,96,0,1
prefill,12,51,20,0,96,0,1
prefill,12,52,21,0,96,0,1
prefill,12,53,22,0,96,0,1
prefill,12,54,23,0,96,0,1
prefill,12,55,24,0,96,0,1
prefill,12,56,25,0,96,0,1
prefill,12,57,26,0,96,0,1
prefill,12,58,27,0,96,0,1
prefill,12,59,28,0,96,0,1
prefill,12,60,29,0,96,0,1
prefill,12,61,30,0,96,0,1
prefill,12,62,31,0,96,0,1
prefill,12,63,32,0,96,0,1
prefill,12,64,33,0,96,0,1
prefill,12,65,34,0,96,0,1
prefill,12,66,35,0,96,0,1
prefill,12,67,36,0,96,0,1
prefill,12,68,37,0,96,0,1
prefill,12,69,38,0,96,0,1
prefill,12,70,40,0,96,0,1
prefill,12,71,41,0,96,0,1
prefill,12,72,42,0,96,0,1
prefill,12,73,44,0,96,0,1
prefill,12,74,45,0,96,0,1
prefill,12,75,46,0,96,0,1
prefill,12,76,47,0,96,0,1
prefill,12,77,48,0,96,0,1
prefill,12,78,49,0,96,0,1
prefill,12,79,50,0,96,0,1
prefill,12,80,51,0,96,0,1
prefill,12,81,52,0,96,0,1
prefill,12,82,53,0,96,0,1
prefill,12,83,54,0,96,0,1
prefill,12,84,55,0,96,0,1
prefill,12,85,56,0,96,0,1
prefill,12,86,57,0,96,0,1
prefill,12,87,58,0,96,0,1
prefill,12,88,59,0,96,0,1
prefill,12,89,60,0,96,0,1
prefill,12,90,61,0,96,0,1
prefill,12,91,62,0,96,0,1
prefill,12,92,63,0,96,0,1
prefill,12,93,64,0,96,0,1
prefill,12,94,65,0,96,0,1
prefill,12,95,66,0,96,0,1
prefill,12,96,67,0,96,0,1
prefill,12,97,68,0,96,0,1
prefill,12,98,69,0,96,0,1
prefill,12,99,70,0,96,0,1
prefill,12,100,71,0,96,0,1
prefill,12,101,72,0,96,0,1
prefill,12,102,73,0,96,0,1
prefill,12,103,74,0,96,0,1
prefill,12,104,75,0,96,0,1
prefill,12,105,76,0,96,0,1
prefill,12,106,77,0,96,0,1
prefill,12,107,78,0,96,0,1
prefill,12,108,79,0,96,0,1
prefill,12,109,81,0,96,0,1
prefill,12,110,82,0,96,0,1
prefill,12,111,83,0,96,0,1
prefill,12,112,84,0,96,0,1
prefill,12,113,85,0,96,0,1
prefill,12,114,86,0,96,0,1
prefill,12,115,87,0,96,0,1
prefill,12,116,88,0,96,0,1
prefill,12,117,90,0,96,0,1
prefill,12,118,91,0,96,0,1
prefill,12,119,92,0,96,0,1
prefill,12,120,94,0,96,0,1
prefill,12,121,95,0,96,0,1
prefill,12,122,96,0,96,0,1
prefill,12,123,97,0,96,0,1
prefill,12,124,98,0,96,0,1
prefill,12,125,99,0,96,0,1
prefill,12,126,101,0,96,0,1
prefill,12,127,102,0,96,0,1
prefill,12,128,103,0,96,0,1
prefill,12,129,104,0,96,0,1
prefill,12,130,105,0,96,0,1
prefill,12,131,106,0,96,0,1
prefill,12,132,107,0,96,0,1
prefill,12,133,108,0,96,0,1
prefill,12,134,109,0,96,0,1
prefill,12,135,110,0,96,0,1
prefill,12,136,112,0,96,0,1
prefill,12,137,113,0,96,0,1
prefill,12,138,116,0,96,0,1
prefill,12,139,117,0,96,0,1
prefill,12,140,118,0,96,0,1
prefill,12,141,119,0,96,0,1
prefill,12,142,120,0,96,0,1
prefill,12,143,121,0,96,0,1
prefill,12,144,122,0,96,0,1
prefill,12,145,123,0,96,0,1
prefill,12,146,125,0,96,0,1
prefill,12,147,126,0,96,0,1
prefill,12,148,128,0,96,0,1
prefill,12,149,129,0,96,0,1
prefill,12,150,130,0,96,0,1
prefill,12,151,131,0,96,0,1
prefill,12,152,132,0,96,0,1
prefill,12,153,134,0,96,0,1
prefill,12,154,135,0,96,0,1
prefill,12,155,136,0,96,0,1
prefill,12,156,137,0,96,0,1
prefill,12,157,138,0,96,0,1
prefill,12,158,139,0,96,0,1
prefill,12,159,140,0,96,0,1
prefill,12,160,141,0,96,0,1
prefill,12,161,142,0,96,0,1
prefill,12,162,143,0,96,0,1
prefill,12,163,144,0,96,0,1
prefill,12,164,145,0,96,0,1
prefill,12,165,146,0,96,0,1
prefill,12,166,147,0,96,0,1
prefill,12,167,148,0,96,0,1
prefill,12,168,149,0,96,0,1
prefill,12,169,150,0,96,0,1
prefill,12,170,152,0,96,0,1
prefill,12,171,153,0,96,0,1
prefill,12,172,155,0,96,0,1
prefill,12,173,157,0,96,0,1
prefill,12,174,158,0,96,0,1
prefill,12,175,160,0,96,0,1
prefill,12,176,161,0,96,0,1
prefill,12,177,162,0,96,0,1
prefill,12,178,163,0,96,0,1
prefill,12,179,165,0,96,0,1
prefill,12,180,166,0,96,0,1
prefill,12,181,167,0,96,0,1
prefill,12,182,168,0,96,0,1
prefill,12,183,169,0,96,0,1
prefill,12,184,170,0,96,0,1
prefill,12,185,171,0,96,0,1
prefill,12,186,172,0,96,0,1
prefill,12,187,173,0,96,0,1
prefill,12,188,174,0,96,0,1
prefill,12,189,177,0,96,0,1
prefill,12,190,178,0,96,0,1
prefill,12,191,179,0,96,0,1
prefill,12,192,180,0,96,0,1
prefill,12,193,181,0,96,0,1
prefill,12,194,182,0,96,0,1
prefill,12,195,184,0,96,0,1
prefill,12,196,185,0,96,0,1
prefill,12,197,186,0,96,0,1
prefill,12,198,188,0,96,0,1
prefill,12,199,191,0,96,0,1
prefill,12,200,192,0,96,0,1
prefill,12,201,193,0,96,0,1
prefill,12,202,194,0,96,0,1
prefill,12,203,195,0,96,0,1
prefill,12,204,196,0,96,0,1
prefill,12,205,197,0,96,0,1
prefill,12,206,198,0,96,0,1
prefill,12,207,199,0,96,0,1
prefill,12,208,200,0,96,0,1
prefill,12,209,201,0,96,0,1
prefill,12,210,202,0,96,0,1
prefill,12,211,203,0,96,0,1
prefill,12,212,204,0,96,0,1
prefill,12,213,205,0,96,0,1
prefill,12,214,206,0,96,0,1
prefill,12,215,207,0,96,0,1
prefill,12,216,208,0,96,0,1
prefill,12,217,209,0,96,0,1
prefill,12,218,210,0,96,0,1
prefill,12,219,211,0,96,0,1
prefill,12,220,212,0,96,0,1
prefill,12,221,213,0,96,0,1
prefill,12,222,214,0,96,0,1
prefill,12,223,215,0,96,0,1
prefill,12,224,216,0,96,0,1
prefill,12,225,217,0,96,0,1
prefill,12,226,218,0,96,0,1
prefill,12,227,219,0,96,0,1
prefill,12,228,221,0,96,0,1
prefill,12,229,222,0,96,0,1
prefill,12,230,223,0,96,0,1
prefill,12,231,224,0,96,0,1
prefill,12,232,225,0,96,0,1
prefill,12,233,226,0,96,0,1
prefill,12,234,227,0,96,0,1
prefill,12,235,230,0,96,0,1
prefill,12,236,231,0,96,0,1
prefill,12,237,232,0,96,0,1
prefill,12,238,233,0,96,0,1
prefill,12,239,234,0,96,0,1
prefill,12,240,235,0,96,0,1
prefill,12,241,236,0,96,0,1
prefill,12,242,237,0,96,0,1
prefill,12,243,238,0,96,0,1
prefill,12,244,239,0,96,0,1
prefill,12,245,240,0,96,0,1
prefill,12,246,241,0,96,0,1
prefill,12,247,242,0,96,0,1
prefill,12,248,243,0,96,0,1
prefill,12,249,245,0,96,0,1
prefill,12,250,246,0,96,0,1
prefill,12,251,248,0,96,0,1
prefill,12,252,249,0,96,0,1
prefill,12,253,251,0,96,0,1
prefill,12,254,252,0,96,0,1
prefill,12,255,253,0,96,0,1
prefill,12,256,254,0,96,0,1
prefill,13,1,72,14,96,0.145833333333333,0.145833333333333
prefill,13,2,59,10,96,0.104166666666667,0.25
prefill,13,3,183,9,96,0.09375,0.34375
prefill,13,4,62,8,96,0.0833333333333333,0.427083333333333
prefill,13,5,143,7,96,0.0729166666666667,0.5
prefill,13,6,179,7,96,0.0729166666666667,0.572916666666667
prefill,13,7,39,6,96,0.0625,0.635416666666667
prefill,13,8,19,5,96,0.0520833333333333,0.6875
prefill,13,9,235,5,96,0.0520833333333333,0.739583333333333
prefill,13,10,47,2,96,0.0208333333333333,0.760416666666667
prefill,13,11,87,2,96,0.0208333333333333,0.78125
prefill,13,12,132,2,96,0.0208333333333333,0.802083333333333
prefill,13,13,248,2,96,0.0208333333333333,0.822916666666667
prefill,13,14,4,1,96,0.0104166666666667,0.833333333333333
prefill,13,15,9,1,96,0.0104166666666667,0.84375
prefill,13,16,12,1,96,0.0104166666666667,0.854166666666667
prefill,13,17,33,1,96,0.0104166666666667,0.864583333333333
prefill,13,18,36,1,96,0.0104166666666667,0.875
prefill,13,19,44,1,96,0.0104166666666667,0.885416666666667
prefill,13,20,51,1,96,0.0104166666666667,0.895833333333333
prefill,13,21,95,1,96,0.0104166666666667,0.90625
prefill,13,22,97,1,96,0.0104166666666667,0.916666666666667
prefill,13,23,100,1,96,0.0104166666666667,0.927083333333333
prefill,13,24,107,1,96,0.0104166666666667,0.9375
prefill,13,25,115,1,96,0.0104166666666667,0.947916666666666
prefill,13,26,129,1,96,0.0104166666666667,0.958333333333333
prefill,13,27,135,1,96,0.0104166666666667,0.96875
prefill,13,28,155,1,96,0.0104166666666667,0.979166666666666
prefill,13,29,198,1,96,0.0104166666666667,0.989583333333333
prefill,13,30,249,1,96,0.0104166666666667,1
prefill,13,31,0,0,96,0,1
prefill,13,32,1,0,96,0,1
prefill,13,33,2,0,96,0,1
prefill,13,34,3,0,96,0,1
prefill,13,35,5,0,96,0,1
prefill,13,36,6,0,96,0,1
prefill,13,37,7,0,96,0,1
prefill,13,38,8,0,96,0,1
prefill,13,39,10,0,96,0,1
prefill,13,40,11,0,96,0,1
prefill,13,41,13,0,96,0,1
prefill,13,42,14,0,96,0,1
prefill,13,43,15,0,96,0,1
prefill,13,44,16,0,96,0,1
prefill,13,45,17,0,96,0,1
prefill,13,46,18,0,96,0,1
prefill,13,47,20,0,96,0,1
prefill,13,48,21,0,96,0,1
prefill,13,49,22,0,96,0,1
prefill,13,50,23,0,96,0,1
prefill,13,51,24,0,96,0,1
prefill,13,52,25,0,96,0,1
prefill,13,53,26,0,96,0,1
prefill,13,54,27,0,96,0,1
prefill,13,55,28,0,96,0,1
prefill,13,56,29,0,96,0,1
prefill,13,57,30,0,96,0,1
prefill,13,58,31,0,96,0,1
prefill,13,59,32,0,96,0,1
prefill,13,60,34,0,96,0,1
prefill,13,61,35,0,96,0,1
prefill,13,62,37,0,96,0,1
prefill,13,63,38,0,96,0,1
prefill,13,64,40,0,96,0,1
prefill,13,65,41,0,96,0,1
prefill,13,66,42,0,96,0,1
prefill,13,67,43,0,96,0,1
prefill,13,68,45,0,96,0,1
prefill,13,69,46,0,96,0,1
prefill,13,70,48,0,96,0,1
prefill,13,71,49,0,96,0,1
prefill,13,72,50,0,96,0,1
prefill,13,73,52,0,96,0,1
prefill,13,74,53,0,96,0,1
prefill,13,75,54,0,96,0,1
prefill,13,76,55,0,96,0,1
prefill,13,77,56,0,96,0,1
prefill,13,78,57,0,96,0,1
prefill,13,79,58,0,96,0,1
prefill,13,80,60,0,96,0,1
prefill,13,81,61,0,96,0,1
prefill,13,82,63,0,96,0,1
prefill,13,83,64,0,96,0,1
prefill,13,84,65,0,96,0,1
prefill,13,85,66,0,96,0,1
prefill,13,86,67,0,96,0,1
prefill,13,87,68,0,96,0,1
prefill,13,88,69,0,96,0,1
prefill,13,89,70,0,96,0,1
prefill,13,90,71,0,96,0,1
prefill,13,91,73,0,96,0,1
prefill,13,92,74,0,96,0,1
prefill,13,93,75,0,96,0,1
prefill,13,94,76,0,96,0,1
prefill,13,95,77,0,96,0,1
prefill,13,96,78,0,96,0,1
prefill,13,97,79,0,96,0,1
prefill,13,98,80,0,96,0,1
prefill,13,99,81,0,96,0,1
prefill,13,100,82,0,96,0,1
prefill,13,101,83,0,96,0,1
prefill,13,102,84,0,96,0,1
prefill,13,103,85,0,96,0,1
prefill,13,104,86,0,96,0,1
prefill,13,105,88,0,96,0,1
prefill,13,106,89,0,96,0,1
prefill,13,107,90,0,96,0,1
prefill,13,108,91,0,96,0,1
prefill,13,109,92,0,96,0,1
prefill,13,110,93,0,96,0,1
prefill,13,111,94,0,96,0,1
prefill,13,112,96,0,96,0,1
prefill,13,113,98,0,96,0,1
prefill,13,114,99,0,96,0,1
prefill,13,115,101,0,96,0,1
prefill,13,116,102,0,96,0,1
prefill,13,117,103,0,96,0,1
prefill,13,118,104,0,96,0,1
prefill,13,119,105,0,96,0,1
prefill,13,120,106,0,96,0,1
prefill,13,121,108,0,96,0,1
prefill,13,122,109,0,96,0,1
prefill,13,123,110,0,96,0,1
prefill,13,124,111,0,96,0,1
prefill,13,125,112,0,96,0,1
prefill,13,126,113,0,96,0,1
prefill,13,127,114,0,96,0,1
prefill,13,128,116,0,96,0,1
prefill,13,129,117,0,96,0,1
prefill,13,130,118,0,96,0,1
prefill,13,131,119,0,96,0,1
prefill,13,132,120,0,96,0,1
prefill,13,133,121,0,96,0,1
prefill,13,134,122,0,96,0,1
prefill,13,135,123,0,96,0,1
prefill,13,136,124,0,96,0,1
prefill,13,137,125,0,96,0,1
prefill,13,138,126,0,96,0,1
prefill,13,139,127,0,96,0,1
prefill,13,140,128,0,96,0,1
prefill,13,141,130,0,96,0,1
prefill,13,142,131,0,96,0,1
prefill,13,143,133,0,96,0,1
prefill,13,144,134,0,96,0,1
prefill,13,145,136,0,96,0,1
prefill,13,146,137,0,96,0,1
prefill,13,147,138,0,96,0,1
prefill,13,148,139,0,96,0,1
prefill,13,149,140,0,96,0,1
prefill,13,150,141,0,96,0,1
prefill,13,151,142,0,96,0,1
prefill,13,152,144,0,96,0,1
prefill,13,153,145,0,96,0,1
prefill,13,154,146,0,96,0,1
prefill,13,155,147,0,96,0,1
prefill,13,156,148,0,96,0,1
prefill,13,157,149,0,96,0,1
prefill,13,158,150,0,96,0,1
prefill,13,159,151,0,96,0,1
prefill,13,160,152,0,96,0,1
prefill,13,161,153,0,96,0,1
prefill,13,162,154,0,96,0,1
prefill,13,163,156,0,96,0,1
prefill,13,164,157,0,96,0,1
prefill,13,165,158,0,96,0,1
prefill,13,166,159,0,96,0,1
prefill,13,167,160,0,96,0,1
prefill,13,168,161,0,96,0,1
prefill,13,169,162,0,96,0,1
prefill,13,170,163,0,96,0,1
prefill,13,171,164,0,96,0,1
prefill,13,172,165,0,96,0,1
prefill,13,173,166,0,96,0,1
prefill,13,174,167,0,96,0,1
prefill,13,175,168,0,96,0,1
prefill,13,176,169,0,96,0,1
prefill,13,177,170,0,96,0,1
prefill,13,178,171,0,96,0,1
prefill,13,179,172,0,96,0,1
prefill,13,180,173,0,96,0,1
prefill,13,181,174,0,96,0,1
prefill,13,182,175,0,96,0,1
prefill,13,183,176,0,96,0,1
prefill,13,184,177,0,96,0,1
prefill,13,185,178,0,96,0,1
prefill,13,186,180,0,96,0,1
prefill,13,187,181,0,96,0,1
prefill,13,188,182,0,96,0,1
prefill,13,189,184,0,96,0,1
prefill,13,190,185,0,96,0,1
prefill,13,191,186,0,96,0,1
prefill,13,192,187,0,96,0,1
prefill,13,193,188,0,96,0,1
prefill,13,194,189,0,96,0,1
prefill,13,195,190,0,96,0,1
prefill,13,196,191,0,96,0,1
prefill,13,197,192,0,96,0,1
prefill,13,198,193,0,96,0,1
prefill,13,199,194,0,96,0,1
prefill,13,200,195,0,96,0,1
prefill,13,201,196,0,96,0,1
prefill,13,202,197,0,96,0,1
prefill,13,203,199,0,96,0,1
prefill,13,204,200,0,96,0,1
prefill,13,205,201,0,96,0,1
prefill,13,206,202,0,96,0,1
prefill,13,207,203,0,96,0,1
prefill,13,208,204,0,96,0,1
prefill,13,209,205,0,96,0,1
prefill,13,210,206,0,96,0,1
prefill,13,211,207,0,96,0,1
prefill,13,212,208,0,96,0,1
prefill,13,213,209,0,96,0,1
prefill,13,214,210,0,96,0,1
prefill,13,215,211,0,96,0,1
prefill,13,216,212,0,96,0,1
prefill,13,217,213,0,96,0,1
prefill,13,218,214,0,96,0,1
prefill,13,219,215,0,96,0,1
prefill,13,220,216,0,96,0,1
prefill,13,221,217,0,96,0,1
prefill,13,222,218,0,96,0,1
prefill,13,223,219,0,96,0,1
prefill,13,224,220,0,96,0,1
prefill,13,225,221,0,96,0,1
prefill,13,226,222,0,96,0,1
prefill,13,227,223,0,96,0,1
prefill,13,228,224,0,96,0,1
prefill,13,229,225,0,96,0,1
prefill,13,230,226,0,96,0,1
prefill,13,231,227,0,96,0,1
prefill,13,232,228,0,96,0,1
prefill,13,233,229,0,96,0,1
prefill,13,234,230,0,96,0,1
prefill,13,235,231,0,96,0,1
prefill,13,236,232,0,96,0,1
prefill,13,237,233,0,96,0,1
prefill,13,238,234,0,96,0,1
prefill,13,239,236,0,96,0,1
prefill,13,240,237,0,96,0,1
prefill,13,241,238,0,96,0,1
prefill,13,242,239,0,96,0,1
prefill,13,243,240,0,96,0,1
prefill,13,244,241,0,96,0,1
prefill,13,245,242,0,96,0,1
prefill,13,246,243,0,96,0,1
prefill,13,247,244,0,96,0,1
prefill,13,248,245,0,96,0,1
prefill,13,249,246,0,96,0,1
prefill,13,250,247,0,96,0,1
prefill,13,251,250,0,96,0,1
prefill,13,252,251,0,96,0,1
prefill,13,253,252,0,96,0,1
prefill,13,254,253,0,96,0,1
prefill,13,255,254,0,96,0,1
prefill,13,256,255,0,96,0,1
prefill,14,1,61,13,96,0.135416666666667,0.135416666666667
prefill,14,2,200,13,96,0.135416666666667,0.270833333333333
prefill,14,3,83,12,96,0.125,0.395833333333333
prefill,14,4,70,11,96,0.114583333333333,0.510416666666667
prefill,14,5,164,7,96,0.0729166666666667,0.583333333333333
prefill,14,6,125,6,96,0.0625,0.645833333333333
prefill,14,7,197,6,96,0.0625,0.708333333333333
prefill,14,8,188,4,96,0.0416666666666667,0.75
prefill,14,9,38,3,96,0.03125,0.78125
prefill,14,10,109,3,96,0.03125,0.8125
prefill,14,11,0,1,96,0.0104166666666667,0.822916666666667
prefill,14,12,4,1,96,0.0104166666666667,0.833333333333333
prefill,14,13,7,1,96,0.0104166666666667,0.84375
prefill,14,14,16,1,96,0.0104166666666667,0.854166666666666
prefill,14,15,21,1,96,0.0104166666666667,0.864583333333333
prefill,14,16,30,1,96,0.0104166666666667,0.875
prefill,14,17,33,1,96,0.0104166666666667,0.885416666666666
prefill,14,18,35,1,96,0.0104166666666667,0.895833333333333
prefill,14,19,59,1,96,0.0104166666666667,0.90625
prefill,14,20,88,1,96,0.0104166666666667,0.916666666666666
prefill,14,21,147,1,96,0.0104166666666667,0.927083333333333
prefill,14,22,173,1,96,0.0104166666666667,0.937499999999999
prefill,14,23,184,1,96,0.0104166666666667,0.947916666666666
prefill,14,24,196,1,96,0.0104166666666667,0.958333333333333
prefill,14,25,224,1,96,0.0104166666666667,0.968749999999999
prefill,14,26,225,1,96,0.0104166666666667,0.979166666666666
prefill,14,27,244,1,96,0.0104166666666667,0.989583333333333
prefill,14,28,250,1,96,0.0104166666666667,0.999999999999999
prefill,14,29,1,0,96,0,0.999999999999999
prefill,14,30,2,0,96,0,0.999999999999999
prefill,14,31,3,0,96,0,0.999999999999999
prefill,14,32,5,0,96,0,0.999999999999999
prefill,14,33,6,0,96,0,0.999999999999999
prefill,14,34,8,0,96,0,0.999999999999999
prefill,14,35,9,0,96,0,0.999999999999999
prefill,14,36,10,0,96,0,0.999999999999999
prefill,14,37,11,0,96,0,0.999999999999999
prefill,14,38,12,0,96,0,0.999999999999999
prefill,14,39,13,0,96,0,0.999999999999999
prefill,14,40,14,0,96,0,0.999999999999999
prefill,14,41,15,0,96,0,0.999999999999999
prefill,14,42,17,0,96,0,0.999999999999999
prefill,14,43,18,0,96,0,0.999999999999999
prefill,14,44,19,0,96,0,0.999999999999999
prefill,14,45,20,0,96,0,0.999999999999999
prefill,14,46,22,0,96,0,0.999999999999999
prefill,14,47,23,0,96,0,0.999999999999999
prefill,14,48,24,0,96,0,0.999999999999999
prefill,14,49,25,0,96,0,0.999999999999999
prefill,14,50,26,0,96,0,0.999999999999999
prefill,14,51,27,0,96,0,0.999999999999999
prefill,14,52,28,0,96,0,0.999999999999999
prefill,14,53,29,0,96,0,0.999999999999999
prefill,14,54,31,0,96,0,0.999999999999999
prefill,14,55,32,0,96,0,0.999999999999999
prefill,14,56,34,0,96,0,0.999999999999999
prefill,14,57,36,0,96,0,0.999999999999999
prefill,14,58,37,0,96,0,0.999999999999999
prefill,14,59,39,0,96,0,0.999999999999999
prefill,14,60,40,0,96,0,0.999999999999999
prefill,14,61,41,0,96,0,0.999999999999999
prefill,14,62,42,0,96,0,0.999999999999999
prefill,14,63,43,0,96,0,0.999999999999999
prefill,14,64,44,0,96,0,0.999999999999999
prefill,14,65,45,0,96,0,0.999999999999999
prefill,14,66,46,0,96,0,0.999999999999999
prefill,14,67,47,0,96,0,0.999999999999999
prefill,14,68,48,0,96,0,0.999999999999999
prefill,14,69,49,0,96,0,0.999999999999999
prefill,14,70,50,0,96,0,0.999999999999999
prefill,14,71,51,0,96,0,0.999999999999999
prefill,14,72,52,0,96,0,0.999999999999999
prefill,14,73,53,0,96,0,0.999999999999999
prefill,14,74,54,0,96,0,0.999999999999999
prefill,14,75,55,0,96,0,0.999999999999999
prefill,14,76,56,0,96,0,0.999999999999999
prefill,14,77,57,0,96,0,0.999999999999999
prefill,14,78,58,0,96,0,0.999999999999999
prefill,14,79,60,0,96,0,0.999999999999999
prefill,14,80,62,0,96,0,0.999999999999999
prefill,14,81,63,0,96,0,0.999999999999999
prefill,14,82,64,0,96,0,0.999999999999999
prefill,14,83,65,0,96,0,0.999999999999999
prefill,14,84,66,0,96,0,0.999999999999999
prefill,14,85,67,0,96,0,0.999999999999999
prefill,14,86,68,0,96,0,0.999999999999999
prefill,14,87,69,0,96,0,0.999999999999999
prefill,14,88,71,0,96,0,0.999999999999999
prefill,14,89,72,0,96,0,0.999999999999999
prefill,14,90,73,0,96,0,0.999999999999999
prefill,14,91,74,0,96,0,0.999999999999999
prefill,14,92,75,0,96,0,0.999999999999999
prefill,14,93,76,0,96,0,0.999999999999999
prefill,14,94,77,0,96,0,0.999999999999999
prefill,14,95,78,0,96,0,0.999999999999999
prefill,14,96,79,0,96,0,0.999999999999999
prefill,14,97,80,0,96,0,0.999999999999999
prefill,14,98,81,0,96,0,0.999999999999999
prefill,14,99,82,0,96,0,0.999999999999999
prefill,14,100,84,0,96,0,0.999999999999999
prefill,14,101,85,0,96,0,0.999999999999999
prefill,14,102,86,0,96,0,0.999999999999999
prefill,14,103,87,0,96,0,0.999999999999999
prefill,14,104,89,0,96,0,0.999999999999999
prefill,14,105,90,0,96,0,0.999999999999999
prefill,14,106,91,0,96,0,0.999999999999999
prefill,14,107,92,0,96,0,0.999999999999999
prefill,14,108,93,0,96,0,0.999999999999999
prefill,14,109,94,0,96,0,0.999999999999999
prefill,14,110,95,0,96,0,0.999999999999999
prefill,14,111,96,0,96,0,0.999999999999999
prefill,14,112,97,0,96,0,0.999999999999999
prefill,14,113,98,0,96,0,0.999999999999999
prefill,14,114,99,0,96,0,0.999999999999999
prefill,14,115,100,0,96,0,0.999999999999999
prefill,14,116,101,0,96,0,0.999999999999999
prefill,14,117,102,0,96,0,0.999999999999999
prefill,14,118,103,0,96,0,0.999999999999999
prefill,14,119,104,0,96,0,0.999999999999999
prefill,14,120,105,0,96,0,0.999999999999999
prefill,14,121,106,0,96,0,0.999999999999999
prefill,14,122,107,0,96,0,0.999999999999999
prefill,14,123,108,0,96,0,0.999999999999999
prefill,14,124,110,0,96,0,0.999999999999999
prefill,14,125,111,0,96,0,0.999999999999999
prefill,14,126,112,0,96,0,0.999999999999999
prefill,14,127,113,0,96,0,0.999999999999999
prefill,14,128,114,0,96,0,0.999999999999999
prefill,14,129,115,0,96,0,0.999999999999999
prefill,14,130,116,0,96,0,0.999999999999999
prefill,14,131,117,0,96,0,0.999999999999999
prefill,14,132,118,0,96,0,0.999999999999999
prefill,14,133,119,0,96,0,0.999999999999999
prefill,14,134,120,0,96,0,0.999999999999999
prefill,14,135,121,0,96,0,0.999999999999999
prefill,14,136,122,0,96,0,0.999999999999999
prefill,14,137,123,0,96,0,0.999999999999999
prefill,14,138,124,0,96,0,0.999999999999999
prefill,14,139,126,0,96,0,0.999999999999999
prefill,14,140,127,0,96,0,0.999999999999999
prefill,14,141,128,0,96,0,0.999999999999999
prefill,14,142,129,0,96,0,0.999999999999999
prefill,14,143,130,0,96,0,0.999999999999999
prefill,14,144,131,0,96,0,0.999999999999999
prefill,14,145,132,0,96,0,0.999999999999999
prefill,14,146,133,0,96,0,0.999999999999999
prefill,14,147,134,0,96,0,0.999999999999999
prefill,14,148,135,0,96,0,0.999999999999999
prefill,14,149,136,0,96,0,0.999999999999999
prefill,14,150,137,0,96,0,0.999999999999999
prefill,14,151,138,0,96,0,0.999999999999999
prefill,14,152,139,0,96,0,0.999999999999999
prefill,14,153,140,0,96,0,0.999999999999999
prefill,14,154,141,0,96,0,0.999999999999999
prefill,14,155,142,0,96,0,0.999999999999999
prefill,14,156,143,0,96,0,0.999999999999999
prefill,14,157,144,0,96,0,0.999999999999999
prefill,14,158,145,0,96,0,0.999999999999999
prefill,14,159,146,0,96,0,0.999999999999999
prefill,14,160,148,0,96,0,0.999999999999999
prefill,14,161,149,0,96,0,0.999999999999999
prefill,14,162,150,0,96,0,0.999999999999999
prefill,14,163,151,0,96,0,0.999999999999999
prefill,14,164,152,0,96,0,0.999999999999999
prefill,14,165,153,0,96,0,0.999999999999999
prefill,14,166,154,0,96,0,0.999999999999999
prefill,14,167,155,0,96,0,0.999999999999999
prefill,14,168,156,0,96,0,0.999999999999999
prefill,14,169,157,0,96,0,0.999999999999999
prefill,14,170,158,0,96,0,0.999999999999999
prefill,14,171,159,0,96,0,0.999999999999999
prefill,14,172,160,0,96,0,0.999999999999999
prefill,14,173,161,0,96,0,0.999999999999999
prefill,14,174,162,0,96,0,0.999999999999999
prefill,14,175,163,0,96,0,0.999999999999999
prefill,14,176,165,0,96,0,0.999999999999999
prefill,14,177,166,0,96,0,0.999999999999999
prefill,14,178,167,0,96,0,0.999999999999999
prefill,14,179,168,0,96,0,0.999999999999999
prefill,14,180,169,0,96,0,0.999999999999999
prefill,14,181,170,0,96,0,0.999999999999999
prefill,14,182,171,0,96,0,0.999999999999999
prefill,14,183,172,0,96,0,0.999999999999999
prefill,14,184,174,0,96,0,0.999999999999999
prefill,14,185,175,0,96,0,0.999999999999999
prefill,14,186,176,0,96,0,0.999999999999999
prefill,14,187,177,0,96,0,0.999999999999999
prefill,14,188,178,0,96,0,0.999999999999999
prefill,14,189,179,0,96,0,0.999999999999999
prefill,14,190,180,0,96,0,0.999999999999999
prefill,14,191,181,0,96,0,0.999999999999999
prefill,14,192,182,0,96,0,0.999999999999999
prefill,14,193,183,0,96,0,0.999999999999999
prefill,14,194,185,0,96,0,0.999999999999999
prefill,14,195,186,0,96,0,0.999999999999999
prefill,14,196,187,0,96,0,0.999999999999999
prefill,14,197,189,0,96,0,0.999999999999999
prefill,14,198,190,0,96,0,0.999999999999999
prefill,14,199,191,0,96,0,0.999999999999999
prefill,14,200,192,0,96,0,0.999999999999999
prefill,14,201,193,0,96,0,0.999999999999999
prefill,14,202,194,0,96,0,0.999999999999999
prefill,14,203,195,0,96,0,0.999999999999999
prefill,14,204,198,0,96,0,0.999999999999999
prefill,14,205,199,0,96,0,0.999999999999999
prefill,14,206,201,0,96,0,0.999999999999999
prefill,14,207,202,0,96,0,0.999999999999999
prefill,14,208,203,0,96,0,0.999999999999999
prefill,14,209,204,0,96,0,0.999999999999999
prefill,14,210,205,0,96,0,0.999999999999999
prefill,14,211,206,0,96,0,0.999999999999999
prefill,14,212,207,0,96,0,0.999999999999999
prefill,14,213,208,0,96,0,0.999999999999999
prefill,14,214,209,0,96,0,0.999999999999999
prefill,14,215,210,0,96,0,0.999999999999999
prefill,14,216,211,0,96,0,0.999999999999999
prefill,14,217,212,0,96,0,0.999999999999999
prefill,14,218,213,0,96,0,0.999999999999999
prefill,14,219,214,0,96,0,0.999999999999999
prefill,14,220,215,0,96,0,0.999999999999999
prefill,14,221,216,0,96,0,0.999999999999999
prefill,14,222,217,0,96,0,0.999999999999999
prefill,14,223,218,0,96,0,0.999999999999999
prefill,14,224,219,0,96,0,0.999999999999999
prefill,14,225,220,0,96,0,0.999999999999999
prefill,14,226,221,0,96,0,0.999999999999999
prefill,14,227,222,0,96,0,0.999999999999999
prefill,14,228,223,0,96,0,0.999999999999999
prefill,14,229,226,0,96,0,0.999999999999999
prefill,14,230,227,0,96,0,0.999999999999999
prefill,14,231,228,0,96,0,0.999999999999999
prefill,14,232,229,0,96,0,0.999999999999999
prefill,14,233,230,0,96,0,0.999999999999999
prefill,14,234,231,0,96,0,0.999999999999999
prefill,14,235,232,0,96,0,0.999999999999999
prefill,14,236,233,0,96,0,0.999999999999999
prefill,14,237,234,0,96,0,0.999999999999999
prefill,14,238,235,0,96,0,0.999999999999999
prefill,14,239,236,0,96,0,0.999999999999999
prefill,14,240,237,0,96,0,0.999999999999999
prefill,14,241,238,0,96,0,0.999999999999999
prefill,14,242,239,0,96,0,0.999999999999999
prefill,14,243,240,0,96,0,0.999999999999999
prefill,14,244,241,0,96,0,0.999999999999999
prefill,14,245,242,0,96,0,0.999999999999999
prefill,14,246,243,0,96,0,0.999999999999999
prefill,14,247,245,0,96,0,0.999999999999999
prefill,14,248,246,0,96,0,0.999999999999999
prefill,14,249,247,0,96,0,0.999999999999999
prefill,14,250,248,0,96,0,0.999999999999999
prefill,14,251,249,0,96,0,0.999999999999999
prefill,14,252,251,0,96,0,0.999999999999999
prefill,14,253,252,0,96,0,0.999999999999999
prefill,14,254,253,0,96,0,0.999999999999999
prefill,14,255,254,0,96,0,0.999999999999999
prefill,14,256,255,0,96,0,0.999999999999999
prefill,15,1,45,14,96,0.145833333333333,0.145833333333333
prefill,15,2,236,14,96,0.145833333333333,0.291666666666667
prefill,15,3,157,13,96,0.135416666666667,0.427083333333333
prefill,15,4,90,8,96,0.0833333333333333,0.510416666666667
prefill,15,5,99,8,96,0.0833333333333333,0.59375
prefill,15,6,27,5,96,0.0520833333333333,0.645833333333333
prefill,15,7,92,4,96,0.0416666666666667,0.6875
prefill,15,8,225,4,96,0.0416666666666667,0.729166666666667
prefill,15,9,100,3,96,0.03125,0.760416666666667
prefill,15,10,180,3,96,0.03125,0.791666666666667
prefill,15,11,46,2,96,0.0208333333333333,0.8125
prefill,15,12,161,2,96,0.0208333333333333,0.833333333333333
prefill,15,13,4,1,96,0.0104166666666667,0.84375
prefill,15,14,25,1,96,0.0104166666666667,0.854166666666667
prefill,15,15,60,1,96,0.0104166666666667,0.864583333333333
prefill,15,16,83,1,96,0.0104166666666667,0.875
prefill,15,17,88,1,96,0.0104166666666667,0.885416666666667
prefill,15,18,128,1,96,0.0104166666666667,0.895833333333333
prefill,15,19,129,1,96,0.0104166666666667,0.90625
prefill,15,20,145,1,96,0.0104166666666667,0.916666666666667
prefill,15,21,158,1,96,0.0104166666666667,0.927083333333333
prefill,15,22,176,1,96,0.0104166666666667,0.9375
prefill,15,23,188,1,96,0.0104166666666667,0.947916666666666
prefill,15,24,205,1,96,0.0104166666666667,0.958333333333333
prefill,15,25,207,1,96,0.0104166666666667,0.96875
prefill,15,26,246,1,96,0.0104166666666667,0.979166666666666
prefill,15,27,254,1,96,0.0104166666666667,0.989583333333333
prefill,15,28,255,1,96,0.0104166666666667,1
prefill,15,29,0,0,96,0,1
prefill,15,30,1,0,96,0,1
prefill,15,31,2,0,96,0,1
prefill,15,32,3,0,96,0,1
prefill,15,33,5,0,96,0,1
prefill,15,34,6,0,96,0,1
prefill,15,35,7,0,96,0,1
prefill,15,36,8,0,96,0,1
prefill,15,37,9,0,96,0,1
prefill,15,38,10,0,96,0,1
prefill,15,39,11,0,96,0,1
prefill,15,40,12,0,96,0,1
prefill,15,41,13,0,96,0,1
prefill,15,42,14,0,96,0,1
prefill,15,43,15,0,96,0,1
prefill,15,44,16,0,96,0,1
prefill,15,45,17,0,96,0,1
prefill,15,46,18,0,96,0,1
prefill,15,47,19,0,96,0,1
prefill,15,48,20,0,96,0,1
prefill,15,49,21,0,96,0,1
prefill,15,50,22,0,96,0,1
prefill,15,51,23,0,96,0,1
prefill,15,52,24,0,96,0,1
prefill,15,53,26,0,96,0,1
prefill,15,54,28,0,96,0,1
prefill,15,55,29,0,96,0,1
prefill,15,56,30,0,96,0,1
prefill,15,57,31,0,96,0,1
prefill,15,58,32,0,96,0,1
prefill,15,59,33,0,96,0,1
prefill,15,60,34,0,96,0,1
prefill,15,61,35,0,96,0,1
prefill,15,62,36,0,96,0,1
prefill,15,63,37,0,96,0,1
prefill,15,64,38,0,96,0,1
prefill,15,65,39,0,96,0,1
prefill,15,66,40,0,96,0,1
prefill,15,67,41,0,96,0,1
prefill,15,68,42,0,96,0,1
prefill,15,69,43,0,96,0,1
prefill,15,70,44,0,96,0,1
prefill,15,71,47,0,96,0,1
prefill,15,72,48,0,96,0,1
prefill,15,73,49,0,96,0,1
prefill,15,74,50,0,96,0,1
prefill,15,75,51,0,96,0,1
prefill,15,76,52,0,96,0,1
prefill,15,77,53,0,96,0,1
prefill,15,78,54,0,96,0,1
prefill,15,79,55,0,96,0,1
prefill,15,80,56,0,96,0,1
prefill,15,81,57,0,96,0,1
prefill,15,82,58,0,96,0,1
prefill,15,83,59,0,96,0,1
prefill,15,84,61,0,96,0,1
prefill,15,85,62,0,96,0,1
prefill,15,86,63,0,96,0,1
prefill,15,87,64,0,96,0,1
prefill,15,88,65,0,96,0,1
prefill,15,89,66,0,96,0,1
prefill,15,90,67,0,96,0,1
prefill,15,91,68,0,96,0,1
prefill,15,92,69,0,96,0,1
prefill,15,93,70,0,96,0,1
prefill,15,94,71,0,96,0,1
prefill,15,95,72,0,96,0,1
prefill,15,96,73,0,96,0,1
prefill,15,97,74,0,96,0,1
prefill,15,98,75,0,96,0,1
prefill,15,99,76,0,96,0,1
prefill,15,100,77,0,96,0,1
prefill,15,101,78,0,96,0,1
prefill,15,102,79,0,96,0,1
prefill,15,103,80,0,96,0,1
prefill,15,104,81,0,96,0,1
prefill,15,105,82,0,96,0,1
prefill,15,106,84,0,96,0,1
prefill,15,107,85,0,96,0,1
prefill,15,108,86,0,96,0,1
prefill,15,109,87,0,96,0,1
prefill,15,110,89,0,96,0,1
prefill,15,111,91,0,96,0,1
prefill,15,112,93,0,96,0,1
prefill,15,113,94,0,96,0,1
prefill,15,114,95,0,96,0,1
prefill,15,115,96,0,96,0,1
prefill,15,116,97,0,96,0,1
prefill,15,117,98,0,96,0,1
prefill,15,118,101,0,96,0,1
prefill,15,119,102,0,96,0,1
prefill,15,120,103,0,96,0,1
prefill,15,121,104,0,96,0,1
prefill,15,122,105,0,96,0,1
prefill,15,123,106,0,96,0,1
prefill,15,124,107,0,96,0,1
prefill,15,125,108,0,96,0,1
prefill,15,126,109,0,96,0,1
prefill,15,127,110,0,96,0,1
prefill,15,128,111,0,96,0,1
prefill,15,129,112,0,96,0,1
prefill,15,130,113,0,96,0,1
prefill,15,131,114,0,96,0,1
prefill,15,132,115,0,96,0,1
prefill,15,133,116,0,96,0,1
prefill,15,134,117,0,96,0,1
prefill,15,135,118,0,96,0,1
prefill,15,136,119,0,96,0,1
prefill,15,137,120,0,96,0,1
prefill,15,138,121,0,96,0,1
prefill,15,139,122,0,96,0,1
prefill,15,140,123,0,96,0,1
prefill,15,141,124,0,96,0,1
prefill,15,142,125,0,96,0,1
prefill,15,143,126,0,96,0,1
prefill,15,144,127,0,96,0,1
prefill,15,145,130,0,96,0,1
prefill,15,146,131,0,96,0,1
prefill,15,147,132,0,96,0,1
prefill,15,148,133,0,96,0,1
prefill,15,149,134,0,96,0,1
prefill,15,150,135,0,96,0,1
prefill,15,151,136,0,96,0,1
prefill,15,152,137,0,96,0,1
prefill,15,153,138,0,96,0,1
prefill,15,154,139,0,96,0,1
prefill,15,155,140,0,96,0,1
prefill,15,156,141,0,96,0,1
prefill,15,157,142,0,96,0,1
prefill,15,158,143,0,96,0,1
prefill,15,159,144,0,96,0,1
prefill,15,160,146,0,96,0,1
prefill,15,161,147,0,96,0,1
prefill,15,162,148,0,96,0,1
prefill,15,163,149,0,96,0,1
prefill,15,164,150,0,96,0,1
prefill,15,165,151,0,96,0,1
prefill,15,166,152,0,96,0,1
prefill,15,167,153,0,96,0,1
prefill,15,168,154,0,96,0,1
prefill,15,169,155,0,96,0,1
prefill,15,170,156,0,96,0,1
prefill,15,171,159,0,96,0,1
prefill,15,172,160,0,96,0,1
prefill,15,173,162,0,96,0,1
prefill,15,174,163,0,96,0,1
prefill,15,175,164,0,96,0,1
prefill,15,176,165,0,96,0,1
prefill,15,177,166,0,96,0,1
prefill,15,178,167,0,96,0,1
prefill,15,179,168,0,96,0,1
prefill,15,180,169,0,96,0,1
prefill,15,181,170,0,96,0,1
prefill,15,182,171,0,96,0,1
prefill,15,183,172,0,96,0,1
prefill,15,184,173,0,96,0,1
prefill,15,185,174,0,96,0,1
prefill,15,186,175,0,96,0,1
prefill,15,187,177,0,96,0,1
prefill,15,188,178,0,96,0,1
prefill,15,189,179,0,96,0,1
prefill,15,190,181,0,96,0,1
prefill,15,191,182,0,96,0,1
prefill,15,192,183,0,96,0,1
prefill,15,193,184,0,96,0,1
prefill,15,194,185,0,96,0,1
prefill,15,195,186,0,96,0,1
prefill,15,196,187,0,96,0,1
prefill,15,197,189,0,96,0,1
prefill,15,198,190,0,96,0,1
prefill,15,199,191,0,96,0,1
prefill,15,200,192,0,96,0,1
prefill,15,201,193,0,96,0,1
prefill,15,202,194,0,96,0,1
prefill,15,203,195,0,96,0,1
prefill,15,204,196,0,96,0,1
prefill,15,205,197,0,96,0,1
prefill,15,206,198,0,96,0,1
prefill,15,207,199,0,96,0,1
prefill,15,208,200,0,96,0,1
prefill,15,209,201,0,96,0,1
prefill,15,210,202,0,96,0,1
prefill,15,211,203,0,96,0,1
prefill,15,212,204,0,96,0,1
prefill,15,213,206,0,96,0,1
prefill,15,214,208,0,96,0,1
prefill,15,215,209,0,96,0,1
prefill,15,216,210,0,96,0,1
prefill,15,217,211,0,96,0,1
prefill,15,218,212,0,96,0,1
prefill,15,219,213,0,96,0,1
prefill,15,220,214,0,96,0,1
prefill,15,221,215,0,96,0,1
prefill,15,222,216,0,96,0,1
prefill,15,223,217,0,96,0,1
prefill,15,224,218,0,96,0,1
prefill,15,225,219,0,96,0,1
prefill,15,226,220,0,96,0,1
prefill,15,227,221,0,96,0,1
prefill,15,228,222,0,96,0,1
prefill,15,229,223,0,96,0,1
prefill,15,230,224,0,96,0,1
prefill,15,231,226,0,96,0,1
prefill,15,232,227,0,96,0,1
prefill,15,233,228,0,96,0,1
prefill,15,234,229,0,96,0,1
prefill,15,235,230,0,96,0,1
prefill,15,236,231,0,96,0,1
prefill,15,237,232,0,96,0,1
prefill,15,238,233,0,96,0,1
prefill,15,239,234,0,96,0,1
prefill,15,240,235,0,96,0,1
prefill,15,241,237,0,96,0,1
prefill,15,242,238,0,96,0,1
prefill,15,243,239,0,96,0,1
prefill,15,244,240,0,96,0,1
prefill,15,245,241,0,96,0,1
prefill,15,246,242,0,96,0,1
prefill,15,247,243,0,96,0,1
prefill,15,248,244,0,96,0,1
prefill,15,249,245,0,96,0,1
prefill,15,250,247,0,96,0,1
prefill,15,251,248,0,96,0,1
prefill,15,252,249,0,96,0,1
prefill,15,253,250,0,96,0,1
prefill,15,254,251,0,96,0,1
prefill,15,255,252,0,96,0,1
prefill,15,256,253,0,96,0,1
prefill,16,1,86,14,96,0.145833333333333,0.145833333333333
prefill,16,2,175,14,96,0.145833333333333,0.291666666666667
prefill,16,3,25,12,96,0.125,0.416666666666667
prefill,16,4,76,10,96,0.104166666666667,0.520833333333333
prefill,16,5,9,8,96,0.0833333333333333,0.604166666666667
prefill,16,6,159,4,96,0.0416666666666667,0.645833333333333
prefill,16,7,27,3,96,0.03125,0.677083333333333
prefill,16,8,30,3,96,0.03125,0.708333333333333
prefill,16,9,57,3,96,0.03125,0.739583333333333
prefill,16,10,65,3,96,0.03125,0.770833333333333
prefill,16,11,221,3,96,0.03125,0.802083333333333
prefill,16,12,250,3,96,0.03125,0.833333333333333
prefill,16,13,98,2,96,0.0208333333333333,0.854166666666667
prefill,16,14,131,2,96,0.0208333333333333,0.875
prefill,16,15,155,2,96,0.0208333333333333,0.895833333333333
prefill,16,16,3,1,96,0.0104166666666667,0.90625
prefill,16,17,12,1,96,0.0104166666666667,0.916666666666667
prefill,16,18,100,1,96,0.0104166666666667,0.927083333333333
prefill,16,19,148,1,96,0.0104166666666667,0.9375
prefill,16,20,161,1,96,0.0104166666666667,0.947916666666667
prefill,16,21,165,1,96,0.0104166666666667,0.958333333333333
prefill,16,22,172,1,96,0.0104166666666667,0.96875
prefill,16,23,203,1,96,0.0104166666666667,0.979166666666667
prefill,16,24,205,1,96,0.0104166666666667,0.989583333333333
prefill,16,25,251,1,96,0.0104166666666667,1
prefill,16,26,0,0,96,0,1
prefill,16,27,1,0,96,0,1
prefill,16,28,2,0,96,0,1
prefill,16,29,4,0,96,0,1
prefill,16,30,5,0,96,0,1
prefill,16,31,6,0,96,0,1
prefill,16,32,7,0,96,0,1
prefill,16,33,8,0,96,0,1
prefill,16,34,10,0,96,0,1
prefill,16,35,11,0,96,0,1
prefill,16,36,13,0,96,0,1
prefill,16,37,14,0,96,0,1
prefill,16,38,15,0,96,0,1
prefill,16,39,16,0,96,0,1
prefill,16,40,17,0,96,0,1
prefill,16,41,18,0,96,0,1
prefill,16,42,19,0,96,0,1
prefill,16,43,20,0,96,0,1
prefill,16,44,21,0,96,0,1
prefill,16,45,22,0,96,0,1
prefill,16,46,23,0,96,0,1
prefill,16,47,24,0,96,0,1
prefill,16,48,26,0,96,0,1
prefill,16,49,28,0,96,0,1
prefill,16,50,29,0,96,0,1
prefill,16,51,31,0,96,0,1
prefill,16,52,32,0,96,0,1
prefill,16,53,33,0,96,0,1
prefill,16,54,34,0,96,0,1
prefill,16,55,35,0,96,0,1
prefill,16,56,36,0,96,0,1
prefill,16,57,37,0,96,0,1
prefill,16,58,38,0,96,0,1
prefill,16,59,39,0,96,0,1
prefill,16,60,40,0,96,0,1
prefill,16,61,41,0,96,0,1
prefill,16,62,42,0,96,0,1
prefill,16,63,43,0,96,0,1
prefill,16,64,44,0,96,0,1
prefill,16,65,45,0,96,0,1
prefill,16,66,46,0,96,0,1
prefill,16,67,47,0,96,0,1
prefill,16,68,48,0,96,0,1
prefill,16,69,49,0,96,0,1
prefill,16,70,50,0,96,0,1
prefill,16,71,51,0,96,0,1
prefill,16,72,52,0,96,0,1
prefill,16,73,53,0,96,0,1
prefill,16,74,54,0,96,0,1
prefill,16,75,55,0,96,0,1
prefill,16,76,56,0,96,0,1
prefill,16,77,58,0,96,0,1
prefill,16,78,59,0,96,0,1
prefill,16,79,60,0,96,0,1
prefill,16,80,61,0,96,0,1
prefill,16,81,62,0,96,0,1
prefill,16,82,63,0,96,0,1
prefill,16,83,64,0,96,0,1
prefill,16,84,66,0,96,0,1
prefill,16,85,67,0,96,0,1
prefill,16,86,68,0,96,0,1
prefill,16,87,69,0,96,0,1
prefill,16,88,70,0,96,0,1
prefill,16,89,71,0,96,0,1
prefill,16,90,72,0,96,0,1
prefill,16,91,73,0,96,0,1
prefill,16,92,74,0,96,0,1
prefill,16,93,75,0,96,0,1
prefill,16,94,77,0,96,0,1
prefill,16,95,78,0,96,0,1
prefill,16,96,79,0,96,0,1
prefill,16,97,80,0,96,0,1
prefill,16,98,81,0,96,0,1
prefill,16,99,82,0,96,0,1
prefill,16,100,83,0,96,0,1
prefill,16,101,84,0,96,0,1
prefill,16,102,85,0,96,0,1
prefill,16,103,87,0,96,0,1
prefill,16,104,88,0,96,0,1
prefill,16,105,89,0,96,0,1
prefill,16,106,90,0,96,0,1
prefill,16,107,91,0,96,0,1
prefill,16,108,92,0,96,0,1
prefill,16,109,93,0,96,0,1
prefill,16,110,94,0,96,0,1
prefill,16,111,95,0,96,0,1
prefill,16,112,96,0,96,0,1
prefill,16,113,97,0,96,0,1
prefill,16,114,99,0,96,0,1
prefill,16,115,101,0,96,0,1
prefill,16,116,102,0,96,0,1
prefill,16,117,103,0,96,0,1
prefill,16,118,104,0,96,0,1
prefill,16,119,105,0,96,0,1
prefill,16,120,106,0,96,0,1
prefill,16,121,107,0,96,0,1
prefill,16,122,108,0,96,0,1
prefill,16,123,109,0,96,0,1
prefill,16,124,110,0,96,0,1
prefill,16,125,111,0,96,0,1
prefill,16,126,112,0,96,0,1
prefill,16,127,113,0,96,0,1
prefill,16,128,114,0,96,0,1
prefill,16,129,115,0,96,0,1
prefill,16,130,116,0,96,0,1
prefill,16,131,117,0,96,0,1
prefill,16,132,118,0,96,0,1
prefill,16,133,119,0,96,0,1
prefill,16,134,120,0,96,0,1
prefill,16,135,121,0,96,0,1
prefill,16,136,122,0,96,0,1
prefill,16,137,123,0,96,0,1
prefill,16,138,124,0,96,0,1
prefill,16,139,125,0,96,0,1
prefill,16,140,126,0,96,0,1
prefill,16,141,127,0,96,0,1
prefill,16,142,128,0,96,0,1
prefill,16,143,129,0,96,0,1
prefill,16,144,130,0,96,0,1
prefill,16,145,132,0,96,0,1
prefill,16,146,133,0,96,0,1
prefill,16,147,134,0,96,0,1
prefill,16,148,135,0,96,0,1
prefill,16,149,136,0,96,0,1
prefill,16,150,137,0,96,0,1
prefill,16,151,138,0,96,0,1
prefill,16,152,139,0,96,0,1
prefill,16,153,140,0,96,0,1
prefill,16,154,141,0,96,0,1
prefill,16,155,142,0,96,0,1
prefill,16,156,143,0,96,0,1
prefill,16,157,144,0,96,0,1
prefill,16,158,145,0,96,0,1
prefill,16,159,146,0,96,0,1
prefill,16,160,147,0,96,0,1
prefill,16,161,149,0,96,0,1
prefill,16,162,150,0,96,0,1
prefill,16,163,151,0,96,0,1
prefill,16,164,152,0,96,0,1
prefill,16,165,153,0,96,0,1
prefill,16,166,154,0,96,0,1
prefill,16,167,156,0,96,0,1
prefill,16,168,157,0,96,0,1
prefill,16,169,158,0,96,0,1
prefill,16,170,160,0,96,0,1
prefill,16,171,162,0,96,0,1
prefill,16,172,163,0,96,0,1
prefill,16,173,164,0,96,0,1
prefill,16,174,166,0,96,0,1
prefill,16,175,167,0,96,0,1
prefill,16,176,168,0,96,0,1
prefill,16,177,169,0,96,0,1
prefill,16,178,170,0,96,0,1
prefill,16,179,171,0,96,0,1
prefill,16,180,173,0,96,0,1
prefill,16,181,174,0,96,0,1
prefill,16,182,176,0,96,0,1
prefill,16,183,177,0,96,0,1
prefill,16,184,178,0,96,0,1
prefill,16,185,179,0,96,0,1
prefill,16,186,180,0,96,0,1
prefill,16,187,181,0,96,0,1
prefill,16,188,182,0,96,0,1
prefill,16,189,183,0,96,0,1
prefill,16,190,184,0,96,0,1
prefill,16,191,185,0,96,0,1
prefill,16,192,186,0,96,0,1
prefill,16,193,187,0,96,0,1
prefill,16,194,188,0,96,0,1
prefill,16,195,189,0,96,0,1
prefill,16,196,190,0,96,0,1
prefill,16,197,191,0,96,0,1
prefill,16,198,192,0,96,0,1
prefill,16,199,193,0,96,0,1
prefill,16,200,194,0,96,0,1
prefill,16,201,195,0,96,0,1
prefill,16,202,196,0,96,0,1
prefill,16,203,197,0,96,0,1
prefill,16,204,198,0,96,0,1
prefill,16,205,199,0,96,0,1
prefill,16,206,200,0,96,0,1
prefill,16,207,201,0,96,0,1
prefill,16,208,202,0,96,0,1
prefill,16,209,204,0,96,0,1
prefill,16,210,206,0,96,0,1
prefill,16,211,207,0,96,0,1
prefill,16,212,208,0,96,0,1
prefill,16,213,209,0,96,0,1
prefill,16,214,210,0,96,0,1
prefill,16,215,211,0,96,0,1
prefill,16,216,212,0,96,0,1
prefill,16,217,213,0,96,0,1
prefill,16,218,214,0,96,0,1
prefill,16,219,215,0,96,0,1
prefill,16,220,216,0,96,0,1
prefill,16,221,217,0,96,0,1
prefill,16,222,218,0,96,0,1
prefill,16,223,219,0,96,0,1
prefill,16,224,220,0,96,0,1
prefill,16,225,222,0,96,0,1
prefill,16,226,223,0,96,0,1
prefill,16,227,224,0,96,0,1
prefill,16,228,225,0,96,0,1
prefill,16,229,226,0,96,0,1
prefill,16,230,227,0,96,0,1
prefill,16,231,228,0,96,0,1
prefill,16,232,229,0,96,0,1
prefill,16,233,230,0,96,0,1
prefill,16,234,231,0,96,0,1
prefill,16,235,232,0,96,0,1
prefill,16,236,233,0,96,0,1
prefill,16,237,234,0,96,0,1
prefill,16,238,235,0,96,0,1
prefill,16,239,236,0,96,0,1
prefill,16,240,237,0,96,0,1
prefill,16,241,238,0,96,0,1
prefill,16,242,239,0,96,0,1
prefill,16,243,240,0,96,0,1
prefill,16,244,241,0,96,0,1
prefill,16,245,242,0,96,0,1
prefill,16,246,243,0,96,0,1
prefill,16,247,244,0,96,0,1
prefill,16,248,245,0,96,0,1
prefill,16,249,246,0,96,0,1
prefill,16,250,247,0,96,0,1
prefill,16,251,248,0,96,0,1
prefill,16,252,249,0,96,0,1
prefill,16,253,252,0,96,0,1
prefill,16,254,253,0,96,0,1
prefill,16,255,254,0,96,0,1
prefill,16,256,255,0,96,0,1
prefill,17,1,53,12,96,0.125,0.125
prefill,17,2,146,11,96,0.114583333333333,0.239583333333333
prefill,17,3,31,10,96,0.104166666666667,0.34375
prefill,17,4,33,10,96,0.104166666666667,0.447916666666667
prefill,17,5,196,10,96,0.104166666666667,0.552083333333333
prefill,17,6,22,7,96,0.0729166666666667,0.625
prefill,17,7,247,7,96,0.0729166666666667,0.697916666666667
prefill,17,8,5,4,96,0.0416666666666667,0.739583333333333
prefill,17,9,248,4,96,0.0416666666666667,0.78125
prefill,17,10,32,2,96,0.0208333333333333,0.802083333333333
prefill,17,11,231,2,96,0.0208333333333333,0.822916666666667
prefill,17,12,4,1,96,0.0104166666666667,0.833333333333333
prefill,17,13,6,1,96,0.0104166666666667,0.84375
prefill,17,14,27,1,96,0.0104166666666667,0.854166666666667
prefill,17,15,68,1,96,0.0104166666666667,0.864583333333333
prefill,17,16,83,1,96,0.0104166666666667,0.875
prefill,17,17,108,1,96,0.0104166666666667,0.885416666666666
prefill,17,18,113,1,96,0.0104166666666667,0.895833333333333
prefill,17,19,115,1,96,0.0104166666666667,0.90625
prefill,17,20,144,1,96,0.0104166666666667,0.916666666666666
prefill,17,21,145,1,96,0.0104166666666667,0.927083333333333
prefill,17,22,165,1,96,0.0104166666666667,0.9375
prefill,17,23,181,1,96,0.0104166666666667,0.947916666666666
prefill,17,24,182,1,96,0.0104166666666667,0.958333333333333
prefill,17,25,197,1,96,0.0104166666666667,0.968749999999999
prefill,17,26,236,1,96,0.0104166666666667,0.979166666666666
prefill,17,27,238,1,96,0.0104166666666667,0.989583333333333
prefill,17,28,253,1,96,0.0104166666666667,0.999999999999999
prefill,17,29,0,0,96,0,0.999999999999999
prefill,17,30,1,0,96,0,0.999999999999999
prefill,17,31,2,0,96,0,0.999999999999999
prefill,17,32,3,0,96,0,0.999999999999999
prefill,17,33,7,0,96,0,0.999999999999999
prefill,17,34,8,0,96,0,0.999999999999999
prefill,17,35,9,0,96,0,0.999999999999999
prefill,17,36,10,0,96,0,0.999999999999999
prefill,17,37,11,0,96,0,0.999999999999999
prefill,17,38,12,0,96,0,0.999999999999999
prefill,17,39,13,0,96,0,0.999999999999999
prefill,17,40,14,0,96,0,0.999999999999999
prefill,17,41,15,0,96,0,0.999999999999999
prefill,17,42,16,0,96,0,0.999999999999999
prefill,17,43,17,0,96,0,0.999999999999999
prefill,17,44,18,0,96,0,0.999999999999999
prefill,17,45,19,0,96,0,0.999999999999999
prefill,17,46,20,0,96,0,0.999999999999999
prefill,17,47,21,0,96,0,0.999999999999999
prefill,17,48,23,0,96,0,0.999999999999999
prefill,17,49,24,0,96,0,0.999999999999999
prefill,17,50,25,0,96,0,0.999999999999999
prefill,17,51,26,0,96,0,0.999999999999999
prefill,17,52,28,0,96,0,0.999999999999999
prefill,17,53,29,0,96,0,0.999999999999999
prefill,17,54,30,0,96,0,0.999999999999999
prefill,17,55,34,0,96,0,0.999999999999999
prefill,17,56,35,0,96,0,0.999999999999999
prefill,17,57,36,0,96,0,0.999999999999999
prefill,17,58,37,0,96,0,0.999999999999999
prefill,17,59,38,0,96,0,0.999999999999999
prefill,17,60,39,0,96,0,0.999999999999999
prefill,17,61,40,0,96,0,0.999999999999999
prefill,17,62,41,0,96,0,0.999999999999999
prefill,17,63,42,0,96,0,0.999999999999999
prefill,17,64,43,0,96,0,0.999999999999999
prefill,17,65,44,0,96,0,0.999999999999999
prefill,17,66,45,0,96,0,0.999999999999999
prefill,17,67,46,0,96,0,0.999999999999999
prefill,17,68,47,0,96,0,0.999999999999999
prefill,17,69,48,0,96,0,0.999999999999999
prefill,17,70,49,0,96,0,0.999999999999999
prefill,17,71,50,0,96,0,0.999999999999999
prefill,17,72,51,0,96,0,0.999999999999999
prefill,17,73,52,0,96,0,0.999999999999999
prefill,17,74,54,0,96,0,0.999999999999999
prefill,17,75,55,0,96,0,0.999999999999999
prefill,17,76,56,0,96,0,0.999999999999999
prefill,17,77,57,0,96,0,0.999999999999999
prefill,17,78,58,0,96,0,0.999999999999999
prefill,17,79,59,0,96,0,0.999999999999999
prefill,17,80,60,0,96,0,0.999999999999999
prefill,17,81,61,0,96,0,0.999999999999999
prefill,17,82,62,0,96,0,0.999999999999999
prefill,17,83,63,0,96,0,0.999999999999999
prefill,17,84,64,0,96,0,0.999999999999999
prefill,17,85,65,0,96,0,0.999999999999999
prefill,17,86,66,0,96,0,0.999999999999999
prefill,17,87,67,0,96,0,0.999999999999999
prefill,17,88,69,0,96,0,0.999999999999999
prefill,17,89,70,0,96,0,0.999999999999999
prefill,17,90,71,0,96,0,0.999999999999999
prefill,17,91,72,0,96,0,0.999999999999999
prefill,17,92,73,0,96,0,0.999999999999999
prefill,17,93,74,0,96,0,0.999999999999999
prefill,17,94,75,0,96,0,0.999999999999999
prefill,17,95,76,0,96,0,0.999999999999999
prefill,17,96,77,0,96,0,0.999999999999999
prefill,17,97,78,0,96,0,0.999999999999999
prefill,17,98,79,0,96,0,0.999999999999999
prefill,17,99,80,0,96,0,0.999999999999999
prefill,17,100,81,0,96,0,0.999999999999999
prefill,17,101,82,0,96,0,0.999999999999999
prefill,17,102,84,0,96,0,0.999999999999999
prefill,17,103,85,0,96,0,0.999999999999999
prefill,17,104,86,0,96,0,0.999999999999999
prefill,17,105,87,0,96,0,0.999999999999999
prefill,17,106,88,0,96,0,0.999999999999999
prefill,17,107,89,0,96,0,0.999999999999999
prefill,17,108,90,0,96,0,0.999999999999999
prefill,17,109,91,0,96,0,0.999999999999999
prefill,17,110,92,0,96,0,0.999999999999999
prefill,17,111,93,0,96,0,0.999999999999999
prefill,17,112,94,0,96,0,0.999999999999999
prefill,17,113,95,0,96,0,0.999999999999999
prefill,17,114,96,0,96,0,0.999999999999999
prefill,17,115,97,0,96,0,0.999999999999999
prefill,17,116,98,0,96,0,0.999999999999999
prefill,17,117,99,0,96,0,0.999999999999999
prefill,17,118,100,0,96,0,0.999999999999999
prefill,17,119,101,0,96,0,0.999999999999999
prefill,17,120,102,0,96,0,0.999999999999999
prefill,17,121,103,0,96,0,0.999999999999999
prefill,17,122,104,0,96,0,0.999999999999999
prefill,17,123,105,0,96,0,0.999999999999999
prefill,17,124,106,0,96,0,0.999999999999999
prefill,17,125,107,0,96,0,0.999999999999999
prefill,17,126,109,0,96,0,0.999999999999999
prefill,17,127,110,0,96,0,0.999999999999999
prefill,17,128,111,0,96,0,0.999999999999999
prefill,17,129,112,0,96,0,0.999999999999999
prefill,17,130,114,0,96,0,0.999999999999999
prefill,17,131,116,0,96,0,0.999999999999999
prefill,17,132,117,0,96,0,0.999999999999999
prefill,17,133,118,0,96,0,0.999999999999999
prefill,17,134,119,0,96,0,0.999999999999999
prefill,17,135,120,0,96,0,0.999999999999999
prefill,17,136,121,0,96,0,0.999999999999999
prefill,17,137,122,0,96,0,0.999999999999999
prefill,17,138,123,0,96,0,0.999999999999999
prefill,17,139,124,0,96,0,0.999999999999999
prefill,17,140,125,0,96,0,0.999999999999999
prefill,17,141,126,0,96,0,0.999999999999999
prefill,17,142,127,0,96,0,0.999999999999999
prefill,17,143,128,0,96,0,0.999999999999999
prefill,17,144,129,0,96,0,0.999999999999999
prefill,17,145,130,0,96,0,0.999999999999999
prefill,17,146,131,0,96,0,0.999999999999999
prefill,17,147,132,0,96,0,0.999999999999999
prefill,17,148,133,0,96,0,0.999999999999999
prefill,17,149,134,0,96,0,0.999999999999999
prefill,17,150,135,0,96,0,0.999999999999999
prefill,17,151,136,0,96,0,0.999999999999999
prefill,17,152,137,0,96,0,0.999999999999999
prefill,17,153,138,0,96,0,0.999999999999999
prefill,17,154,139,0,96,0,0.999999999999999
prefill,17,155,140,0,96,0,0.999999999999999
prefill,17,156,141,0,96,0,0.999999999999999
prefill,17,157,142,0,96,0,0.999999999999999
prefill,17,158,143,0,96,0,0.999999999999999
prefill,17,159,147,0,96,0,0.999999999999999
prefill,17,160,148,0,96,0,0.999999999999999
prefill,17,161,149,0,96,0,0.999999999999999
prefill,17,162,150,0,96,0,0.999999999999999
prefill,17,163,151,0,96,0,0.999999999999999
prefill,17,164,152,0,96,0,0.999999999999999
prefill,17,165,153,0,96,0,0.999999999999999
prefill,17,166,154,0,96,0,0.999999999999999
prefill,17,167,155,0,96,0,0.999999999999999
prefill,17,168,156,0,96,0,0.999999999999999
prefill,17,169,157,0,96,0,0.999999999999999
prefill,17,170,158,0,96,0,0.999999999999999
prefill,17,171,159,0,96,0,0.999999999999999
prefill,17,172,160,0,96,0,0.999999999999999
prefill,17,173,161,0,96,0,0.999999999999999
prefill,17,174,162,0,96,0,0.999999999999999
prefill,17,175,163,0,96,0,0.999999999999999
prefill,17,176,164,0,96,0,0.999999999999999
prefill,17,177,166,0,96,0,0.999999999999999
prefill,17,178,167,0,96,0,0.999999999999999
prefill,17,179,168,0,96,0,0.999999999999999
prefill,17,180,169,0,96,0,0.999999999999999
prefill,17,181,170,0,96,0,0.999999999999999
prefill,17,182,171,0,96,0,0.999999999999999
prefill,17,183,172,0,96,0,0.999999999999999
prefill,17,184,173,0,96,0,0.999999999999999
prefill,17,185,174,0,96,0,0.999999999999999
prefill,17,186,175,0,96,0,0.999999999999999
prefill,17,187,176,0,96,0,0.999999999999999
prefill,17,188,177,0,96,0,0.999999999999999
prefill,17,189,178,0,96,0,0.999999999999999
prefill,17,190,179,0,96,0,0.999999999999999
prefill,17,191,180,0,96,0,0.999999999999999
prefill,17,192,183,0,96,0,0.999999999999999
prefill,17,193,184,0,96,0,0.999999999999999
prefill,17,194,185,0,96,0,0.999999999999999
prefill,17,195,186,0,96,0,0.999999999999999
prefill,17,196,187,0,96,0,0.999999999999999
prefill,17,197,188,0,96,0,0.999999999999999
prefill,17,198,189,0,96,0,0.999999999999999
prefill,17,199,190,0,96,0,0.999999999999999
prefill,17,200,191,0,96,0,0.999999999999999
prefill,17,201,192,0,96,0,0.999999999999999
prefill,17,202,193,0,96,0,0.999999999999999
prefill,17,203,194,0,96,0,0.999999999999999
prefill,17,204,195,0,96,0,0.999999999999999
prefill,17,205,198,0,96,0,0.999999999999999
prefill,17,206,199,0,96,0,0.999999999999999
prefill,17,207,200,0,96,0,0.999999999999999
prefill,17,208,201,0,96,0,0.999999999999999
prefill,17,209,202,0,96,0,0.999999999999999
prefill,17,210,203,0,96,0,0.999999999999999
prefill,17,211,204,0,96,0,0.999999999999999
prefill,17,212,205,0,96,0,0.999999999999999
prefill,17,213,206,0,96,0,0.999999999999999
prefill,17,214,207,0,96,0,0.999999999999999
prefill,17,215,208,0,96,0,0.999999999999999
prefill,17,216,209,0,96,0,0.999999999999999
prefill,17,217,210,0,96,0,0.999999999999999
prefill,17,218,211,0,96,0,0.999999999999999
prefill,17,219,212,0,96,0,0.999999999999999
prefill,17,220,213,0,96,0,0.999999999999999
prefill,17,221,214,0,96,0,0.999999999999999
prefill,17,222,215,0,96,0,0.999999999999999
prefill,17,223,216,0,96,0,0.999999999999999
prefill,17,224,217,0,96,0,0.999999999999999
prefill,17,225,218,0,96,0,0.999999999999999
prefill,17,226,219,0,96,0,0.999999999999999
prefill,17,227,220,0,96,0,0.999999999999999
prefill,17,228,221,0,96,0,0.999999999999999
prefill,17,229,222,0,96,0,0.999999999999999
prefill,17,230,223,0,96,0,0.999999999999999
prefill,17,231,224,0,96,0,0.999999999999999
prefill,17,232,225,0,96,0,0.999999999999999
prefill,17,233,226,0,96,0,0.999999999999999
prefill,17,234,227,0,96,0,0.999999999999999
prefill,17,235,228,0,96,0,0.999999999999999
prefill,17,236,229,0,96,0,0.999999999999999
prefill,17,237,230,0,96,0,0.999999999999999
prefill,17,238,232,0,96,0,0.999999999999999
prefill,17,239,233,0,96,0,0.999999999999999
prefill,17,240,234,0,96,0,0.999999999999999
prefill,17,241,235,0,96,0,0.999999999999999
prefill,17,242,237,0,96,0,0.999999999999999
prefill,17,243,239,0,96,0,0.999999999999999
prefill,17,244,240,0,96,0,0.999999999999999
prefill,17,245,241,0,96,0,0.999999999999999
prefill,17,246,242,0,96,0,0.999999999999999
prefill,17,247,243,0,96,0,0.999999999999999
prefill,17,248,244,0,96,0,0.999999999999999
prefill,17,249,245,0,96,0,0.999999999999999
prefill,17,250,246,0,96,0,0.999999999999999
prefill,17,251,249,0,96,0,0.999999999999999
prefill,17,252,250,0,96,0,0.999999999999999
prefill,17,253,251,0,96,0,0.999999999999999
prefill,17,254,252,0,96,0,0.999999999999999
prefill,17,255,254,0,96,0,0.999999999999999
prefill,17,256,255,0,96,0,0.999999999999999
prefill,18,1,161,14,96,0.145833333333333,0.145833333333333
prefill,18,2,116,11,96,0.114583333333333,0.260416666666667
prefill,18,3,96,10,96,0.104166666666667,0.364583333333333
prefill,18,4,75,9,96,0.09375,0.458333333333333
prefill,18,5,89,7,96,0.0729166666666667,0.53125
prefill,18,6,90,6,96,0.0625,0.59375
prefill,18,7,103,5,96,0.0520833333333333,0.645833333333333
prefill,18,8,156,4,96,0.0416666666666667,0.6875
prefill,18,9,74,3,96,0.03125,0.71875
prefill,18,10,229,3,96,0.03125,0.75
prefill,18,11,31,2,96,0.0208333333333333,0.770833333333333
prefill,18,12,64,2,96,0.0208333333333333,0.791666666666667
prefill,18,13,211,2,96,0.0208333333333333,0.8125
prefill,18,14,37,1,96,0.0104166666666667,0.822916666666667
prefill,18,15,40,1,96,0.0104166666666667,0.833333333333333
prefill,18,16,50,1,96,0.0104166666666667,0.84375
prefill,18,17,73,1,96,0.0104166666666667,0.854166666666667
prefill,18,18,83,1,96,0.0104166666666667,0.864583333333333
prefill,18,19,99,1,96,0.0104166666666667,0.875
prefill,18,20,106,1,96,0.0104166666666667,0.885416666666667
prefill,18,21,109,1,96,0.0104166666666667,0.895833333333333
prefill,18,22,152,1,96,0.0104166666666667,0.90625
prefill,18,23,160,1,96,0.0104166666666667,0.916666666666666
prefill,18,24,167,1,96,0.0104166666666667,0.927083333333333
prefill,18,25,177,1,96,0.0104166666666667,0.9375
prefill,18,26,180,1,96,0.0104166666666667,0.947916666666666
prefill,18,27,183,1,96,0.0104166666666667,0.958333333333333
prefill,18,28,186,1,96,0.0104166666666667,0.96875
prefill,18,29,193,1,96,0.0104166666666667,0.979166666666666
prefill,18,30,198,1,96,0.0104166666666667,0.989583333333333
prefill,18,31,206,1,96,0.0104166666666667,0.999999999999999
prefill,18,32,0,0,96,0,0.999999999999999
prefill,18,33,1,0,96,0,0.999999999999999
prefill,18,34,2,0,96,0,0.999999999999999
prefill,18,35,3,0,96,0,0.999999999999999
prefill,18,36,4,0,96,0,0.999999999999999
prefill,18,37,5,0,96,0,0.999999999999999
prefill,18,38,6,0,96,0,0.999999999999999
prefill,18,39,7,0,96,0,0.999999999999999
prefill,18,40,8,0,96,0,0.999999999999999
prefill,18,41,9,0,96,0,0.999999999999999
prefill,18,42,10,0,96,0,0.999999999999999
prefill,18,43,11,0,96,0,0.999999999999999
prefill,18,44,12,0,96,0,0.999999999999999
prefill,18,45,13,0,96,0,0.999999999999999
prefill,18,46,14,0,96,0,0.999999999999999
prefill,18,47,15,0,96,0,0.999999999999999
prefill,18,48,16,0,96,0,0.999999999999999
prefill,18,49,17,0,96,0,0.999999999999999
prefill,18,50,18,0,96,0,0.999999999999999
prefill,18,51,19,0,96,0,0.999999999999999
prefill,18,52,20,0,96,0,0.999999999999999
prefill,18,53,21,0,96,0,0.999999999999999
prefill,18,54,22,0,96,0,0.999999999999999
prefill,18,55,23,0,96,0,0.999999999999999
prefill,18,56,24,0,96,0,0.999999999999999
prefill,18,57,25,0,96,0,0.999999999999999
prefill,18,58,26,0,96,0,0.999999999999999
prefill,18,59,27,0,96,0,0.999999999999999
prefill,18,60,28,0,96,0,0.999999999999999
prefill,18,61,29,0,96,0,0.999999999999999
prefill,18,62,30,0,96,0,0.999999999999999
prefill,18,63,32,0,96,0,0.999999999999999
prefill,18,64,33,0,96,0,0.999999999999999
prefill,18,65,34,0,96,0,0.999999999999999
prefill,18,66,35,0,96,0,0.999999999999999
prefill,18,67,36,0,96,0,0.999999999999999
prefill,18,68,38,0,96,0,0.999999999999999
prefill,18,69,39,0,96,0,0.999999999999999
prefill,18,70,41,0,96,0,0.999999999999999
prefill,18,71,42,0,96,0,0.999999999999999
prefill,18,72,43,0,96,0,0.999999999999999
prefill,18,73,44,0,96,0,0.999999999999999
prefill,18,74,45,0,96,0,0.999999999999999
prefill,18,75,46,0,96,0,0.999999999999999
prefill,18,76,47,0,96,0,0.999999999999999
prefill,18,77,48,0,96,0,0.999999999999999
prefill,18,78,49,0,96,0,0.999999999999999
prefill,18,79,51,0,96,0,0.999999999999999
prefill,18,80,52,0,96,0,0.999999999999999
prefill,18,81,53,0,96,0,0.999999999999999
prefill,18,82,54,0,96,0,0.999999999999999
prefill,18,83,55,0,96,0,0.999999999999999
prefill,18,84,56,0,96,0,0.999999999999999
prefill,18,85,57,0,96,0,0.999999999999999
prefill,18,86,58,0,96,0,0.999999999999999
prefill,18,87,59,0,96,0,0.999999999999999
prefill,18,88,60,0,96,0,0.999999999999999
prefill,18,89,61,0,96,0,0.999999999999999
prefill,18,90,62,0,96,0,0.999999999999999
prefill,18,91,63,0,96,0,0.999999999999999
prefill,18,92,65,0,96,0,0.999999999999999
prefill,18,93,66,0,96,0,0.999999999999999
prefill,18,94,67,0,96,0,0.999999999999999
prefill,18,95,68,0,96,0,0.999999999999999
prefill,18,96,69,0,96,0,0.999999999999999
prefill,18,97,70,0,96,0,0.999999999999999
prefill,18,98,71,0,96,0,0.999999999999999
prefill,18,99,72,0,96,0,0.999999999999999
prefill,18,100,76,0,96,0,0.999999999999999
prefill,18,101,77,0,96,0,0.999999999999999
prefill,18,102,78,0,96,0,0.999999999999999
prefill,18,103,79,0,96,0,0.999999999999999
prefill,18,104,80,0,96,0,0.999999999999999
prefill,18,105,81,0,96,0,0.999999999999999
prefill,18,106,82,0,96,0,0.999999999999999
prefill,18,107,84,0,96,0,0.999999999999999
prefill,18,108,85,0,96,0,0.999999999999999
prefill,18,109,86,0,96,0,0.999999999999999
prefill,18,110,87,0,96,0,0.999999999999999
prefill,18,111,88,0,96,0,0.999999999999999
prefill,18,112,91,0,96,0,0.999999999999999
prefill,18,113,92,0,96,0,0.999999999999999
prefill,18,114,93,0,96,0,0.999999999999999
prefill,18,115,94,0,96,0,0.999999999999999
prefill,18,116,95,0,96,0,0.999999999999999
prefill,18,117,97,0,96,0,0.999999999999999
prefill,18,118,98,0,96,0,0.999999999999999
prefill,18,119,100,0,96,0,0.999999999999999
prefill,18,120,101,0,96,0,0.999999999999999
prefill,18,121,102,0,96,0,0.999999999999999
prefill,18,122,104,0,96,0,0.999999999999999
prefill,18,123,105,0,96,0,0.999999999999999
prefill,18,124,107,0,96,0,0.999999999999999
prefill,18,125,108,0,96,0,0.999999999999999
prefill,18,126,110,0,96,0,0.999999999999999
prefill,18,127,111,0,96,0,0.999999999999999
prefill,18,128,112,0,96,0,0.999999999999999
prefill,18,129,113,0,96,0,0.999999999999999
prefill,18,130,114,0,96,0,0.999999999999999
prefill,18,131,115,0,96,0,0.999999999999999
prefill,18,132,117,0,96,0,0.999999999999999
prefill,18,133,118,0,96,0,0.999999999999999
prefill,18,134,119,0,96,0,0.999999999999999
prefill,18,135,120,0,96,0,0.999999999999999
prefill,18,136,121,0,96,0,0.999999999999999
prefill,18,137,122,0,96,0,0.999999999999999
prefill,18,138,123,0,96,0,0.999999999999999
prefill,18,139,124,0,96,0,0.999999999999999
prefill,18,140,125,0,96,0,0.999999999999999
prefill,18,141,126,0,96,0,0.999999999999999
prefill,18,142,127,0,96,0,0.999999999999999
prefill,18,143,128,0,96,0,0.999999999999999
prefill,18,144,129,0,96,0,0.999999999999999
prefill,18,145,130,0,96,0,0.999999999999999
prefill,18,146,131,0,96,0,0.999999999999999
prefill,18,147,132,0,96,0,0.999999999999999
prefill,18,148,133,0,96,0,0.999999999999999
prefill,18,149,134,0,96,0,0.999999999999999
prefill,18,150,135,0,96,0,0.999999999999999
prefill,18,151,136,0,96,0,0.999999999999999
prefill,18,152,137,0,96,0,0.999999999999999
prefill,18,153,138,0,96,0,0.999999999999999
prefill,18,154,139,0,96,0,0.999999999999999
prefill,18,155,140,0,96,0,0.999999999999999
prefill,18,156,141,0,96,0,0.999999999999999
prefill,18,157,142,0,96,0,0.999999999999999
prefill,18,158,143,0,96,0,0.999999999999999
prefill,18,159,144,0,96,0,0.999999999999999
prefill,18,160,145,0,96,0,0.999999999999999
prefill,18,161,146,0,96,0,0.999999999999999
prefill,18,162,147,0,96,0,0.999999999999999
prefill,18,163,148,0,96,0,0.999999999999999
prefill,18,164,149,0,96,0,0.999999999999999
prefill,18,165,150,0,96,0,0.999999999999999
prefill,18,166,151,0,96,0,0.999999999999999
prefill,18,167,153,0,96,0,0.999999999999999
prefill,18,168,154,0,96,0,0.999999999999999
prefill,18,169,155,0,96,0,0.999999999999999
prefill,18,170,157,0,96,0,0.999999999999999
prefill,18,171,158,0,96,0,0.999999999999999
prefill,18,172,159,0,96,0,0.999999999999999
prefill,18,173,162,0,96,0,0.999999999999999
prefill,18,174,163,0,96,0,0.999999999999999
prefill,18,175,164,0,96,0,0.999999999999999
prefill,18,176,165,0,96,0,0.999999999999999
prefill,18,177,166,0,96,0,0.999999999999999
prefill,18,178,168,0,96,0,0.999999999999999
prefill,18,179,169,0,96,0,0.999999999999999
prefill,18,180,170,0,96,0,0.999999999999999
prefill,18,181,171,0,96,0,0.999999999999999
prefill,18,182,172,0,96,0,0.999999999999999
prefill,18,183,173,0,96,0,0.999999999999999
prefill,18,184,174,0,96,0,0.999999999999999
prefill,18,185,175,0,96,0,0.999999999999999
prefill,18,186,176,0,96,0,0.999999999999999
prefill,18,187,178,0,96,0,0.999999999999999
prefill,18,188,179,0,96,0,0.999999999999999
prefill,18,189,181,0,96,0,0.999999999999999
prefill,18,190,182,0,96,0,0.999999999999999
prefill,18,191,184,0,96,0,0.999999999999999
prefill,18,192,185,0,96,0,0.999999999999999
prefill,18,193,187,0,96,0,0.999999999999999
prefill,18,194,188,0,96,0,0.999999999999999
prefill,18,195,189,0,96,0,0.999999999999999
prefill,18,196,190,0,96,0,0.999999999999999
prefill,18,197,191,0,96,0,0.999999999999999
prefill,18,198,192,0,96,0,0.999999999999999
prefill,18,199,194,0,96,0,0.999999999999999
prefill,18,200,195,0,96,0,0.999999999999999
prefill,18,201,196,0,96,0,0.999999999999999
prefill,18,202,197,0,96,0,0.999999999999999
prefill,18,203,199,0,96,0,0.999999999999999
prefill,18,204,200,0,96,0,0.999999999999999
prefill,18,205,201,0,96,0,0.999999999999999
prefill,18,206,202,0,96,0,0.999999999999999
prefill,18,207,203,0,96,0,0.999999999999999
prefill,18,208,204,0,96,0,0.999999999999999
prefill,18,209,205,0,96,0,0.999999999999999
prefill,18,210,207,0,96,0,0.999999999999999
prefill,18,211,208,0,96,0,0.999999999999999
prefill,18,212,209,0,96,0,0.999999999999999
prefill,18,213,210,0,96,0,0.999999999999999
prefill,18,214,212,0,96,0,0.999999999999999
prefill,18,215,213,0,96,0,0.999999999999999
prefill,18,216,214,0,96,0,0.999999999999999
prefill,18,217,215,0,96,0,0.999999999999999
prefill,18,218,216,0,96,0,0.999999999999999
prefill,18,219,217,0,96,0,0.999999999999999
prefill,18,220,218,0,96,0,0.999999999999999
prefill,18,221,219,0,96,0,0.999999999999999
prefill,18,222,220,0,96,0,0.999999999999999
prefill,18,223,221,0,96,0,0.999999999999999
prefill,18,224,222,0,96,0,0.999999999999999
prefill,18,225,223,0,96,0,0.999999999999999
prefill,18,226,224,0,96,0,0.999999999999999
prefill,18,227,225,0,96,0,0.999999999999999
prefill,18,228,226,0,96,0,0.999999999999999
prefill,18,229,227,0,96,0,0.999999999999999
prefill,18,230,228,0,96,0,0.999999999999999
prefill,18,231,230,0,96,0,0.999999999999999
prefill,18,232,231,0,96,0,0.999999999999999
prefill,18,233,232,0,96,0,0.999999999999999
prefill,18,234,233,0,96,0,0.999999999999999
prefill,18,235,234,0,96,0,0.999999999999999
prefill,18,236,235,0,96,0,0.999999999999999
prefill,18,237,236,0,96,0,0.999999999999999
prefill,18,238,237,0,96,0,0.999999999999999
prefill,18,239,238,0,96,0,0.999999999999999
prefill,18,240,239,0,96,0,0.999999999999999
prefill,18,241,240,0,96,0,0.999999999999999
prefill,18,242,241,0,96,0,0.999999999999999
prefill,18,243,242,0,96,0,0.999999999999999
prefill,18,244,243,0,96,0,0.999999999999999
prefill,18,245,244,0,96,0,0.999999999999999
prefill,18,246,245,0,96,0,0.999999999999999
prefill,18,247,246,0,96,0,0.999999999999999
prefill,18,248,247,0,96,0,0.999999999999999
prefill,18,249,248,0,96,0,0.999999999999999
prefill,18,250,249,0,96,0,0.999999999999999
prefill,18,251,250,0,96,0,0.999999999999999
prefill,18,252,251,0,96,0,0.999999999999999
prefill,18,253,252,0,96,0,0.999999999999999
prefill,18,254,253,0,96,0,0.999999999999999
prefill,18,255,254,0,96,0,0.999999999999999
prefill,18,256,255,0,96,0,0.999999999999999
prefill,19,1,57,14,96,0.145833333333333,0.145833333333333
prefill,19,2,92,11,96,0.114583333333333,0.260416666666667
prefill,19,3,176,8,96,0.0833333333333333,0.34375
prefill,19,4,241,8,96,0.0833333333333333,0.427083333333333
prefill,19,5,122,5,96,0.0520833333333333,0.479166666666667
prefill,19,6,53,3,96,0.03125,0.510416666666667
prefill,19,7,185,3,96,0.03125,0.541666666666667
prefill,19,8,200,3,96,0.03125,0.572916666666667
prefill,19,9,49,2,96,0.0208333333333333,0.59375
prefill,19,10,158,2,96,0.0208333333333333,0.614583333333333
prefill,19,11,191,2,96,0.0208333333333333,0.635416666666667
prefill,19,12,251,2,96,0.0208333333333333,0.65625
prefill,19,13,3,1,96,0.0104166666666667,0.666666666666667
prefill,19,14,13,1,96,0.0104166666666667,0.677083333333333
prefill,19,15,16,1,96,0.0104166666666667,0.6875
prefill,19,16,24,1,96,0.0104166666666667,0.697916666666667
prefill,19,17,25,1,96,0.0104166666666667,0.708333333333333
prefill,19,18,28,1,96,0.0104166666666667,0.71875
prefill,19,19,30,1,96,0.0104166666666667,0.729166666666667
prefill,19,20,38,1,96,0.0104166666666667,0.739583333333333
prefill,19,21,39,1,96,0.0104166666666667,0.75
prefill,19,22,50,1,96,0.0104166666666667,0.760416666666666
prefill,19,23,65,1,96,0.0104166666666667,0.770833333333333
prefill,19,24,73,1,96,0.0104166666666667,0.78125
prefill,19,25,96,1,96,0.0104166666666667,0.791666666666666
prefill,19,26,107,1,96,0.0104166666666667,0.802083333333333
prefill,19,27,116,1,96,0.0104166666666667,0.8125
prefill,19,28,123,1,96,0.0104166666666667,0.822916666666666
prefill,19,29,139,1,96,0.0104166666666667,0.833333333333333
prefill,19,30,154,1,96,0.0104166666666667,0.843749999999999
prefill,19,31,159,1,96,0.0104166666666667,0.854166666666666
prefill,19,32,167,1,96,0.0104166666666667,0.864583333333333
prefill,19,33,170,1,96,0.0104166666666667,0.874999999999999
prefill,19,34,178,1,96,0.0104166666666667,0.885416666666666
prefill,19,35,183,1,96,0.0104166666666667,0.895833333333333
prefill,19,36,222,1,96,0.0104166666666667,0.906249999999999
prefill,19,37,223,1,96,0.0104166666666667,0.916666666666666
prefill,19,38,224,1,96,0.0104166666666667,0.927083333333332
prefill,19,39,226,1,96,0.0104166666666667,0.937499999999999
prefill,19,40,232,1,96,0.0104166666666667,0.947916666666666
prefill,19,41,233,1,96,0.0104166666666667,0.958333333333332
prefill,19,42,234,1,96,0.0104166666666667,0.968749999999999
prefill,19,43,235,1,96,0.0104166666666667,0.979166666666666
prefill,19,44,253,1,96,0.0104166666666667,0.989583333333332
prefill,19,45,255,1,96,0.0104166666666667,0.999999999999999
prefill,19,46,0,0,96,0,0.999999999999999
prefill,19,47,1,0,96,0,0.999999999999999
prefill,19,48,2,0,96,0,0.999999999999999
prefill,19,49,4,0,96,0,0.999999999999999
prefill,19,50,5,0,96,0,0.999999999999999
prefill,19,51,6,0,96,0,0.999999999999999
prefill,19,52,7,0,96,0,0.999999999999999
prefill,19,53,8,0,96,0,0.999999999999999
prefill,19,54,9,0,96,0,0.999999999999999
prefill,19,55,10,0,96,0,0.999999999999999
prefill,19,56,11,0,96,0,0.999999999999999
prefill,19,57,12,0,96,0,0.999999999999999
prefill,19,58,14,0,96,0,0.999999999999999
prefill,19,59,15,0,96,0,0.999999999999999
prefill,19,60,17,0,96,0,0.999999999999999
prefill,19,61,18,0,96,0,0.999999999999999
prefill,19,62,19,0,96,0,0.999999999999999
prefill,19,63,20,0,96,0,0.999999999999999
prefill,19,64,21,0,96,0,0.999999999999999
prefill,19,65,22,0,96,0,0.999999999999999
prefill,19,66,23,0,96,0,0.999999999999999
prefill,19,67,26,0,96,0,0.999999999999999
prefill,19,68,27,0,96,0,0.999999999999999
prefill,19,69,29,0,96,0,0.999999999999999
prefill,19,70,31,0,96,0,0.999999999999999
prefill,19,71,32,0,96,0,0.999999999999999
prefill,19,72,33,0,96,0,0.999999999999999
prefill,19,73,34,0,96,0,0.999999999999999
prefill,19,74,35,0,96,0,0.999999999999999
prefill,19,75,36,0,96,0,0.999999999999999
prefill,19,76,37,0,96,0,0.999999999999999
prefill,19,77,40,0,96,0,0.999999999999999
prefill,19,78,41,0,96,0,0.999999999999999
prefill,19,79,42,0,96,0,0.999999999999999
prefill,19,80,43,0,96,0,0.999999999999999
prefill,19,81,44,0,96,0,0.999999999999999
prefill,19,82,45,0,96,0,0.999999999999999
prefill,19,83,46,0,96,0,0.999999999999999
prefill,19,84,47,0,96,0,0.999999999999999
prefill,19,85,48,0,96,0,0.999999999999999
prefill,19,86,51,0,96,0,0.999999999999999
prefill,19,87,52,0,96,0,0.999999999999999
prefill,19,88,54,0,96,0,0.999999999999999
prefill,19,89,55,0,96,0,0.999999999999999
prefill,19,90,56,0,96,0,0.999999999999999
prefill,19,91,58,0,96,0,0.999999999999999
prefill,19,92,59,0,96,0,0.999999999999999
prefill,19,93,60,0,96,0,0.999999999999999
prefill,19,94,61,0,96,0,0.999999999999999
prefill,19,95,62,0,96,0,0.999999999999999
prefill,19,96,63,0,96,0,0.999999999999999
prefill,19,97,64,0,96,0,0.999999999999999
prefill,19,98,66,0,96,0,0.999999999999999
prefill,19,99,67,0,96,0,0.999999999999999
prefill,19,100,68,0,96,0,0.999999999999999
prefill,19,101,69,0,96,0,0.999999999999999
prefill,19,102,70,0,96,0,0.999999999999999
prefill,19,103,71,0,96,0,0.999999999999999
prefill,19,104,72,0,96,0,0.999999999999999
prefill,19,105,74,0,96,0,0.999999999999999
prefill,19,106,75,0,96,0,0.999999999999999
prefill,19,107,76,0,96,0,0.999999999999999
prefill,19,108,77,0,96,0,0.999999999999999
prefill,19,109,78,0,96,0,0.999999999999999
prefill,19,110,79,0,96,0,0.999999999999999
prefill,19,111,80,0,96,0,0.999999999999999
prefill,19,112,81,0,96,0,0.999999999999999
prefill,19,113,82,0,96,0,0.999999999999999
prefill,19,114,83,0,96,0,0.999999999999999
prefill,19,115,84,0,96,0,0.999999999999999
prefill,19,116,85,0,96,0,0.999999999999999
prefill,19,117,86,0,96,0,0.999999999999999
prefill,19,118,87,0,96,0,0.999999999999999
prefill,19,119,88,0,96,0,0.999999999999999
prefill,19,120,89,0,96,0,0.999999999999999
prefill,19,121,90,0,96,0,0.999999999999999
prefill,19,122,91,0,96,0,0.999999999999999
prefill,19,123,93,0,96,0,0.999999999999999
prefill,19,124,94,0,96,0,0.999999999999999
prefill,19,125,95,0,96,0,0.999999999999999
prefill,19,126,97,0,96,0,0.999999999999999
prefill,19,127,98,0,96,0,0.999999999999999
prefill,19,128,99,0,96,0,0.999999999999999
prefill,19,129,100,0,96,0,0.999999999999999
prefill,19,130,101,0,96,0,0.999999999999999
prefill,19,131,102,0,96,0,0.999999999999999
prefill,19,132,103,0,96,0,0.999999999999999
prefill,19,133,104,0,96,0,0.999999999999999
prefill,19,134,105,0,96,0,0.999999999999999
prefill,19,135,106,0,96,0,0.999999999999999
prefill,19,136,108,0,96,0,0.999999999999999
prefill,19,137,109,0,96,0,0.999999999999999
prefill,19,138,110,0,96,0,0.999999999999999
prefill,19,139,111,0,96,0,0.999999999999999
prefill,19,140,112,0,96,0,0.999999999999999
prefill,19,141,113,0,96,0,0.999999999999999
prefill,19,142,114,0,96,0,0.999999999999999
prefill,19,143,115,0,96,0,0.999999999999999
prefill,19,144,117,0,96,0,0.999999999999999
prefill,19,145,118,0,96,0,0.999999999999999
prefill,19,146,119,0,96,0,0.999999999999999
prefill,19,147,120,0,96,0,0.999999999999999
prefill,19,148,121,0,96,0,0.999999999999999
prefill,19,149,124,0,96,0,0.999999999999999
prefill,19,150,125,0,96,0,0.999999999999999
prefill,19,151,126,0,96,0,0.999999999999999
prefill,19,152,127,0,96,0,0.999999999999999
prefill,19,153,128,0,96,0,0.999999999999999
prefill,19,154,129,0,96,0,0.999999999999999
prefill,19,155,130,0,96,0,0.999999999999999
prefill,19,156,131,0,96,0,0.999999999999999
prefill,19,157,132,0,96,0,0.999999999999999
prefill,19,158,133,0,96,0,0.999999999999999
prefill,19,159,134,0,96,0,0.999999999999999
prefill,19,160,135,0,96,0,0.999999999999999
prefill,19,161,136,0,96,0,0.999999999999999
prefill,19,162,137,0,96,0,0.999999999999999
prefill,19,163,138,0,96,0,0.999999999999999
prefill,19,164,140,0,96,0,0.999999999999999
prefill,19,165,141,0,96,0,0.999999999999999
prefill,19,166,142,0,96,0,0.999999999999999
prefill,19,167,143,0,96,0,0.999999999999999
prefill,19,168,144,0,96,0,0.999999999999999
prefill,19,169,145,0,96,0,0.999999999999999
prefill,19,170,146,0,96,0,0.999999999999999
prefill,19,171,147,0,96,0,0.999999999999999
prefill,19,172,148,0,96,0,0.999999999999999
prefill,19,173,149,0,96,0,0.999999999999999
prefill,19,174,150,0,96,0,0.999999999999999
prefill,19,175,151,0,96,0,0.999999999999999
prefill,19,176,152,0,96,0,0.999999999999999
prefill,19,177,153,0,96,0,0.999999999999999
prefill,19,178,155,0,96,0,0.999999999999999
prefill,19,179,156,0,96,0,0.999999999999999
prefill,19,180,157,0,96,0,0.999999999999999
prefill,19,181,160,0,96,0,0.999999999999999
prefill,19,182,161,0,96,0,0.999999999999999
prefill,19,183,162,0,96,0,0.999999999999999
prefill,19,184,163,0,96,0,0.999999999999999
prefill,19,185,164,0,96,0,0.999999999999999
prefill,19,186,165,0,96,0,0.999999999999999
prefill,19,187,166,0,96,0,0.999999999999999
prefill,19,188,168,0,96,0,0.999999999999999
prefill,19,189,169,0,96,0,0.999999999999999
prefill,19,190,171,0,96,0,0.999999999999999
prefill,19,191,172,0,96,0,0.999999999999999
prefill,19,192,173,0,96,0,0.999999999999999
prefill,19,193,174,0,96,0,0.999999999999999
prefill,19,194,175,0,96,0,0.999999999999999
prefill,19,195,177,0,96,0,0.999999999999999
prefill,19,196,179,0,96,0,0.999999999999999
prefill,19,197,180,0,96,0,0.999999999999999
prefill,19,198,181,0,96,0,0.999999999999999
prefill,19,199,182,0,96,0,0.999999999999999
prefill,19,200,184,0,96,0,0.999999999999999
prefill,19,201,186,0,96,0,0.999999999999999
prefill,19,202,187,0,96,0,0.999999999999999
prefill,19,203,188,0,96,0,0.999999999999999
prefill,19,204,189,0,96,0,0.999999999999999
prefill,19,205,190,0,96,0,0.999999999999999
prefill,19,206,192,0,96,0,0.999999999999999
prefill,19,207,193,0,96,0,0.999999999999999
prefill,19,208,194,0,96,0,0.999999999999999
prefill,19,209,195,0,96,0,0.999999999999999
prefill,19,210,196,0,96,0,0.999999999999999
prefill,19,211,197,0,96,0,0.999999999999999
prefill,19,212,198,0,96,0,0.999999999999999
prefill,19,213,199,0,96,0,0.999999999999999
prefill,19,214,201,0,96,0,0.999999999999999
prefill,19,215,202,0,96,0,0.999999999999999
prefill,19,216,203,0,96,0,0.999999999999999
prefill,19,217,204,0,96,0,0.999999999999999
prefill,19,218,205,0,96,0,0.999999999999999
prefill,19,219,206,0,96,0,0.999999999999999
prefill,19,220,207,0,96,0,0.999999999999999
prefill,19,221,208,0,96,0,0.999999999999999
prefill,19,222,209,0,96,0,0.999999999999999
prefill,19,223,210,0,96,0,0.999999999999999
prefill,19,224,211,0,96,0,0.999999999999999
prefill,19,225,212,0,96,0,0.999999999999999
prefill,19,226,213,0,96,0,0.999999999999999
prefill,19,227,214,0,96,0,0.999999999999999
prefill,19,228,215,0,96,0,0.999999999999999
prefill,19,229,216,0,96,0,0.999999999999999
prefill,19,230,217,0,96,0,0.999999999999999
prefill,19,231,218,0,96,0,0.999999999999999
prefill,19,232,219,0,96,0,0.999999999999999
prefill,19,233,220,0,96,0,0.999999999999999
prefill,19,234,221,0,96,0,0.999999999999999
prefill,19,235,225,0,96,0,0.999999999999999
prefill,19,236,227,0,96,0,0.999999999999999
prefill,19,237,228,0,96,0,0.999999999999999
prefill,19,238,229,0,96,0,0.999999999999999
prefill,19,239,230,0,96,0,0.999999999999999
prefill,19,240,231,0,96,0,0.999999999999999
prefill,19,241,236,0,96,0,0.999999999999999
prefill,19,242,237,0,96,0,0.999999999999999
prefill,19,243,238,0,96,0,0.999999999999999
prefill,19,244,239,0,96,0,0.999999999999999
prefill,19,245,240,0,96,0,0.999999999999999
prefill,19,246,242,0,96,0,0.999999999999999
prefill,19,247,243,0,96,0,0.999999999999999
prefill,19,248,244,0,96,0,0.999999999999999
prefill,19,249,245,0,96,0,0.999999999999999
prefill,19,250,246,0,96,0,0.999999999999999
prefill,19,251,247,0,96,0,0.999999999999999
prefill,19,252,248,0,96,0,0.999999999999999
prefill,19,253,249,0,96,0,0.999999999999999
prefill,19,254,250,0,96,0,0.999999999999999
prefill,19,255,252,0,96,0,0.999999999999999
prefill,19,256,254,0,96,0,0.999999999999999
prefill,20,1,14,13,96,0.135416666666667,0.135416666666667
prefill,20,2,218,13,96,0.135416666666667,0.270833333333333
prefill,20,3,131,12,96,0.125,0.395833333333333
prefill,20,4,70,8,96,0.0833333333333333,0.479166666666667
prefill,20,5,102,8,96,0.0833333333333333,0.5625
prefill,20,6,151,7,96,0.0729166666666667,0.635416666666667
prefill,20,7,204,7,96,0.0729166666666667,0.708333333333333
prefill,20,8,86,6,96,0.0625,0.770833333333333
prefill,20,9,217,3,96,0.03125,0.802083333333333
prefill,20,10,18,1,96,0.0104166666666667,0.8125
prefill,20,11,22,1,96,0.0104166666666667,0.822916666666667
prefill,20,12,32,1,96,0.0104166666666667,0.833333333333333
prefill,20,13,61,1,96,0.0104166666666667,0.84375
prefill,20,14,63,1,96,0.0104166666666667,0.854166666666666
prefill,20,15,65,1,96,0.0104166666666667,0.864583333333333
prefill,20,16,75,1,96,0.0104166666666667,0.875
prefill,20,17,95,1,96,0.0104166666666667,0.885416666666666
prefill,20,18,109,1,96,0.0104166666666667,0.895833333333333
prefill,20,19,118,1,96,0.0104166666666667,0.90625
prefill,20,20,149,1,96,0.0104166666666667,0.916666666666666
prefill,20,21,191,1,96,0.0104166666666667,0.927083333333333
prefill,20,22,200,1,96,0.0104166666666667,0.937499999999999
prefill,20,23,205,1,96,0.0104166666666667,0.947916666666666
prefill,20,24,219,1,96,0.0104166666666667,0.958333333333333
prefill,20,25,233,1,96,0.0104166666666667,0.968749999999999
prefill,20,26,236,1,96,0.0104166666666667,0.979166666666666
prefill,20,27,244,1,96,0.0104166666666667,0.989583333333333
prefill,20,28,250,1,96,0.0104166666666667,0.999999999999999
prefill,20,29,0,0,96,0,0.999999999999999
prefill,20,30,1,0,96,0,0.999999999999999
prefill,20,31,2,0,96,0,0.999999999999999
prefill,20,32,3,0,96,0,0.999999999999999
prefill,20,33,4,0,96,0,0.999999999999999
prefill,20,34,5,0,96,0,0.999999999999999
prefill,20,35,6,0,96,0,0.999999999999999
prefill,20,36,7,0,96,0,0.999999999999999
prefill,20,37,8,0,96,0,0.999999999999999
prefill,20,38,9,0,96,0,0.999999999999999
prefill,20,39,10,0,96,0,0.999999999999999
prefill,20,40,11,0,96,0,0.999999999999999
prefill,20,41,12,0,96,0,0.999999999999999
prefill,20,42,13,0,96,0,0.999999999999999
prefill,20,43,15,0,96,0,0.999999999999999
prefill,20,44,16,0,96,0,0.999999999999999
prefill,20,45,17,0,96,0,0.999999999999999
prefill,20,46,19,0,96,0,0.999999999999999
prefill,20,47,20,0,96,0,0.999999999999999
prefill,20,48,21,0,96,0,0.999999999999999
prefill,20,49,23,0,96,0,0.999999999999999
prefill,20,50,24,0,96,0,0.999999999999999
prefill,20,51,25,0,96,0,0.999999999999999
prefill,20,52,26,0,96,0,0.999999999999999
prefill,20,53,27,0,96,0,0.999999999999999
prefill,20,54,28,0,96,0,0.999999999999999
prefill,20,55,29,0,96,0,0.999999999999999
prefill,20,56,30,0,96,0,0.999999999999999
prefill,20,57,31,0,96,0,0.999999999999999
prefill,20,58,33,0,96,0,0.999999999999999
prefill,20,59,34,0,96,0,0.999999999999999
prefill,20,60,35,0,96,0,0.999999999999999
prefill,20,61,36,0,96,0,0.999999999999999
prefill,20,62,37,0,96,0,0.999999999999999
prefill,20,63,38,0,96,0,0.999999999999999
prefill,20,64,39,0,96,0,0.999999999999999
prefill,20,65,40,0,96,0,0.999999999999999
prefill,20,66,41,0,96,0,0.999999999999999
prefill,20,67,42,0,96,0,0.999999999999999
prefill,20,68,43,0,96,0,0.999999999999999
prefill,20,69,44,0,96,0,0.999999999999999
prefill,20,70,45,0,96,0,0.999999999999999
prefill,20,71,46,0,96,0,0.999999999999999
prefill,20,72,47,0,96,0,0.999999999999999
prefill,20,73,48,0,96,0,0.999999999999999
prefill,20,74,49,0,96,0,0.999999999999999
prefill,20,75,50,0,96,0,0.999999999999999
prefill,20,76,51,0,96,0,0.999999999999999
prefill,20,77,52,0,96,0,0.999999999999999
prefill,20,78,53,0,96,0,0.999999999999999
prefill,20,79,54,0,96,0,0.999999999999999
prefill,20,80,55,0,96,0,0.999999999999999
prefill,20,81,56,0,96,0,0.999999999999999
prefill,20,82,57,0,96,0,0.999999999999999
prefill,20,83,58,0,96,0,0.999999999999999
prefill,20,84,59,0,96,0,0.999999999999999
prefill,20,85,60,0,96,0,0.999999999999999
prefill,20,86,62,0,96,0,0.999999999999999
prefill,20,87,64,0,96,0,0.999999999999999
prefill,20,88,66,0,96,0,0.999999999999999
prefill,20,89,67,0,96,0,0.999999999999999
prefill,20,90,68,0,96,0,0.999999999999999
prefill,20,91,69,0,96,0,0.999999999999999
prefill,20,92,71,0,96,0,0.999999999999999
prefill,20,93,72,0,96,0,0.999999999999999
prefill,20,94,73,0,96,0,0.999999999999999
prefill,20,95,74,0,96,0,0.999999999999999
prefill,20,96,76,0,96,0,0.999999999999999
prefill,20,97,77,0,96,0,0.999999999999999
prefill,20,98,78,0,96,0,0.999999999999999
prefill,20,99,79,0,96,0,0.999999999999999
prefill,20,100,80,0,96,0,0.999999999999999
prefill,20,101,81,0,96,0,0.999999999999999
prefill,20,102,82,0,96,0,0.999999999999999
prefill,20,103,83,0,96,0,0.999999999999999
prefill,20,104,84,0,96,0,0.999999999999999
prefill,20,105,85,0,96,0,0.999999999999999
prefill,20,106,87,0,96,0,0.999999999999999
prefill,20,107,88,0,96,0,0.999999999999999
prefill,20,108,89,0,96,0,0.999999999999999
prefill,20,109,90,0,96,0,0.999999999999999
prefill,20,110,91,0,96,0,0.999999999999999
prefill,20,111,92,0,96,0,0.999999999999999
prefill,20,112,93,0,96,0,0.999999999999999
prefill,20,113,94,0,96,0,0.999999999999999
prefill,20,114,96,0,96,0,0.999999999999999
prefill,20,115,97,0,96,0,0.999999999999999
prefill,20,116,98,0,96,0,0.999999999999999
prefill,20,117,99,0,96,0,0.999999999999999
prefill,20,118,100,0,96,0,0.999999999999999
prefill,20,119,101,0,96,0,0.999999999999999
prefill,20,120,103,0,96,0,0.999999999999999
prefill,20,121,104,0,96,0,0.999999999999999
prefill,20,122,105,0,96,0,0.999999999999999
prefill,20,123,106,0,96,0,0.999999999999999
prefill,20,124,107,0,96,0,0.999999999999999
prefill,20,125,108,0,96,0,0.999999999999999
prefill,20,126,110,0,96,0,0.999999999999999
prefill,20,127,111,0,96,0,0.999999999999999
prefill,20,128,112,0,96,0,0.999999999999999
prefill,20,129,113,0,96,0,0.999999999999999
prefill,20,130,114,0,96,0,0.999999999999999
prefill,20,131,115,0,96,0,0.999999999999999
prefill,20,132,116,0,96,0,0.999999999999999
prefill,20,133,117,0,96,0,0.999999999999999
prefill,20,134,119,0,96,0,0.999999999999999
prefill,20,135,120,0,96,0,0.999999999999999
prefill,20,136,121,0,96,0,0.999999999999999
prefill,20,137,122,0,96,0,0.999999999999999
prefill,20,138,123,0,96,0,0.999999999999999
prefill,20,139,124,0,96,0,0.999999999999999
prefill,20,140,125,0,96,0,0.999999999999999
prefill,20,141,126,0,96,0,0.999999999999999
prefill,20,142,127,0,96,0,0.999999999999999
prefill,20,143,128,0,96,0,0.999999999999999
prefill,20,144,129,0,96,0,0.999999999999999
prefill,20,145,130,0,96,0,0.999999999999999
prefill,20,146,132,0,96,0,0.999999999999999
prefill,20,147,133,0,96,0,0.999999999999999
prefill,20,148,134,0,96,0,0.999999999999999
prefill,20,149,135,0,96,0,0.999999999999999
prefill,20,150,136,0,96,0,0.999999999999999
prefill,20,151,137,0,96,0,0.999999999999999
prefill,20,152,138,0,96,0,0.999999999999999
prefill,20,153,139,0,96,0,0.999999999999999
prefill,20,154,140,0,96,0,0.999999999999999
prefill,20,155,141,0,96,0,0.999999999999999
prefill,20,156,142,0,96,0,0.999999999999999
prefill,20,157,143,0,96,0,0.999999999999999
prefill,20,158,144,0,96,0,0.999999999999999
prefill,20,159,145,0,96,0,0.999999999999999
prefill,20,160,146,0,96,0,0.999999999999999
prefill,20,161,147,0,96,0,0.999999999999999
prefill,20,162,148,0,96,0,0.999999999999999
prefill,20,163,150,0,96,0,0.999999999999999
prefill,20,164,152,0,96,0,0.999999999999999
prefill,20,165,153,0,96,0,0.999999999999999
prefill,20,166,154,0,96,0,0.999999999999999
prefill,20,167,155,0,96,0,0.999999999999999
prefill,20,168,156,0,96,0,0.999999999999999
prefill,20,169,157,0,96,0,0.999999999999999
prefill,20,170,158,0,96,0,0.999999999999999
prefill,20,171,159,0,96,0,0.999999999999999
prefill,20,172,160,0,96,0,0.999999999999999
prefill,20,173,161,0,96,0,0.999999999999999
prefill,20,174,162,0,96,0,0.999999999999999
prefill,20,175,163,0,96,0,0.999999999999999
prefill,20,176,164,0,96,0,0.999999999999999
prefill,20,177,165,0,96,0,0.999999999999999
prefill,20,178,166,0,96,0,0.999999999999999
prefill,20,179,167,0,96,0,0.999999999999999
prefill,20,180,168,0,96,0,0.999999999999999
prefill,20,181,169,0,96,0,0.999999999999999
prefill,20,182,170,0,96,0,0.999999999999999
prefill,20,183,171,0,96,0,0.999999999999999
prefill,20,184,172,0,96,0,0.999999999999999
prefill,20,185,173,0,96,0,0.999999999999999
prefill,20,186,174,0,96,0,0.999999999999999
prefill,20,187,175,0,96,0,0.999999999999999
prefill,20,188,176,0,96,0,0.999999999999999
prefill,20,189,177,0,96,0,0.999999999999999
prefill,20,190,178,0,96,0,0.999999999999999
prefill,20,191,179,0,96,0,0.999999999999999
prefill,20,192,180,0,96,0,0.999999999999999
prefill,20,193,181,0,96,0,0.999999999999999
prefill,20,194,182,0,96,0,0.999999999999999
prefill,20,195,183,0,96,0,0.999999999999999
prefill,20,196,184,0,96,0,0.999999999999999
prefill,20,197,185,0,96,0,0.999999999999999
prefill,20,198,186,0,96,0,0.999999999999999
prefill,20,199,187,0,96,0,0.999999999999999
prefill,20,200,188,0,96,0,0.999999999999999
prefill,20,201,189,0,96,0,0.999999999999999
prefill,20,202,190,0,96,0,0.999999999999999
prefill,20,203,192,0,96,0,0.999999999999999
prefill,20,204,193,0,96,0,0.999999999999999
prefill,20,205,194,0,96,0,0.999999999999999
prefill,20,206,195,0,96,0,0.999999999999999
prefill,20,207,196,0,96,0,0.999999999999999
prefill,20,208,197,0,96,0,0.999999999999999
prefill,20,209,198,0,96,0,0.999999999999999
prefill,20,210,199,0,96,0,0.999999999999999
prefill,20,211,201,0,96,0,0.999999999999999
prefill,20,212,202,0,96,0,0.999999999999999
prefill,20,213,203,0,96,0,0.999999999999999
prefill,20,214,206,0,96,0,0.999999999999999
prefill,20,215,207,0,96,0,0.999999999999999
prefill,20,216,208,0,96,0,0.999999999999999
prefill,20,217,209,0,96,0,0.999999999999999
prefill,20,218,210,0,96,0,0.999999999999999
prefill,20,219,211,0,96,0,0.999999999999999
prefill,20,220,212,0,96,0,0.999999999999999
prefill,20,221,213,0,96,0,0.999999999999999
prefill,20,222,214,0,96,0,0.999999999999999
prefill,20,223,215,0,96,0,0.999999999999999
prefill,20,224,216,0,96,0,0.999999999999999
prefill,20,225,220,0,96,0,0.999999999999999
prefill,20,226,221,0,96,0,0.999999999999999
prefill,20,227,222,0,96,0,0.999999999999999
prefill,20,228,223,0,96,0,0.999999999999999
prefill,20,229,224,0,96,0,0.999999999999999
prefill,20,230,225,0,96,0,0.999999999999999
prefill,20,231,226,0,96,0,0.999999999999999
prefill,20,232,227,0,96,0,0.999999999999999
prefill,20,233,228,0,96,0,0.999999999999999
prefill,20,234,229,0,96,0,0.999999999999999
prefill,20,235,230,0,96,0,0.999999999999999
prefill,20,236,231,0,96,0,0.999999999999999
prefill,20,237,232,0,96,0,0.999999999999999
prefill,20,238,234,0,96,0,0.999999999999999
prefill,20,239,235,0,96,0,0.999999999999999
prefill,20,240,237,0,96,0,0.999999999999999
prefill,20,241,238,0,96,0,0.999999999999999
prefill,20,242,239,0,96,0,0.999999999999999
prefill,20,243,240,0,96,0,0.999999999999999
prefill,20,244,241,0,96,0,0.999999999999999
prefill,20,245,242,0,96,0,0.999999999999999
prefill,20,246,243,0,96,0,0.999999999999999
prefill,20,247,245,0,96,0,0.999999999999999
prefill,20,248,246,0,96,0,0.999999999999999
prefill,20,249,247,0,96,0,0.999999999999999
prefill,20,250,248,0,96,0,0.999999999999999
prefill,20,251,249,0,96,0,0.999999999999999
prefill,20,252,251,0,96,0,0.999999999999999
prefill,20,253,252,0,96,0,0.999999999999999
prefill,20,254,253,0,96,0,0.999999999999999
prefill,20,255,254,0,96,0,0.999999999999999
prefill,20,256,255,0,96,0,0.999999999999999
prefill,21,1,19,12,96,0.125,0.125
prefill,21,2,139,12,96,0.125,0.25
prefill,21,3,205,12,96,0.125,0.375
prefill,21,4,215,9,96,0.09375,0.46875
prefill,21,5,52,8,96,0.0833333333333333,0.552083333333333
prefill,21,6,49,5,96,0.0520833333333333,0.604166666666667
prefill,21,7,129,5,96,0.0520833333333333,0.65625
prefill,21,8,193,4,96,0.0416666666666667,0.697916666666667
prefill,21,9,75,3,96,0.03125,0.729166666666667
prefill,21,10,142,3,96,0.03125,0.760416666666667
prefill,21,11,22,2,96,0.0208333333333333,0.78125
prefill,21,12,56,2,96,0.0208333333333333,0.802083333333333
prefill,21,13,168,2,96,0.0208333333333333,0.822916666666667
prefill,21,14,197,2,96,0.0208333333333333,0.84375
prefill,21,15,50,1,96,0.0104166666666667,0.854166666666667
prefill,21,16,80,1,96,0.0104166666666667,0.864583333333333
prefill,21,17,86,1,96,0.0104166666666667,0.875
prefill,21,18,93,1,96,0.0104166666666667,0.885416666666667
prefill,21,19,130,1,96,0.0104166666666667,0.895833333333333
prefill,21,20,156,1,96,0.0104166666666667,0.90625
prefill,21,21,170,1,96,0.0104166666666667,0.916666666666667
prefill,21,22,173,1,96,0.0104166666666667,0.927083333333333
prefill,21,23,177,1,96,0.0104166666666667,0.9375
prefill,21,24,221,1,96,0.0104166666666667,0.947916666666667
prefill,21,25,222,1,96,0.0104166666666667,0.958333333333333
prefill,21,26,243,1,96,0.0104166666666667,0.96875
prefill,21,27,245,1,96,0.0104166666666667,0.979166666666666
prefill,21,28,250,1,96,0.0104166666666667,0.989583333333333
prefill,21,29,252,1,96,0.0104166666666667,1
prefill,21,30,0,0,96,0,1
prefill,21,31,1,0,96,0,1
prefill,21,32,2,0,96,0,1
prefill,21,33,3,0,96,0,1
prefill,21,34,4,0,96,0,1
prefill,21,35,5,0,96,0,1
prefill,21,36,6,0,96,0,1
prefill,21,37,7,0,96,0,1
prefill,21,38,8,0,96,0,1
prefill,21,39,9,0,96,0,1
prefill,21,40,10,0,96,0,1
prefill,21,41,11,0,96,0,1
prefill,21,42,12,0,96,0,1
prefill,21,43,13,0,96,0,1
prefill,21,44,14,0,96,0,1
prefill,21,45,15,0,96,0,1
prefill,21,46,16,0,96,0,1
prefill,21,47,17,0,96,0,1
prefill,21,48,18,0,96,0,1
prefill,21,49,20,0,96,0,1
prefill,21,50,21,0,96,0,1
prefill,21,51,23,0,96,0,1
prefill,21,52,24,0,96,0,1
prefill,21,53,25,0,96,0,1
prefill,21,54,26,0,96,0,1
prefill,21,55,27,0,96,0,1
prefill,21,56,28,0,96,0,1
prefill,21,57,29,0,96,0,1
prefill,21,58,30,0,96,0,1
prefill,21,59,31,0,96,0,1
prefill,21,60,32,0,96,0,1
prefill,21,61,33,0,96,0,1
prefill,21,62,34,0,96,0,1
prefill,21,63,35,0,96,0,1
prefill,21,64,36,0,96,0,1
prefill,21,65,37,0,96,0,1
prefill,21,66,38,0,96,0,1
prefill,21,67,39,0,96,0,1
prefill,21,68,40,0,96,0,1
prefill,21,69,41,0,96,0,1
prefill,21,70,42,0,96,0,1
prefill,21,71,43,0,96,0,1
prefill,21,72,44,0,96,0,1
prefill,21,73,45,0,96,0,1
prefill,21,74,46,0,96,0,1
prefill,21,75,47,0,96,0,1
prefill,21,76,48,0,96,0,1
prefill,21,77,51,0,96,0,1
prefill,21,78,53,0,96,0,1
prefill,21,79,54,0,96,0,1
prefill,21,80,55,0,96,0,1
prefill,21,81,57,0,96,0,1
prefill,21,82,58,0,96,0,1
prefill,21,83,59,0,96,0,1
prefill,21,84,60,0,96,0,1
prefill,21,85,61,0,96,0,1
prefill,21,86,62,0,96,0,1
prefill,21,87,63,0,96,0,1
prefill,21,88,64,0,96,0,1
prefill,21,89,65,0,96,0,1
prefill,21,90,66,0,96,0,1
prefill,21,91,67,0,96,0,1
prefill,21,92,68,0,96,0,1
prefill,21,93,69,0,96,0,1
prefill,21,94,70,0,96,0,1
prefill,21,95,71,0,96,0,1
prefill,21,96,72,0,96,0,1
prefill,21,97,73,0,96,0,1
prefill,21,98,74,0,96,0,1
prefill,21,99,76,0,96,0,1
prefill,21,100,77,0,96,0,1
prefill,21,101,78,0,96,0,1
prefill,21,102,79,0,96,0,1
prefill,21,103,81,0,96,0,1
prefill,21,104,82,0,96,0,1
prefill,21,105,83,0,96,0,1
prefill,21,106,84,0,96,0,1
prefill,21,107,85,0,96,0,1
prefill,21,108,87,0,96,0,1
prefill,21,109,88,0,96,0,1
prefill,21,110,89,0,96,0,1
prefill,21,111,90,0,96,0,1
prefill,21,112,91,0,96,0,1
prefill,21,113,92,0,96,0,1
prefill,21,114,94,0,96,0,1
prefill,21,115,95,0,96,0,1
prefill,21,116,96,0,96,0,1
prefill,21,117,97,0,96,0,1
prefill,21,118,98,0,96,0,1
prefill,21,119,99,0,96,0,1
prefill,21,120,100,0,96,0,1
prefill,21,121,101,0,96,0,1
prefill,21,122,102,0,96,0,1
prefill,21,123,103,0,96,0,1
prefill,21,124,104,0,96,0,1
prefill,21,125,105,0,96,0,1
prefill,21,126,106,0,96,0,1
prefill,21,127,107,0,96,0,1
prefill,21,128,108,0,96,0,1
prefill,21,129,109,0,96,0,1
prefill,21,130,110,0,96,0,1
prefill,21,131,111,0,96,0,1
prefill,21,132,112,0,96,0,1
prefill,21,133,113,0,96,0,1
prefill,21,134,114,0,96,0,1
prefill,21,135,115,0,96,0,1
prefill,21,136,116,0,96,0,1
prefill,21,137,117,0,96,0,1
prefill,21,138,118,0,96,0,1
prefill,21,139,119,0,96,0,1
prefill,21,140,120,0,96,0,1
prefill,21,141,121,0,96,0,1
prefill,21,142,122,0,96,0,1
prefill,21,143,123,0,96,0,1
prefill,21,144,124,0,96,0,1
prefill,21,145,125,0,96,0,1
prefill,21,146,126,0,96,0,1
prefill,21,147,127,0,96,0,1
prefill,21,148,128,0,96,0,1
prefill,21,149,131,0,96,0,1
prefill,21,150,132,0,96,0,1
prefill,21,151,133,0,96,0,1
prefill,21,152,134,0,96,0,1
prefill,21,153,135,0,96,0,1
prefill,21,154,136,0,96,0,1
prefill,21,155,137,0,96,0,1
prefill,21,156,138,0,96,0,1
prefill,21,157,140,0,96,0,1
prefill,21,158,141,0,96,0,1
prefill,21,159,143,0,96,0,1
prefill,21,160,144,0,96,0,1
prefill,21,161,145,0,96,0,1
prefill,21,162,146,0,96,0,1
prefill,21,163,147,0,96,0,1
prefill,21,164,148,0,96,0,1
prefill,21,165,149,0,96,0,1
prefill,21,166,150,0,96,0,1
prefill,21,167,151,0,96,0,1
prefill,21,168,152,0,96,0,1
prefill,21,169,153,0,96,0,1
prefill,21,170,154,0,96,0,1
prefill,21,171,155,0,96,0,1
prefill,21,172,157,0,96,0,1
prefill,21,173,158,0,96,0,1
prefill,21,174,159,0,96,0,1
prefill,21,175,160,0,96,0,1
prefill,21,176,161,0,96,0,1
prefill,21,177,162,0,96,0,1
prefill,21,178,163,0,96,0,1
prefill,21,179,164,0,96,0,1
prefill,21,180,165,0,96,0,1
prefill,21,181,166,0,96,0,1
prefill,21,182,167,0,96,0,1
prefill,21,183,169,0,96,0,1
prefill,21,184,171,0,96,0,1
prefill,21,185,172,0,96,0,1
prefill,21,186,174,0,96,0,1
prefill,21,187,175,0,96,0,1
prefill,21,188,176,0,96,0,1
prefill,21,189,178,0,96,0,1
prefill,21,190,179,0,96,0,1
prefill,21,191,180,0,96,0,1
prefill,21,192,181,0,96,0,1
prefill,21,193,182,0,96,0,1
prefill,21,194,183,0,96,0,1
prefill,21,195,184,0,96,0,1
prefill,21,196,185,0,96,0,1
prefill,21,197,186,0,96,0,1
prefill,21,198,187,0,96,0,1
prefill,21,199,188,0,96,0,1
prefill,21,200,189,0,96,0,1
prefill,21,201,190,0,96,0,1
prefill,21,202,191,0,96,0,1
prefill,21,203,192,0,96,0,1
prefill,21,204,194,0,96,0,1
prefill,21,205,195,0,96,0,1
prefill,21,206,196,0,96,0,1
prefill,21,207,198,0,96,0,1
prefill,21,208,199,0,96,0,1
prefill,21,209,200,0,96,0,1
prefill,21,210,201,0,96,0,1
prefill,21,211,202,0,96,0,1
prefill,21,212,203,0,96,0,1
prefill,21,213,204,0,96,0,1
prefill,21,214,206,0,96,0,1
prefill,21,215,207,0,96,0,1
prefill,21,216,208,0,96,0,1
prefill,21,217,209,0,96,0,1
prefill,21,218,210,0,96,0,1
prefill,21,219,211,0,96,0,1
prefill,21,220,212,0,96,0,1
prefill,21,221,213,0,96,0,1
prefill,21,222,214,0,96,0,1
prefill,21,223,216,0,96,0,1
prefill,21,224,217,0,96,0,1
prefill,21,225,218,0,96,0,1
prefill,21,226,219,0,96,0,1
prefill,21,227,220,0,96,0,1
prefill,21,228,223,0,96,0,1
prefill,21,229,224,0,96,0,1
prefill,21,230,225,0,96,0,1
prefill,21,231,226,0,96,0,1
prefill,21,232,227,0,96,0,1
prefill,21,233,228,0,96,0,1
prefill,21,234,229,0,96,0,1
prefill,21,235,230,0,96,0,1
prefill,21,236,231,0,96,0,1
prefill,21,237,232,0,96,0,1
prefill,21,238,233,0,96,0,1
prefill,21,239,234,0,96,0,1
prefill,21,240,235,0,96,0,1
prefill,21,241,236,0,96,0,1
prefill,21,242,237,0,96,0,1
prefill,21,243,238,0,96,0,1
prefill,21,244,239,0,96,0,1
prefill,21,245,240,0,96,0,1
prefill,21,246,241,0,96,0,1
prefill,21,247,242,0,96,0,1
prefill,21,248,244,0,96,0,1
prefill,21,249,246,0,96,0,1
prefill,21,250,247,0,96,0,1
prefill,21,251,248,0,96,0,1
prefill,21,252,249,0,96,0,1
prefill,21,253,251,0,96,0,1
prefill,21,254,253,0,96,0,1
prefill,21,255,254,0,96,0,1
prefill,21,256,255,0,96,0,1
prefill,22,1,47,15,96,0.15625,0.15625
prefill,22,2,173,13,96,0.135416666666667,0.291666666666667
prefill,22,3,166,12,96,0.125,0.416666666666667
prefill,22,4,246,11,96,0.114583333333333,0.53125
prefill,22,5,135,8,96,0.0833333333333333,0.614583333333333
prefill,22,6,238,8,96,0.0833333333333333,0.697916666666667
prefill,22,7,103,3,96,0.03125,0.729166666666667
prefill,22,8,64,2,96,0.0208333333333333,0.75
prefill,22,9,147,2,96,0.0208333333333333,0.770833333333333
prefill,22,10,179,2,96,0.0208333333333333,0.791666666666667
prefill,22,11,205,2,96,0.0208333333333333,0.8125
prefill,22,12,220,2,96,0.0208333333333333,0.833333333333334
prefill,22,13,17,1,96,0.0104166666666667,0.84375
prefill,22,14,29,1,96,0.0104166666666667,0.854166666666667
prefill,22,15,54,1,96,0.0104166666666667,0.864583333333333
prefill,22,16,76,1,96,0.0104166666666667,0.875
prefill,22,17,91,1,96,0.0104166666666667,0.885416666666667
prefill,22,18,97,1,96,0.0104166666666667,0.895833333333333
prefill,22,19,133,1,96,0.0104166666666667,0.90625
prefill,22,20,156,1,96,0.0104166666666667,0.916666666666667
prefill,22,21,157,1,96,0.0104166666666667,0.927083333333333
prefill,22,22,158,1,96,0.0104166666666667,0.9375
prefill,22,23,161,1,96,0.0104166666666667,0.947916666666667
prefill,22,24,183,1,96,0.0104166666666667,0.958333333333333
prefill,22,25,186,1,96,0.0104166666666667,0.96875
prefill,22,26,219,1,96,0.0104166666666667,0.979166666666666
prefill,22,27,231,1,96,0.0104166666666667,0.989583333333333
prefill,22,28,247,1,96,0.0104166666666667,1
prefill,22,29,0,0,96,0,1
prefill,22,30,1,0,96,0,1
prefill,22,31,2,0,96,0,1
prefill,22,32,3,0,96,0,1
prefill,22,33,4,0,96,0,1
prefill,22,34,5,0,96,0,1
prefill,22,35,6,0,96,0,1
prefill,22,36,7,0,96,0,1
prefill,22,37,8,0,96,0,1
prefill,22,38,9,0,96,0,1
prefill,22,39,10,0,96,0,1
prefill,22,40,11,0,96,0,1
prefill,22,41,12,0,96,0,1
prefill,22,42,13,0,96,0,1
prefill,22,43,14,0,96,0,1
prefill,22,44,15,0,96,0,1
prefill,22,45,16,0,96,0,1
prefill,22,46,18,0,96,0,1
prefill,22,47,19,0,96,0,1
prefill,22,48,20,0,96,0,1
prefill,22,49,21,0,96,0,1
prefill,22,50,22,0,96,0,1
prefill,22,51,23,0,96,0,1
prefill,22,52,24,0,96,0,1
prefill,22,53,25,0,96,0,1
prefill,22,54,26,0,96,0,1
prefill,22,55,27,0,96,0,1
prefill,22,56,28,0,96,0,1
prefill,22,57,30,0,96,0,1
prefill,22,58,31,0,96,0,1
prefill,22,59,32,0,96,0,1
prefill,22,60,33,0,96,0,1
prefill,22,61,34,0,96,0,1
prefill,22,62,35,0,96,0,1
prefill,22,63,36,0,96,0,1
prefill,22,64,37,0,96,0,1
prefill,22,65,38,0,96,0,1
prefill,22,66,39,0,96,0,1
prefill,22,67,40,0,96,0,1
prefill,22,68,41,0,96,0,1
prefill,22,69,42,0,96,0,1
prefill,22,70,43,0,96,0,1
prefill,22,71,44,0,96,0,1
prefill,22,72,45,0,96,0,1
prefill,22,73,46,0,96,0,1
prefill,22,74,48,0,96,0,1
prefill,22,75,49,0,96,0,1
prefill,22,76,50,0,96,0,1
prefill,22,77,51,0,96,0,1
prefill,22,78,52,0,96,0,1
prefill,22,79,53,0,96,0,1
prefill,22,80,55,0,96,0,1
prefill,22,81,56,0,96,0,1
prefill,22,82,57,0,96,0,1
prefill,22,83,58,0,96,0,1
prefill,22,84,59,0,96,0,1
prefill,22,85,60,0,96,0,1
prefill,22,86,61,0,96,0,1
prefill,22,87,62,0,96,0,1
prefill,22,88,63,0,96,0,1
prefill,22,89,65,0,96,0,1
prefill,22,90,66,0,96,0,1
prefill,22,91,67,0,96,0,1
prefill,22,92,68,0,96,0,1
prefill,22,93,69,0,96,0,1
prefill,22,94,70,0,96,0,1
prefill,22,95,71,0,96,0,1
prefill,22,96,72,0,96,0,1
prefill,22,97,73,0,96,0,1
prefill,22,98,74,0,96,0,1
prefill,22,99,75,0,96,0,1
prefill,22,100,77,0,96,0,1
prefill,22,101,78,0,96,0,1
prefill,22,102,79,0,96,0,1
prefill,22,103,80,0,96,0,1
prefill,22,104,81,0,96,0,1
prefill,22,105,82,0,96,0,1
prefill,22,106,83,0,96,0,1
prefill,22,107,84,0,96,0,1
prefill,22,108,85,0,96,0,1
prefill,22,109,86,0,96,0,1
prefill,22,110,87,0,96,0,1
prefill,22,111,88,0,96,0,1
prefill,22,112,89,0,96,0,1
prefill,22,113,90,0,96,0,1
prefill,22,114,92,0,96,0,1
prefill,22,115,93,0,96,0,1
prefill,22,116,94,0,96,0,1
prefill,22,117,95,0,96,0,1
prefill,22,118,96,0,96,0,1
prefill,22,119,98,0,96,0,1
prefill,22,120,99,0,96,0,1
prefill,22,121,100,0,96,0,1
prefill,22,122,101,0,96,0,1
prefill,22,123,102,0,96,0,1
prefill,22,124,104,0,96,0,1
prefill,22,125,105,0,96,0,1
prefill,22,126,106,0,96,0,1
prefill,22,127,107,0,96,0,1
prefill,22,128,108,0,96,0,1
prefill,22,129,109,0,96,0,1
prefill,22,130,110,0,96,0,1
prefill,22,131,111,0,96,0,1
prefill,22,132,112,0,96,0,1
prefill,22,133,113,0,96,0,1
prefill,22,134,114,0,96,0,1
prefill,22,135,115,0,96,0,1
prefill,22,136,116,0,96,0,1
prefill,22,137,117,0,96,0,1
prefill,22,138,118,0,96,0,1
prefill,22,139,119,0,96,0,1
prefill,22,140,120,0,96,0,1
prefill,22,141,121,0,96,0,1
prefill,22,142,122,0,96,0,1
prefill,22,143,123,0,96,0,1
prefill,22,144,124,0,96,0,1
prefill,22,145,125,0,96,0,1
prefill,22,146,126,0,96,0,1
prefill,22,147,127,0,96,0,1
prefill,22,148,128,0,96,0,1
prefill,22,149,129,0,96,0,1
prefill,22,150,130,0,96,0,1
prefill,22,151,131,0,96,0,1
prefill,22,152,132,0,96,0,1
prefill,22,153,134,0,96,0,1
prefill,22,154,136,0,96,0,1
prefill,22,155,137,0,96,0,1
prefill,22,156,138,0,96,0,1
prefill,22,157,139,0,96,0,1
prefill,22,158,140,0,96,0,1
prefill,22,159,141,0,96,0,1
prefill,22,160,142,0,96,0,1
prefill,22,161,143,0,96,0,1
prefill,22,162,144,0,96,0,1
prefill,22,163,145,0,96,0,1
prefill,22,164,146,0,96,0,1
prefill,22,165,148,0,96,0,1
prefill,22,166,149,0,96,0,1
prefill,22,167,150,0,96,0,1
prefill,22,168,151,0,96,0,1
prefill,22,169,152,0,96,0,1
prefill,22,170,153,0,96,0,1
prefill,22,171,154,0,96,0,1
prefill,22,172,155,0,96,0,1
prefill,22,173,159,0,96,0,1
prefill,22,174,160,0,96,0,1
prefill,22,175,162,0,96,0,1
prefill,22,176,163,0,96,0,1
prefill,22,177,164,0,96,0,1
prefill,22,178,165,0,96,0,1
prefill,22,179,167,0,96,0,1
prefill,22,180,168,0,96,0,1
prefill,22,181,169,0,96,0,1
prefill,22,182,170,0,96,0,1
prefill,22,183,171,0,96,0,1
prefill,22,184,172,0,96,0,1
prefill,22,185,174,0,96,0,1
prefill,22,186,175,0,96,0,1
prefill,22,187,176,0,96,0,1
prefill,22,188,177,0,96,0,1
prefill,22,189,178,0,96,0,1
prefill,22,190,180,0,96,0,1
prefill,22,191,181,0,96,0,1
prefill,22,192,182,0,96,0,1
prefill,22,193,184,0,96,0,1
prefill,22,194,185,0,96,0,1
prefill,22,195,187,0,96,0,1
prefill,22,196,188,0,96,0,1
prefill,22,197,189,0,96,0,1
prefill,22,198,190,0,96,0,1
prefill,22,199,191,0,96,0,1
prefill,22,200,192,0,96,0,1
prefill,22,201,193,0,96,0,1
prefill,22,202,194,0,96,0,1
prefill,22,203,195,0,96,0,1
prefill,22,204,196,0,96,0,1
prefill,22,205,197,0,96,0,1
prefill,22,206,198,0,96,0,1
prefill,22,207,199,0,96,0,1
prefill,22,208,200,0,96,0,1
prefill,22,209,201,0,96,0,1
prefill,22,210,202,0,96,0,1
prefill,22,211,203,0,96,0,1
prefill,22,212,204,0,96,0,1
prefill,22,213,206,0,96,0,1
prefill,22,214,207,0,96,0,1
prefill,22,215,208,0,96,0,1
prefill,22,216,209,0,96,0,1
prefill,22,217,210,0,96,0,1
prefill,22,218,211,0,96,0,1
prefill,22,219,212,0,96,0,1
prefill,22,220,213,0,96,0,1
prefill,22,221,214,0,96,0,1
prefill,22,222,215,0,96,0,1
prefill,22,223,216,0,96,0,1
prefill,22,224,217,0,96,0,1
prefill,22,225,218,0,96,0,1
prefill,22,226,221,0,96,0,1
prefill,22,227,222,0,96,0,1
prefill,22,228,223,0,96,0,1
prefill,22,229,224,0,96,0,1
prefill,22,230,225,0,96,0,1
prefill,22,231,226,0,96,0,1
prefill,22,232,227,0,96,0,1
prefill,22,233,228,0,96,0,1
prefill,22,234,229,0,96,0,1
prefill,22,235,230,0,96,0,1
prefill,22,236,232,0,96,0,1
prefill,22,237,233,0,96,0,1
prefill,22,238,234,0,96,0,1
prefill,22,239,235,0,96,0,1
prefill,22,240,236,0,96,0,1
prefill,22,241,237,0,96,0,1
prefill,22,242,239,0,96,0,1
prefill,22,243,240,0,96,0,1
prefill,22,244,241,0,96,0,1
prefill,22,245,242,0,96,0,1
prefill,22,246,243,0,96,0,1
prefill,22,247,244,0,96,0,1
prefill,22,248,245,0,96,0,1
prefill,22,249,248,0,96,0,1
prefill,22,250,249,0,96,0,1
prefill,22,251,250,0,96,0,1
prefill,22,252,251,0,96,0,1
prefill,22,253,252,0,96,0,1
prefill,22,254,253,0,96,0,1
prefill,22,255,254,0,96,0,1
prefill,22,256,255,0,96,0,1
prefill,23,1,97,8,96,0.0833333333333333,0.0833333333333333
prefill,23,2,180,7,96,0.0729166666666667,0.15625
prefill,23,3,197,6,96,0.0625,0.21875
prefill,23,4,241,4,96,0.0416666666666667,0.260416666666667
prefill,23,5,29,3,96,0.03125,0.291666666666667
prefill,23,6,30,3,96,0.03125,0.322916666666667
prefill,23,7,107,3,96,0.03125,0.354166666666667
prefill,23,8,169,3,96,0.03125,0.385416666666667
prefill,23,9,233,3,96,0.03125,0.416666666666667
prefill,23,10,239,3,96,0.03125,0.447916666666667
prefill,23,11,240,3,96,0.03125,0.479166666666667
prefill,23,12,1,2,96,0.0208333333333333,0.5
prefill,23,13,7,2,96,0.0208333333333333,0.520833333333333
prefill,23,14,108,2,96,0.0208333333333333,0.541666666666667
prefill,23,15,114,2,96,0.0208333333333333,0.5625
prefill,23,16,129,2,96,0.0208333333333333,0.583333333333333
prefill,23,17,190,2,96,0.0208333333333333,0.604166666666667
prefill,23,18,193,2,96,0.0208333333333333,0.625
prefill,23,19,210,2,96,0.0208333333333333,0.645833333333334
prefill,23,20,221,2,96,0.0208333333333333,0.666666666666667
prefill,23,21,0,1,96,0.0104166666666667,0.677083333333334
prefill,23,22,2,1,96,0.0104166666666667,0.6875
prefill,23,23,5,1,96,0.0104166666666667,0.697916666666667
prefill,23,24,32,1,96,0.0104166666666667,0.708333333333333
prefill,23,25,49,1,96,0.0104166666666667,0.71875
prefill,23,26,53,1,96,0.0104166666666667,0.729166666666667
prefill,23,27,58,1,96,0.0104166666666667,0.739583333333333
prefill,23,28,67,1,96,0.0104166666666667,0.75
prefill,23,29,68,1,96,0.0104166666666667,0.760416666666667
prefill,23,30,80,1,96,0.0104166666666667,0.770833333333333
prefill,23,31,85,1,96,0.0104166666666667,0.78125
prefill,23,32,92,1,96,0.0104166666666667,0.791666666666667
prefill,23,33,98,1,96,0.0104166666666667,0.802083333333333
prefill,23,34,104,1,96,0.0104166666666667,0.8125
prefill,23,35,118,1,96,0.0104166666666667,0.822916666666666
prefill,23,36,125,1,96,0.0104166666666667,0.833333333333333
prefill,23,37,153,1,96,0.0104166666666667,0.84375
prefill,23,38,155,1,96,0.0104166666666667,0.854166666666666
prefill,23,39,158,1,96,0.0104166666666667,0.864583333333333
prefill,23,40,165,1,96,0.0104166666666667,0.875
prefill,23,41,176,1,96,0.0104166666666667,0.885416666666666
prefill,23,42,177,1,96,0.0104166666666667,0.895833333333333
prefill,23,43,188,1,96,0.0104166666666667,0.906249999999999
prefill,23,44,196,1,96,0.0104166666666667,0.916666666666666
prefill,23,45,209,1,96,0.0104166666666667,0.927083333333333
prefill,23,46,214,1,96,0.0104166666666667,0.937499999999999
prefill,23,47,215,1,96,0.0104166666666667,0.947916666666666
prefill,23,48,217,1,96,0.0104166666666667,0.958333333333333
prefill,23,49,227,1,96,0.0104166666666667,0.968749999999999
prefill,23,50,236,1,96,0.0104166666666667,0.979166666666666
prefill,23,51,249,1,96,0.0104166666666667,0.989583333333332
prefill,23,52,253,1,96,0.0104166666666667,0.999999999999999
prefill,23,53,3,0,96,0,0.999999999999999
prefill,23,54,4,0,96,0,0.999999999999999
prefill,23,55,6,0,96,0,0.999999999999999
prefill,23,56,8,0,96,0,0.999999999999999
prefill,23,57,9,0,96,0,0.999999999999999
prefill,23,58,10,0,96,0,0.999999999999999
prefill,23,59,11,0,96,0,0.999999999999999
prefill,23,60,12,0,96,0,0.999999999999999
prefill,23,61,13,0,96,0,0.999999999999999
prefill,23,62,14,0,96,0,0.999999999999999
prefill,23,63,15,0,96,0,0.999999999999999
prefill,23,64,16,0,96,0,0.999999999999999
prefill,23,65,17,0,96,0,0.999999999999999
prefill,23,66,18,0,96,0,0.999999999999999
prefill,23,67,19,0,96,0,0.999999999999999
prefill,23,68,20,0,96,0,0.999999999999999
prefill,23,69,21,0,96,0,0.999999999999999
prefill,23,70,22,0,96,0,0.999999999999999
prefill,23,71,23,0,96,0,0.999999999999999
prefill,23,72,24,0,96,0,0.999999999999999
prefill,23,73,25,0,96,0,0.999999999999999
prefill,23,74,26,0,96,0,0.999999999999999
prefill,23,75,27,0,96,0,0.999999999999999
prefill,23,76,28,0,96,0,0.999999999999999
prefill,23,77,31,0,96,0,0.999999999999999
prefill,23,78,33,0,96,0,0.999999999999999
prefill,23,79,34,0,96,0,0.999999999999999
prefill,23,80,35,0,96,0,0.999999999999999
prefill,23,81,36,0,96,0,0.999999999999999
prefill,23,82,37,0,96,0,0.999999999999999
prefill,23,83,38,0,96,0,0.999999999999999
prefill,23,84,39,0,96,0,0.999999999999999
prefill,23,85,40,0,96,0,0.999999999999999
prefill,23,86,41,0,96,0,0.999999999999999
prefill,23,87,42,0,96,0,0.999999999999999
prefill,23,88,43,0,96,0,0.999999999999999
prefill,23,89,44,0,96,0,0.999999999999999
prefill,23,90,45,0,96,0,0.999999999999999
prefill,23,91,46,0,96,0,0.999999999999999
prefill,23,92,47,0,96,0,0.999999999999999
prefill,23,93,48,0,96,0,0.999999999999999
prefill,23,94,50,0,96,0,0.999999999999999
prefill,23,95,51,0,96,0,0.999999999999999
prefill,23,96,52,0,96,0,0.999999999999999
prefill,23,97,54,0,96,0,0.999999999999999
prefill,23,98,55,0,96,0,0.999999999999999
prefill,23,99,56,0,96,0,0.999999999999999
prefill,23,100,57,0,96,0,0.999999999999999
prefill,23,101,59,0,96,0,0.999999999999999
prefill,23,102,60,0,96,0,0.999999999999999
prefill,23,103,61,0,96,0,0.999999999999999
prefill,23,104,62,0,96,0,0.999999999999999
prefill,23,105,63,0,96,0,0.999999999999999
prefill,23,106,64,0,96,0,0.999999999999999
prefill,23,107,65,0,96,0,0.999999999999999
prefill,23,108,66,0,96,0,0.999999999999999
prefill,23,109,69,0,96,0,0.999999999999999
prefill,23,110,70,0,96,0,0.999999999999999
prefill,23,111,71,0,96,0,0.999999999999999
prefill,23,112,72,0,96,0,0.999999999999999
prefill,23,113,73,0,96,0,0.999999999999999
prefill,23,114,74,0,96,0,0.999999999999999
prefill,23,115,75,0,96,0,0.999999999999999
prefill,23,116,76,0,96,0,0.999999999999999
prefill,23,117,77,0,96,0,0.999999999999999
prefill,23,118,78,0,96,0,0.999999999999999
prefill,23,119,79,0,96,0,0.999999999999999
prefill,23,120,81,0,96,0,0.999999999999999
prefill,23,121,82,0,96,0,0.999999999999999
prefill,23,122,83,0,96,0,0.999999999999999
prefill,23,123,84,0,96,0,0.999999999999999
prefill,23,124,86,0,96,0,0.999999999999999
prefill,23,125,87,0,96,0,0.999999999999999
prefill,23,126,88,0,96,0,0.999999999999999
prefill,23,127,89,0,96,0,0.999999999999999
prefill,23,128,90,0,96,0,0.999999999999999
prefill,23,129,91,0,96,0,0.999999999999999
prefill,23,130,93,0,96,0,0.999999999999999
prefill,23,131,94,0,96,0,0.999999999999999
prefill,23,132,95,0,96,0,0.999999999999999
prefill,23,133,96,0,96,0,0.999999999999999
prefill,23,134,99,0,96,0,0.999999999999999
prefill,23,135,100,0,96,0,0.999999999999999
prefill,23,136,101,0,96,0,0.999999999999999
prefill,23,137,102,0,96,0,0.999999999999999
prefill,23,138,103,0,96,0,0.999999999999999
prefill,23,139,105,0,96,0,0.999999999999999
prefill,23,140,106,0,96,0,0.999999999999999
prefill,23,141,109,0,96,0,0.999999999999999
prefill,23,142,110,0,96,0,0.999999999999999
prefill,23,143,111,0,96,0,0.999999999999999
prefill,23,144,112,0,96,0,0.999999999999999
prefill,23,145,113,0,96,0,0.999999999999999
prefill,23,146,115,0,96,0,0.999999999999999
prefill,23,147,116,0,96,0,0.999999999999999
prefill,23,148,117,0,96,0,0.999999999999999
prefill,23,149,119,0,96,0,0.999999999999999
prefill,23,150,120,0,96,0,0.999999999999999
prefill,23,151,121,0,96,0,0.999999999999999
prefill,23,152,122,0,96,0,0.999999999999999
prefill,23,153,123,0,96,0,0.999999999999999
prefill,23,154,124,0,96,0,0.999999999999999
prefill,23,155,126,0,96,0,0.999999999999999
prefill,23,156,127,0,96,0,0.999999999999999
prefill,23,157,128,0,96,0,0.999999999999999
prefill,23,158,130,0,96,0,0.999999999999999
prefill,23,159,131,0,96,0,0.999999999999999
prefill,23,160,132,0,96,0,0.999999999999999
prefill,23,161,133,0,96,0,0.999999999999999
prefill,23,162,134,0,96,0,0.999999999999999
prefill,23,163,135,0,96,0,0.999999999999999
prefill,23,164,136,0,96,0,0.999999999999999
prefill,23,165,137,0,96,0,0.999999999999999
prefill,23,166,138,0,96,0,0.999999999999999
prefill,23,167,139,0,96,0,0.999999999999999
prefill,23,168,140,0,96,0,0.999999999999999
prefill,23,169,141,0,96,0,0.999999999999999
prefill,23,170,142,0,96,0,0.999999999999999
prefill,23,171,143,0,96,0,0.999999999999999
prefill,23,172,144,0,96,0,0.999999999999999
prefill,23,173,145,0,96,0,0.999999999999999
prefill,23,174,146,0,96,0,0.999999999999999
prefill,23,175,147,0,96,0,0.999999999999999
prefill,23,176,148,0,96,0,0.999999999999999
prefill,23,177,149,0,96,0,0.999999999999999
prefill,23,178,150,0,96,0,0.999999999999999
prefill,23,179,151,0,96,0,0.999999999999999
prefill,23,180,152,0,96,0,0.999999999999999
prefill,23,181,154,0,96,0,0.999999999999999
prefill,23,182,156,0,96,0,0.999999999999999
prefill,23,183,157,0,96,0,0.999999999999999
prefill,23,184,159,0,96,0,0.999999999999999
prefill,23,185,160,0,96,0,0.999999999999999
prefill,23,186,161,0,96,0,0.999999999999999
prefill,23,187,162,0,96,0,0.999999999999999
prefill,23,188,163,0,96,0,0.999999999999999
prefill,23,189,164,0,96,0,0.999999999999999
prefill,23,190,166,0,96,0,0.999999999999999
prefill,23,191,167,0,96,0,0.999999999999999
prefill,23,192,168,0,96,0,0.999999999999999
prefill,23,193,170,0,96,0,0.999999999999999
prefill,23,194,171,0,96,0,0.999999999999999
prefill,23,195,172,0,96,0,0.999999999999999
prefill,23,196,173,0,96,0,0.999999999999999
prefill,23,197,174,0,96,0,0.999999999999999
prefill,23,198,175,0,96,0,0.999999999999999
prefill,23,199,178,0,96,0,0.999999999999999
prefill,23,200,179,0,96,0,0.999999999999999
prefill,23,201,181,0,96,0,0.999999999999999
prefill,23,202,182,0,96,0,0.999999999999999
prefill,23,203,183,0,96,0,0.999999999999999
prefill,23,204,184,0,96,0,0.999999999999999
prefill,23,205,185,0,96,0,0.999999999999999
prefill,23,206,186,0,96,0,0.999999999999999
prefill,23,207,187,0,96,0,0.999999999999999
prefill,23,208,189,0,96,0,0.999999999999999
prefill,23,209,191,0,96,0,0.999999999999999
prefill,23,210,192,0,96,0,0.999999999999999
prefill,23,211,194,0,96,0,0.999999999999999
prefill,23,212,195,0,96,0,0.999999999999999
prefill,23,213,198,0,96,0,0.999999999999999
prefill,23,214,199,0,96,0,0.999999999999999
prefill,23,215,200,0,96,0,0.999999999999999
prefill,23,216,201,0,96,0,0.999999999999999
prefill,23,217,202,0,96,0,0.999999999999999
prefill,23,218,203,0,96,0,0.999999999999999
prefill,23,219,204,0,96,0,0.999999999999999
prefill,23,220,205,0,96,0,0.999999999999999
prefill,23,221,206,0,96,0,0.999999999999999
prefill,23,222,207,0,96,0,0.999999999999999
prefill,23,223,208,0,96,0,0.999999999999999
prefill,23,224,211,0,96,0,0.999999999999999
prefill,23,225,212,0,96,0,0.999999999999999
prefill,23,226,213,0,96,0,0.999999999999999
prefill,23,227,216,0,96,0,0.999999999999999
prefill,23,228,218,0,96,0,0.999999999999999
prefill,23,229,219,0,96,0,0.999999999999999
prefill,23,230,220,0,96,0,0.999999999999999
prefill,23,231,222,0,96,0,0.999999999999999
prefill,23,232,223,0,96,0,0.999999999999999
prefill,23,233,224,0,96,0,0.999999999999999
prefill,23,234,225,0,96,0,0.999999999999999
prefill,23,235,226,0,96,0,0.999999999999999
prefill,23,236,228,0,96,0,0.999999999999999
prefill,23,237,229,0,96,0,0.999999999999999
prefill,23,238,230,0,96,0,0.999999999999999
prefill,23,239,231,0,96,0,0.999999999999999
prefill,23,240,232,0,96,0,0.999999999999999
prefill,23,241,234,0,96,0,0.999999999999999
prefill,23,242,235,0,96,0,0.999999999999999
prefill,23,243,237,0,96,0,0.999999999999999
prefill,23,244,238,0,96,0,0.999999999999999
prefill,23,245,242,0,96,0,0.999999999999999
prefill,23,246,243,0,96,0,0.999999999999999
prefill,23,247,244,0,96,0,0.999999999999999
prefill,23,248,245,0,96,0,0.999999999999999
prefill,23,249,246,0,96,0,0.999999999999999
prefill,23,250,247,0,96,0,0.999999999999999
prefill,23,251,248,0,96,0,0.999999999999999
prefill,23,252,250,0,96,0,0.999999999999999
prefill,23,253,251,0,96,0,0.999999999999999
prefill,23,254,252,0,96,0,0.999999999999999
prefill,23,255,254,0,96,0,0.999999999999999
prefill,23,256,255,0,96,0,0.999999999999999
prefill,24,1,123,12,96,0.125,0.125
prefill,24,2,185,11,96,0.114583333333333,0.239583333333333
prefill,24,3,251,10,96,0.104166666666667,0.34375
prefill,24,4,197,8,96,0.0833333333333333,0.427083333333333
prefill,24,5,51,7,96,0.0729166666666667,0.5
prefill,24,6,56,7,96,0.0729166666666667,0.572916666666667
prefill,24,7,15,2,96,0.0208333333333333,0.59375
prefill,24,8,59,2,96,0.0208333333333333,0.614583333333333
prefill,24,9,60,2,96,0.0208333333333333,0.635416666666667
prefill,24,10,61,2,96,0.0208333333333333,0.65625
prefill,24,11,79,2,96,0.0208333333333333,0.677083333333333
prefill,24,12,105,2,96,0.0208333333333333,0.697916666666667
prefill,24,13,106,2,96,0.0208333333333333,0.71875
prefill,24,14,111,2,96,0.0208333333333333,0.739583333333334
prefill,24,15,114,2,96,0.0208333333333333,0.760416666666667
prefill,24,16,139,2,96,0.0208333333333333,0.78125
prefill,24,17,158,2,96,0.0208333333333333,0.802083333333334
prefill,24,18,177,2,96,0.0208333333333333,0.822916666666667
prefill,24,19,0,1,96,0.0104166666666667,0.833333333333334
prefill,24,20,14,1,96,0.0104166666666667,0.84375
prefill,24,21,26,1,96,0.0104166666666667,0.854166666666667
prefill,24,22,29,1,96,0.0104166666666667,0.864583333333334
prefill,24,23,33,1,96,0.0104166666666667,0.875
prefill,24,24,54,1,96,0.0104166666666667,0.885416666666667
prefill,24,25,62,1,96,0.0104166666666667,0.895833333333333
prefill,24,26,101,1,96,0.0104166666666667,0.90625
prefill,24,27,103,1,96,0.0104166666666667,0.916666666666667
prefill,24,28,146,1,96,0.0104166666666667,0.927083333333333
prefill,24,29,152,1,96,0.0104166666666667,0.9375
prefill,24,30,153,1,96,0.0104166666666667,0.947916666666667
prefill,24,31,155,1,96,0.0104166666666667,0.958333333333333
prefill,24,32,156,1,96,0.0104166666666667,0.96875
prefill,24,33,184,1,96,0.0104166666666667,0.979166666666667
prefill,24,34,193,1,96,0.0104166666666667,0.989583333333333
prefill,24,35,209,1,96,0.0104166666666667,1
prefill,24,36,1,0,96,0,1
prefill,24,37,2,0,96,0,1
prefill,24,38,3,0,96,0,1
prefill,24,39,4,0,96,0,1
prefill,24,40,5,0,96,0,1
prefill,24,41,6,0,96,0,1
prefill,24,42,7,0,96,0,1
prefill,24,43,8,0,96,0,1
prefill,24,44,9,0,96,0,1
prefill,24,45,10,0,96,0,1
prefill,24,46,11,0,96,0,1
prefill,24,47,12,0,96,0,1
prefill,24,48,13,0,96,0,1
prefill,24,49,16,0,96,0,1
prefill,24,50,17,0,96,0,1
prefill,24,51,18,0,96,0,1
prefill,24,52,19,0,96,0,1
prefill,24,53,20,0,96,0,1
prefill,24,54,21,0,96,0,1
prefill,24,55,22,0,96,0,1
prefill,24,56,23,0,96,0,1
prefill,24,57,24,0,96,0,1
prefill,24,58,25,0,96,0,1
prefill,24,59,27,0,96,0,1
prefill,24,60,28,0,96,0,1
prefill,24,61,30,0,96,0,1
prefill,24,62,31,0,96,0,1
prefill,24,63,32,0,96,0,1
prefill,24,64,34,0,96,0,1
prefill,24,65,35,0,96,0,1
prefill,24,66,36,0,96,0,1
prefill,24,67,37,0,96,0,1
prefill,24,68,38,0,96,0,1
prefill,24,69,39,0,96,0,1
prefill,24,70,40,0,96,0,1
prefill,24,71,41,0,96,0,1
prefill,24,72,42,0,96,0,1
prefill,24,73,43,0,96,0,1
prefill,24,74,44,0,96,0,1
prefill,24,75,45,0,96,0,1
prefill,24,76,46,0,96,0,1
prefill,24,77,47,0,96,0,1
prefill,24,78,48,0,96,0,1
prefill,24,79,49,0,96,0,1
prefill,24,80,50,0,96,0,1
prefill,24,81,52,0,96,0,1
prefill,24,82,53,0,96,0,1
prefill,24,83,55,0,96,0,1
prefill,24,84,57,0,96,0,1
prefill,24,85,58,0,96,0,1
prefill,24,86,63,0,96,0,1
prefill,24,87,64,0,96,0,1
prefill,24,88,65,0,96,0,1
prefill,24,89,66,0,96,0,1
prefill,24,90,67,0,96,0,1
prefill,24,91,68,0,96,0,1
prefill,24,92,69,0,96,0,1
prefill,24,93,70,0,96,0,1
prefill,24,94,71,0,96,0,1
prefill,24,95,72,0,96,0,1
prefill,24,96,73,0,96,0,1
prefill,24,97,74,0,96,0,1
prefill,24,98,75,0,96,0,1
prefill,24,99,76,0,96,0,1
prefill,24,100,77,0,96,0,1
prefill,24,101,78,0,96,0,1
prefill,24,102,80,0,96,0,1
prefill,24,103,81,0,96,0,1
prefill,24,104,82,0,96,0,1
prefill,24,105,83,0,96,0,1
prefill,24,106,84,0,96,0,1
prefill,24,107,85,0,96,0,1
prefill,24,108,86,0,96,0,1
prefill,24,109,87,0,96,0,1
prefill,24,110,88,0,96,0,1
prefill,24,111,89,0,96,0,1
prefill,24,112,90,0,96,0,1
prefill,24,113,91,0,96,0,1
prefill,24,114,92,0,96,0,1
prefill,24,115,93,0,96,0,1
prefill,24,116,94,0,96,0,1
prefill,24,117,95,0,96,0,1
prefill,24,118,96,0,96,0,1
prefill,24,119,97,0,96,0,1
prefill,24,120,98,0,96,0,1
prefill,24,121,99,0,96,0,1
prefill,24,122,100,0,96,0,1
prefill,24,123,102,0,96,0,1
prefill,24,124,104,0,96,0,1
prefill,24,125,107,0,96,0,1
prefill,24,126,108,0,96,0,1
prefill,24,127,109,0,96,0,1
prefill,24,128,110,0,96,0,1
prefill,24,129,112,0,96,0,1
prefill,24,130,113,0,96,0,1
prefill,24,131,115,0,96,0,1
prefill,24,132,116,0,96,0,1
prefill,24,133,117,0,96,0,1
prefill,24,134,118,0,96,0,1
prefill,24,135,119,0,96,0,1
prefill,24,136,120,0,96,0,1
prefill,24,137,121,0,96,0,1
prefill,24,138,122,0,96,0,1
prefill,24,139,124,0,96,0,1
prefill,24,140,125,0,96,0,1
prefill,24,141,126,0,96,0,1
prefill,24,142,127,0,96,0,1
prefill,24,143,128,0,96,0,1
prefill,24,144,129,0,96,0,1
prefill,24,145,130,0,96,0,1
prefill,24,146,131,0,96,0,1
prefill,24,147,132,0,96,0,1
prefill,24,148,133,0,96,0,1
prefill,24,149,134,0,96,0,1
prefill,24,150,135,0,96,0,1
prefill,24,151,136,0,96,0,1
prefill,24,152,137,0,96,0,1
prefill,24,153,138,0,96,0,1
prefill,24,154,140,0,96,0,1
prefill,24,155,141,0,96,0,1
prefill,24,156,142,0,96,0,1
prefill,24,157,143,0,96,0,1
prefill,24,158,144,0,96,0,1
prefill,24,159,145,0,96,0,1
prefill,24,160,147,0,96,0,1
prefill,24,161,148,0,96,0,1
prefill,24,162,149,0,96,0,1
prefill,24,163,150,0,96,0,1
prefill,24,164,151,0,96,0,1
prefill,24,165,154,0,96,0,1
prefill,24,166,157,0,96,0,1
prefill,24,167,159,0,96,0,1
prefill,24,168,160,0,96,0,1
prefill,24,169,161,0,96,0,1
prefill,24,170,162,0,96,0,1
prefill,24,171,163,0,96,0,1
prefill,24,172,164,0,96,0,1
prefill,24,173,165,0,96,0,1
prefill,24,174,166,0,96,0,1
prefill,24,175,167,0,96,0,1
prefill,24,176,168,0,96,0,1
prefill,24,177,169,0,96,0,1
prefill,24,178,170,0,96,0,1
prefill,24,179,171,0,96,0,1
prefill,24,180,172,0,96,0,1
prefill,24,181,173,0,96,0,1
prefill,24,182,174,0,96,0,1
prefill,24,183,175,0,96,0,1
prefill,24,184,176,0,96,0,1
prefill,24,185,178,0,96,0,1
prefill,24,186,179,0,96,0,1
prefill,24,187,180,0,96,0,1
prefill,24,188,181,0,96,0,1
prefill,24,189,182,0,96,0,1
prefill,24,190,183,0,96,0,1
prefill,24,191,186,0,96,0,1
prefill,24,192,187,0,96,0,1
prefill,24,193,188,0,96,0,1
prefill,24,194,189,0,96,0,1
prefill,24,195,190,0,96,0,1
prefill,24,196,191,0,96,0,1
prefill,24,197,192,0,96,0,1
prefill,24,198,194,0,96,0,1
prefill,24,199,195,0,96,0,1
prefill,24,200,196,0,96,0,1
prefill,24,201,198,0,96,0,1
prefill,24,202,199,0,96,0,1
prefill,24,203,200,0,96,0,1
prefill,24,204,201,0,96,0,1
prefill,24,205,202,0,96,0,1
prefill,24,206,203,0,96,0,1
prefill,24,207,204,0,96,0,1
prefill,24,208,205,0,96,0,1
prefill,24,209,206,0,96,0,1
prefill,24,210,207,0,96,0,1
prefill,24,211,208,0,96,0,1
prefill,24,212,210,0,96,0,1
prefill,24,213,211,0,96,0,1
prefill,24,214,212,0,96,0,1
prefill,24,215,213,0,96,0,1
prefill,24,216,214,0,96,0,1
prefill,24,217,215,0,96,0,1
prefill,24,218,216,0,96,0,1
prefill,24,219,217,0,96,0,1
prefill,24,220,218,0,96,0,1
prefill,24,221,219,0,96,0,1
prefill,24,222,220,0,96,0,1
prefill,24,223,221,0,96,0,1
prefill,24,224,222,0,96,0,1
prefill,24,225,223,0,96,0,1
prefill,24,226,224,0,96,0,1
prefill,24,227,225,0,96,0,1
prefill,24,228,226,0,96,0,1
prefill,24,229,227,0,96,0,1
prefill,24,230,228,0,96,0,1
prefill,24,231,229,0,96,0,1
prefill,24,232,230,0,96,0,1
prefill,24,233,231,0,96,0,1
prefill,24,234,232,0,96,0,1
prefill,24,235,233,0,96,0,1
prefill,24,236,234,0,96,0,1
prefill,24,237,235,0,96,0,1
prefill,24,238,236,0,96,0,1
prefill,24,239,237,0,96,0,1
prefill,24,240,238,0,96,0,1
prefill,24,241,239,0,96,0,1
prefill,24,242,240,0,96,0,1
prefill,24,243,241,0,96,0,1
prefill,24,244,242,0,96,0,1
prefill,24,245,243,0,96,0,1
prefill,24,246,244,0,96,0,1
prefill,24,247,245,0,96,0,1
prefill,24,248,246,0,96,0,1
prefill,24,249,247,0,96,0,1
prefill,24,250,248,0,96,0,1
prefill,24,251,249,0,96,0,1
prefill,24,252,250,0,96,0,1
prefill,24,253,252,0,96,0,1
prefill,24,254,253,0,96,0,1
prefill,24,255,254,0,96,0,1
prefill,24,256,255,0,96,0,1
prefill,25,1,60,12,96,0.125,0.125
prefill,25,2,94,10,96,0.104166666666667,0.229166666666667
prefill,25,3,186,9,96,0.09375,0.322916666666667
prefill,25,4,189,8,96,0.0833333333333333,0.40625
prefill,25,5,9,5,96,0.0520833333333333,0.458333333333333
prefill,25,6,89,5,96,0.0520833333333333,0.510416666666667
prefill,25,7,214,5,96,0.0520833333333333,0.5625
prefill,25,8,167,3,96,0.03125,0.59375
prefill,25,9,191,3,96,0.03125,0.625
prefill,25,10,12,2,96,0.0208333333333333,0.645833333333333
prefill,25,11,26,2,96,0.0208333333333333,0.666666666666667
prefill,25,12,127,2,96,0.0208333333333333,0.6875
prefill,25,13,195,2,96,0.0208333333333333,0.708333333333333
prefill,25,14,8,1,96,0.0104166666666667,0.71875
prefill,25,15,37,1,96,0.0104166666666667,0.729166666666667
prefill,25,16,39,1,96,0.0104166666666667,0.739583333333333
prefill,25,17,53,1,96,0.0104166666666667,0.75
prefill,25,18,64,1,96,0.0104166666666667,0.760416666666667
prefill,25,19,65,1,96,0.0104166666666667,0.770833333333333
prefill,25,20,67,1,96,0.0104166666666667,0.78125
prefill,25,21,73,1,96,0.0104166666666667,0.791666666666667
prefill,25,22,86,1,96,0.0104166666666667,0.802083333333333
prefill,25,23,88,1,96,0.0104166666666667,0.8125
prefill,25,24,91,1,96,0.0104166666666667,0.822916666666666
prefill,25,25,92,1,96,0.0104166666666667,0.833333333333333
prefill,25,26,93,1,96,0.0104166666666667,0.84375
prefill,25,27,113,1,96,0.0104166666666667,0.854166666666666
prefill,25,28,120,1,96,0.0104166666666667,0.864583333333333
prefill,25,29,129,1,96,0.0104166666666667,0.875
prefill,25,30,134,1,96,0.0104166666666667,0.885416666666666
prefill,25,31,140,1,96,0.0104166666666667,0.895833333333333
prefill,25,32,154,1,96,0.0104166666666667,0.906249999999999
prefill,25,33,164,1,96,0.0104166666666667,0.916666666666666
prefill,25,34,169,1,96,0.0104166666666667,0.927083333333333
prefill,25,35,175,1,96,0.0104166666666667,0.937499999999999
prefill,25,36,187,1,96,0.0104166666666667,0.947916666666666
prefill,25,37,209,1,96,0.0104166666666667,0.958333333333333
prefill,25,38,216,1,96,0.0104166666666667,0.968749999999999
prefill,25,39,233,1,96,0.0104166666666667,0.979166666666666
prefill,25,40,244,1,96,0.0104166666666667,0.989583333333332
prefill,25,41,252,1,96,0.0104166666666667,0.999999999999999
prefill,25,42,0,0,96,0,0.999999999999999
prefill,25,43,1,0,96,0,0.999999999999999
prefill,25,44,2,0,96,0,0.999999999999999
prefill,25,45,3,0,96,0,0.999999999999999
prefill,25,46,4,0,96,0,0.999999999999999
prefill,25,47,5,0,96,0,0.999999999999999
prefill,25,48,6,0,96,0,0.999999999999999
prefill,25,49,7,0,96,0,0.999999999999999
prefill,25,50,10,0,96,0,0.999999999999999
prefill,25,51,11,0,96,0,0.999999999999999
prefill,25,52,13,0,96,0,0.999999999999999
prefill,25,53,14,0,96,0,0.999999999999999
prefill,25,54,15,0,96,0,0.999999999999999
prefill,25,55,16,0,96,0,0.999999999999999
prefill,25,56,17,0,96,0,0.999999999999999
prefill,25,57,18,0,96,0,0.999999999999999
prefill,25,58,19,0,96,0,0.999999999999999
prefill,25,59,20,0,96,0,0.999999999999999
prefill,25,60,21,0,96,0,0.999999999999999
prefill,25,61,22,0,96,0,0.999999999999999
prefill,25,62,23,0,96,0,0.999999999999999
prefill,25,63,24,0,96,0,0.999999999999999
prefill,25,64,25,0,96,0,0.999999999999999
prefill,25,65,27,0,96,0,0.999999999999999
prefill,25,66,28,0,96,0,0.999999999999999
prefill,25,67,29,0,96,0,0.999999999999999
prefill,25,68,30,0,96,0,0.999999999999999
prefill,25,69,31,0,96,0,0.999999999999999
prefill,25,70,32,0,96,0,0.999999999999999
prefill,25,71,33,0,96,0,0.999999999999999
prefill,25,72,34,0,96,0,0.999999999999999
prefill,25,73,35,0,96,0,0.999999999999999
prefill,25,74,36,0,96,0,0.999999999999999
prefill,25,75,38,0,96,0,0.999999999999999
prefill,25,76,40,0,96,0,0.999999999999999
prefill,25,77,41,0,96,0,0.999999999999999
prefill,25,78,42,0,96,0,0.999999999999999
prefill,25,79,43,0,96,0,0.999999999999999
prefill,25,80,44,0,96,0,0.999999999999999
prefill,25,81,45,0,96,0,0.999999999999999
prefill,25,82,46,0,96,0,0.999999999999999
prefill,25,83,47,0,96,0,0.999999999999999
prefill,25,84,48,0,96,0,0.999999999999999
prefill,25,85,49,0,96,0,0.999999999999999
prefill,25,86,50,0,96,0,0.999999999999999
prefill,25,87,51,0,96,0,0.999999999999999
prefill,25,88,52,0,96,0,0.999999999999999
prefill,25,89,54,0,96,0,0.999999999999999
prefill,25,90,55,0,96,0,0.999999999999999
prefill,25,91,56,0,96,0,0.999999999999999
prefill,25,92,57,0,96,0,0.999999999999999
prefill,25,93,58,0,96,0,0.999999999999999
prefill,25,94,59,0,96,0,0.999999999999999
prefill,25,95,61,0,96,0,0.999999999999999
prefill,25,96,62,0,96,0,0.999999999999999
prefill,25,97,63,0,96,0,0.999999999999999
prefill,25,98,66,0,96,0,0.999999999999999
prefill,25,99,68,0,96,0,0.999999999999999
prefill,25,100,69,0,96,0,0.999999999999999
prefill,25,101,70,0,96,0,0.999999999999999
prefill,25,102,71,0,96,0,0.999999999999999
prefill,25,103,72,0,96,0,0.999999999999999
prefill,25,104,74,0,96,0,0.999999999999999
prefill,25,105,75,0,96,0,0.999999999999999
prefill,25,106,76,0,96,0,0.999999999999999
prefill,25,107,77,0,96,0,0.999999999999999
prefill,25,108,78,0,96,0,0.999999999999999
prefill,25,109,79,0,96,0,0.999999999999999
prefill,25,110,80,0,96,0,0.999999999999999
prefill,25,111,81,0,96,0,0.999999999999999
prefill,25,112,82,0,96,0,0.999999999999999
prefill,25,113,83,0,96,0,0.999999999999999
prefill,25,114,84,0,96,0,0.999999999999999
prefill,25,115,85,0,96,0,0.999999999999999
prefill,25,116,87,0,96,0,0.999999999999999
prefill,25,117,90,0,96,0,0.999999999999999
prefill,25,118,95,0,96,0,0.999999999999999
prefill,25,119,96,0,96,0,0.999999999999999
prefill,25,120,97,0,96,0,0.999999999999999
prefill,25,121,98,0,96,0,0.999999999999999
prefill,25,122,99,0,96,0,0.999999999999999
prefill,25,123,100,0,96,0,0.999999999999999
prefill,25,124,101,0,96,0,0.999999999999999
prefill,25,125,102,0,96,0,0.999999999999999
prefill,25,126,103,0,96,0,0.999999999999999
prefill,25,127,104,0,96,0,0.999999999999999
prefill,25,128,105,0,96,0,0.999999999999999
prefill,25,129,106,0,96,0,0.999999999999999
prefill,25,130,107,0,96,0,0.999999999999999
prefill,25,131,108,0,96,0,0.999999999999999
prefill,25,132,109,0,96,0,0.999999999999999
prefill,25,133,110,0,96,0,0.999999999999999
prefill,25,134,111,0,96,0,0.999999999999999
prefill,25,135,112,0,96,0,0.999999999999999
prefill,25,136,114,0,96,0,0.999999999999999
prefill,25,137,115,0,96,0,0.999999999999999
prefill,25,138,116,0,96,0,0.999999999999999
prefill,25,139,117,0,96,0,0.999999999999999
prefill,25,140,118,0,96,0,0.999999999999999
prefill,25,141,119,0,96,0,0.999999999999999
prefill,25,142,121,0,96,0,0.999999999999999
prefill,25,143,122,0,96,0,0.999999999999999
prefill,25,144,123,0,96,0,0.999999999999999
prefill,25,145,124,0,96,0,0.999999999999999
prefill,25,146,125,0,96,0,0.999999999999999
prefill,25,147,126,0,96,0,0.999999999999999
prefill,25,148,128,0,96,0,0.999999999999999
prefill,25,149,130,0,96,0,0.999999999999999
prefill,25,150,131,0,96,0,0.999999999999999
prefill,25,151,132,0,96,0,0.999999999999999
prefill,25,152,133,0,96,0,0.999999999999999
prefill,25,153,135,0,96,0,0.999999999999999
prefill,25,154,136,0,96,0,0.999999999999999
prefill,25,155,137,0,96,0,0.999999999999999
prefill,25,156,138,0,96,0,0.999999999999999
prefill,25,157,139,0,96,0,0.999999999999999
prefill,25,158,141,0,96,0,0.999999999999999
prefill,25,159,142,0,96,0,0.999999999999999
prefill,25,160,143,0,96,0,0.999999999999999
prefill,25,161,144,0,96,0,0.999999999999999
prefill,25,162,145,0,96,0,0.999999999999999
prefill,25,163,146,0,96,0,0.999999999999999
prefill,25,164,147,0,96,0,0.999999999999999
prefill,25,165,148,0,96,0,0.999999999999999
prefill,25,166,149,0,96,0,0.999999999999999
prefill,25,167,150,0,96,0,0.999999999999999
prefill,25,168,151,0,96,0,0.999999999999999
prefill,25,169,152,0,96,0,0.999999999999999
prefill,25,170,153,0,96,0,0.999999999999999
prefill,25,171,155,0,96,0,0.999999999999999
prefill,25,172,156,0,96,0,0.999999999999999
prefill,25,173,157,0,96,0,0.999999999999999
prefill,25,174,158,0,96,0,0.999999999999999
prefill,25,175,159,0,96,0,0.999999999999999
prefill,25,176,160,0,96,0,0.999999999999999
prefill,25,177,161,0,96,0,0.999999999999999
prefill,25,178,162,0,96,0,0.999999999999999
prefill,25,179,163,0,96,0,0.999999999999999
prefill,25,180,165,0,96,0,0.999999999999999
prefill,25,181,166,0,96,0,0.999999999999999
prefill,25,182,168,0,96,0,0.999999999999999
prefill,25,183,170,0,96,0,0.999999999999999
prefill,25,184,171,0,96,0,0.999999999999999
prefill,25,185,172,0,96,0,0.999999999999999
prefill,25,186,173,0,96,0,0.999999999999999
prefill,25,187,174,0,96,0,0.999999999999999
prefill,25,188,176,0,96,0,0.999999999999999
prefill,25,189,177,0,96,0,0.999999999999999
prefill,25,190,178,0,96,0,0.999999999999999
prefill,25,191,179,0,96,0,0.999999999999999
prefill,25,192,180,0,96,0,0.999999999999999
prefill,25,193,181,0,96,0,0.999999999999999
prefill,25,194,182,0,96,0,0.999999999999999
prefill,25,195,183,0,96,0,0.999999999999999
prefill,25,196,184,0,96,0,0.999999999999999
prefill,25,197,185,0,96,0,0.999999999999999
prefill,25,198,188,0,96,0,0.999999999999999
prefill,25,199,190,0,96,0,0.999999999999999
prefill,25,200,192,0,96,0,0.999999999999999
prefill,25,201,193,0,96,0,0.999999999999999
prefill,25,202,194,0,96,0,0.999999999999999
prefill,25,203,196,0,96,0,0.999999999999999
prefill,25,204,197,0,96,0,0.999999999999999
prefill,25,205,198,0,96,0,0.999999999999999
prefill,25,206,199,0,96,0,0.999999999999999
prefill,25,207,200,0,96,0,0.999999999999999
prefill,25,208,201,0,96,0,0.999999999999999
prefill,25,209,202,0,96,0,0.999999999999999
prefill,25,210,203,0,96,0,0.999999999999999
prefill,25,211,204,0,96,0,0.999999999999999
prefill,25,212,205,0,96,0,0.999999999999999
prefill,25,213,206,0,96,0,0.999999999999999
prefill,25,214,207,0,96,0,0.999999999999999
prefill,25,215,208,0,96,0,0.999999999999999
prefill,25,216,210,0,96,0,0.999999999999999
prefill,25,217,211,0,96,0,0.999999999999999
prefill,25,218,212,0,96,0,0.999999999999999
prefill,25,219,213,0,96,0,0.999999999999999
prefill,25,220,215,0,96,0,0.999999999999999
prefill,25,221,217,0,96,0,0.999999999999999
prefill,25,222,218,0,96,0,0.999999999999999
prefill,25,223,219,0,96,0,0.999999999999999
prefill,25,224,220,0,96,0,0.999999999999999
prefill,25,225,221,0,96,0,0.999999999999999
prefill,25,226,222,0,96,0,0.999999999999999
prefill,25,227,223,0,96,0,0.999999999999999
prefill,25,228,224,0,96,0,0.999999999999999
prefill,25,229,225,0,96,0,0.999999999999999
prefill,25,230,226,0,96,0,0.999999999999999
prefill,25,231,227,0,96,0,0.999999999999999
prefill,25,232,228,0,96,0,0.999999999999999
prefill,25,233,229,0,96,0,0.999999999999999
prefill,25,234,230,0,96,0,0.999999999999999
prefill,25,235,231,0,96,0,0.999999999999999
prefill,25,236,232,0,96,0,0.999999999999999
prefill,25,237,234,0,96,0,0.999999999999999
prefill,25,238,235,0,96,0,0.999999999999999
prefill,25,239,236,0,96,0,0.999999999999999
prefill,25,240,237,0,96,0,0.999999999999999
prefill,25,241,238,0,96,0,0.999999999999999
prefill,25,242,239,0,96,0,0.999999999999999
prefill,25,243,240,0,96,0,0.999999999999999
prefill,25,244,241,0,96,0,0.999999999999999
prefill,25,245,242,0,96,0,0.999999999999999
prefill,25,246,243,0,96,0,0.999999999999999
prefill,25,247,245,0,96,0,0.999999999999999
prefill,25,248,246,0,96,0,0.999999999999999
prefill,25,249,247,0,96,0,0.999999999999999
prefill,25,250,248,0,96,0,0.999999999999999
prefill,25,251,249,0,96,0,0.999999999999999
prefill,25,252,250,0,96,0,0.999999999999999
prefill,25,253,251,0,96,0,0.999999999999999
prefill,25,254,253,0,96,0,0.999999999999999
prefill,25,255,254,0,96,0,0.999999999999999
prefill,25,256,255,0,96,0,0.999999999999999
prefill,26,1,19,11,96,0.114583333333333,0.114583333333333
prefill,26,2,26,10,96,0.104166666666667,0.21875
prefill,26,3,195,10,96,0.104166666666667,0.322916666666667
prefill,26,4,79,7,96,0.0729166666666667,0.395833333333333
prefill,26,5,45,5,96,0.0520833333333333,0.447916666666667
prefill,26,6,215,5,96,0.0520833333333333,0.5
prefill,26,7,253,4,96,0.0416666666666667,0.541666666666667
prefill,26,8,51,3,96,0.03125,0.572916666666667
prefill,26,9,132,3,96,0.03125,0.604166666666667
prefill,26,10,250,3,96,0.03125,0.635416666666667
prefill,26,11,20,2,96,0.0208333333333333,0.65625
prefill,26,12,31,2,96,0.0208333333333333,0.677083333333333
prefill,26,13,101,2,96,0.0208333333333333,0.697916666666667
prefill,26,14,142,2,96,0.0208333333333333,0.71875
prefill,26,15,192,2,96,0.0208333333333333,0.739583333333333
prefill,26,16,0,1,96,0.0104166666666667,0.75
prefill,26,17,1,1,96,0.0104166666666667,0.760416666666667
prefill,26,18,3,1,96,0.0104166666666667,0.770833333333333
prefill,26,19,8,1,96,0.0104166666666667,0.78125
prefill,26,20,12,1,96,0.0104166666666667,0.791666666666667
prefill,26,21,18,1,96,0.0104166666666667,0.802083333333333
prefill,26,22,32,1,96,0.0104166666666667,0.8125
prefill,26,23,48,1,96,0.0104166666666667,0.822916666666667
prefill,26,24,53,1,96,0.0104166666666667,0.833333333333333
prefill,26,25,61,1,96,0.0104166666666667,0.84375
prefill,26,26,63,1,96,0.0104166666666667,0.854166666666666
prefill,26,27,70,1,96,0.0104166666666667,0.864583333333333
prefill,26,28,73,1,96,0.0104166666666667,0.875
prefill,26,29,78,1,96,0.0104166666666667,0.885416666666666
prefill,26,30,82,1,96,0.0104166666666667,0.895833333333333
prefill,26,31,91,1,96,0.0104166666666667,0.90625
prefill,26,32,95,1,96,0.0104166666666667,0.916666666666666
prefill,26,33,106,1,96,0.0104166666666667,0.927083333333333
prefill,26,34,113,1,96,0.0104166666666667,0.937499999999999
prefill,26,35,116,1,96,0.0104166666666667,0.947916666666666
prefill,26,36,167,1,96,0.0104166666666667,0.958333333333333
prefill,26,37,170,1,96,0.0104166666666667,0.968749999999999
prefill,26,38,190,1,96,0.0104166666666667,0.979166666666666
prefill,26,39,191,1,96,0.0104166666666667,0.989583333333333
prefill,26,40,197,1,96,0.0104166666666667,0.999999999999999
prefill,26,41,2,0,96,0,0.999999999999999
prefill,26,42,4,0,96,0,0.999999999999999
prefill,26,43,5,0,96,0,0.999999999999999
prefill,26,44,6,0,96,0,0.999999999999999
prefill,26,45,7,0,96,0,0.999999999999999
prefill,26,46,9,0,96,0,0.999999999999999
prefill,26,47,10,0,96,0,0.999999999999999
prefill,26,48,11,0,96,0,0.999999999999999
prefill,26,49,13,0,96,0,0.999999999999999
prefill,26,50,14,0,96,0,0.999999999999999
prefill,26,51,15,0,96,0,0.999999999999999
prefill,26,52,16,0,96,0,0.999999999999999
prefill,26,53,17,0,96,0,0.999999999999999
prefill,26,54,21,0,96,0,0.999999999999999
prefill,26,55,22,0,96,0,0.999999999999999
prefill,26,56,23,0,96,0,0.999999999999999
prefill,26,57,24,0,96,0,0.999999999999999
prefill,26,58,25,0,96,0,0.999999999999999
prefill,26,59,27,0,96,0,0.999999999999999
prefill,26,60,28,0,96,0,0.999999999999999
prefill,26,61,29,0,96,0,0.999999999999999
prefill,26,62,30,0,96,0,0.999999999999999
prefill,26,63,33,0,96,0,0.999999999999999
prefill,26,64,34,0,96,0,0.999999999999999
prefill,26,65,35,0,96,0,0.999999999999999
prefill,26,66,36,0,96,0,0.999999999999999
prefill,26,67,37,0,96,0,0.999999999999999
prefill,26,68,38,0,96,0,0.999999999999999
prefill,26,69,39,0,96,0,0.999999999999999
prefill,26,70,40,0,96,0,0.999999999999999
prefill,26,71,41,0,96,0,0.999999999999999
prefill,26,72,42,0,96,0,0.999999999999999
prefill,26,73,43,0,96,0,0.999999999999999
prefill,26,74,44,0,96,0,0.999999999999999
prefill,26,75,46,0,96,0,0.999999999999999
prefill,26,76,47,0,96,0,0.999999999999999
prefill,26,77,49,0,96,0,0.999999999999999
prefill,26,78,50,0,96,0,0.999999999999999
prefill,26,79,52,0,96,0,0.999999999999999
prefill,26,80,54,0,96,0,0.999999999999999
prefill,26,81,55,0,96,0,0.999999999999999
prefill,26,82,56,0,96,0,0.999999999999999
prefill,26,83,57,0,96,0,0.999999999999999
prefill,26,84,58,0,96,0,0.999999999999999
prefill,26,85,59,0,96,0,0.999999999999999
prefill,26,86,60,0,96,0,0.999999999999999
prefill,26,87,62,0,96,0,0.999999999999999
prefill,26,88,64,0,96,0,0.999999999999999
prefill,26,89,65,0,96,0,0.999999999999999
prefill,26,90,66,0,96,0,0.999999999999999
prefill,26,91,67,0,96,0,0.999999999999999
prefill,26,92,68,0,96,0,0.999999999999999
prefill,26,93,69,0,96,0,0.999999999999999
prefill,26,94,71,0,96,0,0.999999999999999
prefill,26,95,72,0,96,0,0.999999999999999
prefill,26,96,74,0,96,0,0.999999999999999
prefill,26,97,75,0,96,0,0.999999999999999
prefill,26,98,76,0,96,0,0.999999999999999
prefill,26,99,77,0,96,0,0.999999999999999
prefill,26,100,80,0,96,0,0.999999999999999
prefill,26,101,81,0,96,0,0.999999999999999
prefill,26,102,83,0,96,0,0.999999999999999
prefill,26,103,84,0,96,0,0.999999999999999
prefill,26,104,85,0,96,0,0.999999999999999
prefill,26,105,86,0,96,0,0.999999999999999
prefill,26,106,87,0,96,0,0.999999999999999
prefill,26,107,88,0,96,0,0.999999999999999
prefill,26,108,89,0,96,0,0.999999999999999
prefill,26,109,90,0,96,0,0.999999999999999
prefill,26,110,92,0,96,0,0.999999999999999
prefill,26,111,93,0,96,0,0.999999999999999
prefill,26,112,94,0,96,0,0.999999999999999
prefill,26,113,96,0,96,0,0.999999999999999
prefill,26,114,97,0,96,0,0.999999999999999
prefill,26,115,98,0,96,0,0.999999999999999
prefill,26,116,99,0,96,0,0.999999999999999
prefill,26,117,100,0,96,0,0.999999999999999
prefill,26,118,102,0,96,0,0.999999999999999
prefill,26,119,103,0,96,0,0.999999999999999
prefill,26,120,104,0,96,0,0.999999999999999
prefill,26,121,105,0,96,0,0.999999999999999
prefill,26,122,107,0,96,0,0.999999999999999
prefill,26,123,108,0,96,0,0.999999999999999
prefill,26,124,109,0,96,0,0.999999999999999
prefill,26,125,110,0,96,0,0.999999999999999
prefill,26,126,111,0,96,0,0.999999999999999
prefill,26,127,112,0,96,0,0.999999999999999
prefill,26,128,114,0,96,0,0.999999999999999
prefill,26,129,115,0,96,0,0.999999999999999
prefill,26,130,117,0,96,0,0.999999999999999
prefill,26,131,118,0,96,0,0.999999999999999
prefill,26,132,119,0,96,0,0.999999999999999
prefill,26,133,120,0,96,0,0.999999999999999
prefill,26,134,121,0,96,0,0.999999999999999
prefill,26,135,122,0,96,0,0.999999999999999
prefill,26,136,123,0,96,0,0.999999999999999
prefill,26,137,124,0,96,0,0.999999999999999
prefill,26,138,125,0,96,0,0.999999999999999
prefill,26,139,126,0,96,0,0.999999999999999
prefill,26,140,127,0,96,0,0.999999999999999
prefill,26,141,128,0,96,0,0.999999999999999
prefill,26,142,129,0,96,0,0.999999999999999
prefill,26,143,130,0,96,0,0.999999999999999
prefill,26,144,131,0,96,0,0.999999999999999
prefill,26,145,133,0,96,0,0.999999999999999
prefill,26,146,134,0,96,0,0.999999999999999
prefill,26,147,135,0,96,0,0.999999999999999
prefill,26,148,136,0,96,0,0.999999999999999
prefill,26,149,137,0,96,0,0.999999999999999
prefill,26,150,138,0,96,0,0.999999999999999
prefill,26,151,139,0,96,0,0.999999999999999
prefill,26,152,140,0,96,0,0.999999999999999
prefill,26,153,141,0,96,0,0.999999999999999
prefill,26,154,143,0,96,0,0.999999999999999
prefill,26,155,144,0,96,0,0.999999999999999
prefill,26,156,145,0,96,0,0.999999999999999
prefill,26,157,146,0,96,0,0.999999999999999
prefill,26,158,147,0,96,0,0.999999999999999
prefill,26,159,148,0,96,0,0.999999999999999
prefill,26,160,149,0,96,0,0.999999999999999
prefill,26,161,150,0,96,0,0.999999999999999
prefill,26,162,151,0,96,0,0.999999999999999
prefill,26,163,152,0,96,0,0.999999999999999
prefill,26,164,153,0,96,0,0.999999999999999
prefill,26,165,154,0,96,0,0.999999999999999
prefill,26,166,155,0,96,0,0.999999999999999
prefill,26,167,156,0,96,0,0.999999999999999
prefill,26,168,157,0,96,0,0.999999999999999
prefill,26,169,158,0,96,0,0.999999999999999
prefill,26,170,159,0,96,0,0.999999999999999
prefill,26,171,160,0,96,0,0.999999999999999
prefill,26,172,161,0,96,0,0.999999999999999
prefill,26,173,162,0,96,0,0.999999999999999
prefill,26,174,163,0,96,0,0.999999999999999
prefill,26,175,164,0,96,0,0.999999999999999
prefill,26,176,165,0,96,0,0.999999999999999
prefill,26,177,166,0,96,0,0.999999999999999
prefill,26,178,168,0,96,0,0.999999999999999
prefill,26,179,169,0,96,0,0.999999999999999
prefill,26,180,171,0,96,0,0.999999999999999
prefill,26,181,172,0,96,0,0.999999999999999
prefill,26,182,173,0,96,0,0.999999999999999
prefill,26,183,174,0,96,0,0.999999999999999
prefill,26,184,175,0,96,0,0.999999999999999
prefill,26,185,176,0,96,0,0.999999999999999
prefill,26,186,177,0,96,0,0.999999999999999
prefill,26,187,178,0,96,0,0.999999999999999
prefill,26,188,179,0,96,0,0.999999999999999
prefill,26,189,180,0,96,0,0.999999999999999
prefill,26,190,181,0,96,0,0.999999999999999
prefill,26,191,182,0,96,0,0.999999999999999
prefill,26,192,183,0,96,0,0.999999999999999
prefill,26,193,184,0,96,0,0.999999999999999
prefill,26,194,185,0,96,0,0.999999999999999
prefill,26,195,186,0,96,0,0.999999999999999
prefill,26,196,187,0,96,0,0.999999999999999
prefill,26,197,188,0,96,0,0.999999999999999
prefill,26,198,189,0,96,0,0.999999999999999
prefill,26,199,193,0,96,0,0.999999999999999
prefill,26,200,194,0,96,0,0.999999999999999
prefill,26,201,196,0,96,0,0.999999999999999
prefill,26,202,198,0,96,0,0.999999999999999
prefill,26,203,199,0,96,0,0.999999999999999
prefill,26,204,200,0,96,0,0.999999999999999
prefill,26,205,201,0,96,0,0.999999999999999
prefill,26,206,202,0,96,0,0.999999999999999
prefill,26,207,203,0,96,0,0.999999999999999
prefill,26,208,204,0,96,0,0.999999999999999
prefill,26,209,205,0,96,0,0.999999999999999
prefill,26,210,206,0,96,0,0.999999999999999
prefill,26,211,207,0,96,0,0.999999999999999
prefill,26,212,208,0,96,0,0.999999999999999
prefill,26,213,209,0,96,0,0.999999999999999
prefill,26,214,210,0,96,0,0.999999999999999
prefill,26,215,211,0,96,0,0.999999999999999
prefill,26,216,212,0,96,0,0.999999999999999
prefill,26,217,213,0,96,0,0.999999999999999
prefill,26,218,214,0,96,0,0.999999999999999
prefill,26,219,216,0,96,0,0.999999999999999
prefill,26,220,217,0,96,0,0.999999999999999
prefill,26,221,218,0,96,0,0.999999999999999
prefill,26,222,219,0,96,0,0.999999999999999
prefill,26,223,220,0,96,0,0.999999999999999
prefill,26,224,221,0,96,0,0.999999999999999
prefill,26,225,222,0,96,0,0.999999999999999
prefill,26,226,223,0,96,0,0.999999999999999
prefill,26,227,224,0,96,0,0.999999999999999
prefill,26,228,225,0,96,0,0.999999999999999
prefill,26,229,226,0,96,0,0.999999999999999
prefill,26,230,227,0,96,0,0.999999999999999
prefill,26,231,228,0,96,0,0.999999999999999
prefill,26,232,229,0,96,0,0.999999999999999
prefill,26,233,230,0,96,0,0.999999999999999
prefill,26,234,231,0,96,0,0.999999999999999
prefill,26,235,232,0,96,0,0.999999999999999
prefill,26,236,233,0,96,0,0.999999999999999
prefill,26,237,234,0,96,0,0.999999999999999
prefill,26,238,235,0,96,0,0.999999999999999
prefill,26,239,236,0,96,0,0.999999999999999
prefill,26,240,237,0,96,0,0.999999999999999
prefill,26,241,238,0,96,0,0.999999999999999
prefill,26,242,239,0,96,0,0.999999999999999
prefill,26,243,240,0,96,0,0.999999999999999
prefill,26,244,241,0,96,0,0.999999999999999
prefill,26,245,242,0,96,0,0.999999999999999
prefill,26,246,243,0,96,0,0.999999999999999
prefill,26,247,244,0,96,0,0.999999999999999
prefill,26,248,245,0,96,0,0.999999999999999
prefill,26,249,246,0,96,0,0.999999999999999
prefill,26,250,247,0,96,0,0.999999999999999
prefill,26,251,248,0,96,0,0.999999999999999
prefill,26,252,249,0,96,0,0.999999999999999
prefill,26,253,251,0,96,0,0.999999999999999
prefill,26,254,252,0,96,0,0.999999999999999
prefill,26,255,254,0,96,0,0.999999999999999
prefill,26,256,255,0,96,0,0.999999999999999
prefill,27,1,159,12,96,0.125,0.125
prefill,27,2,2,11,96,0.114583333333333,0.239583333333333
prefill,27,3,188,8,96,0.0833333333333333,0.322916666666667
prefill,27,4,10,6,96,0.0625,0.385416666666667
prefill,27,5,20,3,96,0.03125,0.416666666666667
prefill,27,6,162,3,96,0.03125,0.447916666666667
prefill,27,7,209,3,96,0.03125,0.479166666666667
prefill,27,8,245,3,96,0.03125,0.510416666666667
prefill,27,9,14,2,96,0.0208333333333333,0.53125
prefill,27,10,31,2,96,0.0208333333333333,0.552083333333333
prefill,27,11,55,2,96,0.0208333333333333,0.572916666666667
prefill,27,12,100,2,96,0.0208333333333333,0.59375
prefill,27,13,109,2,96,0.0208333333333333,0.614583333333333
prefill,27,14,128,2,96,0.0208333333333333,0.635416666666667
prefill,27,15,176,2,96,0.0208333333333333,0.65625
prefill,27,16,240,2,96,0.0208333333333333,0.677083333333334
prefill,27,17,24,1,96,0.0104166666666667,0.6875
prefill,27,18,34,1,96,0.0104166666666667,0.697916666666667
prefill,27,19,39,1,96,0.0104166666666667,0.708333333333333
prefill,27,20,43,1,96,0.0104166666666667,0.71875
prefill,27,21,46,1,96,0.0104166666666667,0.729166666666667
prefill,27,22,60,1,96,0.0104166666666667,0.739583333333333
prefill,27,23,86,1,96,0.0104166666666667,0.75
prefill,27,24,94,1,96,0.0104166666666667,0.760416666666667
prefill,27,25,95,1,96,0.0104166666666667,0.770833333333333
prefill,27,26,102,1,96,0.0104166666666667,0.78125
prefill,27,27,114,1,96,0.0104166666666667,0.791666666666667
prefill,27,28,132,1,96,0.0104166666666667,0.802083333333333
prefill,27,29,133,1,96,0.0104166666666667,0.8125
prefill,27,30,135,1,96,0.0104166666666667,0.822916666666666
prefill,27,31,147,1,96,0.0104166666666667,0.833333333333333
prefill,27,32,155,1,96,0.0104166666666667,0.84375
prefill,27,33,166,1,96,0.0104166666666667,0.854166666666666
prefill,27,34,168,1,96,0.0104166666666667,0.864583333333333
prefill,27,35,173,1,96,0.0104166666666667,0.875
prefill,27,36,177,1,96,0.0104166666666667,0.885416666666666
prefill,27,37,183,1,96,0.0104166666666667,0.895833333333333
prefill,27,38,184,1,96,0.0104166666666667,0.906249999999999
prefill,27,39,195,1,96,0.0104166666666667,0.916666666666666
prefill,27,40,202,1,96,0.0104166666666667,0.927083333333333
prefill,27,41,203,1,96,0.0104166666666667,0.937499999999999
prefill,27,42,224,1,96,0.0104166666666667,0.947916666666666
prefill,27,43,233,1,96,0.0104166666666667,0.958333333333333
prefill,27,44,235,1,96,0.0104166666666667,0.968749999999999
prefill,27,45,246,1,96,0.0104166666666667,0.979166666666666
prefill,27,46,247,1,96,0.0104166666666667,0.989583333333332
prefill,27,47,251,1,96,0.0104166666666667,0.999999999999999
prefill,27,48,0,0,96,0,0.999999999999999
prefill,27,49,1,0,96,0,0.999999999999999
prefill,27,50,3,0,96,0,0.999999999999999
prefill,27,51,4,0,96,0,0.999999999999999
prefill,27,52,5,0,96,0,0.999999999999999
prefill,27,53,6,0,96,0,0.999999999999999
prefill,27,54,7,0,96,0,0.999999999999999
prefill,27,55,8,0,96,0,0.999999999999999
prefill,27,56,9,0,96,0,0.999999999999999
prefill,27,57,11,0,96,0,0.999999999999999
prefill,27,58,12,0,96,0,0.999999999999999
prefill,27,59,13,0,96,0,0.999999999999999
prefill,27,60,15,0,96,0,0.999999999999999
prefill,27,61,16,0,96,0,0.999999999999999
prefill,27,62,17,0,96,0,0.999999999999999
prefill,27,63,18,0,96,0,0.999999999999999
prefill,27,64,19,0,96,0,0.999999999999999
prefill,27,65,21,0,96,0,0.999999999999999
prefill,27,66,22,0,96,0,0.999999999999999
prefill,27,67,23,0,96,0,0.999999999999999
prefill,27,68,25,0,96,0,0.999999999999999
prefill,27,69,26,0,96,0,0.999999999999999
prefill,27,70,27,0,96,0,0.999999999999999
prefill,27,71,28,0,96,0,0.999999999999999
prefill,27,72,29,0,96,0,0.999999999999999
prefill,27,73,30,0,96,0,0.999999999999999
prefill,27,74,32,0,96,0,0.999999999999999
prefill,27,75,33,0,96,0,0.999999999999999
prefill,27,76,35,0,96,0,0.999999999999999
prefill,27,77,36,0,96,0,0.999999999999999
prefill,27,78,37,0,96,0,0.999999999999999
prefill,27,79,38,0,96,0,0.999999999999999
prefill,27,80,40,0,96,0,0.999999999999999
prefill,27,81,41,0,96,0,0.999999999999999
prefill,27,82,42,0,96,0,0.999999999999999
prefill,27,83,44,0,96,0,0.999999999999999
prefill,27,84,45,0,96,0,0.999999999999999
prefill,27,85,47,0,96,0,0.999999999999999
prefill,27,86,48,0,96,0,0.999999999999999
prefill,27,87,49,0,96,0,0.999999999999999
prefill,27,88,50,0,96,0,0.999999999999999
prefill,27,89,51,0,96,0,0.999999999999999
prefill,27,90,52,0,96,0,0.999999999999999
prefill,27,91,53,0,96,0,0.999999999999999
prefill,27,92,54,0,96,0,0.999999999999999
prefill,27,93,56,0,96,0,0.999999999999999
prefill,27,94,57,0,96,0,0.999999999999999
prefill,27,95,58,0,96,0,0.999999999999999
prefill,27,96,59,0,96,0,0.999999999999999
prefill,27,97,61,0,96,0,0.999999999999999
prefill,27,98,62,0,96,0,0.999999999999999
prefill,27,99,63,0,96,0,0.999999999999999
prefill,27,100,64,0,96,0,0.999999999999999
prefill,27,101,65,0,96,0,0.999999999999999
prefill,27,102,66,0,96,0,0.999999999999999
prefill,27,103,67,0,96,0,0.999999999999999
prefill,27,104,68,0,96,0,0.999999999999999
prefill,27,105,69,0,96,0,0.999999999999999
prefill,27,106,70,0,96,0,0.999999999999999
prefill,27,107,71,0,96,0,0.999999999999999
prefill,27,108,72,0,96,0,0.999999999999999
prefill,27,109,73,0,96,0,0.999999999999999
prefill,27,110,74,0,96,0,0.999999999999999
prefill,27,111,75,0,96,0,0.999999999999999
prefill,27,112,76,0,96,0,0.999999999999999
prefill,27,113,77,0,96,0,0.999999999999999
prefill,27,114,78,0,96,0,0.999999999999999
prefill,27,115,79,0,96,0,0.999999999999999
prefill,27,116,80,0,96,0,0.999999999999999
prefill,27,117,81,0,96,0,0.999999999999999
prefill,27,118,82,0,96,0,0.999999999999999
prefill,27,119,83,0,96,0,0.999999999999999
prefill,27,120,84,0,96,0,0.999999999999999
prefill,27,121,85,0,96,0,0.999999999999999
prefill,27,122,87,0,96,0,0.999999999999999
prefill,27,123,88,0,96,0,0.999999999999999
prefill,27,124,89,0,96,0,0.999999999999999
prefill,27,125,90,0,96,0,0.999999999999999
prefill,27,126,91,0,96,0,0.999999999999999
prefill,27,127,92,0,96,0,0.999999999999999
prefill,27,128,93,0,96,0,0.999999999999999
prefill,27,129,96,0,96,0,0.999999999999999
prefill,27,130,97,0,96,0,0.999999999999999
prefill,27,131,98,0,96,0,0.999999999999999
prefill,27,132,99,0,96,0,0.999999999999999
prefill,27,133,101,0,96,0,0.999999999999999
prefill,27,134,103,0,96,0,0.999999999999999
prefill,27,135,104,0,96,0,0.999999999999999
prefill,27,136,105,0,96,0,0.999999999999999
prefill,27,137,106,0,96,0,0.999999999999999
prefill,27,138,107,0,96,0,0.999999999999999
prefill,27,139,108,0,96,0,0.999999999999999
prefill,27,140,110,0,96,0,0.999999999999999
prefill,27,141,111,0,96,0,0.999999999999999
prefill,27,142,112,0,96,0,0.999999999999999
prefill,27,143,113,0,96,0,0.999999999999999
prefill,27,144,115,0,96,0,0.999999999999999
prefill,27,145,116,0,96,0,0.999999999999999
prefill,27,146,117,0,96,0,0.999999999999999
prefill,27,147,118,0,96,0,0.999999999999999
prefill,27,148,119,0,96,0,0.999999999999999
prefill,27,149,120,0,96,0,0.999999999999999
prefill,27,150,121,0,96,0,0.999999999999999
prefill,27,151,122,0,96,0,0.999999999999999
prefill,27,152,123,0,96,0,0.999999999999999
prefill,27,153,124,0,96,0,0.999999999999999
prefill,27,154,125,0,96,0,0.999999999999999
prefill,27,155,126,0,96,0,0.999999999999999
prefill,27,156,127,0,96,0,0.999999999999999
prefill,27,157,129,0,96,0,0.999999999999999
prefill,27,158,130,0,96,0,0.999999999999999
prefill,27,159,131,0,96,0,0.999999999999999
prefill,27,160,134,0,96,0,0.999999999999999
prefill,27,161,136,0,96,0,0.999999999999999
prefill,27,162,137,0,96,0,0.999999999999999
prefill,27,163,138,0,96,0,0.999999999999999
prefill,27,164,139,0,96,0,0.999999999999999
prefill,27,165,140,0,96,0,0.999999999999999
prefill,27,166,141,0,96,0,0.999999999999999
prefill,27,167,142,0,96,0,0.999999999999999
prefill,27,168,143,0,96,0,0.999999999999999
prefill,27,169,144,0,96,0,0.999999999999999
prefill,27,170,145,0,96,0,0.999999999999999
prefill,27,171,146,0,96,0,0.999999999999999
prefill,27,172,148,0,96,0,0.999999999999999
prefill,27,173,149,0,96,0,0.999999999999999
prefill,27,174,150,0,96,0,0.999999999999999
prefill,27,175,151,0,96,0,0.999999999999999
prefill,27,176,152,0,96,0,0.999999999999999
prefill,27,177,153,0,96,0,0.999999999999999
prefill,27,178,154,0,96,0,0.999999999999999
prefill,27,179,156,0,96,0,0.999999999999999
prefill,27,180,157,0,96,0,0.999999999999999
prefill,27,181,158,0,96,0,0.999999999999999
prefill,27,182,160,0,96,0,0.999999999999999
prefill,27,183,161,0,96,0,0.999999999999999
prefill,27,184,163,0,96,0,0.999999999999999
prefill,27,185,164,0,96,0,0.999999999999999
prefill,27,186,165,0,96,0,0.999999999999999
prefill,27,187,167,0,96,0,0.999999999999999
prefill,27,188,169,0,96,0,0.999999999999999
prefill,27,189,170,0,96,0,0.999999999999999
prefill,27,190,171,0,96,0,0.999999999999999
prefill,27,191,172,0,96,0,0.999999999999999
prefill,27,192,174,0,96,0,0.999999999999999
prefill,27,193,175,0,96,0,0.999999999999999
prefill,27,194,178,0,96,0,0.999999999999999
prefill,27,195,179,0,96,0,0.999999999999999
prefill,27,196,180,0,96,0,0.999999999999999
prefill,27,197,181,0,96,0,0.999999999999999
prefill,27,198,182,0,96,0,0.999999999999999
prefill,27,199,185,0,96,0,0.999999999999999
prefill,27,200,186,0,96,0,0.999999999999999
prefill,27,201,187,0,96,0,0.999999999999999
prefill,27,202,189,0,96,0,0.999999999999999
prefill,27,203,190,0,96,0,0.999999999999999
prefill,27,204,191,0,96,0,0.999999999999999
prefill,27,205,192,0,96,0,0.999999999999999
prefill,27,206,193,0,96,0,0.999999999999999
prefill,27,207,194,0,96,0,0.999999999999999
prefill,27,208,196,0,96,0,0.999999999999999
prefill,27,209,197,0,96,0,0.999999999999999
prefill,27,210,198,0,96,0,0.999999999999999
prefill,27,211,199,0,96,0,0.999999999999999
prefill,27,212,200,0,96,0,0.999999999999999
prefill,27,213,201,0,96,0,0.999999999999999
prefill,27,214,204,0,96,0,0.999999999999999
prefill,27,215,205,0,96,0,0.999999999999999
prefill,27,216,206,0,96,0,0.999999999999999
prefill,27,217,207,0,96,0,0.999999999999999
prefill,27,218,208,0,96,0,0.999999999999999
prefill,27,219,210,0,96,0,0.999999999999999
prefill,27,220,211,0,96,0,0.999999999999999
prefill,27,221,212,0,96,0,0.999999999999999
prefill,27,222,213,0,96,0,0.999999999999999
prefill,27,223,214,0,96,0,0.999999999999999
prefill,27,224,215,0,96,0,0.999999999999999
prefill,27,225,216,0,96,0,0.999999999999999
prefill,27,226,217,0,96,0,0.999999999999999
prefill,27,227,218,0,96,0,0.999999999999999
prefill,27,228,219,0,96,0,0.999999999999999
prefill,27,229,220,0,96,0,0.999999999999999
prefill,27,230,221,0,96,0,0.999999999999999
prefill,27,231,222,0,96,0,0.999999999999999
prefill,27,232,223,0,96,0,0.999999999999999
prefill,27,233,225,0,96,0,0.999999999999999
prefill,27,234,226,0,96,0,0.999999999999999
prefill,27,235,227,0,96,0,0.999999999999999
prefill,27,236,228,0,96,0,0.999999999999999
prefill,27,237,229,0,96,0,0.999999999999999
prefill,27,238,230,0,96,0,0.999999999999999
prefill,27,239,231,0,96,0,0.999999999999999
prefill,27,240,232,0,96,0,0.999999999999999
prefill,27,241,234,0,96,0,0.999999999999999
prefill,27,242,236,0,96,0,0.999999999999999
prefill,27,243,237,0,96,0,0.999999999999999
prefill,27,244,238,0,96,0,0.999999999999999
prefill,27,245,239,0,96,0,0.999999999999999
prefill,27,246,241,0,96,0,0.999999999999999
prefill,27,247,242,0,96,0,0.999999999999999
prefill,27,248,243,0,96,0,0.999999999999999
prefill,27,249,244,0,96,0,0.999999999999999
prefill,27,250,248,0,96,0,0.999999999999999
prefill,27,251,249,0,96,0,0.999999999999999
prefill,27,252,250,0,96,0,0.999999999999999
prefill,27,253,252,0,96,0,0.999999999999999
prefill,27,254,253,0,96,0,0.999999999999999
prefill,27,255,254,0,96,0,0.999999999999999
prefill,27,256,255,0,96,0,0.999999999999999
prefill,28,1,36,13,96,0.135416666666667,0.135416666666667
prefill,28,2,56,13,96,0.135416666666667,0.270833333333333
prefill,28,3,253,10,96,0.104166666666667,0.375
prefill,28,4,207,8,96,0.0833333333333333,0.458333333333333
prefill,28,5,244,6,96,0.0625,0.520833333333333
prefill,28,6,161,5,96,0.0520833333333333,0.572916666666667
prefill,28,7,46,4,96,0.0416666666666667,0.614583333333333
prefill,28,8,45,3,96,0.03125,0.645833333333333
prefill,28,9,130,3,96,0.03125,0.677083333333333
prefill,28,10,218,3,96,0.03125,0.708333333333333
prefill,28,11,201,2,96,0.0208333333333333,0.729166666666667
prefill,28,12,1,1,96,0.0104166666666667,0.739583333333333
prefill,28,13,11,1,96,0.0104166666666667,0.75
prefill,28,14,30,1,96,0.0104166666666667,0.760416666666667
prefill,28,15,32,1,96,0.0104166666666667,0.770833333333333
prefill,28,16,41,1,96,0.0104166666666667,0.78125
prefill,28,17,85,1,96,0.0104166666666667,0.791666666666666
prefill,28,18,88,1,96,0.0104166666666667,0.802083333333333
prefill,28,19,89,1,96,0.0104166666666667,0.8125
prefill,28,20,117,1,96,0.0104166666666667,0.822916666666666
prefill,28,21,120,1,96,0.0104166666666667,0.833333333333333
prefill,28,22,124,1,96,0.0104166666666667,0.84375
prefill,28,23,126,1,96,0.0104166666666667,0.854166666666666
prefill,28,24,148,1,96,0.0104166666666667,0.864583333333333
prefill,28,25,163,1,96,0.0104166666666667,0.874999999999999
prefill,28,26,165,1,96,0.0104166666666667,0.885416666666666
prefill,28,27,173,1,96,0.0104166666666667,0.895833333333333
prefill,28,28,179,1,96,0.0104166666666667,0.906249999999999
prefill,28,29,192,1,96,0.0104166666666667,0.916666666666666
prefill,28,30,198,1,96,0.0104166666666667,0.927083333333333
prefill,28,31,200,1,96,0.0104166666666667,0.937499999999999
prefill,28,32,202,1,96,0.0104166666666667,0.947916666666666
prefill,28,33,209,1,96,0.0104166666666667,0.958333333333332
prefill,28,34,211,1,96,0.0104166666666667,0.968749999999999
prefill,28,35,239,1,96,0.0104166666666667,0.979166666666666
prefill,28,36,247,1,96,0.0104166666666667,0.989583333333332
prefill,28,37,250,1,96,0.0104166666666667,0.999999999999999
prefill,28,38,0,0,96,0,0.999999999999999
prefill,28,39,2,0,96,0,0.999999999999999
prefill,28,40,3,0,96,0,0.999999999999999
prefill,28,41,4,0,96,0,0.999999999999999
prefill,28,42,5,0,96,0,0.999999999999999
prefill,28,43,6,0,96,0,0.999999999999999
prefill,28,44,7,0,96,0,0.999999999999999
prefill,28,45,8,0,96,0,0.999999999999999
prefill,28,46,9,0,96,0,0.999999999999999
prefill,28,47,10,0,96,0,0.999999999999999
prefill,28,48,12,0,96,0,0.999999999999999
prefill,28,49,13,0,96,0,0.999999999999999
prefill,28,50,14,0,96,0,0.999999999999999
prefill,28,51,15,0,96,0,0.999999999999999
prefill,28,52,16,0,96,0,0.999999999999999
prefill,28,53,17,0,96,0,0.999999999999999
prefill,28,54,18,0,96,0,0.999999999999999
prefill,28,55,19,0,96,0,0.999999999999999
prefill,28,56,20,0,96,0,0.999999999999999
prefill,28,57,21,0,96,0,0.999999999999999
prefill,28,58,22,0,96,0,0.999999999999999
prefill,28,59,23,0,96,0,0.999999999999999
prefill,28,60,24,0,96,0,0.999999999999999
prefill,28,61,25,0,96,0,0.999999999999999
prefill,28,62,26,0,96,0,0.999999999999999
prefill,28,63,27,0,96,0,0.999999999999999
prefill,28,64,28,0,96,0,0.999999999999999
prefill,28,65,29,0,96,0,0.999999999999999
prefill,28,66,31,0,96,0,0.999999999999999
prefill,28,67,33,0,96,0,0.999999999999999
prefill,28,68,34,0,96,0,0.999999999999999
prefill,28,69,35,0,96,0,0.999999999999999
prefill,28,70,37,0,96,0,0.999999999999999
prefill,28,71,38,0,96,0,0.999999999999999
prefill,28,72,39,0,96,0,0.999999999999999
prefill,28,73,40,0,96,0,0.999999999999999
prefill,28,74,42,0,96,0,0.999999999999999
prefill,28,75,43,0,96,0,0.999999999999999
prefill,28,76,44,0,96,0,0.999999999999999
prefill,28,77,47,0,96,0,0.999999999999999
prefill,28,78,48,0,96,0,0.999999999999999
prefill,28,79,49,0,96,0,0.999999999999999
prefill,28,80,50,0,96,0,0.999999999999999
prefill,28,81,51,0,96,0,0.999999999999999
prefill,28,82,52,0,96,0,0.999999999999999
prefill,28,83,53,0,96,0,0.999999999999999
prefill,28,84,54,0,96,0,0.999999999999999
prefill,28,85,55,0,96,0,0.999999999999999
prefill,28,86,57,0,96,0,0.999999999999999
prefill,28,87,58,0,96,0,0.999999999999999
prefill,28,88,59,0,96,0,0.999999999999999
prefill,28,89,60,0,96,0,0.999999999999999
prefill,28,90,61,0,96,0,0.999999999999999
prefill,28,91,62,0,96,0,0.999999999999999
prefill,28,92,63,0,96,0,0.999999999999999
prefill,28,93,64,0,96,0,0.999999999999999
prefill,28,94,65,0,96,0,0.999999999999999
prefill,28,95,66,0,96,0,0.999999999999999
prefill,28,96,67,0,96,0,0.999999999999999
prefill,28,97,68,0,96,0,0.999999999999999
prefill,28,98,69,0,96,0,0.999999999999999
prefill,28,99,70,0,96,0,0.999999999999999
prefill,28,100,71,0,96,0,0.999999999999999
prefill,28,101,72,0,96,0,0.999999999999999
prefill,28,102,73,0,96,0,0.999999999999999
prefill,28,103,74,0,96,0,0.999999999999999
prefill,28,104,75,0,96,0,0.999999999999999
prefill,28,105,76,0,96,0,0.999999999999999
prefill,28,106,77,0,96,0,0.999999999999999
prefill,28,107,78,0,96,0,0.999999999999999
prefill,28,108,79,0,96,0,0.999999999999999
prefill,28,109,80,0,96,0,0.999999999999999
prefill,28,110,81,0,96,0,0.999999999999999
prefill,28,111,82,0,96,0,0.999999999999999
prefill,28,112,83,0,96,0,0.999999999999999
prefill,28,113,84,0,96,0,0.999999999999999
prefill,28,114,86,0,96,0,0.999999999999999
prefill,28,115,87,0,96,0,0.999999999999999
prefill,28,116,90,0,96,0,0.999999999999999
prefill,28,117,91,0,96,0,0.999999999999999
prefill,28,118,92,0,96,0,0.999999999999999
prefill,28,119,93,0,96,0,0.999999999999999
prefill,28,120,94,0,96,0,0.999999999999999
prefill,28,121,95,0,96,0,0.999999999999999
prefill,28,122,96,0,96,0,0.999999999999999
prefill,28,123,97,0,96,0,0.999999999999999
prefill,28,124,98,0,96,0,0.999999999999999
prefill,28,125,99,0,96,0,0.999999999999999
prefill,28,126,100,0,96,0,0.999999999999999
prefill,28,127,101,0,96,0,0.999999999999999
prefill,28,128,102,0,96,0,0.999999999999999
prefill,28,129,103,0,96,0,0.999999999999999
prefill,28,130,104,0,96,0,0.999999999999999
prefill,28,131,105,0,96,0,0.999999999999999
prefill,28,132,106,0,96,0,0.999999999999999
prefill,28,133,107,0,96,0,0.999999999999999
prefill,28,134,108,0,96,0,0.999999999999999
prefill,28,135,109,0,96,0,0.999999999999999
prefill,28,136,110,0,96,0,0.999999999999999
prefill,28,137,111,0,96,0,0.999999999999999
prefill,28,138,112,0,96,0,0.999999999999999
prefill,28,139,113,0,96,0,0.999999999999999
prefill,28,140,114,0,96,0,0.999999999999999
prefill,28,141,115,0,96,0,0.999999999999999
prefill,28,142,116,0,96,0,0.999999999999999
prefill,28,143,118,0,96,0,0.999999999999999
prefill,28,144,119,0,96,0,0.999999999999999
prefill,28,145,121,0,96,0,0.999999999999999
prefill,28,146,122,0,96,0,0.999999999999999
prefill,28,147,123,0,96,0,0.999999999999999
prefill,28,148,125,0,96,0,0.999999999999999
prefill,28,149,127,0,96,0,0.999999999999999
prefill,28,150,128,0,96,0,0.999999999999999
prefill,28,151,129,0,96,0,0.999999999999999
prefill,28,152,131,0,96,0,0.999999999999999
prefill,28,153,132,0,96,0,0.999999999999999
prefill,28,154,133,0,96,0,0.999999999999999
prefill,28,155,134,0,96,0,0.999999999999999
prefill,28,156,135,0,96,0,0.999999999999999
prefill,28,157,136,0,96,0,0.999999999999999
prefill,28,158,137,0,96,0,0.999999999999999
prefill,28,159,138,0,96,0,0.999999999999999
prefill,28,160,139,0,96,0,0.999999999999999
prefill,28,161,140,0,96,0,0.999999999999999
prefill,28,162,141,0,96,0,0.999999999999999
prefill,28,163,142,0,96,0,0.999999999999999
prefill,28,164,143,0,96,0,0.999999999999999
prefill,28,165,144,0,96,0,0.999999999999999
prefill,28,166,145,0,96,0,0.999999999999999
prefill,28,167,146,0,96,0,0.999999999999999
prefill,28,168,147,0,96,0,0.999999999999999
prefill,28,169,149,0,96,0,0.999999999999999
prefill,28,170,150,0,96,0,0.999999999999999
prefill,28,171,151,0,96,0,0.999999999999999
prefill,28,172,152,0,96,0,0.999999999999999
prefill,28,173,153,0,96,0,0.999999999999999
prefill,28,174,154,0,96,0,0.999999999999999
prefill,28,175,155,0,96,0,0.999999999999999
prefill,28,176,156,0,96,0,0.999999999999999
prefill,28,177,157,0,96,0,0.999999999999999
prefill,28,178,158,0,96,0,0.999999999999999
prefill,28,179,159,0,96,0,0.999999999999999
prefill,28,180,160,0,96,0,0.999999999999999
prefill,28,181,162,0,96,0,0.999999999999999
prefill,28,182,164,0,96,0,0.999999999999999
prefill,28,183,166,0,96,0,0.999999999999999
prefill,28,184,167,0,96,0,0.999999999999999
prefill,28,185,168,0,96,0,0.999999999999999
prefill,28,186,169,0,96,0,0.999999999999999
prefill,28,187,170,0,96,0,0.999999999999999
prefill,28,188,171,0,96,0,0.999999999999999
prefill,28,189,172,0,96,0,0.999999999999999
prefill,28,190,174,0,96,0,0.999999999999999
prefill,28,191,175,0,96,0,0.999999999999999
prefill,28,192,176,0,96,0,0.999999999999999
prefill,28,193,177,0,96,0,0.999999999999999
prefill,28,194,178,0,96,0,0.999999999999999
prefill,28,195,180,0,96,0,0.999999999999999
prefill,28,196,181,0,96,0,0.999999999999999
prefill,28,197,182,0,96,0,0.999999999999999
prefill,28,198,183,0,96,0,0.999999999999999
prefill,28,199,184,0,96,0,0.999999999999999
prefill,28,200,185,0,96,0,0.999999999999999
prefill,28,201,186,0,96,0,0.999999999999999
prefill,28,202,187,0,96,0,0.999999999999999
prefill,28,203,188,0,96,0,0.999999999999999
prefill,28,204,189,0,96,0,0.999999999999999
prefill,28,205,190,0,96,0,0.999999999999999
prefill,28,206,191,0,96,0,0.999999999999999
prefill,28,207,193,0,96,0,0.999999999999999
prefill,28,208,194,0,96,0,0.999999999999999
prefill,28,209,195,0,96,0,0.999999999999999
prefill,28,210,196,0,96,0,0.999999999999999
prefill,28,211,197,0,96,0,0.999999999999999
prefill,28,212,199,0,96,0,0.999999999999999
prefill,28,213,203,0,96,0,0.999999999999999
prefill,28,214,204,0,96,0,0.999999999999999
prefill,28,215,205,0,96,0,0.999999999999999
prefill,28,216,206,0,96,0,0.999999999999999
prefill,28,217,208,0,96,0,0.999999999999999
prefill,28,218,210,0,96,0,0.999999999999999
prefill,28,219,212,0,96,0,0.999999999999999
prefill,28,220,213,0,96,0,0.999999999999999
prefill,28,221,214,0,96,0,0.999999999999999
prefill,28,222,215,0,96,0,0.999999999999999
prefill,28,223,216,0,96,0,0.999999999999999
prefill,28,224,217,0,96,0,0.999999999999999
prefill,28,225,219,0,96,0,0.999999999999999
prefill,28,226,220,0,96,0,0.999999999999999
prefill,28,227,221,0,96,0,0.999999999999999
prefill,28,228,222,0,96,0,0.999999999999999
prefill,28,229,223,0,96,0,0.999999999999999
prefill,28,230,224,0,96,0,0.999999999999999
prefill,28,231,225,0,96,0,0.999999999999999
prefill,28,232,226,0,96,0,0.999999999999999
prefill,28,233,227,0,96,0,0.999999999999999
prefill,28,234,228,0,96,0,0.999999999999999
prefill,28,235,229,0,96,0,0.999999999999999
prefill,28,236,230,0,96,0,0.999999999999999
prefill,28,237,231,0,96,0,0.999999999999999
prefill,28,238,232,0,96,0,0.999999999999999
prefill,28,239,233,0,96,0,0.999999999999999
prefill,28,240,234,0,96,0,0.999999999999999
prefill,28,241,235,0,96,0,0.999999999999999
prefill,28,242,236,0,96,0,0.999999999999999
prefill,28,243,237,0,96,0,0.999999999999999
prefill,28,244,238,0,96,0,0.999999999999999
prefill,28,245,240,0,96,0,0.999999999999999
prefill,28,246,241,0,96,0,0.999999999999999
prefill,28,247,242,0,96,0,0.999999999999999
prefill,28,248,243,0,96,0,0.999999999999999
prefill,28,249,245,0,96,0,0.999999999999999
prefill,28,250,246,0,96,0,0.999999999999999
prefill,28,251,248,0,96,0,0.999999999999999
prefill,28,252,249,0,96,0,0.999999999999999
prefill,28,253,251,0,96,0,0.999999999999999
prefill,28,254,252,0,96,0,0.999999999999999
prefill,28,255,254,0,96,0,0.999999999999999
prefill,28,256,255,0,96,0,0.999999999999999
prefill,29,1,2,12,96,0.125,0.125
prefill,29,2,178,12,96,0.125,0.25
prefill,29,3,205,12,96,0.125,0.375
prefill,29,4,93,10,96,0.104166666666667,0.479166666666667
prefill,29,5,13,9,96,0.09375,0.572916666666667
prefill,29,6,180,8,96,0.0833333333333333,0.65625
prefill,29,7,192,4,96,0.0416666666666667,0.697916666666667
prefill,29,8,65,3,96,0.03125,0.729166666666667
prefill,29,9,6,2,96,0.0208333333333333,0.75
prefill,29,10,55,2,96,0.0208333333333333,0.770833333333333
prefill,29,11,87,2,96,0.0208333333333333,0.791666666666667
prefill,29,12,141,2,96,0.0208333333333333,0.8125
prefill,29,13,157,2,96,0.0208333333333333,0.833333333333334
prefill,29,14,9,1,96,0.0104166666666667,0.84375
prefill,29,15,57,1,96,0.0104166666666667,0.854166666666667
prefill,29,16,62,1,96,0.0104166666666667,0.864583333333333
prefill,29,17,67,1,96,0.0104166666666667,0.875
prefill,29,18,73,1,96,0.0104166666666667,0.885416666666667
prefill,29,19,74,1,96,0.0104166666666667,0.895833333333333
prefill,29,20,88,1,96,0.0104166666666667,0.90625
prefill,29,21,98,1,96,0.0104166666666667,0.916666666666667
prefill,29,22,110,1,96,0.0104166666666667,0.927083333333333
prefill,29,23,131,1,96,0.0104166666666667,0.9375
prefill,29,24,145,1,96,0.0104166666666667,0.947916666666667
prefill,29,25,154,1,96,0.0104166666666667,0.958333333333333
prefill,29,26,159,1,96,0.0104166666666667,0.96875
prefill,29,27,207,1,96,0.0104166666666667,0.979166666666666
prefill,29,28,221,1,96,0.0104166666666667,0.989583333333333
prefill,29,29,244,1,96,0.0104166666666667,1
prefill,29,30,0,0,96,0,1
prefill,29,31,1,0,96,0,1
prefill,29,32,3,0,96,0,1
prefill,29,33,4,0,96,0,1
prefill,29,34,5,0,96,0,1
prefill,29,35,7,0,96,0,1
prefill,29,36,8,0,96,0,1
prefill,29,37,10,0,96,0,1
prefill,29,38,11,0,96,0,1
prefill,29,39,12,0,96,0,1
prefill,29,40,14,0,96,0,1
prefill,29,41,15,0,96,0,1
prefill,29,42,16,0,96,0,1
prefill,29,43,17,0,96,0,1
prefill,29,44,18,0,96,0,1
prefill,29,45,19,0,96,0,1
prefill,29,46,20,0,96,0,1
prefill,29,47,21,0,96,0,1
prefill,29,48,22,0,96,0,1
prefill,29,49,23,0,96,0,1
prefill,29,50,24,0,96,0,1
prefill,29,51,25,0,96,0,1
prefill,29,52,26,0,96,0,1
prefill,29,53,27,0,96,0,1
prefill,29,54,28,0,96,0,1
prefill,29,55,29,0,96,0,1
prefill,29,56,30,0,96,0,1
prefill,29,57,31,0,96,0,1
prefill,29,58,32,0,96,0,1
prefill,29,59,33,0,96,0,1
prefill,29,60,34,0,96,0,1
prefill,29,61,35,0,96,0,1
prefill,29,62,36,0,96,0,1
prefill,29,63,37,0,96,0,1
prefill,29,64,38,0,96,0,1
prefill,29,65,39,0,96,0,1
prefill,29,66,40,0,96,0,1
prefill,29,67,41,0,96,0,1
prefill,29,68,42,0,96,0,1
prefill,29,69,43,0,96,0,1
prefill,29,70,44,0,96,0,1
prefill,29,71,45,0,96,0,1
prefill,29,72,46,0,96,0,1
prefill,29,73,47,0,96,0,1
prefill,29,74,48,0,96,0,1
prefill,29,75,49,0,96,0,1
prefill,29,76,50,0,96,0,1
prefill,29,77,51,0,96,0,1
prefill,29,78,52,0,96,0,1
prefill,29,79,53,0,96,0,1
prefill,29,80,54,0,96,0,1
prefill,29,81,56,0,96,0,1
prefill,29,82,58,0,96,0,1
prefill,29,83,59,0,96,0,1
prefill,29,84,60,0,96,0,1
prefill,29,85,61,0,96,0,1
prefill,29,86,63,0,96,0,1
prefill,29,87,64,0,96,0,1
prefill,29,88,66,0,96,0,1
prefill,29,89,68,0,96,0,1
prefill,29,90,69,0,96,0,1
prefill,29,91,70,0,96,0,1
prefill,29,92,71,0,96,0,1
prefill,29,93,72,0,96,0,1
prefill,29,94,75,0,96,0,1
prefill,29,95,76,0,96,0,1
prefill,29,96,77,0,96,0,1
prefill,29,97,78,0,96,0,1
prefill,29,98,79,0,96,0,1
prefill,29,99,80,0,96,0,1
prefill,29,100,81,0,96,0,1
prefill,29,101,82,0,96,0,1
prefill,29,102,83,0,96,0,1
prefill,29,103,84,0,96,0,1
prefill,29,104,85,0,96,0,1
prefill,29,105,86,0,96,0,1
prefill,29,106,89,0,96,0,1
prefill,29,107,90,0,96,0,1
prefill,29,108,91,0,96,0,1
prefill,29,109,92,0,96,0,1
prefill,29,110,94,0,96,0,1
prefill,29,111,95,0,96,0,1
prefill,29,112,96,0,96,0,1
prefill,29,113,97,0,96,0,1
prefill,29,114,99,0,96,0,1
prefill,29,115,100,0,96,0,1
prefill,29,116,101,0,96,0,1
prefill,29,117,102,0,96,0,1
prefill,29,118,103,0,96,0,1
prefill,29,119,104,0,96,0,1
prefill,29,120,105,0,96,0,1
prefill,29,121,106,0,96,0,1
prefill,29,122,107,0,96,0,1
prefill,29,123,108,0,96,0,1
prefill,29,124,109,0,96,0,1
prefill,29,125,111,0,96,0,1
prefill,29,126,112,0,96,0,1
prefill,29,127,113,0,96,0,1
prefill,29,128,114,0,96,0,1
prefill,29,129,115,0,96,0,1
prefill,29,130,116,0,96,0,1
prefill,29,131,117,0,96,0,1
prefill,29,132,118,0,96,0,1
prefill,29,133,119,0,96,0,1
prefill,29,134,120,0,96,0,1
prefill,29,135,121,0,96,0,1
prefill,29,136,122,0,96,0,1
prefill,29,137,123,0,96,0,1
prefill,29,138,124,0,96,0,1
prefill,29,139,125,0,96,0,1
prefill,29,140,126,0,96,0,1
prefill,29,141,127,0,96,0,1
prefill,29,142,128,0,96,0,1
prefill,29,143,129,0,96,0,1
prefill,29,144,130,0,96,0,1
prefill,29,145,132,0,96,0,1
prefill,29,146,133,0,96,0,1
prefill,29,147,134,0,96,0,1
prefill,29,148,135,0,96,0,1
prefill,29,149,136,0,96,0,1
prefill,29,150,137,0,96,0,1
prefill,29,151,138,0,96,0,1
prefill,29,152,139,0,96,0,1
prefill,29,153,140,0,96,0,1
prefill,29,154,142,0,96,0,1
prefill,29,155,143,0,96,0,1
prefill,29,156,144,0,96,0,1
prefill,29,157,146,0,96,0,1
prefill,29,158,147,0,96,0,1
prefill,29,159,148,0,96,0,1
prefill,29,160,149,0,96,0,1
prefill,29,161,150,0,96,0,1
prefill,29,162,151,0,96,0,1
prefill,29,163,152,0,96,0,1
prefill,29,164,153,0,96,0,1
prefill,29,165,155,0,96,0,1
prefill,29,166,156,0,96,0,1
prefill,29,167,158,0,96,0,1
prefill,29,168,160,0,96,0,1
prefill,29,169,161,0,96,0,1
prefill,29,170,162,0,96,0,1
prefill,29,171,163,0,96,0,1
prefill,29,172,164,0,96,0,1
prefill,29,173,165,0,96,0,1
prefill,29,174,166,0,96,0,1
prefill,29,175,167,0,96,0,1
prefill,29,176,168,0,96,0,1
prefill,29,177,169,0,96,0,1
prefill,29,178,170,0,96,0,1
prefill,29,179,171,0,96,0,1
prefill,29,180,172,0,96,0,1
prefill,29,181,173,0,96,0,1
prefill,29,182,174,0,96,0,1
prefill,29,183,175,0,96,0,1
prefill,29,184,176,0,96,0,1
prefill,29,185,177,0,96,0,1
prefill,29,186,179,0,96,0,1
prefill,29,187,181,0,96,0,1
prefill,29,188,182,0,96,0,1
prefill,29,189,183,0,96,0,1
prefill,29,190,184,0,96,0,1
prefill,29,191,185,0,96,0,1
prefill,29,192,186,0,96,0,1
prefill,29,193,187,0,96,0,1
prefill,29,194,188,0,96,0,1
prefill,29,195,189,0,96,0,1
prefill,29,196,190,0,96,0,1
prefill,29,197,191,0,96,0,1
prefill,29,198,193,0,96,0,1
prefill,29,199,194,0,96,0,1
prefill,29,200,195,0,96,0,1
prefill,29,201,196,0,96,0,1
prefill,29,202,197,0,96,0,1
prefill,29,203,198,0,96,0,1
prefill,29,204,199,0,96,0,1
prefill,29,205,200,0,96,0,1
prefill,29,206,201,0,96,0,1
prefill,29,207,202,0,96,0,1
prefill,29,208,203,0,96,0,1
prefill,29,209,204,0,96,0,1
prefill,29,210,206,0,96,0,1
prefill,29,211,208,0,96,0,1
prefill,29,212,209,0,96,0,1
prefill,29,213,210,0,96,0,1
prefill,29,214,211,0,96,0,1
prefill,29,215,212,0,96,0,1
prefill,29,216,213,0,96,0,1
prefill,29,217,214,0,96,0,1
prefill,29,218,215,0,96,0,1
prefill,29,219,216,0,96,0,1
prefill,29,220,217,0,96,0,1
prefill,29,221,218,0,96,0,1
prefill,29,222,219,0,96,0,1
prefill,29,223,220,0,96,0,1
prefill,29,224,222,0,96,0,1
prefill,29,225,223,0,96,0,1
prefill,29,226,224,0,96,0,1
prefill,29,227,225,0,96,0,1
prefill,29,228,226,0,96,0,1
prefill,29,229,227,0,96,0,1
prefill,29,230,228,0,96,0,1
prefill,29,231,229,0,96,0,1
prefill,29,232,230,0,96,0,1
prefill,29,233,231,0,96,0,1
prefill,29,234,232,0,96,0,1
prefill,29,235,233,0,96,0,1
prefill,29,236,234,0,96,0,1
prefill,29,237,235,0,96,0,1
prefill,29,238,236,0,96,0,1
prefill,29,239,237,0,96,0,1
prefill,29,240,238,0,96,0,1
prefill,29,241,239,0,96,0,1
prefill,29,242,240,0,96,0,1
prefill,29,243,241,0,96,0,1
prefill,29,244,242,0,96,0,1
prefill,29,245,243,0,96,0,1
prefill,29,246,245,0,96,0,1
prefill,29,247,246,0,96,0,1
prefill,29,248,247,0,96,0,1
prefill,29,249,248,0,96,0,1
prefill,29,250,249,0,96,0,1
prefill,29,251,250,0,96,0,1
prefill,29,252,251,0,96,0,1
prefill,29,253,252,0,96,0,1
prefill,29,254,253,0,96,0,1
prefill,29,255,254,0,96,0,1
prefill,29,256,255,0,96,0,1
prefill,30,1,83,13,96,0.135416666666667,0.135416666666667
prefill,30,2,51,10,96,0.104166666666667,0.239583333333333
prefill,30,3,121,10,96,0.104166666666667,0.34375
prefill,30,4,119,9,96,0.09375,0.4375
prefill,30,5,109,7,96,0.0729166666666667,0.510416666666667
prefill,30,6,117,6,96,0.0625,0.572916666666667
prefill,30,7,235,4,96,0.0416666666666667,0.614583333333333
prefill,30,8,12,3,96,0.03125,0.645833333333333
prefill,30,9,193,3,96,0.03125,0.677083333333333
prefill,30,10,35,2,96,0.0208333333333333,0.697916666666667
prefill,30,11,212,2,96,0.0208333333333333,0.71875
prefill,30,12,230,2,96,0.0208333333333333,0.739583333333333
prefill,30,13,238,2,96,0.0208333333333333,0.760416666666667
prefill,30,14,8,1,96,0.0104166666666667,0.770833333333333
prefill,30,15,23,1,96,0.0104166666666667,0.78125
prefill,30,16,39,1,96,0.0104166666666667,0.791666666666667
prefill,30,17,45,1,96,0.0104166666666667,0.802083333333333
prefill,30,18,68,1,96,0.0104166666666667,0.8125
prefill,30,19,69,1,96,0.0104166666666667,0.822916666666667
prefill,30,20,78,1,96,0.0104166666666667,0.833333333333333
prefill,30,21,82,1,96,0.0104166666666667,0.84375
prefill,30,22,85,1,96,0.0104166666666667,0.854166666666666
prefill,30,23,90,1,96,0.0104166666666667,0.864583333333333
prefill,30,24,100,1,96,0.0104166666666667,0.875
prefill,30,25,104,1,96,0.0104166666666667,0.885416666666666
prefill,30,26,110,1,96,0.0104166666666667,0.895833333333333
prefill,30,27,132,1,96,0.0104166666666667,0.90625
prefill,30,28,141,1,96,0.0104166666666667,0.916666666666666
prefill,30,29,147,1,96,0.0104166666666667,0.927083333333333
prefill,30,30,173,1,96,0.0104166666666667,0.937499999999999
prefill,30,31,178,1,96,0.0104166666666667,0.947916666666666
prefill,30,32,205,1,96,0.0104166666666667,0.958333333333333
prefill,30,33,206,1,96,0.0104166666666667,0.968749999999999
prefill,30,34,209,1,96,0.0104166666666667,0.979166666666666
prefill,30,35,213,1,96,0.0104166666666667,0.989583333333333
prefill,30,36,246,1,96,0.0104166666666667,0.999999999999999
prefill,30,37,0,0,96,0,0.999999999999999
prefill,30,38,1,0,96,0,0.999999999999999
prefill,30,39,2,0,96,0,0.999999999999999
prefill,30,40,3,0,96,0,0.999999999999999
prefill,30,41,4,0,96,0,0.999999999999999
prefill,30,42,5,0,96,0,0.999999999999999
prefill,30,43,6,0,96,0,0.999999999999999
prefill,30,44,7,0,96,0,0.999999999999999
prefill,30,45,9,0,96,0,0.999999999999999
prefill,30,46,10,0,96,0,0.999999999999999
prefill,30,47,11,0,96,0,0.999999999999999
prefill,30,48,13,0,96,0,0.999999999999999
prefill,30,49,14,0,96,0,0.999999999999999
prefill,30,50,15,0,96,0,0.999999999999999
prefill,30,51,16,0,96,0,0.999999999999999
prefill,30,52,17,0,96,0,0.999999999999999
prefill,30,53,18,0,96,0,0.999999999999999
prefill,30,54,19,0,96,0,0.999999999999999
prefill,30,55,20,0,96,0,0.999999999999999
prefill,30,56,21,0,96,0,0.999999999999999
prefill,30,57,22,0,96,0,0.999999999999999
prefill,30,58,24,0,96,0,0.999999999999999
prefill,30,59,25,0,96,0,0.999999999999999
prefill,30,60,26,0,96,0,0.999999999999999
prefill,30,61,27,0,96,0,0.999999999999999
prefill,30,62,28,0,96,0,0.999999999999999
prefill,30,63,29,0,96,0,0.999999999999999
prefill,30,64,30,0,96,0,0.999999999999999
prefill,30,65,31,0,96,0,0.999999999999999
prefill,30,66,32,0,96,0,0.999999999999999
prefill,30,67,33,0,96,0,0.999999999999999
prefill,30,68,34,0,96,0,0.999999999999999
prefill,30,69,36,0,96,0,0.999999999999999
prefill,30,70,37,0,96,0,0.999999999999999
prefill,30,71,38,0,96,0,0.999999999999999
prefill,30,72,40,0,96,0,0.999999999999999
prefill,30,73,41,0,96,0,0.999999999999999
prefill,30,74,42,0,96,0,0.999999999999999
prefill,30,75,43,0,96,0,0.999999999999999
prefill,30,76,44,0,96,0,0.999999999999999
prefill,30,77,46,0,96,0,0.999999999999999
prefill,30,78,47,0,96,0,0.999999999999999
prefill,30,79,48,0,96,0,0.999999999999999
prefill,30,80,49,0,96,0,0.999999999999999
prefill,30,81,50,0,96,0,0.999999999999999
prefill,30,82,52,0,96,0,0.999999999999999
prefill,30,83,53,0,96,0,0.999999999999999
prefill,30,84,54,0,96,0,0.999999999999999
prefill,30,85,55,0,96,0,0.999999999999999
prefill,30,86,56,0,96,0,0.999999999999999
prefill,30,87,57,0,96,0,0.999999999999999
prefill,30,88,58,0,96,0,0.999999999999999
prefill,30,89,59,0,96,0,0.999999999999999
prefill,30,90,60,0,96,0,0.999999999999999
prefill,30,91,61,0,96,0,0.999999999999999
prefill,30,92,62,0,96,0,0.999999999999999
prefill,30,93,63,0,96,0,0.999999999999999
prefill,30,94,64,0,96,0,0.999999999999999
prefill,30,95,65,0,96,0,0.999999999999999
prefill,30,96,66,0,96,0,0.999999999999999
prefill,30,97,67,0,96,0,0.999999999999999
prefill,30,98,70,0,96,0,0.999999999999999
prefill,30,99,71,0,96,0,0.999999999999999
prefill,30,100,72,0,96,0,0.999999999999999
prefill,30,101,73,0,96,0,0.999999999999999
prefill,30,102,74,0,96,0,0.999999999999999
prefill,30,103,75,0,96,0,0.999999999999999
prefill,30,104,76,0,96,0,0.999999999999999
prefill,30,105,77,0,96,0,0.999999999999999
prefill,30,106,79,0,96,0,0.999999999999999
prefill,30,107,80,0,96,0,0.999999999999999
prefill,30,108,81,0,96,0,0.999999999999999
prefill,30,109,84,0,96,0,0.999999999999999
prefill,30,110,86,0,96,0,0.999999999999999
prefill,30,111,87,0,96,0,0.999999999999999
prefill,30,112,88,0,96,0,0.999999999999999
prefill,30,113,89,0,96,0,0.999999999999999
prefill,30,114,91,0,96,0,0.999999999999999
prefill,30,115,92,0,96,0,0.999999999999999
prefill,30,116,93,0,96,0,0.999999999999999
prefill,30,117,94,0,96,0,0.999999999999999
prefill,30,118,95,0,96,0,0.999999999999999
prefill,30,119,96,0,96,0,0.999999999999999
prefill,30,120,97,0,96,0,0.999999999999999
prefill,30,121,98,0,96,0,0.999999999999999
prefill,30,122,99,0,96,0,0.999999999999999
prefill,30,123,101,0,96,0,0.999999999999999
prefill,30,124,102,0,96,0,0.999999999999999
prefill,30,125,103,0,96,0,0.999999999999999
prefill,30,126,105,0,96,0,0.999999999999999
prefill,30,127,106,0,96,0,0.999999999999999
prefill,30,128,107,0,96,0,0.999999999999999
prefill,30,129,108,0,96,0,0.999999999999999
prefill,30,130,111,0,96,0,0.999999999999999
prefill,30,131,112,0,96,0,0.999999999999999
prefill,30,132,113,0,96,0,0.999999999999999
prefill,30,133,114,0,96,0,0.999999999999999
prefill,30,134,115,0,96,0,0.999999999999999
prefill,30,135,116,0,96,0,0.999999999999999
prefill,30,136,118,0,96,0,0.999999999999999
prefill,30,137,120,0,96,0,0.999999999999999
prefill,30,138,122,0,96,0,0.999999999999999
prefill,30,139,123,0,96,0,0.999999999999999
prefill,30,140,124,0,96,0,0.999999999999999
prefill,30,141,125,0,96,0,0.999999999999999
prefill,30,142,126,0,96,0,0.999999999999999
prefill,30,143,127,0,96,0,0.999999999999999
prefill,30,144,128,0,96,0,0.999999999999999
prefill,30,145,129,0,96,0,0.999999999999999
prefill,30,146,130,0,96,0,0.999999999999999
prefill,30,147,131,0,96,0,0.999999999999999
prefill,30,148,133,0,96,0,0.999999999999999
prefill,30,149,134,0,96,0,0.999999999999999
prefill,30,150,135,0,96,0,0.999999999999999
prefill,30,151,136,0,96,0,0.999999999999999
prefill,30,152,137,0,96,0,0.999999999999999
prefill,30,153,138,0,96,0,0.999999999999999
prefill,30,154,139,0,96,0,0.999999999999999
prefill,30,155,140,0,96,0,0.999999999999999
prefill,30,156,142,0,96,0,0.999999999999999
prefill,30,157,143,0,96,0,0.999999999999999
prefill,30,158,144,0,96,0,0.999999999999999
prefill,30,159,145,0,96,0,0.999999999999999
prefill,30,160,146,0,96,0,0.999999999999999
prefill,30,161,148,0,96,0,0.999999999999999
prefill,30,162,149,0,96,0,0.999999999999999
prefill,30,163,150,0,96,0,0.999999999999999
prefill,30,164,151,0,96,0,0.999999999999999
prefill,30,165,152,0,96,0,0.999999999999999
prefill,30,166,153,0,96,0,0.999999999999999
prefill,30,167,154,0,96,0,0.999999999999999
prefill,30,168,155,0,96,0,0.999999999999999
prefill,30,169,156,0,96,0,0.999999999999999
prefill,30,170,157,0,96,0,0.999999999999999
prefill,30,171,158,0,96,0,0.999999999999999
prefill,30,172,159,0,96,0,0.999999999999999
prefill,30,173,160,0,96,0,0.999999999999999
prefill,30,174,161,0,96,0,0.999999999999999
prefill,30,175,162,0,96,0,0.999999999999999
prefill,30,176,163,0,96,0,0.999999999999999
prefill,30,177,164,0,96,0,0.999999999999999
prefill,30,178,165,0,96,0,0.999999999999999
prefill,30,179,166,0,96,0,0.999999999999999
prefill,30,180,167,0,96,0,0.999999999999999
prefill,30,181,168,0,96,0,0.999999999999999
prefill,30,182,169,0,96,0,0.999999999999999
prefill,30,183,170,0,96,0,0.999999999999999
prefill,30,184,171,0,96,0,0.999999999999999
prefill,30,185,172,0,96,0,0.999999999999999
prefill,30,186,174,0,96,0,0.999999999999999
prefill,30,187,175,0,96,0,0.999999999999999
prefill,30,188,176,0,96,0,0.999999999999999
prefill,30,189,177,0,96,0,0.999999999999999
prefill,30,190,179,0,96,0,0.999999999999999
prefill,30,191,180,0,96,0,0.999999999999999
prefill,30,192,181,0,96,0,0.999999999999999
prefill,30,193,182,0,96,0,0.999999999999999
prefill,30,194,183,0,96,0,0.999999999999999
prefill,30,195,184,0,96,0,0.999999999999999
prefill,30,196,185,0,96,0,0.999999999999999
prefill,30,197,186,0,96,0,0.999999999999999
prefill,30,198,187,0,96,0,0.999999999999999
prefill,30,199,188,0,96,0,0.999999999999999
prefill,30,200,189,0,96,0,0.999999999999999
prefill,30,201,190,0,96,0,0.999999999999999
prefill,30,202,191,0,96,0,0.999999999999999
prefill,30,203,192,0,96,0,0.999999999999999
prefill,30,204,194,0,96,0,0.999999999999999
prefill,30,205,195,0,96,0,0.999999999999999
prefill,30,206,196,0,96,0,0.999999999999999
prefill,30,207,197,0,96,0,0.999999999999999
prefill,30,208,198,0,96,0,0.999999999999999
prefill,30,209,199,0,96,0,0.999999999999999
prefill,30,210,200,0,96,0,0.999999999999999
prefill,30,211,201,0,96,0,0.999999999999999
prefill,30,212,202,0,96,0,0.999999999999999
prefill,30,213,203,0,96,0,0.999999999999999
prefill,30,214,204,0,96,0,0.999999999999999
prefill,30,215,207,0,96,0,0.999999999999999
prefill,30,216,208,0,96,0,0.999999999999999
prefill,30,217,210,0,96,0,0.999999999999999
prefill,30,218,211,0,96,0,0.999999999999999
prefill,30,219,214,0,96,0,0.999999999999999
prefill,30,220,215,0,96,0,0.999999999999999
prefill,30,221,216,0,96,0,0.999999999999999
prefill,30,222,217,0,96,0,0.999999999999999
prefill,30,223,218,0,96,0,0.999999999999999
prefill,30,224,219,0,96,0,0.999999999999999
prefill,30,225,220,0,96,0,0.999999999999999
prefill,30,226,221,0,96,0,0.999999999999999
prefill,30,227,222,0,96,0,0.999999999999999
prefill,30,228,223,0,96,0,0.999999999999999
prefill,30,229,224,0,96,0,0.999999999999999
prefill,30,230,225,0,96,0,0.999999999999999
prefill,30,231,226,0,96,0,0.999999999999999
prefill,30,232,227,0,96,0,0.999999999999999
prefill,30,233,228,0,96,0,0.999999999999999
prefill,30,234,229,0,96,0,0.999999999999999
prefill,30,235,231,0,96,0,0.999999999999999
prefill,30,236,232,0,96,0,0.999999999999999
prefill,30,237,233,0,96,0,0.999999999999999
prefill,30,238,234,0,96,0,0.999999999999999
prefill,30,239,236,0,96,0,0.999999999999999
prefill,30,240,237,0,96,0,0.999999999999999
prefill,30,241,239,0,96,0,0.999999999999999
prefill,30,242,240,0,96,0,0.999999999999999
prefill,30,243,241,0,96,0,0.999999999999999
prefill,30,244,242,0,96,0,0.999999999999999
prefill,30,245,243,0,96,0,0.999999999999999
prefill,30,246,244,0,96,0,0.999999999999999
prefill,30,247,245,0,96,0,0.999999999999999
prefill,30,248,247,0,96,0,0.999999999999999
prefill,30,249,248,0,96,0,0.999999999999999
prefill,30,250,249,0,96,0,0.999999999999999
prefill,30,251,250,0,96,0,0.999999999999999
prefill,30,252,251,0,96,0,0.999999999999999
prefill,30,253,252,0,96,0,0.999999999999999
prefill,30,254,253,0,96,0,0.999999999999999
prefill,30,255,254,0,96,0,0.999999999999999
prefill,30,256,255,0,96,0,0.999999999999999
prefill,31,1,45,11,96,0.114583333333333,0.114583333333333
prefill,31,2,125,10,96,0.104166666666667,0.21875
prefill,31,3,170,10,96,0.104166666666667,0.322916666666667
prefill,31,4,130,7,96,0.0729166666666667,0.395833333333333
prefill,31,5,237,5,96,0.0520833333333333,0.447916666666667
prefill,31,6,18,4,96,0.0416666666666667,0.489583333333333
prefill,31,7,65,4,96,0.0416666666666667,0.53125
prefill,31,8,117,3,96,0.03125,0.5625
prefill,31,9,234,3,96,0.03125,0.59375
prefill,31,10,53,2,96,0.0208333333333333,0.614583333333333
prefill,31,11,67,2,96,0.0208333333333333,0.635416666666667
prefill,31,12,113,2,96,0.0208333333333333,0.65625
prefill,31,13,123,2,96,0.0208333333333333,0.677083333333333
prefill,31,14,197,2,96,0.0208333333333333,0.697916666666667
prefill,31,15,15,1,96,0.0104166666666667,0.708333333333333
prefill,31,16,25,1,96,0.0104166666666667,0.71875
prefill,31,17,30,1,96,0.0104166666666667,0.729166666666667
prefill,31,18,33,1,96,0.0104166666666667,0.739583333333333
prefill,31,19,49,1,96,0.0104166666666667,0.75
prefill,31,20,52,1,96,0.0104166666666667,0.760416666666667
prefill,31,21,58,1,96,0.0104166666666667,0.770833333333333
prefill,31,22,82,1,96,0.0104166666666667,0.78125
prefill,31,23,89,1,96,0.0104166666666667,0.791666666666667
prefill,31,24,92,1,96,0.0104166666666667,0.802083333333333
prefill,31,25,105,1,96,0.0104166666666667,0.8125
prefill,31,26,107,1,96,0.0104166666666667,0.822916666666666
prefill,31,27,109,1,96,0.0104166666666667,0.833333333333333
prefill,31,28,115,1,96,0.0104166666666667,0.84375
prefill,31,29,118,1,96,0.0104166666666667,0.854166666666666
prefill,31,30,121,1,96,0.0104166666666667,0.864583333333333
prefill,31,31,134,1,96,0.0104166666666667,0.875
prefill,31,32,165,1,96,0.0104166666666667,0.885416666666666
prefill,31,33,166,1,96,0.0104166666666667,0.895833333333333
prefill,31,34,180,1,96,0.0104166666666667,0.906249999999999
prefill,31,35,182,1,96,0.0104166666666667,0.916666666666666
prefill,31,36,198,1,96,0.0104166666666667,0.927083333333333
prefill,31,37,207,1,96,0.0104166666666667,0.937499999999999
prefill,31,38,212,1,96,0.0104166666666667,0.947916666666666
prefill,31,39,223,1,96,0.0104166666666667,0.958333333333333
prefill,31,40,240,1,96,0.0104166666666667,0.968749999999999
prefill,31,41,241,1,96,0.0104166666666667,0.979166666666666
prefill,31,42,242,1,96,0.0104166666666667,0.989583333333332
prefill,31,43,248,1,96,0.0104166666666667,0.999999999999999
prefill,31,44,0,0,96,0,0.999999999999999
prefill,31,45,1,0,96,0,0.999999999999999
prefill,31,46,2,0,96,0,0.999999999999999
prefill,31,47,3,0,96,0,0.999999999999999
prefill,31,48,4,0,96,0,0.999999999999999
prefill,31,49,5,0,96,0,0.999999999999999
prefill,31,50,6,0,96,0,0.999999999999999
prefill,31,51,7,0,96,0,0.999999999999999
prefill,31,52,8,0,96,0,0.999999999999999
prefill,31,53,9,0,96,0,0.999999999999999
prefill,31,54,10,0,96,0,0.999999999999999
prefill,31,55,11,0,96,0,0.999999999999999
prefill,31,56,12,0,96,0,0.999999999999999
prefill,31,57,13,0,96,0,0.999999999999999
prefill,31,58,14,0,96,0,0.999999999999999
prefill,31,59,16,0,96,0,0.999999999999999
prefill,31,60,17,0,96,0,0.999999999999999
prefill,31,61,19,0,96,0,0.999999999999999
prefill,31,62,20,0,96,0,0.999999999999999
prefill,31,63,21,0,96,0,0.999999999999999
prefill,31,64,22,0,96,0,0.999999999999999
prefill,31,65,23,0,96,0,0.999999999999999
prefill,31,66,24,0,96,0,0.999999999999999
prefill,31,67,26,0,96,0,0.999999999999999
prefill,31,68,27,0,96,0,0.999999999999999
prefill,31,69,28,0,96,0,0.999999999999999
prefill,31,70,29,0,96,0,0.999999999999999
prefill,31,71,31,0,96,0,0.999999999999999
prefill,31,72,32,0,96,0,0.999999999999999
prefill,31,73,34,0,96,0,0.999999999999999
prefill,31,74,35,0,96,0,0.999999999999999
prefill,31,75,36,0,96,0,0.999999999999999
prefill,31,76,37,0,96,0,0.999999999999999
prefill,31,77,38,0,96,0,0.999999999999999
prefill,31,78,39,0,96,0,0.999999999999999
prefill,31,79,40,0,96,0,0.999999999999999
prefill,31,80,41,0,96,0,0.999999999999999
prefill,31,81,42,0,96,0,0.999999999999999
prefill,31,82,43,0,96,0,0.999999999999999
prefill,31,83,44,0,96,0,0.999999999999999
prefill,31,84,46,0,96,0,0.999999999999999
prefill,31,85,47,0,96,0,0.999999999999999
prefill,31,86,48,0,96,0,0.999999999999999
prefill,31,87,50,0,96,0,0.999999999999999
prefill,31,88,51,0,96,0,0.999999999999999
prefill,31,89,54,0,96,0,0.999999999999999
prefill,31,90,55,0,96,0,0.999999999999999
prefill,31,91,56,0,96,0,0.999999999999999
prefill,31,92,57,0,96,0,0.999999999999999
prefill,31,93,59,0,96,0,0.999999999999999
prefill,31,94,60,0,96,0,0.999999999999999
prefill,31,95,61,0,96,0,0.999999999999999
prefill,31,96,62,0,96,0,0.999999999999999
prefill,31,97,63,0,96,0,0.999999999999999
prefill,31,98,64,0,96,0,0.999999999999999
prefill,31,99,66,0,96,0,0.999999999999999
prefill,31,100,68,0,96,0,0.999999999999999
prefill,31,101,69,0,96,0,0.999999999999999
prefill,31,102,70,0,96,0,0.999999999999999
prefill,31,103,71,0,96,0,0.999999999999999
prefill,31,104,72,0,96,0,0.999999999999999
prefill,31,105,73,0,96,0,0.999999999999999
prefill,31,106,74,0,96,0,0.999999999999999
prefill,31,107,75,0,96,0,0.999999999999999
prefill,31,108,76,0,96,0,0.999999999999999
prefill,31,109,77,0,96,0,0.999999999999999
prefill,31,110,78,0,96,0,0.999999999999999
prefill,31,111,79,0,96,0,0.999999999999999
prefill,31,112,80,0,96,0,0.999999999999999
prefill,31,113,81,0,96,0,0.999999999999999
prefill,31,114,83,0,96,0,0.999999999999999
prefill,31,115,84,0,96,0,0.999999999999999
prefill,31,116,85,0,96,0,0.999999999999999
prefill,31,117,86,0,96,0,0.999999999999999
prefill,31,118,87,0,96,0,0.999999999999999
prefill,31,119,88,0,96,0,0.999999999999999
prefill,31,120,90,0,96,0,0.999999999999999
prefill,31,121,91,0,96,0,0.999999999999999
prefill,31,122,93,0,96,0,0.999999999999999
prefill,31,123,94,0,96,0,0.999999999999999
prefill,31,124,95,0,96,0,0.999999999999999
prefill,31,125,96,0,96,0,0.999999999999999
prefill,31,126,97,0,96,0,0.999999999999999
prefill,31,127,98,0,96,0,0.999999999999999
prefill,31,128,99,0,96,0,0.999999999999999
prefill,31,129,100,0,96,0,0.999999999999999
prefill,31,130,101,0,96,0,0.999999999999999
prefill,31,131,102,0,96,0,0.999999999999999
prefill,31,132,103,0,96,0,0.999999999999999
prefill,31,133,104,0,96,0,0.999999999999999
prefill,31,134,106,0,96,0,0.999999999999999
prefill,31,135,108,0,96,0,0.999999999999999
prefill,31,136,110,0,96,0,0.999999999999999
prefill,31,137,111,0,96,0,0.999999999999999
prefill,31,138,112,0,96,0,0.999999999999999
prefill,31,139,114,0,96,0,0.999999999999999
prefill,31,140,116,0,96,0,0.999999999999999
prefill,31,141,119,0,96,0,0.999999999999999
prefill,31,142,120,0,96,0,0.999999999999999
prefill,31,143,122,0,96,0,0.999999999999999
prefill,31,144,124,0,96,0,0.999999999999999
prefill,31,145,126,0,96,0,0.999999999999999
prefill,31,146,127,0,96,0,0.999999999999999
prefill,31,147,128,0,96,0,0.999999999999999
prefill,31,148,129,0,96,0,0.999999999999999
prefill,31,149,131,0,96,0,0.999999999999999
prefill,31,150,132,0,96,0,0.999999999999999
prefill,31,151,133,0,96,0,0.999999999999999
prefill,31,152,135,0,96,0,0.999999999999999
prefill,31,153,136,0,96,0,0.999999999999999
prefill,31,154,137,0,96,0,0.999999999999999
prefill,31,155,138,0,96,0,0.999999999999999
prefill,31,156,139,0,96,0,0.999999999999999
prefill,31,157,140,0,96,0,0.999999999999999
prefill,31,158,141,0,96,0,0.999999999999999
prefill,31,159,142,0,96,0,0.999999999999999
prefill,31,160,143,0,96,0,0.999999999999999
prefill,31,161,144,0,96,0,0.999999999999999
prefill,31,162,145,0,96,0,0.999999999999999
prefill,31,163,146,0,96,0,0.999999999999999
prefill,31,164,147,0,96,0,0.999999999999999
prefill,31,165,148,0,96,0,0.999999999999999
prefill,31,166,149,0,96,0,0.999999999999999
prefill,31,167,150,0,96,0,0.999999999999999
prefill,31,168,151,0,96,0,0.999999999999999
prefill,31,169,152,0,96,0,0.999999999999999
prefill,31,170,153,0,96,0,0.999999999999999
prefill,31,171,154,0,96,0,0.999999999999999
prefill,31,172,155,0,96,0,0.999999999999999
prefill,31,173,156,0,96,0,0.999999999999999
prefill,31,174,157,0,96,0,0.999999999999999
prefill,31,175,158,0,96,0,0.999999999999999
prefill,31,176,159,0,96,0,0.999999999999999
prefill,31,177,160,0,96,0,0.999999999999999
prefill,31,178,161,0,96,0,0.999999999999999
prefill,31,179,162,0,96,0,0.999999999999999
prefill,31,180,163,0,96,0,0.999999999999999
prefill,31,181,164,0,96,0,0.999999999999999
prefill,31,182,167,0,96,0,0.999999999999999
prefill,31,183,168,0,96,0,0.999999999999999
prefill,31,184,169,0,96,0,0.999999999999999
prefill,31,185,171,0,96,0,0.999999999999999
prefill,31,186,172,0,96,0,0.999999999999999
prefill,31,187,173,0,96,0,0.999999999999999
prefill,31,188,174,0,96,0,0.999999999999999
prefill,31,189,175,0,96,0,0.999999999999999
prefill,31,190,176,0,96,0,0.999999999999999
prefill,31,191,177,0,96,0,0.999999999999999
prefill,31,192,178,0,96,0,0.999999999999999
prefill,31,193,179,0,96,0,0.999999999999999
prefill,31,194,181,0,96,0,0.999999999999999
prefill,31,195,183,0,96,0,0.999999999999999
prefill,31,196,184,0,96,0,0.999999999999999
prefill,31,197,185,0,96,0,0.999999999999999
prefill,31,198,186,0,96,0,0.999999999999999
prefill,31,199,187,0,96,0,0.999999999999999
prefill,31,200,188,0,96,0,0.999999999999999
prefill,31,201,189,0,96,0,0.999999999999999
prefill,31,202,190,0,96,0,0.999999999999999
prefill,31,203,191,0,96,0,0.999999999999999
prefill,31,204,192,0,96,0,0.999999999999999
prefill,31,205,193,0,96,0,0.999999999999999
prefill,31,206,194,0,96,0,0.999999999999999
prefill,31,207,195,0,96,0,0.999999999999999
prefill,31,208,196,0,96,0,0.999999999999999
prefill,31,209,199,0,96,0,0.999999999999999
prefill,31,210,200,0,96,0,0.999999999999999
prefill,31,211,201,0,96,0,0.999999999999999
prefill,31,212,202,0,96,0,0.999999999999999
prefill,31,213,203,0,96,0,0.999999999999999
prefill,31,214,204,0,96,0,0.999999999999999
prefill,31,215,205,0,96,0,0.999999999999999
prefill,31,216,206,0,96,0,0.999999999999999
prefill,31,217,208,0,96,0,0.999999999999999
prefill,31,218,209,0,96,0,0.999999999999999
prefill,31,219,210,0,96,0,0.999999999999999
prefill,31,220,211,0,96,0,0.999999999999999
prefill,31,221,213,0,96,0,0.999999999999999
prefill,31,222,214,0,96,0,0.999999999999999
prefill,31,223,215,0,96,0,0.999999999999999
prefill,31,224,216,0,96,0,0.999999999999999
prefill,31,225,217,0,96,0,0.999999999999999
prefill,31,226,218,0,96,0,0.999999999999999
prefill,31,227,219,0,96,0,0.999999999999999
prefill,31,228,220,0,96,0,0.999999999999999
prefill,31,229,221,0,96,0,0.999999999999999
prefill,31,230,222,0,96,0,0.999999999999999
prefill,31,231,224,0,96,0,0.999999999999999
prefill,31,232,225,0,96,0,0.999999999999999
prefill,31,233,226,0,96,0,0.999999999999999
prefill,31,234,227,0,96,0,0.999999999999999
prefill,31,235,228,0,96,0,0.999999999999999
prefill,31,236,229,0,96,0,0.999999999999999
prefill,31,237,230,0,96,0,0.999999999999999
prefill,31,238,231,0,96,0,0.999999999999999
prefill,31,239,232,0,96,0,0.999999999999999
prefill,31,240,233,0,96,0,0.999999999999999
prefill,31,241,235,0,96,0,0.999999999999999
prefill,31,242,236,0,96,0,0.999999999999999
prefill,31,243,238,0,96,0,0.999999999999999
prefill,31,244,239,0,96,0,0.999999999999999
prefill,31,245,243,0,96,0,0.999999999999999
prefill,31,246,244,0,96,0,0.999999999999999
prefill,31,247,245,0,96,0,0.999999999999999
prefill,31,248,246,0,96,0,0.999999999999999
prefill,31,249,247,0,96,0,0.999999999999999
prefill,31,250,249,0,96,0,0.999999999999999
prefill,31,251,250,0,96,0,0.999999999999999
prefill,31,252,251,0,96,0,0.999999999999999
prefill,31,253,252,0,96,0,0.999999999999999
prefill,31,254,253,0,96,0,0.999999999999999
prefill,31,255,254,0,96,0,0.999999999999999
prefill,31,256,255,0,96,0,0.999999999999999
prefill,32,1,17,14,96,0.145833333333333,0.145833333333333
prefill,32,2,136,13,96,0.135416666666667,0.28125
prefill,32,3,193,13,96,0.135416666666667,0.416666666666667
prefill,32,4,107,9,96,0.09375,0.510416666666667
prefill,32,5,167,5,96,0.0520833333333333,0.5625
prefill,32,6,175,5,96,0.0520833333333333,0.614583333333333
prefill,32,7,228,4,96,0.0416666666666667,0.65625
prefill,32,8,58,3,96,0.03125,0.6875
prefill,32,9,186,3,96,0.03125,0.71875
prefill,32,10,227,3,96,0.03125,0.75
prefill,32,11,32,2,96,0.0208333333333333,0.770833333333333
prefill,32,12,40,2,96,0.0208333333333333,0.791666666666667
prefill,32,13,102,2,96,0.0208333333333333,0.8125
prefill,32,14,4,1,96,0.0104166666666667,0.822916666666667
prefill,32,15,8,1,96,0.0104166666666667,0.833333333333333
prefill,32,16,19,1,96,0.0104166666666667,0.84375
prefill,32,17,90,1,96,0.0104166666666667,0.854166666666667
prefill,32,18,94,1,96,0.0104166666666667,0.864583333333333
prefill,32,19,95,1,96,0.0104166666666667,0.875
prefill,32,20,117,1,96,0.0104166666666667,0.885416666666667
prefill,32,21,131,1,96,0.0104166666666667,0.895833333333333
prefill,32,22,147,1,96,0.0104166666666667,0.90625
prefill,32,23,150,1,96,0.0104166666666667,0.916666666666666
prefill,32,24,159,1,96,0.0104166666666667,0.927083333333333
prefill,32,25,205,1,96,0.0104166666666667,0.9375
prefill,32,26,216,1,96,0.0104166666666667,0.947916666666666
prefill,32,27,229,1,96,0.0104166666666667,0.958333333333333
prefill,32,28,236,1,96,0.0104166666666667,0.96875
prefill,32,29,239,1,96,0.0104166666666667,0.979166666666666
prefill,32,30,243,1,96,0.0104166666666667,0.989583333333333
prefill,32,31,247,1,96,0.0104166666666667,0.999999999999999
prefill,32,32,0,0,96,0,0.999999999999999
prefill,32,33,1,0,96,0,0.999999999999999
prefill,32,34,2,0,96,0,0.999999999999999
prefill,32,35,3,0,96,0,0.999999999999999
prefill,32,36,5,0,96,0,0.999999999999999
prefill,32,37,6,0,96,0,0.999999999999999
prefill,32,38,7,0,96,0,0.999999999999999
prefill,32,39,9,0,96,0,0.999999999999999
prefill,32,40,10,0,96,0,0.999999999999999
prefill,32,41,11,0,96,0,0.999999999999999
prefill,32,42,12,0,96,0,0.999999999999999
prefill,32,43,13,0,96,0,0.999999999999999
prefill,32,44,14,0,96,0,0.999999999999999
prefill,32,45,15,0,96,0,0.999999999999999
prefill,32,46,16,0,96,0,0.999999999999999
prefill,32,47,18,0,96,0,0.999999999999999
prefill,32,48,20,0,96,0,0.999999999999999
prefill,32,49,21,0,96,0,0.999999999999999
prefill,32,50,22,0,96,0,0.999999999999999
prefill,32,51,23,0,96,0,0.999999999999999
prefill,32,52,24,0,96,0,0.999999999999999
prefill,32,53,25,0,96,0,0.999999999999999
prefill,32,54,26,0,96,0,0.999999999999999
prefill,32,55,27,0,96,0,0.999999999999999
prefill,32,56,28,0,96,0,0.999999999999999
prefill,32,57,29,0,96,0,0.999999999999999
prefill,32,58,30,0,96,0,0.999999999999999
prefill,32,59,31,0,96,0,0.999999999999999
prefill,32,60,33,0,96,0,0.999999999999999
prefill,32,61,34,0,96,0,0.999999999999999
prefill,32,62,35,0,96,0,0.999999999999999
prefill,32,63,36,0,96,0,0.999999999999999
prefill,32,64,37,0,96,0,0.999999999999999
prefill,32,65,38,0,96,0,0.999999999999999
prefill,32,66,39,0,96,0,0.999999999999999
prefill,32,67,41,0,96,0,0.999999999999999
prefill,32,68,42,0,96,0,0.999999999999999
prefill,32,69,43,0,96,0,0.999999999999999
prefill,32,70,44,0,96,0,0.999999999999999
prefill,32,71,45,0,96,0,0.999999999999999
prefill,32,72,46,0,96,0,0.999999999999999
prefill,32,73,47,0,96,0,0.999999999999999
prefill,32,74,48,0,96,0,0.999999999999999
prefill,32,75,49,0,96,0,0.999999999999999
prefill,32,76,50,0,96,0,0.999999999999999
prefill,32,77,51,0,96,0,0.999999999999999
prefill,32,78,52,0,96,0,0.999999999999999
prefill,32,79,53,0,96,0,0.999999999999999
prefill,32,80,54,0,96,0,0.999999999999999
prefill,32,81,55,0,96,0,0.999999999999999
prefill,32,82,56,0,96,0,0.999999999999999
prefill,32,83,57,0,96,0,0.999999999999999
prefill,32,84,59,0,96,0,0.999999999999999
prefill,32,85,60,0,96,0,0.999999999999999
prefill,32,86,61,0,96,0,0.999999999999999
prefill,32,87,62,0,96,0,0.999999999999999
prefill,32,88,63,0,96,0,0.999999999999999
prefill,32,89,64,0,96,0,0.999999999999999
prefill,32,90,65,0,96,0,0.999999999999999
prefill,32,91,66,0,96,0,0.999999999999999
prefill,32,92,67,0,96,0,0.999999999999999
prefill,32,93,68,0,96,0,0.999999999999999
prefill,32,94,69,0,96,0,0.999999999999999
prefill,32,95,70,0,96,0,0.999999999999999
prefill,32,96,71,0,96,0,0.999999999999999
prefill,32,97,72,0,96,0,0.999999999999999
prefill,32,98,73,0,96,0,0.999999999999999
prefill,32,99,74,0,96,0,0.999999999999999
prefill,32,100,75,0,96,0,0.999999999999999
prefill,32,101,76,0,96,0,0.999999999999999
prefill,32,102,77,0,96,0,0.999999999999999
prefill,32,103,78,0,96,0,0.999999999999999
prefill,32,104,79,0,96,0,0.999999999999999
prefill,32,105,80,0,96,0,0.999999999999999
prefill,32,106,81,0,96,0,0.999999999999999
prefill,32,107,82,0,96,0,0.999999999999999
prefill,32,108,83,0,96,0,0.999999999999999
prefill,32,109,84,0,96,0,0.999999999999999
prefill,32,110,85,0,96,0,0.999999999999999
prefill,32,111,86,0,96,0,0.999999999999999
prefill,32,112,87,0,96,0,0.999999999999999
prefill,32,113,88,0,96,0,0.999999999999999
prefill,32,114,89,0,96,0,0.999999999999999
prefill,32,115,91,0,96,0,0.999999999999999
prefill,32,116,92,0,96,0,0.999999999999999
prefill,32,117,93,0,96,0,0.999999999999999
prefill,32,118,96,0,96,0,0.999999999999999
prefill,32,119,97,0,96,0,0.999999999999999
prefill,32,120,98,0,96,0,0.999999999999999
prefill,32,121,99,0,96,0,0.999999999999999
prefill,32,122,100,0,96,0,0.999999999999999
prefill,32,123,101,0,96,0,0.999999999999999
prefill,32,124,103,0,96,0,0.999999999999999
prefill,32,125,104,0,96,0,0.999999999999999
prefill,32,126,105,0,96,0,0.999999999999999
prefill,32,127,106,0,96,0,0.999999999999999
prefill,32,128,108,0,96,0,0.999999999999999
prefill,32,129,109,0,96,0,0.999999999999999
prefill,32,130,110,0,96,0,0.999999999999999
prefill,32,131,111,0,96,0,0.999999999999999
prefill,32,132,112,0,96,0,0.999999999999999
prefill,32,133,113,0,96,0,0.999999999999999
prefill,32,134,114,0,96,0,0.999999999999999
prefill,32,135,115,0,96,0,0.999999999999999
prefill,32,136,116,0,96,0,0.999999999999999
prefill,32,137,118,0,96,0,0.999999999999999
prefill,32,138,119,0,96,0,0.999999999999999
prefill,32,139,120,0,96,0,0.999999999999999
prefill,32,140,121,0,96,0,0.999999999999999
prefill,32,141,122,0,96,0,0.999999999999999
prefill,32,142,123,0,96,0,0.999999999999999
prefill,32,143,124,0,96,0,0.999999999999999
prefill,32,144,125,0,96,0,0.999999999999999
prefill,32,145,126,0,96,0,0.999999999999999
prefill,32,146,127,0,96,0,0.999999999999999
prefill,32,147,128,0,96,0,0.999999999999999
prefill,32,148,129,0,96,0,0.999999999999999
prefill,32,149,130,0,96,0,0.999999999999999
prefill,32,150,132,0,96,0,0.999999999999999
prefill,32,151,133,0,96,0,0.999999999999999
prefill,32,152,134,0,96,0,0.999999999999999
prefill,32,153,135,0,96,0,0.999999999999999
prefill,32,154,137,0,96,0,0.999999999999999
prefill,32,155,138,0,96,0,0.999999999999999
prefill,32,156,139,0,96,0,0.999999999999999
prefill,32,157,140,0,96,0,0.999999999999999
prefill,32,158,141,0,96,0,0.999999999999999
prefill,32,159,142,0,96,0,0.999999999999999
prefill,32,160,143,0,96,0,0.999999999999999
prefill,32,161,144,0,96,0,0.999999999999999
prefill,32,162,145,0,96,0,0.999999999999999
prefill,32,163,146,0,96,0,0.999999999999999
prefill,32,164,148,0,96,0,0.999999999999999
prefill,32,165,149,0,96,0,0.999999999999999
prefill,32,166,151,0,96,0,0.999999999999999
prefill,32,167,152,0,96,0,0.999999999999999
prefill,32,168,153,0,96,0,0.999999999999999
prefill,32,169,154,0,96,0,0.999999999999999
prefill,32,170,155,0,96,0,0.999999999999999
prefill,32,171,156,0,96,0,0.999999999999999
prefill,32,172,157,0,96,0,0.999999999999999
prefill,32,173,158,0,96,0,0.999999999999999
prefill,32,174,160,0,96,0,0.999999999999999
prefill,32,175,161,0,96,0,0.999999999999999
prefill,32,176,162,0,96,0,0.999999999999999
prefill,32,177,163,0,96,0,0.999999999999999
prefill,32,178,164,0,96,0,0.999999999999999
prefill,32,179,165,0,96,0,0.999999999999999
prefill,32,180,166,0,96,0,0.999999999999999
prefill,32,181,168,0,96,0,0.999999999999999
prefill,32,182,169,0,96,0,0.999999999999999
prefill,32,183,170,0,96,0,0.999999999999999
prefill,32,184,171,0,96,0,0.999999999999999
prefill,32,185,172,0,96,0,0.999999999999999
prefill,32,186,173,0,96,0,0.999999999999999
prefill,32,187,174,0,96,0,0.999999999999999
prefill,32,188,176,0,96,0,0.999999999999999
prefill,32,189,177,0,96,0,0.999999999999999
prefill,32,190,178,0,96,0,0.999999999999999
prefill,32,191,179,0,96,0,0.999999999999999
prefill,32,192,180,0,96,0,0.999999999999999
prefill,32,193,181,0,96,0,0.999999999999999
prefill,32,194,182,0,96,0,0.999999999999999
prefill,32,195,183,0,96,0,0.999999999999999
prefill,32,196,184,0,96,0,0.999999999999999
prefill,32,197,185,0,96,0,0.999999999999999
prefill,32,198,187,0,96,0,0.999999999999999
prefill,32,199,188,0,96,0,0.999999999999999
prefill,32,200,189,0,96,0,0.999999999999999
prefill,32,201,190,0,96,0,0.999999999999999
prefill,32,202,191,0,96,0,0.999999999999999
prefill,32,203,192,0,96,0,0.999999999999999
prefill,32,204,194,0,96,0,0.999999999999999
prefill,32,205,195,0,96,0,0.999999999999999
prefill,32,206,196,0,96,0,0.999999999999999
prefill,32,207,197,0,96,0,0.999999999999999
prefill,32,208,198,0,96,0,0.999999999999999
prefill,32,209,199,0,96,0,0.999999999999999
prefill,32,210,200,0,96,0,0.999999999999999
prefill,32,211,201,0,96,0,0.999999999999999
prefill,32,212,202,0,96,0,0.999999999999999
prefill,32,213,203,0,96,0,0.999999999999999
prefill,32,214,204,0,96,0,0.999999999999999
prefill,32,215,206,0,96,0,0.999999999999999
prefill,32,216,207,0,96,0,0.999999999999999
prefill,32,217,208,0,96,0,0.999999999999999
prefill,32,218,209,0,96,0,0.999999999999999
prefill,32,219,210,0,96,0,0.999999999999999
prefill,32,220,211,0,96,0,0.999999999999999
prefill,32,221,212,0,96,0,0.999999999999999
prefill,32,222,213,0,96,0,0.999999999999999
prefill,32,223,214,0,96,0,0.999999999999999
prefill,32,224,215,0,96,0,0.999999999999999
prefill,32,225,217,0,96,0,0.999999999999999
prefill,32,226,218,0,96,0,0.999999999999999
prefill,32,227,219,0,96,0,0.999999999999999
prefill,32,228,220,0,96,0,0.999999999999999
prefill,32,229,221,0,96,0,0.999999999999999
prefill,32,230,222,0,96,0,0.999999999999999
prefill,32,231,223,0,96,0,0.999999999999999
prefill,32,232,224,0,96,0,0.999999999999999
prefill,32,233,225,0,96,0,0.999999999999999
prefill,32,234,226,0,96,0,0.999999999999999
prefill,32,235,230,0,96,0,0.999999999999999
prefill,32,236,231,0,96,0,0.999999999999999
prefill,32,237,232,0,96,0,0.999999999999999
prefill,32,238,233,0,96,0,0.999999999999999
prefill,32,239,234,0,96,0,0.999999999999999
prefill,32,240,235,0,96,0,0.999999999999999
prefill,32,241,237,0,96,0,0.999999999999999
prefill,32,242,238,0,96,0,0.999999999999999
prefill,32,243,240,0,96,0,0.999999999999999
prefill,32,244,241,0,96,0,0.999999999999999
prefill,32,245,242,0,96,0,0.999999999999999
prefill,32,246,244,0,96,0,0.999999999999999
prefill,32,247,245,0,96,0,0.999999999999999
prefill,32,248,246,0,96,0,0.999999999999999
prefill,32,249,248,0,96,0,0.999999999999999
prefill,32,250,249,0,96,0,0.999999999999999
prefill,32,251,250,0,96,0,0.999999999999999
prefill,32,252,251,0,96,0,0.999999999999999
prefill,32,253,252,0,96,0,0.999999999999999
prefill,32,254,253,0,96,0,0.999999999999999
prefill,32,255,254,0,96,0,0.999999999999999
prefill,32,256,255,0,96,0,0.999999999999999
prefill,33,1,4,14,96,0.145833333333333,0.145833333333333
prefill,33,2,147,13,96,0.135416666666667,0.28125
prefill,33,3,35,9,96,0.09375,0.375
prefill,33,4,181,7,96,0.0729166666666667,0.447916666666667
prefill,33,5,41,6,96,0.0625,0.510416666666667
prefill,33,6,158,5,96,0.0520833333333333,0.5625
prefill,33,7,25,3,96,0.03125,0.59375
prefill,33,8,30,2,96,0.0208333333333333,0.614583333333333
prefill,33,9,38,2,96,0.0208333333333333,0.635416666666667
prefill,33,10,58,2,96,0.0208333333333333,0.65625
prefill,33,11,205,2,96,0.0208333333333333,0.677083333333334
prefill,33,12,207,2,96,0.0208333333333333,0.697916666666667
prefill,33,13,15,1,96,0.0104166666666667,0.708333333333334
prefill,33,14,18,1,96,0.0104166666666667,0.71875
prefill,33,15,19,1,96,0.0104166666666667,0.729166666666667
prefill,33,16,40,1,96,0.0104166666666667,0.739583333333333
prefill,33,17,44,1,96,0.0104166666666667,0.75
prefill,33,18,50,1,96,0.0104166666666667,0.760416666666667
prefill,33,19,65,1,96,0.0104166666666667,0.770833333333333
prefill,33,20,78,1,96,0.0104166666666667,0.78125
prefill,33,21,89,1,96,0.0104166666666667,0.791666666666667
prefill,33,22,98,1,96,0.0104166666666667,0.802083333333333
prefill,33,23,102,1,96,0.0104166666666667,0.8125
prefill,33,24,109,1,96,0.0104166666666667,0.822916666666667
prefill,33,25,114,1,96,0.0104166666666667,0.833333333333333
prefill,33,26,116,1,96,0.0104166666666667,0.84375
prefill,33,27,118,1,96,0.0104166666666667,0.854166666666666
prefill,33,28,127,1,96,0.0104166666666667,0.864583333333333
prefill,33,29,136,1,96,0.0104166666666667,0.875
prefill,33,30,168,1,96,0.0104166666666667,0.885416666666666
prefill,33,31,172,1,96,0.0104166666666667,0.895833333333333
prefill,33,32,185,1,96,0.0104166666666667,0.90625
prefill,33,33,200,1,96,0.0104166666666667,0.916666666666666
prefill,33,34,203,1,96,0.0104166666666667,0.927083333333333
prefill,33,35,216,1,96,0.0104166666666667,0.937499999999999
prefill,33,36,221,1,96,0.0104166666666667,0.947916666666666
prefill,33,37,223,1,96,0.0104166666666667,0.958333333333333
prefill,33,38,228,1,96,0.0104166666666667,0.968749999999999
prefill,33,39,245,1,96,0.0104166666666667,0.979166666666666
prefill,33,40,249,1,96,0.0104166666666667,0.989583333333333
prefill,33,41,255,1,96,0.0104166666666667,0.999999999999999
prefill,33,42,0,0,96,0,0.999999999999999
prefill,33,43,1,0,96,0,0.999999999999999
prefill,33,44,2,0,96,0,0.999999999999999
prefill,33,45,3,0,96,0,0.999999999999999
prefill,33,46,5,0,96,0,0.999999999999999
prefill,33,47,6,0,96,0,0.999999999999999
prefill,33,48,7,0,96,0,0.999999999999999
prefill,33,49,8,0,96,0,0.999999999999999
prefill,33,50,9,0,96,0,0.999999999999999
prefill,33,51,10,0,96,0,0.999999999999999
prefill,33,52,11,0,96,0,0.999999999999999
prefill,33,53,12,0,96,0,0.999999999999999
prefill,33,54,13,0,96,0,0.999999999999999
prefill,33,55,14,0,96,0,0.999999999999999
prefill,33,56,16,0,96,0,0.999999999999999
prefill,33,57,17,0,96,0,0.999999999999999
prefill,33,58,20,0,96,0,0.999999999999999
prefill,33,59,21,0,96,0,0.999999999999999
prefill,33,60,22,0,96,0,0.999999999999999
prefill,33,61,23,0,96,0,0.999999999999999
prefill,33,62,24,0,96,0,0.999999999999999
prefill,33,63,26,0,96,0,0.999999999999999
prefill,33,64,27,0,96,0,0.999999999999999
prefill,33,65,28,0,96,0,0.999999999999999
prefill,33,66,29,0,96,0,0.999999999999999
prefill,33,67,31,0,96,0,0.999999999999999
prefill,33,68,32,0,96,0,0.999999999999999
prefill,33,69,33,0,96,0,0.999999999999999
prefill,33,70,34,0,96,0,0.999999999999999
prefill,33,71,36,0,96,0,0.999999999999999
prefill,33,72,37,0,96,0,0.999999999999999
prefill,33,73,39,0,96,0,0.999999999999999
prefill,33,74,42,0,96,0,0.999999999999999
prefill,33,75,43,0,96,0,0.999999999999999
prefill,33,76,45,0,96,0,0.999999999999999
prefill,33,77,46,0,96,0,0.999999999999999
prefill,33,78,47,0,96,0,0.999999999999999
prefill,33,79,48,0,96,0,0.999999999999999
prefill,33,80,49,0,96,0,0.999999999999999
prefill,33,81,51,0,96,0,0.999999999999999
prefill,33,82,52,0,96,0,0.999999999999999
prefill,33,83,53,0,96,0,0.999999999999999
prefill,33,84,54,0,96,0,0.999999999999999
prefill,33,85,55,0,96,0,0.999999999999999
prefill,33,86,56,0,96,0,0.999999999999999
prefill,33,87,57,0,96,0,0.999999999999999
prefill,33,88,59,0,96,0,0.999999999999999
prefill,33,89,60,0,96,0,0.999999999999999
prefill,33,90,61,0,96,0,0.999999999999999
prefill,33,91,62,0,96,0,0.999999999999999
prefill,33,92,63,0,96,0,0.999999999999999
prefill,33,93,64,0,96,0,0.999999999999999
prefill,33,94,66,0,96,0,0.999999999999999
prefill,33,95,67,0,96,0,0.999999999999999
prefill,33,96,68,0,96,0,0.999999999999999
prefill,33,97,69,0,96,0,0.999999999999999
prefill,33,98,70,0,96,0,0.999999999999999
prefill,33,99,71,0,96,0,0.999999999999999
prefill,33,100,72,0,96,0,0.999999999999999
prefill,33,101,73,0,96,0,0.999999999999999
prefill,33,102,74,0,96,0,0.999999999999999
prefill,33,103,75,0,96,0,0.999999999999999
prefill,33,104,76,0,96,0,0.999999999999999
prefill,33,105,77,0,96,0,0.999999999999999
prefill,33,106,79,0,96,0,0.999999999999999
prefill,33,107,80,0,96,0,0.999999999999999
prefill,33,108,81,0,96,0,0.999999999999999
prefill,33,109,82,0,96,0,0.999999999999999
prefill,33,110,83,0,96,0,0.999999999999999
prefill,33,111,84,0,96,0,0.999999999999999
prefill,33,112,85,0,96,0,0.999999999999999
prefill,33,113,86,0,96,0,0.999999999999999
prefill,33,114,87,0,96,0,0.999999999999999
prefill,33,115,88,0,96,0,0.999999999999999
prefill,33,116,90,0,96,0,0.999999999999999
prefill,33,117,91,0,96,0,0.999999999999999
prefill,33,118,92,0,96,0,0.999999999999999
prefill,33,119,93,0,96,0,0.999999999999999
prefill,33,120,94,0,96,0,0.999999999999999
prefill,33,121,95,0,96,0,0.999999999999999
prefill,33,122,96,0,96,0,0.999999999999999
prefill,33,123,97,0,96,0,0.999999999999999
prefill,33,124,99,0,96,0,0.999999999999999
prefill,33,125,100,0,96,0,0.999999999999999
prefill,33,126,101,0,96,0,0.999999999999999
prefill,33,127,103,0,96,0,0.999999999999999
prefill,33,128,104,0,96,0,0.999999999999999
prefill,33,129,105,0,96,0,0.999999999999999
prefill,33,130,106,0,96,0,0.999999999999999
prefill,33,131,107,0,96,0,0.999999999999999
prefill,33,132,108,0,96,0,0.999999999999999
prefill,33,133,110,0,96,0,0.999999999999999
prefill,33,134,111,0,96,0,0.999999999999999
prefill,33,135,112,0,96,0,0.999999999999999
prefill,33,136,113,0,96,0,0.999999999999999
prefill,33,137,115,0,96,0,0.999999999999999
prefill,33,138,117,0,96,0,0.999999999999999
prefill,33,139,119,0,96,0,0.999999999999999
prefill,33,140,120,0,96,0,0.999999999999999
prefill,33,141,121,0,96,0,0.999999999999999
prefill,33,142,122,0,96,0,0.999999999999999
prefill,33,143,123,0,96,0,0.999999999999999
prefill,33,144,124,0,96,0,0.999999999999999
prefill,33,145,125,0,96,0,0.999999999999999
prefill,33,146,126,0,96,0,0.999999999999999
prefill,33,147,128,0,96,0,0.999999999999999
prefill,33,148,129,0,96,0,0.999999999999999
prefill,33,149,130,0,96,0,0.999999999999999
prefill,33,150,131,0,96,0,0.999999999999999
prefill,33,151,132,0,96,0,0.999999999999999
prefill,33,152,133,0,96,0,0.999999999999999
prefill,33,153,134,0,96,0,0.999999999999999
prefill,33,154,135,0,96,0,0.999999999999999
prefill,33,155,137,0,96,0,0.999999999999999
prefill,33,156,138,0,96,0,0.999999999999999
prefill,33,157,139,0,96,0,0.999999999999999
prefill,33,158,140,0,96,0,0.999999999999999
prefill,33,159,141,0,96,0,0.999999999999999
prefill,33,160,142,0,96,0,0.999999999999999
prefill,33,161,143,0,96,0,0.999999999999999
prefill,33,162,144,0,96,0,0.999999999999999
prefill,33,163,145,0,96,0,0.999999999999999
prefill,33,164,146,0,96,0,0.999999999999999
prefill,33,165,148,0,96,0,0.999999999999999
prefill,33,166,149,0,96,0,0.999999999999999
prefill,33,167,150,0,96,0,0.999999999999999
prefill,33,168,151,0,96,0,0.999999999999999
prefill,33,169,152,0,96,0,0.999999999999999
prefill,33,170,153,0,96,0,0.999999999999999
prefill,33,171,154,0,96,0,0.999999999999999
prefill,33,172,155,0,96,0,0.999999999999999
prefill,33,173,156,0,96,0,0.999999999999999
prefill,33,174,157,0,96,0,0.999999999999999
prefill,33,175,159,0,96,0,0.999999999999999
prefill,33,176,160,0,96,0,0.999999999999999
prefill,33,177,161,0,96,0,0.999999999999999
prefill,33,178,162,0,96,0,0.999999999999999
prefill,33,179,163,0,96,0,0.999999999999999
prefill,33,180,164,0,96,0,0.999999999999999
prefill,33,181,165,0,96,0,0.999999999999999
prefill,33,182,166,0,96,0,0.999999999999999
prefill,33,183,167,0,96,0,0.999999999999999
prefill,33,184,169,0,96,0,0.999999999999999
prefill,33,185,170,0,96,0,0.999999999999999
prefill,33,186,171,0,96,0,0.999999999999999
prefill,33,187,173,0,96,0,0.999999999999999
prefill,33,188,174,0,96,0,0.999999999999999
prefill,33,189,175,0,96,0,0.999999999999999
prefill,33,190,176,0,96,0,0.999999999999999
prefill,33,191,177,0,96,0,0.999999999999999
prefill,33,192,178,0,96,0,0.999999999999999
prefill,33,193,179,0,96,0,0.999999999999999
prefill,33,194,180,0,96,0,0.999999999999999
prefill,33,195,182,0,96,0,0.999999999999999
prefill,33,196,183,0,96,0,0.999999999999999
prefill,33,197,184,0,96,0,0.999999999999999
prefill,33,198,186,0,96,0,0.999999999999999
prefill,33,199,187,0,96,0,0.999999999999999
prefill,33,200,188,0,96,0,0.999999999999999
prefill,33,201,189,0,96,0,0.999999999999999
prefill,33,202,190,0,96,0,0.999999999999999
prefill,33,203,191,0,96,0,0.999999999999999
prefill,33,204,192,0,96,0,0.999999999999999
prefill,33,205,193,0,96,0,0.999999999999999
prefill,33,206,194,0,96,0,0.999999999999999
prefill,33,207,195,0,96,0,0.999999999999999
prefill,33,208,196,0,96,0,0.999999999999999
prefill,33,209,197,0,96,0,0.999999999999999
prefill,33,210,198,0,96,0,0.999999999999999
prefill,33,211,199,0,96,0,0.999999999999999
prefill,33,212,201,0,96,0,0.999999999999999
prefill,33,213,202,0,96,0,0.999999999999999
prefill,33,214,204,0,96,0,0.999999999999999
prefill,33,215,206,0,96,0,0.999999999999999
prefill,33,216,208,0,96,0,0.999999999999999
prefill,33,217,209,0,96,0,0.999999999999999
prefill,33,218,210,0,96,0,0.999999999999999
prefill,33,219,211,0,96,0,0.999999999999999
prefill,33,220,212,0,96,0,0.999999999999999
prefill,33,221,213,0,96,0,0.999999999999999
prefill,33,222,214,0,96,0,0.999999999999999
prefill,33,223,215,0,96,0,0.999999999999999
prefill,33,224,217,0,96,0,0.999999999999999
prefill,33,225,218,0,96,0,0.999999999999999
prefill,33,226,219,0,96,0,0.999999999999999
prefill,33,227,220,0,96,0,0.999999999999999
prefill,33,228,222,0,96,0,0.999999999999999
prefill,33,229,224,0,96,0,0.999999999999999
prefill,33,230,225,0,96,0,0.999999999999999
prefill,33,231,226,0,96,0,0.999999999999999
prefill,33,232,227,0,96,0,0.999999999999999
prefill,33,233,229,0,96,0,0.999999999999999
prefill,33,234,230,0,96,0,0.999999999999999
prefill,33,235,231,0,96,0,0.999999999999999
prefill,33,236,232,0,96,0,0.999999999999999
prefill,33,237,233,0,96,0,0.999999999999999
prefill,33,238,234,0,96,0,0.999999999999999
prefill,33,239,235,0,96,0,0.999999999999999
prefill,33,240,236,0,96,0,0.999999999999999
prefill,33,241,237,0,96,0,0.999999999999999
prefill,33,242,238,0,96,0,0.999999999999999
prefill,33,243,239,0,96,0,0.999999999999999
prefill,33,244,240,0,96,0,0.999999999999999
prefill,33,245,241,0,96,0,0.999999999999999
prefill,33,246,242,0,96,0,0.999999999999999
prefill,33,247,243,0,96,0,0.999999999999999
prefill,33,248,244,0,96,0,0.999999999999999
prefill,33,249,246,0,96,0,0.999999999999999
prefill,33,250,247,0,96,0,0.999999999999999
prefill,33,251,248,0,96,0,0.999999999999999
prefill,33,252,250,0,96,0,0.999999999999999
prefill,33,253,251,0,96,0,0.999999999999999
prefill,33,254,252,0,96,0,0.999999999999999
prefill,33,255,253,0,96,0,0.999999999999999
prefill,33,256,254,0,96,0,0.999999999999999
prefill,34,1,85,7,96,0.0729166666666667,0.0729166666666667
prefill,34,2,90,5,96,0.0520833333333333,0.125
prefill,34,3,136,5,96,0.0520833333333333,0.177083333333333
prefill,34,4,204,5,96,0.0520833333333333,0.229166666666667
prefill,34,5,234,5,96,0.0520833333333333,0.28125
prefill,34,6,79,4,96,0.0416666666666667,0.322916666666667
prefill,34,7,196,4,96,0.0416666666666667,0.364583333333333
prefill,34,8,237,4,96,0.0416666666666667,0.40625
prefill,34,9,14,3,96,0.03125,0.4375
prefill,34,10,22,3,96,0.03125,0.46875
prefill,34,11,30,3,96,0.03125,0.5
prefill,34,12,80,3,96,0.03125,0.53125
prefill,34,13,20,2,96,0.0208333333333333,0.552083333333333
prefill,34,14,26,2,96,0.0208333333333333,0.572916666666667
prefill,34,15,46,2,96,0.0208333333333333,0.59375
prefill,34,16,84,2,96,0.0208333333333333,0.614583333333333
prefill,34,17,134,2,96,0.0208333333333333,0.635416666666667
prefill,34,18,177,2,96,0.0208333333333333,0.65625
prefill,34,19,191,2,96,0.0208333333333333,0.677083333333334
prefill,34,20,193,2,96,0.0208333333333333,0.697916666666667
prefill,34,21,207,2,96,0.0208333333333333,0.71875
prefill,34,22,235,2,96,0.0208333333333333,0.739583333333334
prefill,34,23,241,2,96,0.0208333333333333,0.760416666666667
prefill,34,24,8,1,96,0.0104166666666667,0.770833333333334
prefill,34,25,17,1,96,0.0104166666666667,0.78125
prefill,34,26,19,1,96,0.0104166666666667,0.791666666666667
prefill,34,27,29,1,96,0.0104166666666667,0.802083333333334
prefill,34,28,33,1,96,0.0104166666666667,0.8125
prefill,34,29,37,1,96,0.0104166666666667,0.822916666666667
prefill,34,30,66,1,96,0.0104166666666667,0.833333333333333
prefill,34,31,68,1,96,0.0104166666666667,0.84375
prefill,34,32,70,1,96,0.0104166666666667,0.854166666666667
prefill,34,33,82,1,96,0.0104166666666667,0.864583333333333
prefill,34,34,127,1,96,0.0104166666666667,0.875
prefill,34,35,140,1,96,0.0104166666666667,0.885416666666667
prefill,34,36,142,1,96,0.0104166666666667,0.895833333333333
prefill,34,37,145,1,96,0.0104166666666667,0.90625
prefill,34,38,152,1,96,0.0104166666666667,0.916666666666667
prefill,34,39,154,1,96,0.0104166666666667,0.927083333333333
prefill,34,40,155,1,96,0.0104166666666667,0.9375
prefill,34,41,160,1,96,0.0104166666666667,0.947916666666666
prefill,34,42,176,1,96,0.0104166666666667,0.958333333333333
prefill,34,43,180,1,96,0.0104166666666667,0.96875
prefill,34,44,188,1,96,0.0104166666666667,0.979166666666666
prefill,34,45,195,1,96,0.0104166666666667,0.989583333333333
prefill,34,46,242,1,96,0.0104166666666667,1
prefill,34,47,0,0,96,0,1
prefill,34,48,1,0,96,0,1
prefill,34,49,2,0,96,0,1
prefill,34,50,3,0,96,0,1
prefill,34,51,4,0,96,0,1
prefill,34,52,5,0,96,0,1
prefill,34,53,6,0,96,0,1
prefill,34,54,7,0,96,0,1
prefill,34,55,9,0,96,0,1
prefill,34,56,10,0,96,0,1
prefill,34,57,11,0,96,0,1
prefill,34,58,12,0,96,0,1
prefill,34,59,13,0,96,0,1
prefill,34,60,15,0,96,0,1
prefill,34,61,16,0,96,0,1
prefill,34,62,18,0,96,0,1
prefill,34,63,21,0,96,0,1
prefill,34,64,23,0,96,0,1
prefill,34,65,24,0,96,0,1
prefill,34,66,25,0,96,0,1
prefill,34,67,27,0,96,0,1
prefill,34,68,28,0,96,0,1
prefill,34,69,31,0,96,0,1
prefill,34,70,32,0,96,0,1
prefill,34,71,34,0,96,0,1
prefill,34,72,35,0,96,0,1
prefill,34,73,36,0,96,0,1
prefill,34,74,38,0,96,0,1
prefill,34,75,39,0,96,0,1
prefill,34,76,40,0,96,0,1
prefill,34,77,41,0,96,0,1
prefill,34,78,42,0,96,0,1
prefill,34,79,43,0,96,0,1
prefill,34,80,44,0,96,0,1
prefill,34,81,45,0,96,0,1
prefill,34,82,47,0,96,0,1
prefill,34,83,48,0,96,0,1
prefill,34,84,49,0,96,0,1
prefill,34,85,50,0,96,0,1
prefill,34,86,51,0,96,0,1
prefill,34,87,52,0,96,0,1
prefill,34,88,53,0,96,0,1
prefill,34,89,54,0,96,0,1
prefill,34,90,55,0,96,0,1
prefill,34,91,56,0,96,0,1
prefill,34,92,57,0,96,0,1
prefill,34,93,58,0,96,0,1
prefill,34,94,59,0,96,0,1
prefill,34,95,60,0,96,0,1
prefill,34,96,61,0,96,0,1
prefill,34,97,62,0,96,0,1
prefill,34,98,63,0,96,0,1
prefill,34,99,64,0,96,0,1
prefill,34,100,65,0,96,0,1
prefill,34,101,67,0,96,0,1
prefill,34,102,69,0,96,0,1
prefill,34,103,71,0,96,0,1
prefill,34,104,72,0,96,0,1
prefill,34,105,73,0,96,0,1
prefill,34,106,74,0,96,0,1
prefill,34,107,75,0,96,0,1
prefill,34,108,76,0,96,0,1
prefill,34,109,77,0,96,0,1
prefill,34,110,78,0,96,0,1
prefill,34,111,81,0,96,0,1
prefill,34,112,83,0,96,0,1
prefill,34,113,86,0,96,0,1
prefill,34,114,87,0,96,0,1
prefill,34,115,88,0,96,0,1
prefill,34,116,89,0,96,0,1
prefill,34,117,91,0,96,0,1
prefill,34,118,92,0,96,0,1
prefill,34,119,93,0,96,0,1
prefill,34,120,94,0,96,0,1
prefill,34,121,95,0,96,0,1
prefill,34,122,96,0,96,0,1
prefill,34,123,97,0,96,0,1
prefill,34,124,98,0,96,0,1
prefill,34,125,99,0,96,0,1
prefill,34,126,100,0,96,0,1
prefill,34,127,101,0,96,0,1
prefill,34,128,102,0,96,0,1
prefill,34,129,103,0,96,0,1
prefill,34,130,104,0,96,0,1
prefill,34,131,105,0,96,0,1
prefill,34,132,106,0,96,0,1
prefill,34,133,107,0,96,0,1
prefill,34,134,108,0,96,0,1
prefill,34,135,109,0,96,0,1
prefill,34,136,110,0,96,0,1
prefill,34,137,111,0,96,0,1
prefill,34,138,112,0,96,0,1
prefill,34,139,113,0,96,0,1
prefill,34,140,114,0,96,0,1
prefill,34,141,115,0,96,0,1
prefill,34,142,116,0,96,0,1
prefill,34,143,117,0,96,0,1
prefill,34,144,118,0,96,0,1
prefill,34,145,119,0,96,0,1
prefill,34,146,120,0,96,0,1
prefill,34,147,121,0,96,0,1
prefill,34,148,122,0,96,0,1
prefill,34,149,123,0,96,0,1
prefill,34,150,124,0,96,0,1
prefill,34,151,125,0,96,0,1
prefill,34,152,126,0,96,0,1
prefill,34,153,128,0,96,0,1
prefill,34,154,129,0,96,0,1
prefill,34,155,130,0,96,0,1
prefill,34,156,131,0,96,0,1
prefill,34,157,132,0,96,0,1
prefill,34,158,133,0,96,0,1
prefill,34,159,135,0,96,0,1
prefill,34,160,137,0,96,0,1
prefill,34,161,138,0,96,0,1
prefill,34,162,139,0,96,0,1
prefill,34,163,141,0,96,0,1
prefill,34,164,143,0,96,0,1
prefill,34,165,144,0,96,0,1
prefill,34,166,146,0,96,0,1
prefill,34,167,147,0,96,0,1
prefill,34,168,148,0,96,0,1
prefill,34,169,149,0,96,0,1
prefill,34,170,150,0,96,0,1
prefill,34,171,151,0,96,0,1
prefill,34,172,153,0,96,0,1
prefill,34,173,156,0,96,0,1
prefill,34,174,157,0,96,0,1
prefill,34,175,158,0,96,0,1
prefill,34,176,159,0,96,0,1
prefill,34,177,161,0,96,0,1
prefill,34,178,162,0,96,0,1
prefill,34,179,163,0,96,0,1
prefill,34,180,164,0,96,0,1
prefill,34,181,165,0,96,0,1
prefill,34,182,166,0,96,0,1
prefill,34,183,167,0,96,0,1
prefill,34,184,168,0,96,0,1
prefill,34,185,169,0,96,0,1
prefill,34,186,170,0,96,0,1
prefill,34,187,171,0,96,0,1
prefill,34,188,172,0,96,0,1
prefill,34,189,173,0,96,0,1
prefill,34,190,174,0,96,0,1
prefill,34,191,175,0,96,0,1
prefill,34,192,178,0,96,0,1
prefill,34,193,179,0,96,0,1
prefill,34,194,181,0,96,0,1
prefill,34,195,182,0,96,0,1
prefill,34,196,183,0,96,0,1
prefill,34,197,184,0,96,0,1
prefill,34,198,185,0,96,0,1
prefill,34,199,186,0,96,0,1
prefill,34,200,187,0,96,0,1
prefill,34,201,189,0,96,0,1
prefill,34,202,190,0,96,0,1
prefill,34,203,192,0,96,0,1
prefill,34,204,194,0,96,0,1
prefill,34,205,197,0,96,0,1
prefill,34,206,198,0,96,0,1
prefill,34,207,199,0,96,0,1
prefill,34,208,200,0,96,0,1
prefill,34,209,201,0,96,0,1
prefill,34,210,202,0,96,0,1
prefill,34,211,203,0,96,0,1
prefill,34,212,205,0,96,0,1
prefill,34,213,206,0,96,0,1
prefill,34,214,208,0,96,0,1
prefill,34,215,209,0,96,0,1
prefill,34,216,210,0,96,0,1
prefill,34,217,211,0,96,0,1
prefill,34,218,212,0,96,0,1
prefill,34,219,213,0,96,0,1
prefill,34,220,214,0,96,0,1
prefill,34,221,215,0,96,0,1
prefill,34,222,216,0,96,0,1
prefill,34,223,217,0,96,0,1
prefill,34,224,218,0,96,0,1
prefill,34,225,219,0,96,0,1
prefill,34,226,220,0,96,0,1
prefill,34,227,221,0,96,0,1
prefill,34,228,222,0,96,0,1
prefill,34,229,223,0,96,0,1
prefill,34,230,224,0,96,0,1
prefill,34,231,225,0,96,0,1
prefill,34,232,226,0,96,0,1
prefill,34,233,227,0,96,0,1
prefill,34,234,228,0,96,0,1
prefill,34,235,229,0,96,0,1
prefill,34,236,230,0,96,0,1
prefill,34,237,231,0,96,0,1
prefill,34,238,232,0,96,0,1
prefill,34,239,233,0,96,0,1
prefill,34,240,236,0,96,0,1
prefill,34,241,238,0,96,0,1
prefill,34,242,239,0,96,0,1
prefill,34,243,240,0,96,0,1
prefill,34,244,243,0,96,0,1
prefill,34,245,244,0,96,0,1
prefill,34,246,245,0,96,0,1
prefill,34,247,246,0,96,0,1
prefill,34,248,247,0,96,0,1
prefill,34,249,248,0,96,0,1
prefill,34,250,249,0,96,0,1
prefill,34,251,250,0,96,0,1
prefill,34,252,251,0,96,0,1
prefill,34,253,252,0,96,0,1
prefill,34,254,253,0,96,0,1
prefill,34,255,254,0,96,0,1
prefill,34,256,255,0,96,0,1
prefill,35,1,174,12,96,0.125,0.125
prefill,35,2,73,7,96,0.0729166666666667,0.197916666666667
prefill,35,3,74,5,96,0.0520833333333333,0.25
prefill,35,4,64,4,96,0.0416666666666667,0.291666666666667
prefill,35,5,0,3,96,0.03125,0.322916666666667
prefill,35,6,166,3,96,0.03125,0.354166666666667
prefill,35,7,177,3,96,0.03125,0.385416666666667
prefill,35,8,199,3,96,0.03125,0.416666666666667
prefill,35,9,11,2,96,0.0208333333333333,0.4375
prefill,35,10,50,2,96,0.0208333333333333,0.458333333333333
prefill,35,11,56,2,96,0.0208333333333333,0.479166666666667
prefill,35,12,86,2,96,0.0208333333333333,0.5
prefill,35,13,99,2,96,0.0208333333333333,0.520833333333333
prefill,35,14,133,2,96,0.0208333333333333,0.541666666666667
prefill,35,15,164,2,96,0.0208333333333333,0.5625
prefill,35,16,170,2,96,0.0208333333333333,0.583333333333333
prefill,35,17,195,2,96,0.0208333333333333,0.604166666666667
prefill,35,18,227,2,96,0.0208333333333333,0.625
prefill,35,19,2,1,96,0.0104166666666667,0.635416666666667
prefill,35,20,5,1,96,0.0104166666666667,0.645833333333333
prefill,35,21,8,1,96,0.0104166666666667,0.65625
prefill,35,22,17,1,96,0.0104166666666667,0.666666666666667
prefill,35,23,20,1,96,0.0104166666666667,0.677083333333333
prefill,35,24,21,1,96,0.0104166666666667,0.6875
prefill,35,25,24,1,96,0.0104166666666667,0.697916666666667
prefill,35,26,25,1,96,0.0104166666666667,0.708333333333333
prefill,35,27,42,1,96,0.0104166666666667,0.71875
prefill,35,28,47,1,96,0.0104166666666667,0.729166666666666
prefill,35,29,70,1,96,0.0104166666666667,0.739583333333333
prefill,35,30,71,1,96,0.0104166666666667,0.75
prefill,35,31,81,1,96,0.0104166666666667,0.760416666666666
prefill,35,32,84,1,96,0.0104166666666667,0.770833333333333
prefill,35,33,90,1,96,0.0104166666666667,0.78125
prefill,35,34,94,1,96,0.0104166666666667,0.791666666666666
prefill,35,35,107,1,96,0.0104166666666667,0.802083333333333
prefill,35,36,113,1,96,0.0104166666666667,0.812499999999999
prefill,35,37,120,1,96,0.0104166666666667,0.822916666666666
prefill,35,38,129,1,96,0.0104166666666667,0.833333333333333
prefill,35,39,130,1,96,0.0104166666666667,0.843749999999999
prefill,35,40,150,1,96,0.0104166666666667,0.854166666666666
prefill,35,41,160,1,96,0.0104166666666667,0.864583333333333
prefill,35,42,168,1,96,0.0104166666666667,0.874999999999999
prefill,35,43,175,1,96,0.0104166666666667,0.885416666666666
prefill,35,44,178,1,96,0.0104166666666667,0.895833333333332
prefill,35,45,186,1,96,0.0104166666666667,0.906249999999999
prefill,35,46,190,1,96,0.0104166666666667,0.916666666666666
prefill,35,47,194,1,96,0.0104166666666667,0.927083333333332
prefill,35,48,198,1,96,0.0104166666666667,0.937499999999999
prefill,35,49,201,1,96,0.0104166666666667,0.947916666666666
prefill,35,50,207,1,96,0.0104166666666667,0.958333333333332
prefill,35,51,212,1,96,0.0104166666666667,0.968749999999999
prefill,35,52,236,1,96,0.0104166666666667,0.979166666666666
prefill,35,53,247,1,96,0.0104166666666667,0.989583333333332
prefill,35,54,254,1,96,0.0104166666666667,0.999999999999999
prefill,35,55,1,0,96,0,0.999999999999999
prefill,35,56,3,0,96,0,0.999999999999999
prefill,35,57,4,0,96,0,0.999999999999999
prefill,35,58,6,0,96,0,0.999999999999999
prefill,35,59,7,0,96,0,0.999999999999999
prefill,35,60,9,0,96,0,0.999999999999999
prefill,35,61,10,0,96,0,0.999999999999999
prefill,35,62,12,0,96,0,0.999999999999999
prefill,35,63,13,0,96,0,0.999999999999999
prefill,35,64,14,0,96,0,0.999999999999999
prefill,35,65,15,0,96,0,0.999999999999999
prefill,35,66,16,0,96,0,0.999999999999999
prefill,35,67,18,0,96,0,0.999999999999999
prefill,35,68,19,0,96,0,0.999999999999999
prefill,35,69,22,0,96,0,0.999999999999999
prefill,35,70,23,0,96,0,0.999999999999999
prefill,35,71,26,0,96,0,0.999999999999999
prefill,35,72,27,0,96,0,0.999999999999999
prefill,35,73,28,0,96,0,0.999999999999999
prefill,35,74,29,0,96,0,0.999999999999999
prefill,35,75,30,0,96,0,0.999999999999999
prefill,35,76,31,0,96,0,0.999999999999999
prefill,35,77,32,0,96,0,0.999999999999999
prefill,35,78,33,0,96,0,0.999999999999999
prefill,35,79,34,0,96,0,0.999999999999999
prefill,35,80,35,0,96,0,0.999999999999999
prefill,35,81,36,0,96,0,0.999999999999999
prefill,35,82,37,0,96,0,0.999999999999999
prefill,35,83,38,0,96,0,0.999999999999999
prefill,35,84,39,0,96,0,0.999999999999999
prefill,35,85,40,0,96,0,0.999999999999999
prefill,35,86,41,0,96,0,0.999999999999999
prefill,35,87,43,0,96,0,0.999999999999999
prefill,35,88,44,0,96,0,0.999999999999999
prefill,35,89,45,0,96,0,0.999999999999999
prefill,35,90,46,0,96,0,0.999999999999999
prefill,35,91,48,0,96,0,0.999999999999999
prefill,35,92,49,0,96,0,0.999999999999999
prefill,35,93,51,0,96,0,0.999999999999999
prefill,35,94,52,0,96,0,0.999999999999999
prefill,35,95,53,0,96,0,0.999999999999999
prefill,35,96,54,0,96,0,0.999999999999999
prefill,35,97,55,0,96,0,0.999999999999999
prefill,35,98,57,0,96,0,0.999999999999999
prefill,35,99,58,0,96,0,0.999999999999999
prefill,35,100,59,0,96,0,0.999999999999999
prefill,35,101,60,0,96,0,0.999999999999999
prefill,35,102,61,0,96,0,0.999999999999999
prefill,35,103,62,0,96,0,0.999999999999999
prefill,35,104,63,0,96,0,0.999999999999999
prefill,35,105,65,0,96,0,0.999999999999999
prefill,35,106,66,0,96,0,0.999999999999999
prefill,35,107,67,0,96,0,0.999999999999999
prefill,35,108,68,0,96,0,0.999999999999999
prefill,35,109,69,0,96,0,0.999999999999999
prefill,35,110,72,0,96,0,0.999999999999999
prefill,35,111,75,0,96,0,0.999999999999999
prefill,35,112,76,0,96,0,0.999999999999999
prefill,35,113,77,0,96,0,0.999999999999999
prefill,35,114,78,0,96,0,0.999999999999999
prefill,35,115,79,0,96,0,0.999999999999999
prefill,35,116,80,0,96,0,0.999999999999999
prefill,35,117,82,0,96,0,0.999999999999999
prefill,35,118,83,0,96,0,0.999999999999999
prefill,35,119,85,0,96,0,0.999999999999999
prefill,35,120,87,0,96,0,0.999999999999999
prefill,35,121,88,0,96,0,0.999999999999999
prefill,35,122,89,0,96,0,0.999999999999999
prefill,35,123,91,0,96,0,0.999999999999999
prefill,35,124,92,0,96,0,0.999999999999999
prefill,35,125,93,0,96,0,0.999999999999999
prefill,35,126,95,0,96,0,0.999999999999999
prefill,35,127,96,0,96,0,0.999999999999999
prefill,35,128,97,0,96,0,0.999999999999999
prefill,35,129,98,0,96,0,0.999999999999999
prefill,35,130,100,0,96,0,0.999999999999999
prefill,35,131,101,0,96,0,0.999999999999999
prefill,35,132,102,0,96,0,0.999999999999999
prefill,35,133,103,0,96,0,0.999999999999999
prefill,35,134,104,0,96,0,0.999999999999999
prefill,35,135,105,0,96,0,0.999999999999999
prefill,35,136,106,0,96,0,0.999999999999999
prefill,35,137,108,0,96,0,0.999999999999999
prefill,35,138,109,0,96,0,0.999999999999999
prefill,35,139,110,0,96,0,0.999999999999999
prefill,35,140,111,0,96,0,0.999999999999999
prefill,35,141,112,0,96,0,0.999999999999999
prefill,35,142,114,0,96,0,0.999999999999999
prefill,35,143,115,0,96,0,0.999999999999999
prefill,35,144,116,0,96,0,0.999999999999999
prefill,35,145,117,0,96,0,0.999999999999999
prefill,35,146,118,0,96,0,0.999999999999999
prefill,35,147,119,0,96,0,0.999999999999999
prefill,35,148,121,0,96,0,0.999999999999999
prefill,35,149,122,0,96,0,0.999999999999999
prefill,35,150,123,0,96,0,0.999999999999999
prefill,35,151,124,0,96,0,0.999999999999999
prefill,35,152,125,0,96,0,0.999999999999999
prefill,35,153,126,0,96,0,0.999999999999999
prefill,35,154,127,0,96,0,0.999999999999999
prefill,35,155,128,0,96,0,0.999999999999999
prefill,35,156,131,0,96,0,0.999999999999999
prefill,35,157,132,0,96,0,0.999999999999999
prefill,35,158,134,0,96,0,0.999999999999999
prefill,35,159,135,0,96,0,0.999999999999999
prefill,35,160,136,0,96,0,0.999999999999999
prefill,35,161,137,0,96,0,0.999999999999999
prefill,35,162,138,0,96,0,0.999999999999999
prefill,35,163,139,0,96,0,0.999999999999999
prefill,35,164,140,0,96,0,0.999999999999999
prefill,35,165,141,0,96,0,0.999999999999999
prefill,35,166,142,0,96,0,0.999999999999999
prefill,35,167,143,0,96,0,0.999999999999999
prefill,35,168,144,0,96,0,0.999999999999999
prefill,35,169,145,0,96,0,0.999999999999999
prefill,35,170,146,0,96,0,0.999999999999999
prefill,35,171,147,0,96,0,0.999999999999999
prefill,35,172,148,0,96,0,0.999999999999999
prefill,35,173,149,0,96,0,0.999999999999999
prefill,35,174,151,0,96,0,0.999999999999999
prefill,35,175,152,0,96,0,0.999999999999999
prefill,35,176,153,0,96,0,0.999999999999999
prefill,35,177,154,0,96,0,0.999999999999999
prefill,35,178,155,0,96,0,0.999999999999999
prefill,35,179,156,0,96,0,0.999999999999999
prefill,35,180,157,0,96,0,0.999999999999999
prefill,35,181,158,0,96,0,0.999999999999999
prefill,35,182,159,0,96,0,0.999999999999999
prefill,35,183,161,0,96,0,0.999999999999999
prefill,35,184,162,0,96,0,0.999999999999999
prefill,35,185,163,0,96,0,0.999999999999999
prefill,35,186,165,0,96,0,0.999999999999999
prefill,35,187,167,0,96,0,0.999999999999999
prefill,35,188,169,0,96,0,0.999999999999999
prefill,35,189,171,0,96,0,0.999999999999999
prefill,35,190,172,0,96,0,0.999999999999999
prefill,35,191,173,0,96,0,0.999999999999999
prefill,35,192,176,0,96,0,0.999999999999999
prefill,35,193,179,0,96,0,0.999999999999999
prefill,35,194,180,0,96,0,0.999999999999999
prefill,35,195,181,0,96,0,0.999999999999999
prefill,35,196,182,0,96,0,0.999999999999999
prefill,35,197,183,0,96,0,0.999999999999999
prefill,35,198,184,0,96,0,0.999999999999999
prefill,35,199,185,0,96,0,0.999999999999999
prefill,35,200,187,0,96,0,0.999999999999999
prefill,35,201,188,0,96,0,0.999999999999999
prefill,35,202,189,0,96,0,0.999999999999999
prefill,35,203,191,0,96,0,0.999999999999999
prefill,35,204,192,0,96,0,0.999999999999999
prefill,35,205,193,0,96,0,0.999999999999999
prefill,35,206,196,0,96,0,0.999999999999999
prefill,35,207,197,0,96,0,0.999999999999999
prefill,35,208,200,0,96,0,0.999999999999999
prefill,35,209,202,0,96,0,0.999999999999999
prefill,35,210,203,0,96,0,0.999999999999999
prefill,35,211,204,0,96,0,0.999999999999999
prefill,35,212,205,0,96,0,0.999999999999999
prefill,35,213,206,0,96,0,0.999999999999999
prefill,35,214,208,0,96,0,0.999999999999999
prefill,35,215,209,0,96,0,0.999999999999999
prefill,35,216,210,0,96,0,0.999999999999999
prefill,35,217,211,0,96,0,0.999999999999999
prefill,35,218,213,0,96,0,0.999999999999999
prefill,35,219,214,0,96,0,0.999999999999999
prefill,35,220,215,0,96,0,0.999999999999999
prefill,35,221,216,0,96,0,0.999999999999999
prefill,35,222,217,0,96,0,0.999999999999999
prefill,35,223,218,0,96,0,0.999999999999999
prefill,35,224,219,0,96,0,0.999999999999999
prefill,35,225,220,0,96,0,0.999999999999999
prefill,35,226,221,0,96,0,0.999999999999999
prefill,35,227,222,0,96,0,0.999999999999999
prefill,35,228,223,0,96,0,0.999999999999999
prefill,35,229,224,0,96,0,0.999999999999999
prefill,35,230,225,0,96,0,0.999999999999999
prefill,35,231,226,0,96,0,0.999999999999999
prefill,35,232,228,0,96,0,0.999999999999999
prefill,35,233,229,0,96,0,0.999999999999999
prefill,35,234,230,0,96,0,0.999999999999999
prefill,35,235,231,0,96,0,0.999999999999999
prefill,35,236,232,0,96,0,0.999999999999999
prefill,35,237,233,0,96,0,0.999999999999999
prefill,35,238,234,0,96,0,0.999999999999999
prefill,35,239,235,0,96,0,0.999999999999999
prefill,35,240,237,0,96,0,0.999999999999999
prefill,35,241,238,0,96,0,0.999999999999999
prefill,35,242,239,0,96,0,0.999999999999999
prefill,35,243,240,0,96,0,0.999999999999999
prefill,35,244,241,0,96,0,0.999999999999999
prefill,35,245,242,0,96,0,0.999999999999999
prefill,35,246,243,0,96,0,0.999999999999999
prefill,35,247,244,0,96,0,0.999999999999999
prefill,35,248,245,0,96,0,0.999999999999999
prefill,35,249,246,0,96,0,0.999999999999999
prefill,35,250,248,0,96,0,0.999999999999999
prefill,35,251,249,0,96,0,0.999999999999999
prefill,35,252,250,0,96,0,0.999999999999999
prefill,35,253,251,0,96,0,0.999999999999999
prefill,35,254,252,0,96,0,0.999999999999999
prefill,35,255,253,0,96,0,0.999999999999999
prefill,35,256,255,0,96,0,0.999999999999999
prefill,36,1,223,14,96,0.145833333333333,0.145833333333333
prefill,36,2,28,11,96,0.114583333333333,0.260416666666667
prefill,36,3,230,11,96,0.114583333333333,0.375
prefill,36,4,208,9,96,0.09375,0.46875
prefill,36,5,172,8,96,0.0833333333333333,0.552083333333333
prefill,36,6,18,7,96,0.0729166666666667,0.625
prefill,36,7,111,3,96,0.03125,0.65625
prefill,36,8,122,3,96,0.03125,0.6875
prefill,36,9,233,3,96,0.03125,0.71875
prefill,36,10,20,2,96,0.0208333333333333,0.739583333333333
prefill,36,11,103,2,96,0.0208333333333333,0.760416666666667
prefill,36,12,171,2,96,0.0208333333333333,0.78125
prefill,36,13,203,2,96,0.0208333333333333,0.802083333333333
prefill,36,14,207,2,96,0.0208333333333333,0.822916666666667
prefill,36,15,29,1,96,0.0104166666666667,0.833333333333333
prefill,36,16,45,1,96,0.0104166666666667,0.84375
prefill,36,17,53,1,96,0.0104166666666667,0.854166666666667
prefill,36,18,75,1,96,0.0104166666666667,0.864583333333333
prefill,36,19,90,1,96,0.0104166666666667,0.875
prefill,36,20,95,1,96,0.0104166666666667,0.885416666666667
prefill,36,21,100,1,96,0.0104166666666667,0.895833333333333
prefill,36,22,104,1,96,0.0104166666666667,0.90625
prefill,36,23,106,1,96,0.0104166666666667,0.916666666666667
prefill,36,24,118,1,96,0.0104166666666667,0.927083333333333
prefill,36,25,152,1,96,0.0104166666666667,0.9375
prefill,36,26,170,1,96,0.0104166666666667,0.947916666666666
prefill,36,27,180,1,96,0.0104166666666667,0.958333333333333
prefill,36,28,228,1,96,0.0104166666666667,0.96875
prefill,36,29,232,1,96,0.0104166666666667,0.979166666666666
prefill,36,30,248,1,96,0.0104166666666667,0.989583333333333
prefill,36,31,255,1,96,0.0104166666666667,1
prefill,36,32,0,0,96,0,1
prefill,36,33,1,0,96,0,1
prefill,36,34,2,0,96,0,1
prefill,36,35,3,0,96,0,1
prefill,36,36,4,0,96,0,1
prefill,36,37,5,0,96,0,1
prefill,36,38,6,0,96,0,1
prefill,36,39,7,0,96,0,1
prefill,36,40,8,0,96,0,1
prefill,36,41,9,0,96,0,1
prefill,36,42,10,0,96,0,1
prefill,36,43,11,0,96,0,1
prefill,36,44,12,0,96,0,1
prefill,36,45,13,0,96,0,1
prefill,36,46,14,0,96,0,1
prefill,36,47,15,0,96,0,1
prefill,36,48,16,0,96,0,1
prefill,36,49,17,0,96,0,1
prefill,36,50,19,0,96,0,1
prefill,36,51,21,0,96,0,1
prefill,36,52,22,0,96,0,1
prefill,36,53,23,0,96,0,1
prefill,36,54,24,0,96,0,1
prefill,36,55,25,0,96,0,1
prefill,36,56,26,0,96,0,1
prefill,36,57,27,0,96,0,1
prefill,36,58,30,0,96,0,1
prefill,36,59,31,0,96,0,1
prefill,36,60,32,0,96,0,1
prefill,36,61,33,0,96,0,1
prefill,36,62,34,0,96,0,1
prefill,36,63,35,0,96,0,1
prefill,36,64,36,0,96,0,1
prefill,36,65,37,0,96,0,1
prefill,36,66,38,0,96,0,1
prefill,36,67,39,0,96,0,1
prefill,36,68,40,0,96,0,1
prefill,36,69,41,0,96,0,1
prefill,36,70,42,0,96,0,1
prefill,36,71,43,0,96,0,1
prefill,36,72,44,0,96,0,1
prefill,36,73,46,0,96,0,1
prefill,36,74,47,0,96,0,1
prefill,36,75,48,0,96,0,1
prefill,36,76,49,0,96,0,1
prefill,36,77,50,0,96,0,1
prefill,36,78,51,0,96,0,1
prefill,36,79,52,0,96,0,1
prefill,36,80,54,0,96,0,1
prefill,36,81,55,0,96,0,1
prefill,36,82,56,0,96,0,1
prefill,36,83,57,0,96,0,1
prefill,36,84,58,0,96,0,1
prefill,36,85,59,0,96,0,1
prefill,36,86,60,0,96,0,1
prefill,36,87,61,0,96,0,1
prefill,36,88,62,0,96,0,1
prefill,36,89,63,0,96,0,1
prefill,36,90,64,0,96,0,1
prefill,36,91,65,0,96,0,1
prefill,36,92,66,0,96,0,1
prefill,36,93,67,0,96,0,1
prefill,36,94,68,0,96,0,1
prefill,36,95,69,0,96,0,1
prefill,36,96,70,0,96,0,1
prefill,36,97,71,0,96,0,1
prefill,36,98,72,0,96,0,1
prefill,36,99,73,0,96,0,1
prefill,36,100,74,0,96,0,1
prefill,36,101,76,0,96,0,1
prefill,36,102,77,0,96,0,1
prefill,36,103,78,0,96,0,1
prefill,36,104,79,0,96,0,1
prefill,36,105,80,0,96,0,1
prefill,36,106,81,0,96,0,1
prefill,36,107,82,0,96,0,1
prefill,36,108,83,0,96,0,1
prefill,36,109,84,0,96,0,1
prefill,36,110,85,0,96,0,1
prefill,36,111,86,0,96,0,1
prefill,36,112,87,0,96,0,1
prefill,36,113,88,0,96,0,1
prefill,36,114,89,0,96,0,1
prefill,36,115,91,0,96,0,1
prefill,36,116,92,0,96,0,1
prefill,36,117,93,0,96,0,1
prefill,36,118,94,0,96,0,1
prefill,36,119,96,0,96,0,1
prefill,36,120,97,0,96,0,1
prefill,36,121,98,0,96,0,1
prefill,36,122,99,0,96,0,1
prefill,36,123,101,0,96,0,1
prefill,36,124,102,0,96,0,1
prefill,36,125,105,0,96,0,1
prefill,36,126,107,0,96,0,1
prefill,36,127,108,0,96,0,1
prefill,36,128,109,0,96,0,1
prefill,36,129,110,0,96,0,1
prefill,36,130,112,0,96,0,1
prefill,36,131,113,0,96,0,1
prefill,36,132,114,0,96,0,1
prefill,36,133,115,0,96,0,1
prefill,36,134,116,0,96,0,1
prefill,36,135,117,0,96,0,1
prefill,36,136,119,0,96,0,1
prefill,36,137,120,0,96,0,1
prefill,36,138,121,0,96,0,1
prefill,36,139,123,0,96,0,1
prefill,36,140,124,0,96,0,1
prefill,36,141,125,0,96,0,1
prefill,36,142,126,0,96,0,1
prefill,36,143,127,0,96,0,1
prefill,36,144,128,0,96,0,1
prefill,36,145,129,0,96,0,1
prefill,36,146,130,0,96,0,1
prefill,36,147,131,0,96,0,1
prefill,36,148,132,0,96,0,1
prefill,36,149,133,0,96,0,1
prefill,36,150,134,0,96,0,1
prefill,36,151,135,0,96,0,1
prefill,36,152,136,0,96,0,1
prefill,36,153,137,0,96,0,1
prefill,36,154,138,0,96,0,1
prefill,36,155,139,0,96,0,1
prefill,36,156,140,0,96,0,1
prefill,36,157,141,0,96,0,1
prefill,36,158,142,0,96,0,1
prefill,36,159,143,0,96,0,1
prefill,36,160,144,0,96,0,1
prefill,36,161,145,0,96,0,1
prefill,36,162,146,0,96,0,1
prefill,36,163,147,0,96,0,1
prefill,36,164,148,0,96,0,1
prefill,36,165,149,0,96,0,1
prefill,36,166,150,0,96,0,1
prefill,36,167,151,0,96,0,1
prefill,36,168,153,0,96,0,1
prefill,36,169,154,0,96,0,1
prefill,36,170,155,0,96,0,1
prefill,36,171,156,0,96,0,1
prefill,36,172,157,0,96,0,1
prefill,36,173,158,0,96,0,1
prefill,36,174,159,0,96,0,1
prefill,36,175,160,0,96,0,1
prefill,36,176,161,0,96,0,1
prefill,36,177,162,0,96,0,1
prefill,36,178,163,0,96,0,1
prefill,36,179,164,0,96,0,1
prefill,36,180,165,0,96,0,1
prefill,36,181,166,0,96,0,1
prefill,36,182,167,0,96,0,1
prefill,36,183,168,0,96,0,1
prefill,36,184,169,0,96,0,1
prefill,36,185,173,0,96,0,1
prefill,36,186,174,0,96,0,1
prefill,36,187,175,0,96,0,1
prefill,36,188,176,0,96,0,1
prefill,36,189,177,0,96,0,1
prefill,36,190,178,0,96,0,1
prefill,36,191,179,0,96,0,1
prefill,36,192,181,0,96,0,1
prefill,36,193,182,0,96,0,1
prefill,36,194,183,0,96,0,1
prefill,36,195,184,0,96,0,1
prefill,36,196,185,0,96,0,1
prefill,36,197,186,0,96,0,1
prefill,36,198,187,0,96,0,1
prefill,36,199,188,0,96,0,1
prefill,36,200,189,0,96,0,1
prefill,36,201,190,0,96,0,1
prefill,36,202,191,0,96,0,1
prefill,36,203,192,0,96,0,1
prefill,36,204,193,0,96,0,1
prefill,36,205,194,0,96,0,1
prefill,36,206,195,0,96,0,1
prefill,36,207,196,0,96,0,1
prefill,36,208,197,0,96,0,1
prefill,36,209,198,0,96,0,1
prefill,36,210,199,0,96,0,1
prefill,36,211,200,0,96,0,1
prefill,36,212,201,0,96,0,1
prefill,36,213,202,0,96,0,1
prefill,36,214,204,0,96,0,1
prefill,36,215,205,0,96,0,1
prefill,36,216,206,0,96,0,1
prefill,36,217,209,0,96,0,1
prefill,36,218,210,0,96,0,1
prefill,36,219,211,0,96,0,1
prefill,36,220,212,0,96,0,1
prefill,36,221,213,0,96,0,1
prefill,36,222,214,0,96,0,1
prefill,36,223,215,0,96,0,1
prefill,36,224,216,0,96,0,1
prefill,36,225,217,0,96,0,1
prefill,36,226,218,0,96,0,1
prefill,36,227,219,0,96,0,1
prefill,36,228,220,0,96,0,1
prefill,36,229,221,0,96,0,1
prefill,36,230,222,0,96,0,1
prefill,36,231,224,0,96,0,1
prefill,36,232,225,0,96,0,1
prefill,36,233,226,0,96,0,1
prefill,36,234,227,0,96,0,1
prefill,36,235,229,0,96,0,1
prefill,36,236,231,0,96,0,1
prefill,36,237,234,0,96,0,1
prefill,36,238,235,0,96,0,1
prefill,36,239,236,0,96,0,1
prefill,36,240,237,0,96,0,1
prefill,36,241,238,0,96,0,1
prefill,36,242,239,0,96,0,1
prefill,36,243,240,0,96,0,1
prefill,36,244,241,0,96,0,1
prefill,36,245,242,0,96,0,1
prefill,36,246,243,0,96,0,1
prefill,36,247,244,0,96,0,1
prefill,36,248,245,0,96,0,1
prefill,36,249,246,0,96,0,1
prefill,36,250,247,0,96,0,1
prefill,36,251,249,0,96,0,1
prefill,36,252,250,0,96,0,1
prefill,36,253,251,0,96,0,1
prefill,36,254,252,0,96,0,1
prefill,36,255,253,0,96,0,1
prefill,36,256,254,0,96,0,1
prefill,37,1,56,10,96,0.104166666666667,0.104166666666667
prefill,37,2,76,10,96,0.104166666666667,0.208333333333333
prefill,37,3,228,9,96,0.09375,0.302083333333333
prefill,37,4,29,8,96,0.0833333333333333,0.385416666666667
prefill,37,5,168,8,96,0.0833333333333333,0.46875
prefill,37,6,131,6,96,0.0625,0.53125
prefill,37,7,38,5,96,0.0520833333333333,0.583333333333333
prefill,37,8,161,4,96,0.0416666666666667,0.625
prefill,37,9,225,3,96,0.03125,0.65625
prefill,37,10,233,3,96,0.03125,0.6875
prefill,37,11,177,2,96,0.0208333333333333,0.708333333333333
prefill,37,12,208,2,96,0.0208333333333333,0.729166666666667
prefill,37,13,4,1,96,0.0104166666666667,0.739583333333333
prefill,37,14,26,1,96,0.0104166666666667,0.75
prefill,37,15,33,1,96,0.0104166666666667,0.760416666666667
prefill,37,16,44,1,96,0.0104166666666667,0.770833333333333
prefill,37,17,61,1,96,0.0104166666666667,0.78125
prefill,37,18,71,1,96,0.0104166666666667,0.791666666666667
prefill,37,19,74,1,96,0.0104166666666667,0.802083333333333
prefill,37,20,82,1,96,0.0104166666666667,0.8125
prefill,37,21,86,1,96,0.0104166666666667,0.822916666666666
prefill,37,22,93,1,96,0.0104166666666667,0.833333333333333
prefill,37,23,110,1,96,0.0104166666666667,0.84375
prefill,37,24,111,1,96,0.0104166666666667,0.854166666666666
prefill,37,25,113,1,96,0.0104166666666667,0.864583333333333
prefill,37,26,124,1,96,0.0104166666666667,0.875
prefill,37,27,125,1,96,0.0104166666666667,0.885416666666666
prefill,37,28,132,1,96,0.0104166666666667,0.895833333333333
prefill,37,29,142,1,96,0.0104166666666667,0.906249999999999
prefill,37,30,159,1,96,0.0104166666666667,0.916666666666666
prefill,37,31,162,1,96,0.0104166666666667,0.927083333333333
prefill,37,32,172,1,96,0.0104166666666667,0.937499999999999
prefill,37,33,173,1,96,0.0104166666666667,0.947916666666666
prefill,37,34,185,1,96,0.0104166666666667,0.958333333333333
prefill,37,35,189,1,96,0.0104166666666667,0.968749999999999
prefill,37,36,192,1,96,0.0104166666666667,0.979166666666666
prefill,37,37,213,1,96,0.0104166666666667,0.989583333333332
prefill,37,38,216,1,96,0.0104166666666667,0.999999999999999
prefill,37,39,0,0,96,0,0.999999999999999
prefill,37,40,1,0,96,0,0.999999999999999
prefill,37,41,2,0,96,0,0.999999999999999
prefill,37,42,3,0,96,0,0.999999999999999
prefill,37,43,5,0,96,0,0.999999999999999
prefill,37,44,6,0,96,0,0.999999999999999
prefill,37,45,7,0,96,0,0.999999999999999
prefill,37,46,8,0,96,0,0.999999999999999
prefill,37,47,9,0,96,0,0.999999999999999
prefill,37,48,10,0,96,0,0.999999999999999
prefill,37,49,11,0,96,0,0.999999999999999
prefill,37,50,12,0,96,0,0.999999999999999
prefill,37,51,13,0,96,0,0.999999999999999
prefill,37,52,14,0,96,0,0.999999999999999
prefill,37,53,15,0,96,0,0.999999999999999
prefill,37,54,16,0,96,0,0.999999999999999
prefill,37,55,17,0,96,0,0.999999999999999
prefill,37,56,18,0,96,0,0.999999999999999
prefill,37,57,19,0,96,0,0.999999999999999
prefill,37,58,20,0,96,0,0.999999999999999
prefill,37,59,21,0,96,0,0.999999999999999
prefill,37,60,22,0,96,0,0.999999999999999
prefill,37,61,23,0,96,0,0.999999999999999
prefill,37,62,24,0,96,0,0.999999999999999
prefill,37,63,25,0,96,0,0.999999999999999
prefill,37,64,27,0,96,0,0.999999999999999
prefill,37,65,28,0,96,0,0.999999999999999
prefill,37,66,30,0,96,0,0.999999999999999
prefill,37,67,31,0,96,0,0.999999999999999
prefill,37,68,32,0,96,0,0.999999999999999
prefill,37,69,34,0,96,0,0.999999999999999
prefill,37,70,35,0,96,0,0.999999999999999
prefill,37,71,36,0,96,0,0.999999999999999
prefill,37,72,37,0,96,0,0.999999999999999
prefill,37,73,39,0,96,0,0.999999999999999
prefill,37,74,40,0,96,0,0.999999999999999
prefill,37,75,41,0,96,0,0.999999999999999
prefill,37,76,42,0,96,0,0.999999999999999
prefill,37,77,43,0,96,0,0.999999999999999
prefill,37,78,45,0,96,0,0.999999999999999
prefill,37,79,46,0,96,0,0.999999999999999
prefill,37,80,47,0,96,0,0.999999999999999
prefill,37,81,48,0,96,0,0.999999999999999
prefill,37,82,49,0,96,0,0.999999999999999
prefill,37,83,50,0,96,0,0.999999999999999
prefill,37,84,51,0,96,0,0.999999999999999
prefill,37,85,52,0,96,0,0.999999999999999
prefill,37,86,53,0,96,0,0.999999999999999
prefill,37,87,54,0,96,0,0.999999999999999
prefill,37,88,55,0,96,0,0.999999999999999
prefill,37,89,57,0,96,0,0.999999999999999
prefill,37,90,58,0,96,0,0.999999999999999
prefill,37,91,59,0,96,0,0.999999999999999
prefill,37,92,60,0,96,0,0.999999999999999
prefill,37,93,62,0,96,0,0.999999999999999
prefill,37,94,63,0,96,0,0.999999999999999
prefill,37,95,64,0,96,0,0.999999999999999
prefill,37,96,65,0,96,0,0.999999999999999
prefill,37,97,66,0,96,0,0.999999999999999
prefill,37,98,67,0,96,0,0.999999999999999
prefill,37,99,68,0,96,0,0.999999999999999
prefill,37,100,69,0,96,0,0.999999999999999
prefill,37,101,70,0,96,0,0.999999999999999
prefill,37,102,72,0,96,0,0.999999999999999
prefill,37,103,73,0,96,0,0.999999999999999
prefill,37,104,75,0,96,0,0.999999999999999
prefill,37,105,77,0,96,0,0.999999999999999
prefill,37,106,78,0,96,0,0.999999999999999
prefill,37,107,79,0,96,0,0.999999999999999
prefill,37,108,80,0,96,0,0.999999999999999
prefill,37,109,81,0,96,0,0.999999999999999
prefill,37,110,83,0,96,0,0.999999999999999
prefill,37,111,84,0,96,0,0.999999999999999
prefill,37,112,85,0,96,0,0.999999999999999
prefill,37,113,87,0,96,0,0.999999999999999
prefill,37,114,88,0,96,0,0.999999999999999
prefill,37,115,89,0,96,0,0.999999999999999
prefill,37,116,90,0,96,0,0.999999999999999
prefill,37,117,91,0,96,0,0.999999999999999
prefill,37,118,92,0,96,0,0.999999999999999
prefill,37,119,94,0,96,0,0.999999999999999
prefill,37,120,95,0,96,0,0.999999999999999
prefill,37,121,96,0,96,0,0.999999999999999
prefill,37,122,97,0,96,0,0.999999999999999
prefill,37,123,98,0,96,0,0.999999999999999
prefill,37,124,99,0,96,0,0.999999999999999
prefill,37,125,100,0,96,0,0.999999999999999
prefill,37,126,101,0,96,0,0.999999999999999
prefill,37,127,102,0,96,0,0.999999999999999
prefill,37,128,103,0,96,0,0.999999999999999
prefill,37,129,104,0,96,0,0.999999999999999
prefill,37,130,105,0,96,0,0.999999999999999
prefill,37,131,106,0,96,0,0.999999999999999
prefill,37,132,107,0,96,0,0.999999999999999
prefill,37,133,108,0,96,0,0.999999999999999
prefill,37,134,109,0,96,0,0.999999999999999
prefill,37,135,112,0,96,0,0.999999999999999
prefill,37,136,114,0,96,0,0.999999999999999
prefill,37,137,115,0,96,0,0.999999999999999
prefill,37,138,116,0,96,0,0.999999999999999
prefill,37,139,117,0,96,0,0.999999999999999
prefill,37,140,118,0,96,0,0.999999999999999
prefill,37,141,119,0,96,0,0.999999999999999
prefill,37,142,120,0,96,0,0.999999999999999
prefill,37,143,121,0,96,0,0.999999999999999
prefill,37,144,122,0,96,0,0.999999999999999
prefill,37,145,123,0,96,0,0.999999999999999
prefill,37,146,126,0,96,0,0.999999999999999
prefill,37,147,127,0,96,0,0.999999999999999
prefill,37,148,128,0,96,0,0.999999999999999
prefill,37,149,129,0,96,0,0.999999999999999
prefill,37,150,130,0,96,0,0.999999999999999
prefill,37,151,133,0,96,0,0.999999999999999
prefill,37,152,134,0,96,0,0.999999999999999
prefill,37,153,135,0,96,0,0.999999999999999
prefill,37,154,136,0,96,0,0.999999999999999
prefill,37,155,137,0,96,0,0.999999999999999
prefill,37,156,138,0,96,0,0.999999999999999
prefill,37,157,139,0,96,0,0.999999999999999
prefill,37,158,140,0,96,0,0.999999999999999
prefill,37,159,141,0,96,0,0.999999999999999
prefill,37,160,143,0,96,0,0.999999999999999
prefill,37,161,144,0,96,0,0.999999999999999
prefill,37,162,145,0,96,0,0.999999999999999
prefill,37,163,146,0,96,0,0.999999999999999
prefill,37,164,147,0,96,0,0.999999999999999
prefill,37,165,148,0,96,0,0.999999999999999
prefill,37,166,149,0,96,0,0.999999999999999
prefill,37,167,150,0,96,0,0.999999999999999
prefill,37,168,151,0,96,0,0.999999999999999
prefill,37,169,152,0,96,0,0.999999999999999
prefill,37,170,153,0,96,0,0.999999999999999
prefill,37,171,154,0,96,0,0.999999999999999
prefill,37,172,155,0,96,0,0.999999999999999
prefill,37,173,156,0,96,0,0.999999999999999
prefill,37,174,157,0,96,0,0.999999999999999
prefill,37,175,158,0,96,0,0.999999999999999
prefill,37,176,160,0,96,0,0.999999999999999
prefill,37,177,163,0,96,0,0.999999999999999
prefill,37,178,164,0,96,0,0.999999999999999
prefill,37,179,165,0,96,0,0.999999999999999
prefill,37,180,166,0,96,0,0.999999999999999
prefill,37,181,167,0,96,0,0.999999999999999
prefill,37,182,169,0,96,0,0.999999999999999
prefill,37,183,170,0,96,0,0.999999999999999
prefill,37,184,171,0,96,0,0.999999999999999
prefill,37,185,174,0,96,0,0.999999999999999
prefill,37,186,175,0,96,0,0.999999999999999
prefill,37,187,176,0,96,0,0.999999999999999
prefill,37,188,178,0,96,0,0.999999999999999
prefill,37,189,179,0,96,0,0.999999999999999
prefill,37,190,180,0,96,0,0.999999999999999
prefill,37,191,181,0,96,0,0.999999999999999
prefill,37,192,182,0,96,0,0.999999999999999
prefill,37,193,183,0,96,0,0.999999999999999
prefill,37,194,184,0,96,0,0.999999999999999
prefill,37,195,186,0,96,0,0.999999999999999
prefill,37,196,187,0,96,0,0.999999999999999
prefill,37,197,188,0,96,0,0.999999999999999
prefill,37,198,190,0,96,0,0.999999999999999
prefill,37,199,191,0,96,0,0.999999999999999
prefill,37,200,193,0,96,0,0.999999999999999
prefill,37,201,194,0,96,0,0.999999999999999
prefill,37,202,195,0,96,0,0.999999999999999
prefill,37,203,196,0,96,0,0.999999999999999
prefill,37,204,197,0,96,0,0.999999999999999
prefill,37,205,198,0,96,0,0.999999999999999
prefill,37,206,199,0,96,0,0.999999999999999
prefill,37,207,200,0,96,0,0.999999999999999
prefill,37,208,201,0,96,0,0.999999999999999
prefill,37,209,202,0,96,0,0.999999999999999
prefill,37,210,203,0,96,0,0.999999999999999
prefill,37,211,204,0,96,0,0.999999999999999
prefill,37,212,205,0,96,0,0.999999999999999
prefill,37,213,206,0,96,0,0.999999999999999
prefill,37,214,207,0,96,0,0.999999999999999
prefill,37,215,209,0,96,0,0.999999999999999
prefill,37,216,210,0,96,0,0.999999999999999
prefill,37,217,211,0,96,0,0.999999999999999
prefill,37,218,212,0,96,0,0.999999999999999
prefill,37,219,214,0,96,0,0.999999999999999
prefill,37,220,215,0,96,0,0.999999999999999
prefill,37,221,217,0,96,0,0.999999999999999
prefill,37,222,218,0,96,0,0.999999999999999
prefill,37,223,219,0,96,0,0.999999999999999
prefill,37,224,220,0,96,0,0.999999999999999
prefill,37,225,221,0,96,0,0.999999999999999
prefill,37,226,222,0,96,0,0.999999999999999
prefill,37,227,223,0,96,0,0.999999999999999
prefill,37,228,224,0,96,0,0.999999999999999
prefill,37,229,226,0,96,0,0.999999999999999
prefill,37,230,227,0,96,0,0.999999999999999
prefill,37,231,229,0,96,0,0.999999999999999
prefill,37,232,230,0,96,0,0.999999999999999
prefill,37,233,231,0,96,0,0.999999999999999
prefill,37,234,232,0,96,0,0.999999999999999
prefill,37,235,234,0,96,0,0.999999999999999
prefill,37,236,235,0,96,0,0.999999999999999
prefill,37,237,236,0,96,0,0.999999999999999
prefill,37,238,237,0,96,0,0.999999999999999
prefill,37,239,238,0,96,0,0.999999999999999
prefill,37,240,239,0,96,0,0.999999999999999
prefill,37,241,240,0,96,0,0.999999999999999
prefill,37,242,241,0,96,0,0.999999999999999
prefill,37,243,242,0,96,0,0.999999999999999
prefill,37,244,243,0,96,0,0.999999999999999
prefill,37,245,244,0,96,0,0.999999999999999
prefill,37,246,245,0,96,0,0.999999999999999
prefill,37,247,246,0,96,0,0.999999999999999
prefill,37,248,247,0,96,0,0.999999999999999
prefill,37,249,248,0,96,0,0.999999999999999
prefill,37,250,249,0,96,0,0.999999999999999
prefill,37,251,250,0,96,0,0.999999999999999
prefill,37,252,251,0,96,0,0.999999999999999
prefill,37,253,252,0,96,0,0.999999999999999
prefill,37,254,253,0,96,0,0.999999999999999
prefill,37,255,254,0,96,0,0.999999999999999
prefill,37,256,255,0,96,0,0.999999999999999
prefill,38,1,23,15,96,0.15625,0.15625
prefill,38,2,10,10,96,0.104166666666667,0.260416666666667
prefill,38,3,179,9,96,0.09375,0.354166666666667
prefill,38,4,201,7,96,0.0729166666666667,0.427083333333333
prefill,38,5,44,6,96,0.0625,0.489583333333333
prefill,38,6,74,4,96,0.0416666666666667,0.53125
prefill,38,7,100,3,96,0.03125,0.5625
prefill,38,8,63,2,96,0.0208333333333333,0.583333333333333
prefill,38,9,73,2,96,0.0208333333333333,0.604166666666667
prefill,38,10,173,2,96,0.0208333333333333,0.625
prefill,38,11,199,2,96,0.0208333333333333,0.645833333333333
prefill,38,12,211,2,96,0.0208333333333333,0.666666666666667
prefill,38,13,13,1,96,0.0104166666666667,0.677083333333333
prefill,38,14,19,1,96,0.0104166666666667,0.6875
prefill,38,15,25,1,96,0.0104166666666667,0.697916666666667
prefill,38,16,27,1,96,0.0104166666666667,0.708333333333333
prefill,38,17,35,1,96,0.0104166666666667,0.71875
prefill,38,18,42,1,96,0.0104166666666667,0.729166666666667
prefill,38,19,43,1,96,0.0104166666666667,0.739583333333333
prefill,38,20,49,1,96,0.0104166666666667,0.75
prefill,38,21,57,1,96,0.0104166666666667,0.760416666666667
prefill,38,22,67,1,96,0.0104166666666667,0.770833333333333
prefill,38,23,75,1,96,0.0104166666666667,0.78125
prefill,38,24,83,1,96,0.0104166666666667,0.791666666666666
prefill,38,25,86,1,96,0.0104166666666667,0.802083333333333
prefill,38,26,105,1,96,0.0104166666666667,0.8125
prefill,38,27,111,1,96,0.0104166666666667,0.822916666666666
prefill,38,28,115,1,96,0.0104166666666667,0.833333333333333
prefill,38,29,133,1,96,0.0104166666666667,0.84375
prefill,38,30,134,1,96,0.0104166666666667,0.854166666666666
prefill,38,31,141,1,96,0.0104166666666667,0.864583333333333
prefill,38,32,145,1,96,0.0104166666666667,0.874999999999999
prefill,38,33,146,1,96,0.0104166666666667,0.885416666666666
prefill,38,34,149,1,96,0.0104166666666667,0.895833333333333
prefill,38,35,152,1,96,0.0104166666666667,0.906249999999999
prefill,38,36,165,1,96,0.0104166666666667,0.916666666666666
prefill,38,37,166,1,96,0.0104166666666667,0.927083333333333
prefill,38,38,169,1,96,0.0104166666666667,0.937499999999999
prefill,38,39,174,1,96,0.0104166666666667,0.947916666666666
prefill,38,40,180,1,96,0.0104166666666667,0.958333333333332
prefill,38,41,190,1,96,0.0104166666666667,0.968749999999999
prefill,38,42,209,1,96,0.0104166666666667,0.979166666666666
prefill,38,43,217,1,96,0.0104166666666667,0.989583333333332
prefill,38,44,253,1,96,0.0104166666666667,0.999999999999999
prefill,38,45,0,0,96,0,0.999999999999999
prefill,38,46,1,0,96,0,0.999999999999999
prefill,38,47,2,0,96,0,0.999999999999999
prefill,38,48,3,0,96,0,0.999999999999999
prefill,38,49,4,0,96,0,0.999999999999999
prefill,38,50,5,0,96,0,0.999999999999999
prefill,38,51,6,0,96,0,0.999999999999999
prefill,38,52,7,0,96,0,0.999999999999999
prefill,38,53,8,0,96,0,0.999999999999999
prefill,38,54,9,0,96,0,0.999999999999999
prefill,38,55,11,0,96,0,0.999999999999999
prefill,38,56,12,0,96,0,0.999999999999999
prefill,38,57,14,0,96,0,0.999999999999999
prefill,38,58,15,0,96,0,0.999999999999999
prefill,38,59,16,0,96,0,0.999999999999999
prefill,38,60,17,0,96,0,0.999999999999999
prefill,38,61,18,0,96,0,0.999999999999999
prefill,38,62,20,0,96,0,0.999999999999999
prefill,38,63,21,0,96,0,0.999999999999999
prefill,38,64,22,0,96,0,0.999999999999999
prefill,38,65,24,0,96,0,0.999999999999999
prefill,38,66,26,0,96,0,0.999999999999999
prefill,38,67,28,0,96,0,0.999999999999999
prefill,38,68,29,0,96,0,0.999999999999999
prefill,38,69,30,0,96,0,0.999999999999999
prefill,38,70,31,0,96,0,0.999999999999999
prefill,38,71,32,0,96,0,0.999999999999999
prefill,38,72,33,0,96,0,0.999999999999999
prefill,38,73,34,0,96,0,0.999999999999999
prefill,38,74,36,0,96,0,0.999999999999999
prefill,38,75,37,0,96,0,0.999999999999999
prefill,38,76,38,0,96,0,0.999999999999999
prefill,38,77,39,0,96,0,0.999999999999999
prefill,38,78,40,0,96,0,0.999999999999999
prefill,38,79,41,0,96,0,0.999999999999999
prefill,38,80,45,0,96,0,0.999999999999999
prefill,38,81,46,0,96,0,0.999999999999999
prefill,38,82,47,0,96,0,0.999999999999999
prefill,38,83,48,0,96,0,0.999999999999999
prefill,38,84,50,0,96,0,0.999999999999999
prefill,38,85,51,0,96,0,0.999999999999999
prefill,38,86,52,0,96,0,0.999999999999999
prefill,38,87,53,0,96,0,0.999999999999999
prefill,38,88,54,0,96,0,0.999999999999999
prefill,38,89,55,0,96,0,0.999999999999999
prefill,38,90,56,0,96,0,0.999999999999999
prefill,38,91,58,0,96,0,0.999999999999999
prefill,38,92,59,0,96,0,0.999999999999999
prefill,38,93,60,0,96,0,0.999999999999999
prefill,38,94,61,0,96,0,0.999999999999999
prefill,38,95,62,0,96,0,0.999999999999999
prefill,38,96,64,0,96,0,0.999999999999999
prefill,38,97,65,0,96,0,0.999999999999999
prefill,38,98,66,0,96,0,0.999999999999999
prefill,38,99,68,0,96,0,0.999999999999999
prefill,38,100,69,0,96,0,0.999999999999999
prefill,38,101,70,0,96,0,0.999999999999999
prefill,38,102,71,0,96,0,0.999999999999999
prefill,38,103,72,0,96,0,0.999999999999999
prefill,38,104,76,0,96,0,0.999999999999999
prefill,38,105,77,0,96,0,0.999999999999999
prefill,38,106,78,0,96,0,0.999999999999999
prefill,38,107,79,0,96,0,0.999999999999999
prefill,38,108,80,0,96,0,0.999999999999999
prefill,38,109,81,0,96,0,0.999999999999999
prefill,38,110,82,0,96,0,0.999999999999999
prefill,38,111,84,0,96,0,0.999999999999999
prefill,38,112,85,0,96,0,0.999999999999999
prefill,38,113,87,0,96,0,0.999999999999999
prefill,38,114,88,0,96,0,0.999999999999999
prefill,38,115,89,0,96,0,0.999999999999999
prefill,38,116,90,0,96,0,0.999999999999999
prefill,38,117,91,0,96,0,0.999999999999999
prefill,38,118,92,0,96,0,0.999999999999999
prefill,38,119,93,0,96,0,0.999999999999999
prefill,38,120,94,0,96,0,0.999999999999999
prefill,38,121,95,0,96,0,0.999999999999999
prefill,38,122,96,0,96,0,0.999999999999999
prefill,38,123,97,0,96,0,0.999999999999999
prefill,38,124,98,0,96,0,0.999999999999999
prefill,38,125,99,0,96,0,0.999999999999999
prefill,38,126,101,0,96,0,0.999999999999999
prefill,38,127,102,0,96,0,0.999999999999999
prefill,38,128,103,0,96,0,0.999999999999999
prefill,38,129,104,0,96,0,0.999999999999999
prefill,38,130,106,0,96,0,0.999999999999999
prefill,38,131,107,0,96,0,0.999999999999999
prefill,38,132,108,0,96,0,0.999999999999999
prefill,38,133,109,0,96,0,0.999999999999999
prefill,38,134,110,0,96,0,0.999999999999999
prefill,38,135,112,0,96,0,0.999999999999999
prefill,38,136,113,0,96,0,0.999999999999999
prefill,38,137,114,0,96,0,0.999999999999999
prefill,38,138,116,0,96,0,0.999999999999999
prefill,38,139,117,0,96,0,0.999999999999999
prefill,38,140,118,0,96,0,0.999999999999999
prefill,38,141,119,0,96,0,0.999999999999999
prefill,38,142,120,0,96,0,0.999999999999999
prefill,38,143,121,0,96,0,0.999999999999999
prefill,38,144,122,0,96,0,0.999999999999999
prefill,38,145,123,0,96,0,0.999999999999999
prefill,38,146,124,0,96,0,0.999999999999999
prefill,38,147,125,0,96,0,0.999999999999999
prefill,38,148,126,0,96,0,0.999999999999999
prefill,38,149,127,0,96,0,0.999999999999999
prefill,38,150,128,0,96,0,0.999999999999999
prefill,38,151,129,0,96,0,0.999999999999999
prefill,38,152,130,0,96,0,0.999999999999999
prefill,38,153,131,0,96,0,0.999999999999999
prefill,38,154,132,0,96,0,0.999999999999999
prefill,38,155,135,0,96,0,0.999999999999999
prefill,38,156,136,0,96,0,0.999999999999999
prefill,38,157,137,0,96,0,0.999999999999999
prefill,38,158,138,0,96,0,0.999999999999999
prefill,38,159,139,0,96,0,0.999999999999999
prefill,38,160,140,0,96,0,0.999999999999999
prefill,38,161,142,0,96,0,0.999999999999999
prefill,38,162,143,0,96,0,0.999999999999999
prefill,38,163,144,0,96,0,0.999999999999999
prefill,38,164,147,0,96,0,0.999999999999999
prefill,38,165,148,0,96,0,0.999999999999999
prefill,38,166,150,0,96,0,0.999999999999999
prefill,38,167,151,0,96,0,0.999999999999999
prefill,38,168,153,0,96,0,0.999999999999999
prefill,38,169,154,0,96,0,0.999999999999999
prefill,38,170,155,0,96,0,0.999999999999999
prefill,38,171,156,0,96,0,0.999999999999999
prefill,38,172,157,0,96,0,0.999999999999999
prefill,38,173,158,0,96,0,0.999999999999999
prefill,38,174,159,0,96,0,0.999999999999999
prefill,38,175,160,0,96,0,0.999999999999999
prefill,38,176,161,0,96,0,0.999999999999999
prefill,38,177,162,0,96,0,0.999999999999999
prefill,38,178,163,0,96,0,0.999999999999999
prefill,38,179,164,0,96,0,0.999999999999999
prefill,38,180,167,0,96,0,0.999999999999999
prefill,38,181,168,0,96,0,0.999999999999999
prefill,38,182,170,0,96,0,0.999999999999999
prefill,38,183,171,0,96,0,0.999999999999999
prefill,38,184,172,0,96,0,0.999999999999999
prefill,38,185,175,0,96,0,0.999999999999999
prefill,38,186,176,0,96,0,0.999999999999999
prefill,38,187,177,0,96,0,0.999999999999999
prefill,38,188,178,0,96,0,0.999999999999999
prefill,38,189,181,0,96,0,0.999999999999999
prefill,38,190,182,0,96,0,0.999999999999999
prefill,38,191,183,0,96,0,0.999999999999999
prefill,38,192,184,0,96,0,0.999999999999999
prefill,38,193,185,0,96,0,0.999999999999999
prefill,38,194,186,0,96,0,0.999999999999999
prefill,38,195,187,0,96,0,0.999999999999999
prefill,38,196,188,0,96,0,0.999999999999999
prefill,38,197,189,0,96,0,0.999999999999999
prefill,38,198,191,0,96,0,0.999999999999999
prefill,38,199,192,0,96,0,0.999999999999999
prefill,38,200,193,0,96,0,0.999999999999999
prefill,38,201,194,0,96,0,0.999999999999999
prefill,38,202,195,0,96,0,0.999999999999999
prefill,38,203,196,0,96,0,0.999999999999999
prefill,38,204,197,0,96,0,0.999999999999999
prefill,38,205,198,0,96,0,0.999999999999999
prefill,38,206,200,0,96,0,0.999999999999999
prefill,38,207,202,0,96,0,0.999999999999999
prefill,38,208,203,0,96,0,0.999999999999999
prefill,38,209,204,0,96,0,0.999999999999999
prefill,38,210,205,0,96,0,0.999999999999999
prefill,38,211,206,0,96,0,0.999999999999999
prefill,38,212,207,0,96,0,0.999999999999999
prefill,38,213,208,0,96,0,0.999999999999999
prefill,38,214,210,0,96,0,0.999999999999999
prefill,38,215,212,0,96,0,0.999999999999999
prefill,38,216,213,0,96,0,0.999999999999999
prefill,38,217,214,0,96,0,0.999999999999999
prefill,38,218,215,0,96,0,0.999999999999999
prefill,38,219,216,0,96,0,0.999999999999999
prefill,38,220,218,0,96,0,0.999999999999999
prefill,38,221,219,0,96,0,0.999999999999999
prefill,38,222,220,0,96,0,0.999999999999999
prefill,38,223,221,0,96,0,0.999999999999999
prefill,38,224,222,0,96,0,0.999999999999999
prefill,38,225,223,0,96,0,0.999999999999999
prefill,38,226,224,0,96,0,0.999999999999999
prefill,38,227,225,0,96,0,0.999999999999999
prefill,38,228,226,0,96,0,0.999999999999999
prefill,38,229,227,0,96,0,0.999999999999999
prefill,38,230,228,0,96,0,0.999999999999999
prefill,38,231,229,0,96,0,0.999999999999999
prefill,38,232,230,0,96,0,0.999999999999999
prefill,38,233,231,0,96,0,0.999999999999999
prefill,38,234,232,0,96,0,0.999999999999999
prefill,38,235,233,0,96,0,0.999999999999999
prefill,38,236,234,0,96,0,0.999999999999999
prefill,38,237,235,0,96,0,0.999999999999999
prefill,38,238,236,0,96,0,0.999999999999999
prefill,38,239,237,0,96,0,0.999999999999999
prefill,38,240,238,0,96,0,0.999999999999999
prefill,38,241,239,0,96,0,0.999999999999999
prefill,38,242,240,0,96,0,0.999999999999999
prefill,38,243,241,0,96,0,0.999999999999999
prefill,38,244,242,0,96,0,0.999999999999999
prefill,38,245,243,0,96,0,0.999999999999999
prefill,38,246,244,0,96,0,0.999999999999999
prefill,38,247,245,0,96,0,0.999999999999999
prefill,38,248,246,0,96,0,0.999999999999999
prefill,38,249,247,0,96,0,0.999999999999999
prefill,38,250,248,0,96,0,0.999999999999999
prefill,38,251,249,0,96,0,0.999999999999999
prefill,38,252,250,0,96,0,0.999999999999999
prefill,38,253,251,0,96,0,0.999999999999999
prefill,38,254,252,0,96,0,0.999999999999999
prefill,38,255,254,0,96,0,0.999999999999999
prefill,38,256,255,0,96,0,0.999999999999999
prefill,39,1,120,12,96,0.125,0.125
prefill,39,2,121,8,96,0.0833333333333333,0.208333333333333
prefill,39,3,235,8,96,0.0833333333333333,0.291666666666667
prefill,39,4,170,6,96,0.0625,0.354166666666667
prefill,39,5,182,6,96,0.0625,0.416666666666667
prefill,39,6,38,5,96,0.0520833333333333,0.46875
prefill,39,7,85,5,96,0.0520833333333333,0.520833333333333
prefill,39,8,220,5,96,0.0520833333333333,0.572916666666667
prefill,39,9,126,4,96,0.0416666666666667,0.614583333333333
prefill,39,10,157,4,96,0.0416666666666667,0.65625
prefill,39,11,150,3,96,0.03125,0.6875
prefill,39,12,227,3,96,0.03125,0.71875
prefill,39,13,0,2,96,0.0208333333333333,0.739583333333333
prefill,39,14,129,2,96,0.0208333333333333,0.760416666666667
prefill,39,15,190,2,96,0.0208333333333333,0.78125
prefill,39,16,194,2,96,0.0208333333333333,0.802083333333333
prefill,39,17,24,1,96,0.0104166666666667,0.8125
prefill,39,18,52,1,96,0.0104166666666667,0.822916666666667
prefill,39,19,61,1,96,0.0104166666666667,0.833333333333333
prefill,39,20,64,1,96,0.0104166666666667,0.84375
prefill,39,21,78,1,96,0.0104166666666667,0.854166666666667
prefill,39,22,86,1,96,0.0104166666666667,0.864583333333333
prefill,39,23,102,1,96,0.0104166666666667,0.875
prefill,39,24,106,1,96,0.0104166666666667,0.885416666666666
prefill,39,25,112,1,96,0.0104166666666667,0.895833333333333
prefill,39,26,125,1,96,0.0104166666666667,0.90625
prefill,39,27,154,1,96,0.0104166666666667,0.916666666666666
prefill,39,28,165,1,96,0.0104166666666667,0.927083333333333
prefill,39,29,183,1,96,0.0104166666666667,0.9375
prefill,39,30,184,1,96,0.0104166666666667,0.947916666666666
prefill,39,31,189,1,96,0.0104166666666667,0.958333333333333
prefill,39,32,200,1,96,0.0104166666666667,0.968749999999999
prefill,39,33,214,1,96,0.0104166666666667,0.979166666666666
prefill,39,34,217,1,96,0.0104166666666667,0.989583333333333
prefill,39,35,228,1,96,0.0104166666666667,0.999999999999999
prefill,39,36,1,0,96,0,0.999999999999999
prefill,39,37,2,0,96,0,0.999999999999999
prefill,39,38,3,0,96,0,0.999999999999999
prefill,39,39,4,0,96,0,0.999999999999999
prefill,39,40,5,0,96,0,0.999999999999999
prefill,39,41,6,0,96,0,0.999999999999999
prefill,39,42,7,0,96,0,0.999999999999999
prefill,39,43,8,0,96,0,0.999999999999999
prefill,39,44,9,0,96,0,0.999999999999999
prefill,39,45,10,0,96,0,0.999999999999999
prefill,39,46,11,0,96,0,0.999999999999999
prefill,39,47,12,0,96,0,0.999999999999999
prefill,39,48,13,0,96,0,0.999999999999999
prefill,39,49,14,0,96,0,0.999999999999999
prefill,39,50,15,0,96,0,0.999999999999999
prefill,39,51,16,0,96,0,0.999999999999999
prefill,39,52,17,0,96,0,0.999999999999999
prefill,39,53,18,0,96,0,0.999999999999999
prefill,39,54,19,0,96,0,0.999999999999999
prefill,39,55,20,0,96,0,0.999999999999999
prefill,39,56,21,0,96,0,0.999999999999999
prefill,39,57,22,0,96,0,0.999999999999999
prefill,39,58,23,0,96,0,0.999999999999999
prefill,39,59,25,0,96,0,0.999999999999999
prefill,39,60,26,0,96,0,0.999999999999999
prefill,39,61,27,0,96,0,0.999999999999999
prefill,39,62,28,0,96,0,0.999999999999999
prefill,39,63,29,0,96,0,0.999999999999999
prefill,39,64,30,0,96,0,0.999999999999999
prefill,39,65,31,0,96,0,0.999999999999999
prefill,39,66,32,0,96,0,0.999999999999999
prefill,39,67,33,0,96,0,0.999999999999999
prefill,39,68,34,0,96,0,0.999999999999999
prefill,39,69,35,0,96,0,0.999999999999999
prefill,39,70,36,0,96,0,0.999999999999999
prefill,39,71,37,0,96,0,0.999999999999999
prefill,39,72,39,0,96,0,0.999999999999999
prefill,39,73,40,0,96,0,0.999999999999999
prefill,39,74,41,0,96,0,0.999999999999999
prefill,39,75,42,0,96,0,0.999999999999999
prefill,39,76,43,0,96,0,0.999999999999999
prefill,39,77,44,0,96,0,0.999999999999999
prefill,39,78,45,0,96,0,0.999999999999999
prefill,39,79,46,0,96,0,0.999999999999999
prefill,39,80,47,0,96,0,0.999999999999999
prefill,39,81,48,0,96,0,0.999999999999999
prefill,39,82,49,0,96,0,0.999999999999999
prefill,39,83,50,0,96,0,0.999999999999999
prefill,39,84,51,0,96,0,0.999999999999999
prefill,39,85,53,0,96,0,0.999999999999999
prefill,39,86,54,0,96,0,0.999999999999999
prefill,39,87,55,0,96,0,0.999999999999999
prefill,39,88,56,0,96,0,0.999999999999999
prefill,39,89,57,0,96,0,0.999999999999999
prefill,39,90,58,0,96,0,0.999999999999999
prefill,39,91,59,0,96,0,0.999999999999999
prefill,39,92,60,0,96,0,0.999999999999999
prefill,39,93,62,0,96,0,0.999999999999999
prefill,39,94,63,0,96,0,0.999999999999999
prefill,39,95,65,0,96,0,0.999999999999999
prefill,39,96,66,0,96,0,0.999999999999999
prefill,39,97,67,0,96,0,0.999999999999999
prefill,39,98,68,0,96,0,0.999999999999999
prefill,39,99,69,0,96,0,0.999999999999999
prefill,39,100,70,0,96,0,0.999999999999999
prefill,39,101,71,0,96,0,0.999999999999999
prefill,39,102,72,0,96,0,0.999999999999999
prefill,39,103,73,0,96,0,0.999999999999999
prefill,39,104,74,0,96,0,0.999999999999999
prefill,39,105,75,0,96,0,0.999999999999999
prefill,39,106,76,0,96,0,0.999999999999999
prefill,39,107,77,0,96,0,0.999999999999999
prefill,39,108,79,0,96,0,0.999999999999999
prefill,39,109,80,0,96,0,0.999999999999999
prefill,39,110,81,0,96,0,0.999999999999999
prefill,39,111,82,0,96,0,0.999999999999999
prefill,39,112,83,0,96,0,0.999999999999999
prefill,39,113,84,0,96,0,0.999999999999999
prefill,39,114,87,0,96,0,0.999999999999999
prefill,39,115,88,0,96,0,0.999999999999999
prefill,39,116,89,0,96,0,0.999999999999999
prefill,39,117,90,0,96,0,0.999999999999999
prefill,39,118,91,0,96,0,0.999999999999999
prefill,39,119,92,0,96,0,0.999999999999999
prefill,39,120,93,0,96,0,0.999999999999999
prefill,39,121,94,0,96,0,0.999999999999999
prefill,39,122,95,0,96,0,0.999999999999999
prefill,39,123,96,0,96,0,0.999999999999999
prefill,39,124,97,0,96,0,0.999999999999999
prefill,39,125,98,0,96,0,0.999999999999999
prefill,39,126,99,0,96,0,0.999999999999999
prefill,39,127,100,0,96,0,0.999999999999999
prefill,39,128,101,0,96,0,0.999999999999999
prefill,39,129,103,0,96,0,0.999999999999999
prefill,39,130,104,0,96,0,0.999999999999999
prefill,39,131,105,0,96,0,0.999999999999999
prefill,39,132,107,0,96,0,0.999999999999999
prefill,39,133,108,0,96,0,0.999999999999999
prefill,39,134,109,0,96,0,0.999999999999999
prefill,39,135,110,0,96,0,0.999999999999999
prefill,39,136,111,0,96,0,0.999999999999999
prefill,39,137,113,0,96,0,0.999999999999999
prefill,39,138,114,0,96,0,0.999999999999999
prefill,39,139,115,0,96,0,0.999999999999999
prefill,39,140,116,0,96,0,0.999999999999999
prefill,39,141,117,0,96,0,0.999999999999999
prefill,39,142,118,0,96,0,0.999999999999999
prefill,39,143,119,0,96,0,0.999999999999999
prefill,39,144,122,0,96,0,0.999999999999999
prefill,39,145,123,0,96,0,0.999999999999999
prefill,39,146,124,0,96,0,0.999999999999999
prefill,39,147,127,0,96,0,0.999999999999999
prefill,39,148,128,0,96,0,0.999999999999999
prefill,39,149,130,0,96,0,0.999999999999999
prefill,39,150,131,0,96,0,0.999999999999999
prefill,39,151,132,0,96,0,0.999999999999999
prefill,39,152,133,0,96,0,0.999999999999999
prefill,39,153,134,0,96,0,0.999999999999999
prefill,39,154,135,0,96,0,0.999999999999999
prefill,39,155,136,0,96,0,0.999999999999999
prefill,39,156,137,0,96,0,0.999999999999999
prefill,39,157,138,0,96,0,0.999999999999999
prefill,39,158,139,0,96,0,0.999999999999999
prefill,39,159,140,0,96,0,0.999999999999999
prefill,39,160,141,0,96,0,0.999999999999999
prefill,39,161,142,0,96,0,0.999999999999999
prefill,39,162,143,0,96,0,0.999999999999999
prefill,39,163,144,0,96,0,0.999999999999999
prefill,39,164,145,0,96,0,0.999999999999999
prefill,39,165,146,0,96,0,0.999999999999999
prefill,39,166,147,0,96,0,0.999999999999999
prefill,39,167,148,0,96,0,0.999999999999999
prefill,39,168,149,0,96,0,0.999999999999999
prefill,39,169,151,0,96,0,0.999999999999999
prefill,39,170,152,0,96,0,0.999999999999999
prefill,39,171,153,0,96,0,0.999999999999999
prefill,39,172,155,0,96,0,0.999999999999999
prefill,39,173,156,0,96,0,0.999999999999999
prefill,39,174,158,0,96,0,0.999999999999999
prefill,39,175,159,0,96,0,0.999999999999999
prefill,39,176,160,0,96,0,0.999999999999999
prefill,39,177,161,0,96,0,0.999999999999999
prefill,39,178,162,0,96,0,0.999999999999999
prefill,39,179,163,0,96,0,0.999999999999999
prefill,39,180,164,0,96,0,0.999999999999999
prefill,39,181,166,0,96,0,0.999999999999999
prefill,39,182,167,0,96,0,0.999999999999999
prefill,39,183,168,0,96,0,0.999999999999999
prefill,39,184,169,0,96,0,0.999999999999999
prefill,39,185,171,0,96,0,0.999999999999999
prefill,39,186,172,0,96,0,0.999999999999999
prefill,39,187,173,0,96,0,0.999999999999999
prefill,39,188,174,0,96,0,0.999999999999999
prefill,39,189,175,0,96,0,0.999999999999999
prefill,39,190,176,0,96,0,0.999999999999999
prefill,39,191,177,0,96,0,0.999999999999999
prefill,39,192,178,0,96,0,0.999999999999999
prefill,39,193,179,0,96,0,0.999999999999999
prefill,39,194,180,0,96,0,0.999999999999999
prefill,39,195,181,0,96,0,0.999999999999999
prefill,39,196,185,0,96,0,0.999999999999999
prefill,39,197,186,0,96,0,0.999999999999999
prefill,39,198,187,0,96,0,0.999999999999999
prefill,39,199,188,0,96,0,0.999999999999999
prefill,39,200,191,0,96,0,0.999999999999999
prefill,39,201,192,0,96,0,0.999999999999999
prefill,39,202,193,0,96,0,0.999999999999999
prefill,39,203,195,0,96,0,0.999999999999999
prefill,39,204,196,0,96,0,0.999999999999999
prefill,39,205,197,0,96,0,0.999999999999999
prefill,39,206,198,0,96,0,0.999999999999999
prefill,39,207,199,0,96,0,0.999999999999999
prefill,39,208,201,0,96,0,0.999999999999999
prefill,39,209,202,0,96,0,0.999999999999999
prefill,39,210,203,0,96,0,0.999999999999999
prefill,39,211,204,0,96,0,0.999999999999999
prefill,39,212,205,0,96,0,0.999999999999999
prefill,39,213,206,0,96,0,0.999999999999999
prefill,39,214,207,0,96,0,0.999999999999999
prefill,39,215,208,0,96,0,0.999999999999999
prefill,39,216,209,0,96,0,0.999999999999999
prefill,39,217,210,0,96,0,0.999999999999999
prefill,39,218,211,0,96,0,0.999999999999999
prefill,39,219,212,0,96,0,0.999999999999999
prefill,39,220,213,0,96,0,0.999999999999999
prefill,39,221,215,0,96,0,0.999999999999999
prefill,39,222,216,0,96,0,0.999999999999999
prefill,39,223,218,0,96,0,0.999999999999999
prefill,39,224,219,0,96,0,0.999999999999999
prefill,39,225,221,0,96,0,0.999999999999999
prefill,39,226,222,0,96,0,0.999999999999999
prefill,39,227,223,0,96,0,0.999999999999999
prefill,39,228,224,0,96,0,0.999999999999999
prefill,39,229,225,0,96,0,0.999999999999999
prefill,39,230,226,0,96,0,0.999999999999999
prefill,39,231,229,0,96,0,0.999999999999999
prefill,39,232,230,0,96,0,0.999999999999999
prefill,39,233,231,0,96,0,0.999999999999999
prefill,39,234,232,0,96,0,0.999999999999999
prefill,39,235,233,0,96,0,0.999999999999999
prefill,39,236,234,0,96,0,0.999999999999999
prefill,39,237,236,0,96,0,0.999999999999999
prefill,39,238,237,0,96,0,0.999999999999999
prefill,39,239,238,0,96,0,0.999999999999999
prefill,39,240,239,0,96,0,0.999999999999999
prefill,39,241,240,0,96,0,0.999999999999999
prefill,39,242,241,0,96,0,0.999999999999999
prefill,39,243,242,0,96,0,0.999999999999999
prefill,39,244,243,0,96,0,0.999999999999999
prefill,39,245,244,0,96,0,0.999999999999999
prefill,39,246,245,0,96,0,0.999999999999999
prefill,39,247,246,0,96,0,0.999999999999999
prefill,39,248,247,0,96,0,0.999999999999999
prefill,39,249,248,0,96,0,0.999999999999999
prefill,39,250,249,0,96,0,0.999999999999999
prefill,39,251,250,0,96,0,0.999999999999999
prefill,39,252,251,0,96,0,0.999999999999999
prefill,39,253,252,0,96,0,0.999999999999999
prefill,39,254,253,0,96,0,0.999999999999999
prefill,39,255,254,0,96,0,0.999999999999999
prefill,39,256,255,0,96,0,0.999999999999999
prefill,40,1,7,11,96,0.114583333333333,0.114583333333333
prefill,40,2,25,11,96,0.114583333333333,0.229166666666667
prefill,40,3,40,9,96,0.09375,0.322916666666667
prefill,40,4,145,9,96,0.09375,0.416666666666667
prefill,40,5,24,8,96,0.0833333333333333,0.5
prefill,40,6,23,7,96,0.0729166666666667,0.572916666666667
prefill,40,7,231,5,96,0.0520833333333333,0.625
prefill,40,8,233,5,96,0.0520833333333333,0.677083333333333
prefill,40,9,30,3,96,0.03125,0.708333333333333
prefill,40,10,153,3,96,0.03125,0.739583333333333
prefill,40,11,74,2,96,0.0208333333333333,0.760416666666667
prefill,40,12,82,2,96,0.0208333333333333,0.78125
prefill,40,13,1,1,96,0.0104166666666667,0.791666666666667
prefill,40,14,12,1,96,0.0104166666666667,0.802083333333333
prefill,40,15,19,1,96,0.0104166666666667,0.8125
prefill,40,16,29,1,96,0.0104166666666667,0.822916666666667
prefill,40,17,36,1,96,0.0104166666666667,0.833333333333333
prefill,40,18,41,1,96,0.0104166666666667,0.84375
prefill,40,19,59,1,96,0.0104166666666667,0.854166666666667
prefill,40,20,60,1,96,0.0104166666666667,0.864583333333333
prefill,40,21,99,1,96,0.0104166666666667,0.875
prefill,40,22,104,1,96,0.0104166666666667,0.885416666666666
prefill,40,23,110,1,96,0.0104166666666667,0.895833333333333
prefill,40,24,112,1,96,0.0104166666666667,0.90625
prefill,40,25,122,1,96,0.0104166666666667,0.916666666666666
prefill,40,26,125,1,96,0.0104166666666667,0.927083333333333
prefill,40,27,156,1,96,0.0104166666666667,0.9375
prefill,40,28,168,1,96,0.0104166666666667,0.947916666666666
prefill,40,29,169,1,96,0.0104166666666667,0.958333333333333
prefill,40,30,178,1,96,0.0104166666666667,0.968749999999999
prefill,40,31,210,1,96,0.0104166666666667,0.979166666666666
prefill,40,32,228,1,96,0.0104166666666667,0.989583333333333
prefill,40,33,247,1,96,0.0104166666666667,0.999999999999999
prefill,40,34,0,0,96,0,0.999999999999999
prefill,40,35,2,0,96,0,0.999999999999999
prefill,40,36,3,0,96,0,0.999999999999999
prefill,40,37,4,0,96,0,0.999999999999999
prefill,40,38,5,0,96,0,0.999999999999999
prefill,40,39,6,0,96,0,0.999999999999999
prefill,40,40,8,0,96,0,0.999999999999999
prefill,40,41,9,0,96,0,0.999999999999999
prefill,40,42,10,0,96,0,0.999999999999999
prefill,40,43,11,0,96,0,0.999999999999999
prefill,40,44,13,0,96,0,0.999999999999999
prefill,40,45,14,0,96,0,0.999999999999999
prefill,40,46,15,0,96,0,0.999999999999999
prefill,40,47,16,0,96,0,0.999999999999999
prefill,40,48,17,0,96,0,0.999999999999999
prefill,40,49,18,0,96,0,0.999999999999999
prefill,40,50,20,0,96,0,0.999999999999999
prefill,40,51,21,0,96,0,0.999999999999999
prefill,40,52,22,0,96,0,0.999999999999999
prefill,40,53,26,0,96,0,0.999999999999999
prefill,40,54,27,0,96,0,0.999999999999999
prefill,40,55,28,0,96,0,0.999999999999999
prefill,40,56,31,0,96,0,0.999999999999999
prefill,40,57,32,0,96,0,0.999999999999999
prefill,40,58,33,0,96,0,0.999999999999999
prefill,40,59,34,0,96,0,0.999999999999999
prefill,40,60,35,0,96,0,0.999999999999999
prefill,40,61,37,0,96,0,0.999999999999999
prefill,40,62,38,0,96,0,0.999999999999999
prefill,40,63,39,0,96,0,0.999999999999999
prefill,40,64,42,0,96,0,0.999999999999999
prefill,40,65,43,0,96,0,0.999999999999999
prefill,40,66,44,0,96,0,0.999999999999999
prefill,40,67,45,0,96,0,0.999999999999999
prefill,40,68,46,0,96,0,0.999999999999999
prefill,40,69,47,0,96,0,0.999999999999999
prefill,40,70,48,0,96,0,0.999999999999999
prefill,40,71,49,0,96,0,0.999999999999999
prefill,40,72,50,0,96,0,0.999999999999999
prefill,40,73,51,0,96,0,0.999999999999999
prefill,40,74,52,0,96,0,0.999999999999999
prefill,40,75,53,0,96,0,0.999999999999999
prefill,40,76,54,0,96,0,0.999999999999999
prefill,40,77,55,0,96,0,0.999999999999999
prefill,40,78,56,0,96,0,0.999999999999999
prefill,40,79,57,0,96,0,0.999999999999999
prefill,40,80,58,0,96,0,0.999999999999999
prefill,40,81,61,0,96,0,0.999999999999999
prefill,40,82,62,0,96,0,0.999999999999999
prefill,40,83,63,0,96,0,0.999999999999999
prefill,40,84,64,0,96,0,0.999999999999999
prefill,40,85,65,0,96,0,0.999999999999999
prefill,40,86,66,0,96,0,0.999999999999999
prefill,40,87,67,0,96,0,0.999999999999999
prefill,40,88,68,0,96,0,0.999999999999999
prefill,40,89,69,0,96,0,0.999999999999999
prefill,40,90,70,0,96,0,0.999999999999999
prefill,40,91,71,0,96,0,0.999999999999999
prefill,40,92,72,0,96,0,0.999999999999999
prefill,40,93,73,0,96,0,0.999999999999999
prefill,40,94,75,0,96,0,0.999999999999999
prefill,40,95,76,0,96,0,0.999999999999999
prefill,40,96,77,0,96,0,0.999999999999999
prefill,40,97,78,0,96,0,0.999999999999999
prefill,40,98,79,0,96,0,0.999999999999999
prefill,40,99,80,0,96,0,0.999999999999999
prefill,40,100,81,0,96,0,0.999999999999999
prefill,40,101,83,0,96,0,0.999999999999999
prefill,40,102,84,0,96,0,0.999999999999999
prefill,40,103,85,0,96,0,0.999999999999999
prefill,40,104,86,0,96,0,0.999999999999999
prefill,40,105,87,0,96,0,0.999999999999999
prefill,40,106,88,0,96,0,0.999999999999999
prefill,40,107,89,0,96,0,0.999999999999999
prefill,40,108,90,0,96,0,0.999999999999999
prefill,40,109,91,0,96,0,0.999999999999999
prefill,40,110,92,0,96,0,0.999999999999999
prefill,40,111,93,0,96,0,0.999999999999999
prefill,40,112,94,0,96,0,0.999999999999999
prefill,40,113,95,0,96,0,0.999999999999999
prefill,40,114,96,0,96,0,0.999999999999999
prefill,40,115,97,0,96,0,0.999999999999999
prefill,40,116,98,0,96,0,0.999999999999999
prefill,40,117,100,0,96,0,0.999999999999999
prefill,40,118,101,0,96,0,0.999999999999999
prefill,40,119,102,0,96,0,0.999999999999999
prefill,40,120,103,0,96,0,0.999999999999999
prefill,40,121,105,0,96,0,0.999999999999999
prefill,40,122,106,0,96,0,0.999999999999999
prefill,40,123,107,0,96,0,0.999999999999999
prefill,40,124,108,0,96,0,0.999999999999999
prefill,40,125,109,0,96,0,0.999999999999999
prefill,40,126,111,0,96,0,0.999999999999999
prefill,40,127,113,0,96,0,0.999999999999999
prefill,40,128,114,0,96,0,0.999999999999999
prefill,40,129,115,0,96,0,0.999999999999999
prefill,40,130,116,0,96,0,0.999999999999999
prefill,40,131,117,0,96,0,0.999999999999999
prefill,40,132,118,0,96,0,0.999999999999999
prefill,40,133,119,0,96,0,0.999999999999999
prefill,40,134,120,0,96,0,0.999999999999999
prefill,40,135,121,0,96,0,0.999999999999999
prefill,40,136,123,0,96,0,0.999999999999999
prefill,40,137,124,0,96,0,0.999999999999999
prefill,40,138,126,0,96,0,0.999999999999999
prefill,40,139,127,0,96,0,0.999999999999999
prefill,40,140,128,0,96,0,0.999999999999999
prefill,40,141,129,0,96,0,0.999999999999999
prefill,40,142,130,0,96,0,0.999999999999999
prefill,40,143,131,0,96,0,0.999999999999999
prefill,40,144,132,0,96,0,0.999999999999999
prefill,40,145,133,0,96,0,0.999999999999999
prefill,40,146,134,0,96,0,0.999999999999999
prefill,40,147,135,0,96,0,0.999999999999999
prefill,40,148,136,0,96,0,0.999999999999999
prefill,40,149,137,0,96,0,0.999999999999999
prefill,40,150,138,0,96,0,0.999999999999999
prefill,40,151,139,0,96,0,0.999999999999999
prefill,40,152,140,0,96,0,0.999999999999999
prefill,40,153,141,0,96,0,0.999999999999999
prefill,40,154,142,0,96,0,0.999999999999999
prefill,40,155,143,0,96,0,0.999999999999999
prefill,40,156,144,0,96,0,0.999999999999999
prefill,40,157,146,0,96,0,0.999999999999999
prefill,40,158,147,0,96,0,0.999999999999999
prefill,40,159,148,0,96,0,0.999999999999999
prefill,40,160,149,0,96,0,0.999999999999999
prefill,40,161,150,0,96,0,0.999999999999999
prefill,40,162,151,0,96,0,0.999999999999999
prefill,40,163,152,0,96,0,0.999999999999999
prefill,40,164,154,0,96,0,0.999999999999999
prefill,40,165,155,0,96,0,0.999999999999999
prefill,40,166,157,0,96,0,0.999999999999999
prefill,40,167,158,0,96,0,0.999999999999999
prefill,40,168,159,0,96,0,0.999999999999999
prefill,40,169,160,0,96,0,0.999999999999999
prefill,40,170,161,0,96,0,0.999999999999999
prefill,40,171,162,0,96,0,0.999999999999999
prefill,40,172,163,0,96,0,0.999999999999999
prefill,40,173,164,0,96,0,0.999999999999999
prefill,40,174,165,0,96,0,0.999999999999999
prefill,40,175,166,0,96,0,0.999999999999999
prefill,40,176,167,0,96,0,0.999999999999999
prefill,40,177,170,0,96,0,0.999999999999999
prefill,40,178,171,0,96,0,0.999999999999999
prefill,40,179,172,0,96,0,0.999999999999999
prefill,40,180,173,0,96,0,0.999999999999999
prefill,40,181,174,0,96,0,0.999999999999999
prefill,40,182,175,0,96,0,0.999999999999999
prefill,40,183,176,0,96,0,0.999999999999999
prefill,40,184,177,0,96,0,0.999999999999999
prefill,40,185,179,0,96,0,0.999999999999999
prefill,40,186,180,0,96,0,0.999999999999999
prefill,40,187,181,0,96,0,0.999999999999999
prefill,40,188,182,0,96,0,0.999999999999999
prefill,40,189,183,0,96,0,0.999999999999999
prefill,40,190,184,0,96,0,0.999999999999999
prefill,40,191,185,0,96,0,0.999999999999999
prefill,40,192,186,0,96,0,0.999999999999999
prefill,40,193,187,0,96,0,0.999999999999999
prefill,40,194,188,0,96,0,0.999999999999999
prefill,40,195,189,0,96,0,0.999999999999999
prefill,40,196,190,0,96,0,0.999999999999999
prefill,40,197,191,0,96,0,0.999999999999999
prefill,40,198,192,0,96,0,0.999999999999999
prefill,40,199,193,0,96,0,0.999999999999999
prefill,40,200,194,0,96,0,0.999999999999999
prefill,40,201,195,0,96,0,0.999999999999999
prefill,40,202,196,0,96,0,0.999999999999999
prefill,40,203,197,0,96,0,0.999999999999999
prefill,40,204,198,0,96,0,0.999999999999999
prefill,40,205,199,0,96,0,0.999999999999999
prefill,40,206,200,0,96,0,0.999999999999999
prefill,40,207,201,0,96,0,0.999999999999999
prefill,40,208,202,0,96,0,0.999999999999999
prefill,40,209,203,0,96,0,0.999999999999999
prefill,40,210,204,0,96,0,0.999999999999999
prefill,40,211,205,0,96,0,0.999999999999999
prefill,40,212,206,0,96,0,0.999999999999999
prefill,40,213,207,0,96,0,0.999999999999999
prefill,40,214,208,0,96,0,0.999999999999999
prefill,40,215,209,0,96,0,0.999999999999999
prefill,40,216,211,0,96,0,0.999999999999999
prefill,40,217,212,0,96,0,0.999999999999999
prefill,40,218,213,0,96,0,0.999999999999999
prefill,40,219,214,0,96,0,0.999999999999999
prefill,40,220,215,0,96,0,0.999999999999999
prefill,40,221,216,0,96,0,0.999999999999999
prefill,40,222,217,0,96,0,0.999999999999999
prefill,40,223,218,0,96,0,0.999999999999999
prefill,40,224,219,0,96,0,0.999999999999999
prefill,40,225,220,0,96,0,0.999999999999999
prefill,40,226,221,0,96,0,0.999999999999999
prefill,40,227,222,0,96,0,0.999999999999999
prefill,40,228,223,0,96,0,0.999999999999999
prefill,40,229,224,0,96,0,0.999999999999999
prefill,40,230,225,0,96,0,0.999999999999999
prefill,40,231,226,0,96,0,0.999999999999999
prefill,40,232,227,0,96,0,0.999999999999999
prefill,40,233,229,0,96,0,0.999999999999999
prefill,40,234,230,0,96,0,0.999999999999999
prefill,40,235,232,0,96,0,0.999999999999999
prefill,40,236,234,0,96,0,0.999999999999999
prefill,40,237,235,0,96,0,0.999999999999999
prefill,40,238,236,0,96,0,0.999999999999999
prefill,40,239,237,0,96,0,0.999999999999999
prefill,40,240,238,0,96,0,0.999999999999999
prefill,40,241,239,0,96,0,0.999999999999999
prefill,40,242,240,0,96,0,0.999999999999999
prefill,40,243,241,0,96,0,0.999999999999999
prefill,40,244,242,0,96,0,0.999999999999999
prefill,40,245,243,0,96,0,0.999999999999999
prefill,40,246,244,0,96,0,0.999999999999999
prefill,40,247,245,0,96,0,0.999999999999999
prefill,40,248,246,0,96,0,0.999999999999999
prefill,40,249,248,0,96,0,0.999999999999999
prefill,40,250,249,0,96,0,0.999999999999999
prefill,40,251,250,0,96,0,0.999999999999999
prefill,40,252,251,0,96,0,0.999999999999999
prefill,40,253,252,0,96,0,0.999999999999999
prefill,40,254,253,0,96,0,0.999999999999999
prefill,40,255,254,0,96,0,0.999999999999999
prefill,40,256,255,0,96,0,0.999999999999999
prefill,41,1,130,9,96,0.09375,0.09375
prefill,41,2,132,9,96,0.09375,0.1875
prefill,41,3,35,8,96,0.0833333333333333,0.270833333333333
prefill,41,4,225,8,96,0.0833333333333333,0.354166666666667
prefill,41,5,7,6,96,0.0625,0.416666666666667
prefill,41,6,59,6,96,0.0625,0.479166666666667
prefill,41,7,21,4,96,0.0416666666666667,0.520833333333333
prefill,41,8,41,4,96,0.0416666666666667,0.5625
prefill,41,9,185,4,96,0.0416666666666667,0.604166666666667
prefill,41,10,12,2,96,0.0208333333333333,0.625
prefill,41,11,140,2,96,0.0208333333333333,0.645833333333333
prefill,41,12,160,2,96,0.0208333333333333,0.666666666666667
prefill,41,13,167,2,96,0.0208333333333333,0.6875
prefill,41,14,183,2,96,0.0208333333333333,0.708333333333333
prefill,41,15,245,2,96,0.0208333333333333,0.729166666666667
prefill,41,16,246,2,96,0.0208333333333333,0.75
prefill,41,17,8,1,96,0.0104166666666667,0.760416666666667
prefill,41,18,10,1,96,0.0104166666666667,0.770833333333333
prefill,41,19,27,1,96,0.0104166666666667,0.78125
prefill,41,20,53,1,96,0.0104166666666667,0.791666666666667
prefill,41,21,73,1,96,0.0104166666666667,0.802083333333333
prefill,41,22,77,1,96,0.0104166666666667,0.8125
prefill,41,23,78,1,96,0.0104166666666667,0.822916666666667
prefill,41,24,80,1,96,0.0104166666666667,0.833333333333333
prefill,41,25,97,1,96,0.0104166666666667,0.84375
prefill,41,26,103,1,96,0.0104166666666667,0.854166666666666
prefill,41,27,117,1,96,0.0104166666666667,0.864583333333333
prefill,41,28,121,1,96,0.0104166666666667,0.875
prefill,41,29,125,1,96,0.0104166666666667,0.885416666666666
prefill,41,30,129,1,96,0.0104166666666667,0.895833333333333
prefill,41,31,154,1,96,0.0104166666666667,0.90625
prefill,41,32,164,1,96,0.0104166666666667,0.916666666666666
prefill,41,33,168,1,96,0.0104166666666667,0.927083333333333
prefill,41,34,175,1,96,0.0104166666666667,0.937499999999999
prefill,41,35,188,1,96,0.0104166666666667,0.947916666666666
prefill,41,36,192,1,96,0.0104166666666667,0.958333333333333
prefill,41,37,209,1,96,0.0104166666666667,0.968749999999999
prefill,41,38,218,1,96,0.0104166666666667,0.979166666666666
prefill,41,39,239,1,96,0.0104166666666667,0.989583333333333
prefill,41,40,248,1,96,0.0104166666666667,0.999999999999999
prefill,41,41,0,0,96,0,0.999999999999999
prefill,41,42,1,0,96,0,0.999999999999999
prefill,41,43,2,0,96,0,0.999999999999999
prefill,41,44,3,0,96,0,0.999999999999999
prefill,41,45,4,0,96,0,0.999999999999999
prefill,41,46,5,0,96,0,0.999999999999999
prefill,41,47,6,0,96,0,0.999999999999999
prefill,41,48,9,0,96,0,0.999999999999999
prefill,41,49,11,0,96,0,0.999999999999999
prefill,41,50,13,0,96,0,0.999999999999999
prefill,41,51,14,0,96,0,0.999999999999999
prefill,41,52,15,0,96,0,0.999999999999999
prefill,41,53,16,0,96,0,0.999999999999999
prefill,41,54,17,0,96,0,0.999999999999999
prefill,41,55,18,0,96,0,0.999999999999999
prefill,41,56,19,0,96,0,0.999999999999999
prefill,41,57,20,0,96,0,0.999999999999999
prefill,41,58,22,0,96,0,0.999999999999999
prefill,41,59,23,0,96,0,0.999999999999999
prefill,41,60,24,0,96,0,0.999999999999999
prefill,41,61,25,0,96,0,0.999999999999999
prefill,41,62,26,0,96,0,0.999999999999999
prefill,41,63,28,0,96,0,0.999999999999999
prefill,41,64,29,0,96,0,0.999999999999999
prefill,41,65,30,0,96,0,0.999999999999999
prefill,41,66,31,0,96,0,0.999999999999999
prefill,41,67,32,0,96,0,0.999999999999999
prefill,41,68,33,0,96,0,0.999999999999999
prefill,41,69,34,0,96,0,0.999999999999999
prefill,41,70,36,0,96,0,0.999999999999999
prefill,41,71,37,0,96,0,0.999999999999999
prefill,41,72,38,0,96,0,0.999999999999999
prefill,41,73,39,0,96,0,0.999999999999999
prefill,41,74,40,0,96,0,0.999999999999999
prefill,41,75,42,0,96,0,0.999999999999999
prefill,41,76,43,0,96,0,0.999999999999999
prefill,41,77,44,0,96,0,0.999999999999999
prefill,41,78,45,0,96,0,0.999999999999999
prefill,41,79,46,0,96,0,0.999999999999999
prefill,41,80,47,0,96,0,0.999999999999999
prefill,41,81,48,0,96,0,0.999999999999999
prefill,41,82,49,0,96,0,0.999999999999999
prefill,41,83,50,0,96,0,0.999999999999999
prefill,41,84,51,0,96,0,0.999999999999999
prefill,41,85,52,0,96,0,0.999999999999999
prefill,41,86,54,0,96,0,0.999999999999999
prefill,41,87,55,0,96,0,0.999999999999999
prefill,41,88,56,0,96,0,0.999999999999999
prefill,41,89,57,0,96,0,0.999999999999999
prefill,41,90,58,0,96,0,0.999999999999999
prefill,41,91,60,0,96,0,0.999999999999999
prefill,41,92,61,0,96,0,0.999999999999999
prefill,41,93,62,0,96,0,0.999999999999999
prefill,41,94,63,0,96,0,0.999999999999999
prefill,41,95,64,0,96,0,0.999999999999999
prefill,41,96,65,0,96,0,0.999999999999999
prefill,41,97,66,0,96,0,0.999999999999999
prefill,41,98,67,0,96,0,0.999999999999999
prefill,41,99,68,0,96,0,0.999999999999999
prefill,41,100,69,0,96,0,0.999999999999999
prefill,41,101,70,0,96,0,0.999999999999999
prefill,41,102,71,0,96,0,0.999999999999999
prefill,41,103,72,0,96,0,0.999999999999999
prefill,41,104,74,0,96,0,0.999999999999999
prefill,41,105,75,0,96,0,0.999999999999999
prefill,41,106,76,0,96,0,0.999999999999999
prefill,41,107,79,0,96,0,0.999999999999999
prefill,41,108,81,0,96,0,0.999999999999999
prefill,41,109,82,0,96,0,0.999999999999999
prefill,41,110,83,0,96,0,0.999999999999999
prefill,41,111,84,0,96,0,0.999999999999999
prefill,41,112,85,0,96,0,0.999999999999999
prefill,41,113,86,0,96,0,0.999999999999999
prefill,41,114,87,0,96,0,0.999999999999999
prefill,41,115,88,0,96,0,0.999999999999999
prefill,41,116,89,0,96,0,0.999999999999999
prefill,41,117,90,0,96,0,0.999999999999999
prefill,41,118,91,0,96,0,0.999999999999999
prefill,41,119,92,0,96,0,0.999999999999999
prefill,41,120,93,0,96,0,0.999999999999999
prefill,41,121,94,0,96,0,0.999999999999999
prefill,41,122,95,0,96,0,0.999999999999999
prefill,41,123,96,0,96,0,0.999999999999999
prefill,41,124,98,0,96,0,0.999999999999999
prefill,41,125,99,0,96,0,0.999999999999999
prefill,41,126,100,0,96,0,0.999999999999999
prefill,41,127,101,0,96,0,0.999999999999999
prefill,41,128,102,0,96,0,0.999999999999999
prefill,41,129,104,0,96,0,0.999999999999999
prefill,41,130,105,0,96,0,0.999999999999999
prefill,41,131,106,0,96,0,0.999999999999999
prefill,41,132,107,0,96,0,0.999999999999999
prefill,41,133,108,0,96,0,0.999999999999999
prefill,41,134,109,0,96,0,0.999999999999999
prefill,41,135,110,0,96,0,0.999999999999999
prefill,41,136,111,0,96,0,0.999999999999999
prefill,41,137,112,0,96,0,0.999999999999999
prefill,41,138,113,0,96,0,0.999999999999999
prefill,41,139,114,0,96,0,0.999999999999999
prefill,41,140,115,0,96,0,0.999999999999999
prefill,41,141,116,0,96,0,0.999999999999999
prefill,41,142,118,0,96,0,0.999999999999999
prefill,41,143,119,0,96,0,0.999999999999999
prefill,41,144,120,0,96,0,0.999999999999999
prefill,41,145,122,0,96,0,0.999999999999999
prefill,41,146,123,0,96,0,0.999999999999999
prefill,41,147,124,0,96,0,0.999999999999999
prefill,41,148,126,0,96,0,0.999999999999999
prefill,41,149,127,0,96,0,0.999999999999999
prefill,41,150,128,0,96,0,0.999999999999999
prefill,41,151,131,0,96,0,0.999999999999999
prefill,41,152,133,0,96,0,0.999999999999999
prefill,41,153,134,0,96,0,0.999999999999999
prefill,41,154,135,0,96,0,0.999999999999999
prefill,41,155,136,0,96,0,0.999999999999999
prefill,41,156,137,0,96,0,0.999999999999999
prefill,41,157,138,0,96,0,0.999999999999999
prefill,41,158,139,0,96,0,0.999999999999999
prefill,41,159,141,0,96,0,0.999999999999999
prefill,41,160,142,0,96,0,0.999999999999999
prefill,41,161,143,0,96,0,0.999999999999999
prefill,41,162,144,0,96,0,0.999999999999999
prefill,41,163,145,0,96,0,0.999999999999999
prefill,41,164,146,0,96,0,0.999999999999999
prefill,41,165,147,0,96,0,0.999999999999999
prefill,41,166,148,0,96,0,0.999999999999999
prefill,41,167,149,0,96,0,0.999999999999999
prefill,41,168,150,0,96,0,0.999999999999999
prefill,41,169,151,0,96,0,0.999999999999999
prefill,41,170,152,0,96,0,0.999999999999999
prefill,41,171,153,0,96,0,0.999999999999999
prefill,41,172,155,0,96,0,0.999999999999999
prefill,41,173,156,0,96,0,0.999999999999999
prefill,41,174,157,0,96,0,0.999999999999999
prefill,41,175,158,0,96,0,0.999999999999999
prefill,41,176,159,0,96,0,0.999999999999999
prefill,41,177,161,0,96,0,0.999999999999999
prefill,41,178,162,0,96,0,0.999999999999999
prefill,41,179,163,0,96,0,0.999999999999999
prefill,41,180,165,0,96,0,0.999999999999999
prefill,41,181,166,0,96,0,0.999999999999999
prefill,41,182,169,0,96,0,0.999999999999999
prefill,41,183,170,0,96,0,0.999999999999999
prefill,41,184,171,0,96,0,0.999999999999999
prefill,41,185,172,0,96,0,0.999999999999999
prefill,41,186,173,0,96,0,0.999999999999999
prefill,41,187,174,0,96,0,0.999999999999999
prefill,41,188,176,0,96,0,0.999999999999999
prefill,41,189,177,0,96,0,0.999999999999999
prefill,41,190,178,0,96,0,0.999999999999999
prefill,41,191,179,0,96,0,0.999999999999999
prefill,41,192,180,0,96,0,0.999999999999999
prefill,41,193,181,0,96,0,0.999999999999999
prefill,41,194,182,0,96,0,0.999999999999999
prefill,41,195,184,0,96,0,0.999999999999999
prefill,41,196,186,0,96,0,0.999999999999999
prefill,41,197,187,0,96,0,0.999999999999999
prefill,41,198,189,0,96,0,0.999999999999999
prefill,41,199,190,0,96,0,0.999999999999999
prefill,41,200,191,0,96,0,0.999999999999999
prefill,41,201,193,0,96,0,0.999999999999999
prefill,41,202,194,0,96,0,0.999999999999999
prefill,41,203,195,0,96,0,0.999999999999999
prefill,41,204,196,0,96,0,0.999999999999999
prefill,41,205,197,0,96,0,0.999999999999999
prefill,41,206,198,0,96,0,0.999999999999999
prefill,41,207,199,0,96,0,0.999999999999999
prefill,41,208,200,0,96,0,0.999999999999999
prefill,41,209,201,0,96,0,0.999999999999999
prefill,41,210,202,0,96,0,0.999999999999999
prefill,41,211,203,0,96,0,0.999999999999999
prefill,41,212,204,0,96,0,0.999999999999999
prefill,41,213,205,0,96,0,0.999999999999999
prefill,41,214,206,0,96,0,0.999999999999999
prefill,41,215,207,0,96,0,0.999999999999999
prefill,41,216,208,0,96,0,0.999999999999999
prefill,41,217,210,0,96,0,0.999999999999999
prefill,41,218,211,0,96,0,0.999999999999999
prefill,41,219,212,0,96,0,0.999999999999999
prefill,41,220,213,0,96,0,0.999999999999999
prefill,41,221,214,0,96,0,0.999999999999999
prefill,41,222,215,0,96,0,0.999999999999999
prefill,41,223,216,0,96,0,0.999999999999999
prefill,41,224,217,0,96,0,0.999999999999999
prefill,41,225,219,0,96,0,0.999999999999999
prefill,41,226,220,0,96,0,0.999999999999999
prefill,41,227,221,0,96,0,0.999999999999999
prefill,41,228,222,0,96,0,0.999999999999999
prefill,41,229,223,0,96,0,0.999999999999999
prefill,41,230,224,0,96,0,0.999999999999999
prefill,41,231,226,0,96,0,0.999999999999999
prefill,41,232,227,0,96,0,0.999999999999999
prefill,41,233,228,0,96,0,0.999999999999999
prefill,41,234,229,0,96,0,0.999999999999999
prefill,41,235,230,0,96,0,0.999999999999999
prefill,41,236,231,0,96,0,0.999999999999999
prefill,41,237,232,0,96,0,0.999999999999999
prefill,41,238,233,0,96,0,0.999999999999999
prefill,41,239,234,0,96,0,0.999999999999999
prefill,41,240,235,0,96,0,0.999999999999999
prefill,41,241,236,0,96,0,0.999999999999999
prefill,41,242,237,0,96,0,0.999999999999999
prefill,41,243,238,0,96,0,0.999999999999999
prefill,41,244,240,0,96,0,0.999999999999999
prefill,41,245,241,0,96,0,0.999999999999999
prefill,41,246,242,0,96,0,0.999999999999999
prefill,41,247,243,0,96,0,0.999999999999999
prefill,41,248,244,0,96,0,0.999999999999999
prefill,41,249,247,0,96,0,0.999999999999999
prefill,41,250,249,0,96,0,0.999999999999999
prefill,41,251,250,0,96,0,0.999999999999999
prefill,41,252,251,0,96,0,0.999999999999999
prefill,41,253,252,0,96,0,0.999999999999999
prefill,41,254,253,0,96,0,0.999999999999999
prefill,41,255,254,0,96,0,0.999999999999999
prefill,41,256,255,0,96,0,0.999999999999999
prefill,42,1,195,13,96,0.135416666666667,0.135416666666667
prefill,42,2,63,12,96,0.125,0.260416666666667
prefill,42,3,33,8,96,0.0833333333333333,0.34375
prefill,42,4,224,8,96,0.0833333333333333,0.427083333333333
prefill,42,5,129,6,96,0.0625,0.489583333333333
prefill,42,6,45,5,96,0.0520833333333333,0.541666666666667
prefill,42,7,15,4,96,0.0416666666666667,0.583333333333333
prefill,42,8,150,4,96,0.0416666666666667,0.625
prefill,42,9,225,4,96,0.0416666666666667,0.666666666666667
prefill,42,10,240,3,96,0.03125,0.697916666666667
prefill,42,11,93,2,96,0.0208333333333333,0.71875
prefill,42,12,190,2,96,0.0208333333333333,0.739583333333333
prefill,42,13,4,1,96,0.0104166666666667,0.75
prefill,42,14,21,1,96,0.0104166666666667,0.760416666666667
prefill,42,15,25,1,96,0.0104166666666667,0.770833333333333
prefill,42,16,26,1,96,0.0104166666666667,0.78125
prefill,42,17,29,1,96,0.0104166666666667,0.791666666666666
prefill,42,18,34,1,96,0.0104166666666667,0.802083333333333
prefill,42,19,59,1,96,0.0104166666666667,0.8125
prefill,42,20,62,1,96,0.0104166666666667,0.822916666666666
prefill,42,21,66,1,96,0.0104166666666667,0.833333333333333
prefill,42,22,70,1,96,0.0104166666666667,0.84375
prefill,42,23,77,1,96,0.0104166666666667,0.854166666666666
prefill,42,24,90,1,96,0.0104166666666667,0.864583333333333
prefill,42,25,101,1,96,0.0104166666666667,0.874999999999999
prefill,42,26,102,1,96,0.0104166666666667,0.885416666666666
prefill,42,27,131,1,96,0.0104166666666667,0.895833333333333
prefill,42,28,137,1,96,0.0104166666666667,0.906249999999999
prefill,42,29,145,1,96,0.0104166666666667,0.916666666666666
prefill,42,30,149,1,96,0.0104166666666667,0.927083333333333
prefill,42,31,153,1,96,0.0104166666666667,0.937499999999999
prefill,42,32,162,1,96,0.0104166666666667,0.947916666666666
prefill,42,33,174,1,96,0.0104166666666667,0.958333333333332
prefill,42,34,178,1,96,0.0104166666666667,0.968749999999999
prefill,42,35,203,1,96,0.0104166666666667,0.979166666666666
prefill,42,36,205,1,96,0.0104166666666667,0.989583333333332
prefill,42,37,226,1,96,0.0104166666666667,0.999999999999999
prefill,42,38,0,0,96,0,0.999999999999999
prefill,42,39,1,0,96,0,0.999999999999999
prefill,42,40,2,0,96,0,0.999999999999999
prefill,42,41,3,0,96,0,0.999999999999999
prefill,42,42,5,0,96,0,0.999999999999999
prefill,42,43,6,0,96,0,0.999999999999999
prefill,42,44,7,0,96,0,0.999999999999999
prefill,42,45,8,0,96,0,0.999999999999999
prefill,42,46,9,0,96,0,0.999999999999999
prefill,42,47,10,0,96,0,0.999999999999999
prefill,42,48,11,0,96,0,0.999999999999999
prefill,42,49,12,0,96,0,0.999999999999999
prefill,42,50,13,0,96,0,0.999999999999999
prefill,42,51,14,0,96,0,0.999999999999999
prefill,42,52,16,0,96,0,0.999999999999999
prefill,42,53,17,0,96,0,0.999999999999999
prefill,42,54,18,0,96,0,0.999999999999999
prefill,42,55,19,0,96,0,0.999999999999999
prefill,42,56,20,0,96,0,0.999999999999999
prefill,42,57,22,0,96,0,0.999999999999999
prefill,42,58,23,0,96,0,0.999999999999999
prefill,42,59,24,0,96,0,0.999999999999999
prefill,42,60,27,0,96,0,0.999999999999999
prefill,42,61,28,0,96,0,0.999999999999999
prefill,42,62,30,0,96,0,0.999999999999999
prefill,42,63,31,0,96,0,0.999999999999999
prefill,42,64,32,0,96,0,0.999999999999999
prefill,42,65,35,0,96,0,0.999999999999999
prefill,42,66,36,0,96,0,0.999999999999999
prefill,42,67,37,0,96,0,0.999999999999999
prefill,42,68,38,0,96,0,0.999999999999999
prefill,42,69,39,0,96,0,0.999999999999999
prefill,42,70,40,0,96,0,0.999999999999999
prefill,42,71,41,0,96,0,0.999999999999999
prefill,42,72,42,0,96,0,0.999999999999999
prefill,42,73,43,0,96,0,0.999999999999999
prefill,42,74,44,0,96,0,0.999999999999999
prefill,42,75,46,0,96,0,0.999999999999999
prefill,42,76,47,0,96,0,0.999999999999999
prefill,42,77,48,0,96,0,0.999999999999999
prefill,42,78,49,0,96,0,0.999999999999999
prefill,42,79,50,0,96,0,0.999999999999999
prefill,42,80,51,0,96,0,0.999999999999999
prefill,42,81,52,0,96,0,0.999999999999999
prefill,42,82,53,0,96,0,0.999999999999999
prefill,42,83,54,0,96,0,0.999999999999999
prefill,42,84,55,0,96,0,0.999999999999999
prefill,42,85,56,0,96,0,0.999999999999999
prefill,42,86,57,0,96,0,0.999999999999999
prefill,42,87,58,0,96,0,0.999999999999999
prefill,42,88,60,0,96,0,0.999999999999999
prefill,42,89,61,0,96,0,0.999999999999999
prefill,42,90,64,0,96,0,0.999999999999999
prefill,42,91,65,0,96,0,0.999999999999999
prefill,42,92,67,0,96,0,0.999999999999999
prefill,42,93,68,0,96,0,0.999999999999999
prefill,42,94,69,0,96,0,0.999999999999999
prefill,42,95,71,0,96,0,0.999999999999999
prefill,42,96,72,0,96,0,0.999999999999999
prefill,42,97,73,0,96,0,0.999999999999999
prefill,42,98,74,0,96,0,0.999999999999999
prefill,42,99,75,0,96,0,0.999999999999999
prefill,42,100,76,0,96,0,0.999999999999999
prefill,42,101,78,0,96,0,0.999999999999999
prefill,42,102,79,0,96,0,0.999999999999999
prefill,42,103,80,0,96,0,0.999999999999999
prefill,42,104,81,0,96,0,0.999999999999999
prefill,42,105,82,0,96,0,0.999999999999999
prefill,42,106,83,0,96,0,0.999999999999999
prefill,42,107,84,0,96,0,0.999999999999999
prefill,42,108,85,0,96,0,0.999999999999999
prefill,42,109,86,0,96,0,0.999999999999999
prefill,42,110,87,0,96,0,0.999999999999999
prefill,42,111,88,0,96,0,0.999999999999999
prefill,42,112,89,0,96,0,0.999999999999999
prefill,42,113,91,0,96,0,0.999999999999999
prefill,42,114,92,0,96,0,0.999999999999999
prefill,42,115,94,0,96,0,0.999999999999999
prefill,42,116,95,0,96,0,0.999999999999999
prefill,42,117,96,0,96,0,0.999999999999999
prefill,42,118,97,0,96,0,0.999999999999999
prefill,42,119,98,0,96,0,0.999999999999999
prefill,42,120,99,0,96,0,0.999999999999999
prefill,42,121,100,0,96,0,0.999999999999999
prefill,42,122,103,0,96,0,0.999999999999999
prefill,42,123,104,0,96,0,0.999999999999999
prefill,42,124,105,0,96,0,0.999999999999999
prefill,42,125,106,0,96,0,0.999999999999999
prefill,42,126,107,0,96,0,0.999999999999999
prefill,42,127,108,0,96,0,0.999999999999999
prefill,42,128,109,0,96,0,0.999999999999999
prefill,42,129,110,0,96,0,0.999999999999999
prefill,42,130,111,0,96,0,0.999999999999999
prefill,42,131,112,0,96,0,0.999999999999999
prefill,42,132,113,0,96,0,0.999999999999999
prefill,42,133,114,0,96,0,0.999999999999999
prefill,42,134,115,0,96,0,0.999999999999999
prefill,42,135,116,0,96,0,0.999999999999999
prefill,42,136,117,0,96,0,0.999999999999999
prefill,42,137,118,0,96,0,0.999999999999999
prefill,42,138,119,0,96,0,0.999999999999999
prefill,42,139,120,0,96,0,0.999999999999999
prefill,42,140,121,0,96,0,0.999999999999999
prefill,42,141,122,0,96,0,0.999999999999999
prefill,42,142,123,0,96,0,0.999999999999999
prefill,42,143,124,0,96,0,0.999999999999999
prefill,42,144,125,0,96,0,0.999999999999999
prefill,42,145,126,0,96,0,0.999999999999999
prefill,42,146,127,0,96,0,0.999999999999999
prefill,42,147,128,0,96,0,0.999999999999999
prefill,42,148,130,0,96,0,0.999999999999999
prefill,42,149,132,0,96,0,0.999999999999999
prefill,42,150,133,0,96,0,0.999999999999999
prefill,42,151,134,0,96,0,0.999999999999999
prefill,42,152,135,0,96,0,0.999999999999999
prefill,42,153,136,0,96,0,0.999999999999999
prefill,42,154,138,0,96,0,0.999999999999999
prefill,42,155,139,0,96,0,0.999999999999999
prefill,42,156,140,0,96,0,0.999999999999999
prefill,42,157,141,0,96,0,0.999999999999999
prefill,42,158,142,0,96,0,0.999999999999999
prefill,42,159,143,0,96,0,0.999999999999999
prefill,42,160,144,0,96,0,0.999999999999999
prefill,42,161,146,0,96,0,0.999999999999999
prefill,42,162,147,0,96,0,0.999999999999999
prefill,42,163,148,0,96,0,0.999999999999999
prefill,42,164,151,0,96,0,0.999999999999999
prefill,42,165,152,0,96,0,0.999999999999999
prefill,42,166,154,0,96,0,0.999999999999999
prefill,42,167,155,0,96,0,0.999999999999999
prefill,42,168,156,0,96,0,0.999999999999999
prefill,42,169,157,0,96,0,0.999999999999999
prefill,42,170,158,0,96,0,0.999999999999999
prefill,42,171,159,0,96,0,0.999999999999999
prefill,42,172,160,0,96,0,0.999999999999999
prefill,42,173,161,0,96,0,0.999999999999999
prefill,42,174,163,0,96,0,0.999999999999999
prefill,42,175,164,0,96,0,0.999999999999999
prefill,42,176,165,0,96,0,0.999999999999999
prefill,42,177,166,0,96,0,0.999999999999999
prefill,42,178,167,0,96,0,0.999999999999999
prefill,42,179,168,0,96,0,0.999999999999999
prefill,42,180,169,0,96,0,0.999999999999999
prefill,42,181,170,0,96,0,0.999999999999999
prefill,42,182,171,0,96,0,0.999999999999999
prefill,42,183,172,0,96,0,0.999999999999999
prefill,42,184,173,0,96,0,0.999999999999999
prefill,42,185,175,0,96,0,0.999999999999999
prefill,42,186,176,0,96,0,0.999999999999999
prefill,42,187,177,0,96,0,0.999999999999999
prefill,42,188,179,0,96,0,0.999999999999999
prefill,42,189,180,0,96,0,0.999999999999999
prefill,42,190,181,0,96,0,0.999999999999999
prefill,42,191,182,0,96,0,0.999999999999999
prefill,42,192,183,0,96,0,0.999999999999999
prefill,42,193,184,0,96,0,0.999999999999999
prefill,42,194,185,0,96,0,0.999999999999999
prefill,42,195,186,0,96,0,0.999999999999999
prefill,42,196,187,0,96,0,0.999999999999999
prefill,42,197,188,0,96,0,0.999999999999999
prefill,42,198,189,0,96,0,0.999999999999999
prefill,42,199,191,0,96,0,0.999999999999999
prefill,42,200,192,0,96,0,0.999999999999999
prefill,42,201,193,0,96,0,0.999999999999999
prefill,42,202,194,0,96,0,0.999999999999999
prefill,42,203,196,0,96,0,0.999999999999999
prefill,42,204,197,0,96,0,0.999999999999999
prefill,42,205,198,0,96,0,0.999999999999999
prefill,42,206,199,0,96,0,0.999999999999999
prefill,42,207,200,0,96,0,0.999999999999999
prefill,42,208,201,0,96,0,0.999999999999999
prefill,42,209,202,0,96,0,0.999999999999999
prefill,42,210,204,0,96,0,0.999999999999999
prefill,42,211,206,0,96,0,0.999999999999999
prefill,42,212,207,0,96,0,0.999999999999999
prefill,42,213,208,0,96,0,0.999999999999999
prefill,42,214,209,0,96,0,0.999999999999999
prefill,42,215,210,0,96,0,0.999999999999999
prefill,42,216,211,0,96,0,0.999999999999999
prefill,42,217,212,0,96,0,0.999999999999999
prefill,42,218,213,0,96,0,0.999999999999999
prefill,42,219,214,0,96,0,0.999999999999999
prefill,42,220,215,0,96,0,0.999999999999999
prefill,42,221,216,0,96,0,0.999999999999999
prefill,42,222,217,0,96,0,0.999999999999999
prefill,42,223,218,0,96,0,0.999999999999999
prefill,42,224,219,0,96,0,0.999999999999999
prefill,42,225,220,0,96,0,0.999999999999999
prefill,42,226,221,0,96,0,0.999999999999999
prefill,42,227,222,0,96,0,0.999999999999999
prefill,42,228,223,0,96,0,0.999999999999999
prefill,42,229,227,0,96,0,0.999999999999999
prefill,42,230,228,0,96,0,0.999999999999999
prefill,42,231,229,0,96,0,0.999999999999999
prefill,42,232,230,0,96,0,0.999999999999999
prefill,42,233,231,0,96,0,0.999999999999999
prefill,42,234,232,0,96,0,0.999999999999999
prefill,42,235,233,0,96,0,0.999999999999999
prefill,42,236,234,0,96,0,0.999999999999999
prefill,42,237,235,0,96,0,0.999999999999999
prefill,42,238,236,0,96,0,0.999999999999999
prefill,42,239,237,0,96,0,0.999999999999999
prefill,42,240,238,0,96,0,0.999999999999999
prefill,42,241,239,0,96,0,0.999999999999999
prefill,42,242,241,0,96,0,0.999999999999999
prefill,42,243,242,0,96,0,0.999999999999999
prefill,42,244,243,0,96,0,0.999999999999999
prefill,42,245,244,0,96,0,0.999999999999999
prefill,42,246,245,0,96,0,0.999999999999999
prefill,42,247,246,0,96,0,0.999999999999999
prefill,42,248,247,0,96,0,0.999999999999999
prefill,42,249,248,0,96,0,0.999999999999999
prefill,42,250,249,0,96,0,0.999999999999999
prefill,42,251,250,0,96,0,0.999999999999999
prefill,42,252,251,0,96,0,0.999999999999999
prefill,42,253,252,0,96,0,0.999999999999999
prefill,42,254,253,0,96,0,0.999999999999999
prefill,42,255,254,0,96,0,0.999999999999999
prefill,42,256,255,0,96,0,0.999999999999999
decode,0,1,6,2,42,0.0476190476190476,0.0476190476190476
decode,0,2,13,2,42,0.0476190476190476,0.0952380952380952
decode,0,3,63,2,42,0.0476190476190476,0.142857142857143
decode,0,4,70,2,42,0.0476190476190476,0.19047619047619
decode,0,5,84,2,42,0.0476190476190476,0.238095238095238
decode,0,6,121,2,42,0.0476190476190476,0.285714285714286
decode,0,7,123,2,42,0.0476190476190476,0.333333333333333
decode,0,8,126,2,42,0.0476190476190476,0.380952380952381
decode,0,9,157,2,42,0.0476190476190476,0.428571428571429
decode,0,10,168,2,42,0.0476190476190476,0.476190476190476
decode,0,11,174,2,42,0.0476190476190476,0.523809523809524
decode,0,12,211,2,42,0.0476190476190476,0.571428571428571
decode,0,13,253,2,42,0.0476190476190476,0.619047619047619
decode,0,14,25,1,42,0.0238095238095238,0.642857142857143
decode,0,15,48,1,42,0.0238095238095238,0.666666666666667
decode,0,16,51,1,42,0.0238095238095238,0.690476190476191
decode,0,17,52,1,42,0.0238095238095238,0.714285714285714
decode,0,18,55,1,42,0.0238095238095238,0.738095238095238
decode,0,19,58,1,42,0.0238095238095238,0.761904761904762
decode,0,20,60,1,42,0.0238095238095238,0.785714285714286
decode,0,21,77,1,42,0.0238095238095238,0.80952380952381
decode,0,22,79,1,42,0.0238095238095238,0.833333333333334
decode,0,23,92,1,42,0.0238095238095238,0.857142857142857
decode,0,24,95,1,42,0.0238095238095238,0.880952380952381
decode,0,25,103,1,42,0.0238095238095238,0.904761904761905
decode,0,26,116,1,42,0.0238095238095238,0.928571428571429
decode,0,27,213,1,42,0.0238095238095238,0.952380952380953
decode,0,28,215,1,42,0.0238095238095238,0.976190476190477
decode,0,29,249,1,42,0.0238095238095238,1
decode,0,30,0,0,42,0,1
decode,0,31,1,0,42,0,1
decode,0,32,2,0,42,0,1
decode,0,33,3,0,42,0,1
decode,0,34,4,0,42,0,1
decode,0,35,5,0,42,0,1
decode,0,36,7,0,42,0,1
decode,0,37,8,0,42,0,1
decode,0,38,9,0,42,0,1
decode,0,39,10,0,42,0,1
decode,0,40,11,0,42,0,1
decode,0,41,12,0,42,0,1
decode,0,42,14,0,42,0,1
decode,0,43,15,0,42,0,1
decode,0,44,16,0,42,0,1
decode,0,45,17,0,42,0,1
decode,0,46,18,0,42,0,1
decode,0,47,19,0,42,0,1
decode,0,48,20,0,42,0,1
decode,0,49,21,0,42,0,1
decode,0,50,22,0,42,0,1
decode,0,51,23,0,42,0,1
decode,0,52,24,0,42,0,1
decode,0,53,26,0,42,0,1
decode,0,54,27,0,42,0,1
decode,0,55,28,0,42,0,1
decode,0,56,29,0,42,0,1
decode,0,57,30,0,42,0,1
decode,0,58,31,0,42,0,1
decode,0,59,32,0,42,0,1
decode,0,60,33,0,42,0,1
decode,0,61,34,0,42,0,1
decode,0,62,35,0,42,0,1
decode,0,63,36,0,42,0,1
decode,0,64,37,0,42,0,1
decode,0,65,38,0,42,0,1
decode,0,66,39,0,42,0,1
decode,0,67,40,0,42,0,1
decode,0,68,41,0,42,0,1
decode,0,69,42,0,42,0,1
decode,0,70,43,0,42,0,1
decode,0,71,44,0,42,0,1
decode,0,72,45,0,42,0,1
decode,0,73,46,0,42,0,1
decode,0,74,47,0,42,0,1
decode,0,75,49,0,42,0,1
decode,0,76,50,0,42,0,1
decode,0,77,53,0,42,0,1
decode,0,78,54,0,42,0,1
decode,0,79,56,0,42,0,1
decode,0,80,57,0,42,0,1
decode,0,81,59,0,42,0,1
decode,0,82,61,0,42,0,1
decode,0,83,62,0,42,0,1
decode,0,84,64,0,42,0,1
decode,0,85,65,0,42,0,1
decode,0,86,66,0,42,0,1
decode,0,87,67,0,42,0,1
decode,0,88,68,0,42,0,1
decode,0,89,69,0,42,0,1
decode,0,90,71,0,42,0,1
decode,0,91,72,0,42,0,1
decode,0,92,73,0,42,0,1
decode,0,93,74,0,42,0,1
decode,0,94,75,0,42,0,1
decode,0,95,76,0,42,0,1
decode,0,96,78,0,42,0,1
decode,0,97,80,0,42,0,1
decode,0,98,81,0,42,0,1
decode,0,99,82,0,42,0,1
decode,0,100,83,0,42,0,1
decode,0,101,85,0,42,0,1
decode,0,102,86,0,42,0,1
decode,0,103,87,0,42,0,1
decode,0,104,88,0,42,0,1
decode,0,105,89,0,42,0,1
decode,0,106,90,0,42,0,1
decode,0,107,91,0,42,0,1
decode,0,108,93,0,42,0,1
decode,0,109,94,0,42,0,1
decode,0,110,96,0,42,0,1
decode,0,111,97,0,42,0,1
decode,0,112,98,0,42,0,1
decode,0,113,99,0,42,0,1
decode,0,114,100,0,42,0,1
decode,0,115,101,0,42,0,1
decode,0,116,102,0,42,0,1
decode,0,117,104,0,42,0,1
decode,0,118,105,0,42,0,1
decode,0,119,106,0,42,0,1
decode,0,120,107,0,42,0,1
decode,0,121,108,0,42,0,1
decode,0,122,109,0,42,0,1
decode,0,123,110,0,42,0,1
decode,0,124,111,0,42,0,1
decode,0,125,112,0,42,0,1
decode,0,126,113,0,42,0,1
decode,0,127,114,0,42,0,1
decode,0,128,115,0,42,0,1
decode,0,129,117,0,42,0,1
decode,0,130,118,0,42,0,1
decode,0,131,119,0,42,0,1
decode,0,132,120,0,42,0,1
decode,0,133,122,0,42,0,1
decode,0,134,124,0,42,0,1
decode,0,135,125,0,42,0,1
decode,0,136,127,0,42,0,1
decode,0,137,128,0,42,0,1
decode,0,138,129,0,42,0,1
decode,0,139,130,0,42,0,1
decode,0,140,131,0,42,0,1
decode,0,141,132,0,42,0,1
decode,0,142,133,0,42,0,1
decode,0,143,134,0,42,0,1
decode,0,144,135,0,42,0,1
decode,0,145,136,0,42,0,1
decode,0,146,137,0,42,0,1
decode,0,147,138,0,42,0,1
decode,0,148,139,0,42,0,1
decode,0,149,140,0,42,0,1
decode,0,150,141,0,42,0,1
decode,0,151,142,0,42,0,1
decode,0,152,143,0,42,0,1
decode,0,153,144,0,42,0,1
decode,0,154,145,0,42,0,1
decode,0,155,146,0,42,0,1
decode,0,156,147,0,42,0,1
decode,0,157,148,0,42,0,1
decode,0,158,149,0,42,0,1
decode,0,159,150,0,42,0,1
decode,0,160,151,0,42,0,1
decode,0,161,152,0,42,0,1
decode,0,162,153,0,42,0,1
decode,0,163,154,0,42,0,1
decode,0,164,155,0,42,0,1
decode,0,165,156,0,42,0,1
decode,0,166,158,0,42,0,1
decode,0,167,159,0,42,0,1
decode,0,168,160,0,42,0,1
decode,0,169,161,0,42,0,1
decode,0,170,162,0,42,0,1
decode,0,171,163,0,42,0,1
decode,0,172,164,0,42,0,1
decode,0,173,165,0,42,0,1
decode,0,174,166,0,42,0,1
decode,0,175,167,0,42,0,1
decode,0,176,169,0,42,0,1
decode,0,177,170,0,42,0,1
decode,0,178,171,0,42,0,1
decode,0,179,172,0,42,0,1
decode,0,180,173,0,42,0,1
decode,0,181,175,0,42,0,1
decode,0,182,176,0,42,0,1
decode,0,183,177,0,42,0,1
decode,0,184,178,0,42,0,1
decode,0,185,179,0,42,0,1
decode,0,186,180,0,42,0,1
decode,0,187,181,0,42,0,1
decode,0,188,182,0,42,0,1
decode,0,189,183,0,42,0,1
decode,0,190,184,0,42,0,1
decode,0,191,185,0,42,0,1
decode,0,192,186,0,42,0,1
decode,0,193,187,0,42,0,1
decode,0,194,188,0,42,0,1
decode,0,195,189,0,42,0,1
decode,0,196,190,0,42,0,1
decode,0,197,191,0,42,0,1
decode,0,198,192,0,42,0,1
decode,0,199,193,0,42,0,1
decode,0,200,194,0,42,0,1
decode,0,201,195,0,42,0,1
decode,0,202,196,0,42,0,1
decode,0,203,197,0,42,0,1
decode,0,204,198,0,42,0,1
decode,0,205,199,0,42,0,1
decode,0,206,200,0,42,0,1
decode,0,207,201,0,42,0,1
decode,0,208,202,0,42,0,1
decode,0,209,203,0,42,0,1
decode,0,210,204,0,42,0,1
decode,0,211,205,0,42,0,1
decode,0,212,206,0,42,0,1
decode,0,213,207,0,42,0,1
decode,0,214,208,0,42,0,1
decode,0,215,209,0,42,0,1
decode,0,216,210,0,42,0,1
decode,0,217,212,0,42,0,1
decode,0,218,214,0,42,0,1
decode,0,219,216,0,42,0,1
decode,0,220,217,0,42,0,1
decode,0,221,218,0,42,0,1
decode,0,222,219,0,42,0,1
decode,0,223,220,0,42,0,1
decode,0,224,221,0,42,0,1
decode,0,225,222,0,42,0,1
decode,0,226,223,0,42,0,1
decode,0,227,224,0,42,0,1
decode,0,228,225,0,42,0,1
decode,0,229,226,0,42,0,1
decode,0,230,227,0,42,0,1
decode,0,231,228,0,42,0,1
decode,0,232,229,0,42,0,1
decode,0,233,230,0,42,0,1
decode,0,234,231,0,42,0,1
decode,0,235,232,0,42,0,1
decode,0,236,233,0,42,0,1
decode,0,237,234,0,42,0,1
decode,0,238,235,0,42,0,1
decode,0,239,236,0,42,0,1
decode,0,240,237,0,42,0,1
decode,0,241,238,0,42,0,1
decode,0,242,239,0,42,0,1
decode,0,243,240,0,42,0,1
decode,0,244,241,0,42,0,1
decode,0,245,242,0,42,0,1
decode,0,246,243,0,42,0,1
decode,0,247,244,0,42,0,1
decode,0,248,245,0,42,0,1
decode,0,249,246,0,42,0,1
decode,0,250,247,0,42,0,1
decode,0,251,248,0,42,0,1
decode,0,252,250,0,42,0,1
decode,0,253,251,0,42,0,1
decode,0,254,252,0,42,0,1
decode,0,255,254,0,42,0,1
decode,0,256,255,0,42,0,1
decode,1,1,7,2,42,0.0476190476190476,0.0476190476190476
decode,1,2,26,2,42,0.0476190476190476,0.0952380952380952
decode,1,3,46,2,42,0.0476190476190476,0.142857142857143
decode,1,4,77,2,42,0.0476190476190476,0.19047619047619
decode,1,5,100,2,42,0.0476190476190476,0.238095238095238
decode,1,6,111,2,42,0.0476190476190476,0.285714285714286
decode,1,7,167,2,42,0.0476190476190476,0.333333333333333
decode,1,8,169,2,42,0.0476190476190476,0.380952380952381
decode,1,9,171,2,42,0.0476190476190476,0.428571428571429
decode,1,10,206,2,42,0.0476190476190476,0.476190476190476
decode,1,11,212,2,42,0.0476190476190476,0.523809523809524
decode,1,12,213,2,42,0.0476190476190476,0.571428571428571
decode,1,13,0,1,42,0.0238095238095238,0.595238095238095
decode,1,14,12,1,42,0.0238095238095238,0.619047619047619
decode,1,15,23,1,42,0.0238095238095238,0.642857142857143
decode,1,16,25,1,42,0.0238095238095238,0.666666666666667
decode,1,17,27,1,42,0.0238095238095238,0.690476190476191
decode,1,18,32,1,42,0.0238095238095238,0.714285714285714
decode,1,19,35,1,42,0.0238095238095238,0.738095238095238
decode,1,20,76,1,42,0.0238095238095238,0.761904761904762
decode,1,21,82,1,42,0.0238095238095238,0.785714285714286
decode,1,22,113,1,42,0.0238095238095238,0.80952380952381
decode,1,23,129,1,42,0.0238095238095238,0.833333333333334
decode,1,24,151,1,42,0.0238095238095238,0.857142857142857
decode,1,25,153,1,42,0.0238095238095238,0.880952380952381
decode,1,26,162,1,42,0.0238095238095238,0.904761904761905
decode,1,27,183,1,42,0.0238095238095238,0.928571428571429
decode,1,28,208,1,42,0.0238095238095238,0.952380952380953
decode,1,29,209,1,42,0.0238095238095238,0.976190476190477
decode,1,30,228,1,42,0.0238095238095238,1
decode,1,31,1,0,42,0,1
decode,1,32,2,0,42,0,1
decode,1,33,3,0,42,0,1
decode,1,34,4,0,42,0,1
decode,1,35,5,0,42,0,1
decode,1,36,6,0,42,0,1
decode,1,37,8,0,42,0,1
decode,1,38,9,0,42,0,1
decode,1,39,10,0,42,0,1
decode,1,40,11,0,42,0,1
decode,1,41,13,0,42,0,1
decode,1,42,14,0,42,0,1
decode,1,43,15,0,42,0,1
decode,1,44,16,0,42,0,1
decode,1,45,17,0,42,0,1
decode,1,46,18,0,42,0,1
decode,1,47,19,0,42,0,1
decode,1,48,20,0,42,0,1
decode,1,49,21,0,42,0,1
decode,1,50,22,0,42,0,1
decode,1,51,24,0,42,0,1
decode,1,52,28,0,42,0,1
decode,1,53,29,0,42,0,1
decode,1,54,30,0,42,0,1
decode,1,55,31,0,42,0,1
decode,1,56,33,0,42,0,1
decode,1,57,34,0,42,0,1
decode,1,58,36,0,42,0,1
decode,1,59,37,0,42,0,1
decode,1,60,38,0,42,0,1
decode,1,61,39,0,42,0,1
decode,1,62,40,0,42,0,1
decode,1,63,41,0,42,0,1
decode,1,64,42,0,42,0,1
decode,1,65,43,0,42,0,1
decode,1,66,44,0,42,0,1
decode,1,67,45,0,42,0,1
decode,1,68,47,0,42,0,1
decode,1,69,48,0,42,0,1
decode,1,70,49,0,42,0,1
decode,1,71,50,0,42,0,1
decode,1,72,51,0,42,0,1
decode,1,73,52,0,42,0,1
decode,1,74,53,0,42,0,1
decode,1,75,54,0,42,0,1
decode,1,76,55,0,42,0,1
decode,1,77,56,0,42,0,1
decode,1,78,57,0,42,0,1
decode,1,79,58,0,42,0,1
decode,1,80,59,0,42,0,1
decode,1,81,60,0,42,0,1
decode,1,82,61,0,42,0,1
decode,1,83,62,0,42,0,1
decode,1,84,63,0,42,0,1
decode,1,85,64,0,42,0,1
decode,1,86,65,0,42,0,1
decode,1,87,66,0,42,0,1
decode,1,88,67,0,42,0,1
decode,1,89,68,0,42,0,1
decode,1,90,69,0,42,0,1
decode,1,91,70,0,42,0,1
decode,1,92,71,0,42,0,1
decode,1,93,72,0,42,0,1
decode,1,94,73,0,42,0,1
decode,1,95,74,0,42,0,1
decode,1,96,75,0,42,0,1
decode,1,97,78,0,42,0,1
decode,1,98,79,0,42,0,1
decode,1,99,80,0,42,0,1
decode,1,100,81,0,42,0,1
decode,1,101,83,0,42,0,1
decode,1,102,84,0,42,0,1
decode,1,103,85,0,42,0,1
decode,1,104,86,0,42,0,1
decode,1,105,87,0,42,0,1
decode,1,106,88,0,42,0,1
decode,1,107,89,0,42,0,1
decode,1,108,90,0,42,0,1
decode,1,109,91,0,42,0,1
decode,1,110,92,0,42,0,1
decode,1,111,93,0,42,0,1
decode,1,112,94,0,42,0,1
decode,1,113,95,0,42,0,1
decode,1,114,96,0,42,0,1
decode,1,115,97,0,42,0,1
decode,1,116,98,0,42,0,1
decode,1,117,99,0,42,0,1
decode,1,118,101,0,42,0,1
decode,1,119,102,0,42,0,1
decode,1,120,103,0,42,0,1
decode,1,121,104,0,42,0,1
decode,1,122,105,0,42,0,1
decode,1,123,106,0,42,0,1
decode,1,124,107,0,42,0,1
decode,1,125,108,0,42,0,1
decode,1,126,109,0,42,0,1
decode,1,127,110,0,42,0,1
decode,1,128,112,0,42,0,1
decode,1,129,114,0,42,0,1
decode,1,130,115,0,42,0,1
decode,1,131,116,0,42,0,1
decode,1,132,117,0,42,0,1
decode,1,133,118,0,42,0,1
decode,1,134,119,0,42,0,1
decode,1,135,120,0,42,0,1
decode,1,136,121,0,42,0,1
decode,1,137,122,0,42,0,1
decode,1,138,123,0,42,0,1
decode,1,139,124,0,42,0,1
decode,1,140,125,0,42,0,1
decode,1,141,126,0,42,0,1
decode,1,142,127,0,42,0,1
decode,1,143,128,0,42,0,1
decode,1,144,130,0,42,0,1
decode,1,145,131,0,42,0,1
decode,1,146,132,0,42,0,1
decode,1,147,133,0,42,0,1
decode,1,148,134,0,42,0,1
decode,1,149,135,0,42,0,1
decode,1,150,136,0,42,0,1
decode,1,151,137,0,42,0,1
decode,1,152,138,0,42,0,1
decode,1,153,139,0,42,0,1
decode,1,154,140,0,42,0,1
decode,1,155,141,0,42,0,1
decode,1,156,142,0,42,0,1
decode,1,157,143,0,42,0,1
decode,1,158,144,0,42,0,1
decode,1,159,145,0,42,0,1
decode,1,160,146,0,42,0,1
decode,1,161,147,0,42,0,1
decode,1,162,148,0,42,0,1
decode,1,163,149,0,42,0,1
decode,1,164,150,0,42,0,1
decode,1,165,152,0,42,0,1
decode,1,166,154,0,42,0,1
decode,1,167,155,0,42,0,1
decode,1,168,156,0,42,0,1
decode,1,169,157,0,42,0,1
decode,1,170,158,0,42,0,1
decode,1,171,159,0,42,0,1
decode,1,172,160,0,42,0,1
decode,1,173,161,0,42,0,1
decode,1,174,163,0,42,0,1
decode,1,175,164,0,42,0,1
decode,1,176,165,0,42,0,1
decode,1,177,166,0,42,0,1
decode,1,178,168,0,42,0,1
decode,1,179,170,0,42,0,1
decode,1,180,172,0,42,0,1
decode,1,181,173,0,42,0,1
decode,1,182,174,0,42,0,1
decode,1,183,175,0,42,0,1
decode,1,184,176,0,42,0,1
decode,1,185,177,0,42,0,1
decode,1,186,178,0,42,0,1
decode,1,187,179,0,42,0,1
decode,1,188,180,0,42,0,1
decode,1,189,181,0,42,0,1
decode,1,190,182,0,42,0,1
decode,1,191,184,0,42,0,1
decode,1,192,185,0,42,0,1
decode,1,193,186,0,42,0,1
decode,1,194,187,0,42,0,1
decode,1,195,188,0,42,0,1
decode,1,196,189,0,42,0,1
decode,1,197,190,0,42,0,1
decode,1,198,191,0,42,0,1
decode,1,199,192,0,42,0,1
decode,1,200,193,0,42,0,1
decode,1,201,194,0,42,0,1
decode,1,202,195,0,42,0,1
decode,1,203,196,0,42,0,1
decode,1,204,197,0,42,0,1
decode,1,205,198,0,42,0,1
decode,1,206,199,0,42,0,1
decode,1,207,200,0,42,0,1
decode,1,208,201,0,42,0,1
decode,1,209,202,0,42,0,1
decode,1,210,203,0,42,0,1
decode,1,211,204,0,42,0,1
decode,1,212,205,0,42,0,1
decode,1,213,207,0,42,0,1
decode,1,214,210,0,42,0,1
decode,1,215,211,0,42,0,1
decode,1,216,214,0,42,0,1
decode,1,217,215,0,42,0,1
decode,1,218,216,0,42,0,1
decode,1,219,217,0,42,0,1
decode,1,220,218,0,42,0,1
decode,1,221,219,0,42,0,1
decode,1,222,220,0,42,0,1
decode,1,223,221,0,42,0,1
decode,1,224,222,0,42,0,1
decode,1,225,223,0,42,0,1
decode,1,226,224,0,42,0,1
decode,1,227,225,0,42,0,1
decode,1,228,226,0,42,0,1
decode,1,229,227,0,42,0,1
decode,1,230,229,0,42,0,1
decode,1,231,230,0,42,0,1
decode,1,232,231,0,42,0,1
decode,1,233,232,0,42,0,1
decode,1,234,233,0,42,0,1
decode,1,235,234,0,42,0,1
decode,1,236,235,0,42,0,1
decode,1,237,236,0,42,0,1
decode,1,238,237,0,42,0,1
decode,1,239,238,0,42,0,1
decode,1,240,239,0,42,0,1
decode,1,241,240,0,42,0,1
decode,1,242,241,0,42,0,1
decode,1,243,242,0,42,0,1
decode,1,244,243,0,42,0,1
decode,1,245,244,0,42,0,1
decode,1,246,245,0,42,0,1
decode,1,247,246,0,42,0,1
decode,1,248,247,0,42,0,1
decode,1,249,248,0,42,0,1
decode,1,250,249,0,42,0,1
decode,1,251,250,0,42,0,1
decode,1,252,251,0,42,0,1
decode,1,253,252,0,42,0,1
decode,1,254,253,0,42,0,1
decode,1,255,254,0,42,0,1
decode,1,256,255,0,42,0,1
decode,2,1,176,3,42,0.0714285714285714,0.0714285714285714
decode,2,2,12,2,42,0.0476190476190476,0.119047619047619
decode,2,3,14,2,42,0.0476190476190476,0.166666666666667
decode,2,4,94,2,42,0.0476190476190476,0.214285714285714
decode,2,5,95,2,42,0.0476190476190476,0.261904761904762
decode,2,6,118,2,42,0.0476190476190476,0.309523809523809
decode,2,7,141,2,42,0.0476190476190476,0.357142857142857
decode,2,8,195,2,42,0.0476190476190476,0.404761904761905
decode,2,9,223,2,42,0.0476190476190476,0.452380952380952
decode,2,10,231,2,42,0.0476190476190476,0.5
decode,2,11,242,2,42,0.0476190476190476,0.547619047619048
decode,2,12,248,2,42,0.0476190476190476,0.595238095238095
decode,2,13,253,2,42,0.0476190476190476,0.642857142857143
decode,2,14,8,1,42,0.0238095238095238,0.666666666666667
decode,2,15,19,1,42,0.0238095238095238,0.69047619047619
decode,2,16,39,1,42,0.0238095238095238,0.714285714285714
decode,2,17,53,1,42,0.0238095238095238,0.738095238095238
decode,2,18,75,1,42,0.0238095238095238,0.761904761904762
decode,2,19,84,1,42,0.0238095238095238,0.785714285714286
decode,2,20,96,1,42,0.0238095238095238,0.80952380952381
decode,2,21,128,1,42,0.0238095238095238,0.833333333333333
decode,2,22,146,1,42,0.0238095238095238,0.857142857142857
decode,2,23,152,1,42,0.0238095238095238,0.880952380952381
decode,2,24,159,1,42,0.0238095238095238,0.904761904761905
decode,2,25,174,1,42,0.0238095238095238,0.928571428571429
decode,2,26,188,1,42,0.0238095238095238,0.952380952380953
decode,2,27,210,1,42,0.0238095238095238,0.976190476190476
decode,2,28,245,1,42,0.0238095238095238,1
decode,2,29,0,0,42,0,1
decode,2,30,1,0,42,0,1
decode,2,31,2,0,42,0,1
decode,2,32,3,0,42,0,1
decode,2,33,4,0,42,0,1
decode,2,34,5,0,42,0,1
decode,2,35,6,0,42,0,1
decode,2,36,7,0,42,0,1
decode,2,37,9,0,42,0,1
decode,2,38,10,0,42,0,1
decode,2,39,11,0,42,0,1
decode,2,40,13,0,42,0,1
decode,2,41,15,0,42,0,1
decode,2,42,16,0,42,0,1
decode,2,43,17,0,42,0,1
decode,2,44,18,0,42,0,1
decode,2,45,20,0,42,0,1
decode,2,46,21,0,42,0,1
decode,2,47,22,0,42,0,1
decode,2,48,23,0,42,0,1
decode,2,49,24,0,42,0,1
decode,2,50,25,0,42,0,1
decode,2,51,26,0,42,0,1
decode,2,52,27,0,42,0,1
decode,2,53,28,0,42,0,1
decode,2,54,29,0,42,0,1
decode,2,55,30,0,42,0,1
decode,2,56,31,0,42,0,1
decode,2,57,32,0,42,0,1
decode,2,58,33,0,42,0,1
decode,2,59,34,0,42,0,1
decode,2,60,35,0,42,0,1
decode,2,61,36,0,42,0,1
decode,2,62,37,0,42,0,1
decode,2,63,38,0,42,0,1
decode,2,64,40,0,42,0,1
decode,2,65,41,0,42,0,1
decode,2,66,42,0,42,0,1
decode,2,67,43,0,42,0,1
decode,2,68,44,0,42,0,1
decode,2,69,45,0,42,0,1
decode,2,70,46,0,42,0,1
decode,2,71,47,0,42,0,1
decode,2,72,48,0,42,0,1
decode,2,73,49,0,42,0,1
decode,2,74,50,0,42,0,1
decode,2,75,51,0,42,0,1
decode,2,76,52,0,42,0,1
decode,2,77,54,0,42,0,1
decode,2,78,55,0,42,0,1
decode,2,79,56,0,42,0,1
decode,2,80,57,0,42,0,1
decode,2,81,58,0,42,0,1
decode,2,82,59,0,42,0,1
decode,2,83,60,0,42,0,1
decode,2,84,61,0,42,0,1
decode,2,85,62,0,42,0,1
decode,2,86,63,0,42,0,1
decode,2,87,64,0,42,0,1
decode,2,88,65,0,42,0,1
decode,2,89,66,0,42,0,1
decode,2,90,67,0,42,0,1
decode,2,91,68,0,42,0,1
decode,2,92,69,0,42,0,1
decode,2,93,70,0,42,0,1
decode,2,94,71,0,42,0,1
decode,2,95,72,0,42,0,1
decode,2,96,73,0,42,0,1
decode,2,97,74,0,42,0,1
decode,2,98,76,0,42,0,1
decode,2,99,77,0,42,0,1
decode,2,100,78,0,42,0,1
decode,2,101,79,0,42,0,1
decode,2,102,80,0,42,0,1
decode,2,103,81,0,42,0,1
decode,2,104,82,0,42,0,1
decode,2,105,83,0,42,0,1
decode,2,106,85,0,42,0,1
decode,2,107,86,0,42,0,1
decode,2,108,87,0,42,0,1
decode,2,109,88,0,42,0,1
decode,2,110,89,0,42,0,1
decode,2,111,90,0,42,0,1
decode,2,112,91,0,42,0,1
decode,2,113,92,0,42,0,1
decode,2,114,93,0,42,0,1
decode,2,115,97,0,42,0,1
decode,2,116,98,0,42,0,1
decode,2,117,99,0,42,0,1
decode,2,118,100,0,42,0,1
decode,2,119,101,0,42,0,1
decode,2,120,102,0,42,0,1
decode,2,121,103,0,42,0,1
decode,2,122,104,0,42,0,1
decode,2,123,105,0,42,0,1
decode,2,124,106,0,42,0,1
decode,2,125,107,0,42,0,1
decode,2,126,108,0,42,0,1
decode,2,127,109,0,42,0,1
decode,2,128,110,0,42,0,1
decode,2,129,111,0,42,0,1
decode,2,130,112,0,42,0,1
decode,2,131,113,0,42,0,1
decode,2,132,114,0,42,0,1
decode,2,133,115,0,42,0,1
decode,2,134,116,0,42,0,1
decode,2,135,117,0,42,0,1
decode,2,136,119,0,42,0,1
decode,2,137,120,0,42,0,1
decode,2,138,121,0,42,0,1
decode,2,139,122,0,42,0,1
decode,2,140,123,0,42,0,1
decode,2,141,124,0,42,0,1
decode,2,142,125,0,42,0,1
decode,2,143,126,0,42,0,1
decode,2,144,127,0,42,0,1
decode,2,145,129,0,42,0,1
decode,2,146,130,0,42,0,1
decode,2,147,131,0,42,0,1
decode,2,148,132,0,42,0,1
decode,2,149,133,0,42,0,1
decode,2,150,134,0,42,0,1
decode,2,151,135,0,42,0,1
decode,2,152,136,0,42,0,1
decode,2,153,137,0,42,0,1
decode,2,154,138,0,42,0,1
decode,2,155,139,0,42,0,1
decode,2,156,140,0,42,0,1
decode,2,157,142,0,42,0,1
decode,2,158,143,0,42,0,1
decode,2,159,144,0,42,0,1
decode,2,160,145,0,42,0,1
decode,2,161,147,0,42,0,1
decode,2,162,148,0,42,0,1
decode,2,163,149,0,42,0,1
decode,2,164,150,0,42,0,1
decode,2,165,151,0,42,0,1
decode,2,166,153,0,42,0,1
decode,2,167,154,0,42,0,1
decode,2,168,155,0,42,0,1
decode,2,169,156,0,42,0,1
decode,2,170,157,0,42,0,1
decode,2,171,158,0,42,0,1
decode,2,172,160,0,42,0,1
decode,2,173,161,0,42,0,1
decode,2,174,162,0,42,0,1
decode,2,175,163,0,42,0,1
decode,2,176,164,0,42,0,1
decode,2,177,165,0,42,0,1
decode,2,178,166,0,42,0,1
decode,2,179,167,0,42,0,1
decode,2,180,168,0,42,0,1
decode,2,181,169,0,42,0,1
decode,2,182,170,0,42,0,1
decode,2,183,171,0,42,0,1
decode,2,184,172,0,42,0,1
decode,2,185,173,0,42,0,1
decode,2,186,175,0,42,0,1
decode,2,187,177,0,42,0,1
decode,2,188,178,0,42,0,1
decode,2,189,179,0,42,0,1
decode,2,190,180,0,42,0,1
decode,2,191,181,0,42,0,1
decode,2,192,182,0,42,0,1
decode,2,193,183,0,42,0,1
decode,2,194,184,0,42,0,1
decode,2,195,185,0,42,0,1
decode,2,196,186,0,42,0,1
decode,2,197,187,0,42,0,1
decode,2,198,189,0,42,0,1
decode,2,199,190,0,42,0,1
decode,2,200,191,0,42,0,1
decode,2,201,192,0,42,0,1
decode,2,202,193,0,42,0,1
decode,2,203,194,0,42,0,1
decode,2,204,196,0,42,0,1
decode,2,205,197,0,42,0,1
decode,2,206,198,0,42,0,1
decode,2,207,199,0,42,0,1
decode,2,208,200,0,42,0,1
decode,2,209,201,0,42,0,1
decode,2,210,202,0,42,0,1
decode,2,211,203,0,42,0,1
decode,2,212,204,0,42,0,1
decode,2,213,205,0,42,0,1
decode,2,214,206,0,42,0,1
decode,2,215,207,0,42,0,1
decode,2,216,208,0,42,0,1
decode,2,217,209,0,42,0,1
decode,2,218,211,0,42,0,1
decode,2,219,212,0,42,0,1
decode,2,220,213,0,42,0,1
decode,2,221,214,0,42,0,1
decode,2,222,215,0,42,0,1
decode,2,223,216,0,42,0,1
decode,2,224,217,0,42,0,1
decode,2,225,218,0,42,0,1
decode,2,226,219,0,42,0,1
decode,2,227,220,0,42,0,1
decode,2,228,221,0,42,0,1
decode,2,229,222,0,42,0,1
decode,2,230,224,0,42,0,1
decode,2,231,225,0,42,0,1
decode,2,232,226,0,42,0,1
decode,2,233,227,0,42,0,1
decode,2,234,228,0,42,0,1
decode,2,235,229,0,42,0,1
decode,2,236,230,0,42,0,1
decode,2,237,232,0,42,0,1
decode,2,238,233,0,42,0,1
decode,2,239,234,0,42,0,1
decode,2,240,235,0,42,0,1
decode,2,241,236,0,42,0,1
decode,2,242,237,0,42,0,1
decode,2,243,238,0,42,0,1
decode,2,244,239,0,42,0,1
decode,2,245,240,0,42,0,1
decode,2,246,241,0,42,0,1
decode,2,247,243,0,42,0,1
decode,2,248,244,0,42,0,1
decode,2,249,246,0,42,0,1
decode,2,250,247,0,42,0,1
decode,2,251,249,0,42,0,1
decode,2,252,250,0,42,0,1
decode,2,253,251,0,42,0,1
decode,2,254,252,0,42,0,1
decode,2,255,254,0,42,0,1
decode,2,256,255,0,42,0,1
decode,3,1,62,6,42,0.142857142857143,0.142857142857143
decode,3,2,221,5,42,0.119047619047619,0.261904761904762
decode,3,3,112,4,42,0.0952380952380952,0.357142857142857
decode,3,4,68,3,42,0.0714285714285714,0.428571428571428
decode,3,5,73,3,42,0.0714285714285714,0.5
decode,3,6,82,3,42,0.0714285714285714,0.571428571428571
decode,3,7,181,3,42,0.0714285714285714,0.642857142857143
decode,3,8,240,3,42,0.0714285714285714,0.714285714285714
decode,3,9,7,2,42,0.0476190476190476,0.761904761904762
decode,3,10,19,2,42,0.0476190476190476,0.809523809523809
decode,3,11,24,2,42,0.0476190476190476,0.857142857142857
decode,3,12,63,2,42,0.0476190476190476,0.904761904761905
decode,3,13,27,1,42,0.0238095238095238,0.928571428571428
decode,3,14,64,1,42,0.0238095238095238,0.952380952380952
decode,3,15,218,1,42,0.0238095238095238,0.976190476190476
decode,3,16,235,1,42,0.0238095238095238,1
decode,3,17,0,0,42,0,1
decode,3,18,1,0,42,0,1
decode,3,19,2,0,42,0,1
decode,3,20,3,0,42,0,1
decode,3,21,4,0,42,0,1
decode,3,22,5,0,42,0,1
decode,3,23,6,0,42,0,1
decode,3,24,8,0,42,0,1
decode,3,25,9,0,42,0,1
decode,3,26,10,0,42,0,1
decode,3,27,11,0,42,0,1
decode,3,28,12,0,42,0,1
decode,3,29,13,0,42,0,1
decode,3,30,14,0,42,0,1
decode,3,31,15,0,42,0,1
decode,3,32,16,0,42,0,1
decode,3,33,17,0,42,0,1
decode,3,34,18,0,42,0,1
decode,3,35,20,0,42,0,1
decode,3,36,21,0,42,0,1
decode,3,37,22,0,42,0,1
decode,3,38,23,0,42,0,1
decode,3,39,25,0,42,0,1
decode,3,40,26,0,42,0,1
decode,3,41,28,0,42,0,1
decode,3,42,29,0,42,0,1
decode,3,43,30,0,42,0,1
decode,3,44,31,0,42,0,1
decode,3,45,32,0,42,0,1
decode,3,46,33,0,42,0,1
decode,3,47,34,0,42,0,1
decode,3,48,35,0,42,0,1
decode,3,49,36,0,42,0,1
decode,3,50,37,0,42,0,1
decode,3,51,38,0,42,0,1
decode,3,52,39,0,42,0,1
decode,3,53,40,0,42,0,1
decode,3,54,41,0,42,0,1
decode,3,55,42,0,42,0,1
decode,3,56,43,0,42,0,1
decode,3,57,44,0,42,0,1
decode,3,58,45,0,42,0,1
decode,3,59,46,0,42,0,1
decode,3,60,47,0,42,0,1
decode,3,61,48,0,42,0,1
decode,3,62,49,0,42,0,1
decode,3,63,50,0,42,0,1
decode,3,64,51,0,42,0,1
decode,3,65,52,0,42,0,1
decode,3,66,53,0,42,0,1
decode,3,67,54,0,42,0,1
decode,3,68,55,0,42,0,1
decode,3,69,56,0,42,0,1
decode,3,70,57,0,42,0,1
decode,3,71,58,0,42,0,1
decode,3,72,59,0,42,0,1
decode,3,73,60,0,42,0,1
decode,3,74,61,0,42,0,1
decode,3,75,65,0,42,0,1
decode,3,76,66,0,42,0,1
decode,3,77,67,0,42,0,1
decode,3,78,69,0,42,0,1
decode,3,79,70,0,42,0,1
decode,3,80,71,0,42,0,1
decode,3,81,72,0,42,0,1
decode,3,82,74,0,42,0,1
decode,3,83,75,0,42,0,1
decode,3,84,76,0,42,0,1
decode,3,85,77,0,42,0,1
decode,3,86,78,0,42,0,1
decode,3,87,79,0,42,0,1
decode,3,88,80,0,42,0,1
decode,3,89,81,0,42,0,1
decode,3,90,83,0,42,0,1
decode,3,91,84,0,42,0,1
decode,3,92,85,0,42,0,1
decode,3,93,86,0,42,0,1
decode,3,94,87,0,42,0,1
decode,3,95,88,0,42,0,1
decode,3,96,89,0,42,0,1
decode,3,97,90,0,42,0,1
decode,3,98,91,0,42,0,1
decode,3,99,92,0,42,0,1
decode,3,100,93,0,42,0,1
decode,3,101,94,0,42,0,1
decode,3,102,95,0,42,0,1
decode,3,103,96,0,42,0,1
decode,3,104,97,0,42,0,1
decode,3,105,98,0,42,0,1
decode,3,106,99,0,42,0,1
decode,3,107,100,0,42,0,1
decode,3,108,101,0,42,0,1
decode,3,109,102,0,42,0,1
decode,3,110,103,0,42,0,1
decode,3,111,104,0,42,0,1
decode,3,112,105,0,42,0,1
decode,3,113,106,0,42,0,1
decode,3,114,107,0,42,0,1
decode,3,115,108,0,42,0,1
decode,3,116,109,0,42,0,1
decode,3,117,110,0,42,0,1
decode,3,118,111,0,42,0,1
decode,3,119,113,0,42,0,1
decode,3,120,114,0,42,0,1
decode,3,121,115,0,42,0,1
decode,3,122,116,0,42,0,1
decode,3,123,117,0,42,0,1
decode,3,124,118,0,42,0,1
decode,3,125,119,0,42,0,1
decode,3,126,120,0,42,0,1
decode,3,127,121,0,42,0,1
decode,3,128,122,0,42,0,1
decode,3,129,123,0,42,0,1
decode,3,130,124,0,42,0,1
decode,3,131,125,0,42,0,1
decode,3,132,126,0,42,0,1
decode,3,133,127,0,42,0,1
decode,3,134,128,0,42,0,1
decode,3,135,129,0,42,0,1
decode,3,136,130,0,42,0,1
decode,3,137,131,0,42,0,1
decode,3,138,132,0,42,0,1
decode,3,139,133,0,42,0,1
decode,3,140,134,0,42,0,1
decode,3,141,135,0,42,0,1
decode,3,142,136,0,42,0,1
decode,3,143,137,0,42,0,1
decode,3,144,138,0,42,0,1
decode,3,145,139,0,42,0,1
decode,3,146,140,0,42,0,1
decode,3,147,141,0,42,0,1
decode,3,148,142,0,42,0,1
decode,3,149,143,0,42,0,1
decode,3,150,144,0,42,0,1
decode,3,151,145,0,42,0,1
decode,3,152,146,0,42,0,1
decode,3,153,147,0,42,0,1
decode,3,154,148,0,42,0,1
decode,3,155,149,0,42,0,1
decode,3,156,150,0,42,0,1
decode,3,157,151,0,42,0,1
decode,3,158,152,0,42,0,1
decode,3,159,153,0,42,0,1
decode,3,160,154,0,42,0,1
decode,3,161,155,0,42,0,1
decode,3,162,156,0,42,0,1
decode,3,163,157,0,42,0,1
decode,3,164,158,0,42,0,1
decode,3,165,159,0,42,0,1
decode,3,166,160,0,42,0,1
decode,3,167,161,0,42,0,1
decode,3,168,162,0,42,0,1
decode,3,169,163,0,42,0,1
decode,3,170,164,0,42,0,1
decode,3,171,165,0,42,0,1
decode,3,172,166,0,42,0,1
decode,3,173,167,0,42,0,1
decode,3,174,168,0,42,0,1
decode,3,175,169,0,42,0,1
decode,3,176,170,0,42,0,1
decode,3,177,171,0,42,0,1
decode,3,178,172,0,42,0,1
decode,3,179,173,0,42,0,1
decode,3,180,174,0,42,0,1
decode,3,181,175,0,42,0,1
decode,3,182,176,0,42,0,1
decode,3,183,177,0,42,0,1
decode,3,184,178,0,42,0,1
decode,3,185,179,0,42,0,1
decode,3,186,180,0,42,0,1
decode,3,187,182,0,42,0,1
decode,3,188,183,0,42,0,1
decode,3,189,184,0,42,0,1
decode,3,190,185,0,42,0,1
decode,3,191,186,0,42,0,1
decode,3,192,187,0,42,0,1
decode,3,193,188,0,42,0,1
decode,3,194,189,0,42,0,1
decode,3,195,190,0,42,0,1
decode,3,196,191,0,42,0,1
decode,3,197,192,0,42,0,1
decode,3,198,193,0,42,0,1
decode,3,199,194,0,42,0,1
decode,3,200,195,0,42,0,1
decode,3,201,196,0,42,0,1
decode,3,202,197,0,42,0,1
decode,3,203,198,0,42,0,1
decode,3,204,199,0,42,0,1
decode,3,205,200,0,42,0,1
decode,3,206,201,0,42,0,1
decode,3,207,202,0,42,0,1
decode,3,208,203,0,42,0,1
decode,3,209,204,0,42,0,1
decode,3,210,205,0,42,0,1
decode,3,211,206,0,42,0,1
decode,3,212,207,0,42,0,1
decode,3,213,208,0,42,0,1
decode,3,214,209,0,42,0,1
decode,3,215,210,0,42,0,1
decode,3,216,211,0,42,0,1
decode,3,217,212,0,42,0,1
decode,3,218,213,0,42,0,1
decode,3,219,214,0,42,0,1
decode,3,220,215,0,42,0,1
decode,3,221,216,0,42,0,1
decode,3,222,217,0,42,0,1
decode,3,223,219,0,42,0,1
decode,3,224,220,0,42,0,1
decode,3,225,222,0,42,0,1
decode,3,226,223,0,42,0,1
decode,3,227,224,0,42,0,1
decode,3,228,225,0,42,0,1
decode,3,229,226,0,42,0,1
decode,3,230,227,0,42,0,1
decode,3,231,228,0,42,0,1
decode,3,232,229,0,42,0,1
decode,3,233,230,0,42,0,1
decode,3,234,231,0,42,0,1
decode,3,235,232,0,42,0,1
decode,3,236,233,0,42,0,1
decode,3,237,234,0,42,0,1
decode,3,238,236,0,42,0,1
decode,3,239,237,0,42,0,1
decode,3,240,238,0,42,0,1
decode,3,241,239,0,42,0,1
decode,3,242,241,0,42,0,1
decode,3,243,242,0,42,0,1
decode,3,244,243,0,42,0,1
decode,3,245,244,0,42,0,1
decode,3,246,245,0,42,0,1
decode,3,247,246,0,42,0,1
decode,3,248,247,0,42,0,1
decode,3,249,248,0,42,0,1
decode,3,250,249,0,42,0,1
decode,3,251,250,0,42,0,1
decode,3,252,251,0,42,0,1
decode,3,253,252,0,42,0,1
decode,3,254,253,0,42,0,1
decode,3,255,254,0,42,0,1
decode,3,256,255,0,42,0,1
decode,4,1,8,7,42,0.166666666666667,0.166666666666667
decode,4,2,92,4,42,0.0952380952380952,0.261904761904762
decode,4,3,17,3,42,0.0714285714285714,0.333333333333333
decode,4,4,49,3,42,0.0714285714285714,0.404761904761905
decode,4,5,97,3,42,0.0714285714285714,0.476190476190476
decode,4,6,170,3,42,0.0714285714285714,0.547619047619047
decode,4,7,221,3,42,0.0714285714285714,0.619047619047619
decode,4,8,67,2,42,0.0476190476190476,0.666666666666667
decode,4,9,82,2,42,0.0476190476190476,0.714285714285714
decode,4,10,143,2,42,0.0476190476190476,0.761904761904762
decode,4,11,230,2,42,0.0476190476190476,0.80952380952381
decode,4,12,28,1,42,0.0238095238095238,0.833333333333333
decode,4,13,46,1,42,0.0238095238095238,0.857142857142857
decode,4,14,80,1,42,0.0238095238095238,0.880952380952381
decode,4,15,112,1,42,0.0238095238095238,0.904761904761905
decode,4,16,154,1,42,0.0238095238095238,0.928571428571429
decode,4,17,163,1,42,0.0238095238095238,0.952380952380953
decode,4,18,167,1,42,0.0238095238095238,0.976190476190476
decode,4,19,183,1,42,0.0238095238095238,1
decode,4,20,0,0,42,0,1
decode,4,21,1,0,42,0,1
decode,4,22,2,0,42,0,1
decode,4,23,3,0,42,0,1
decode,4,24,4,0,42,0,1
decode,4,25,5,0,42,0,1
decode,4,26,6,0,42,0,1
decode,4,27,7,0,42,0,1
decode,4,28,9,0,42,0,1
decode,4,29,10,0,42,0,1
decode,4,30,11,0,42,0,1
decode,4,31,12,0,42,0,1
decode,4,32,13,0,42,0,1
decode,4,33,14,0,42,0,1
decode,4,34,15,0,42,0,1
decode,4,35,16,0,42,0,1
decode,4,36,18,0,42,0,1
decode,4,37,19,0,42,0,1
decode,4,38,20,0,42,0,1
decode,4,39,21,0,42,0,1
decode,4,40,22,0,42,0,1
decode,4,41,23,0,42,0,1
decode,4,42,24,0,42,0,1
decode,4,43,25,0,42,0,1
decode,4,44,26,0,42,0,1
decode,4,45,27,0,42,0,1
decode,4,46,29,0,42,0,1
decode,4,47,30,0,42,0,1
decode,4,48,31,0,42,0,1
decode,4,49,32,0,42,0,1
decode,4,50,33,0,42,0,1
decode,4,51,34,0,42,0,1
decode,4,52,35,0,42,0,1
decode,4,53,36,0,42,0,1
decode,4,54,37,0,42,0,1
decode,4,55,38,0,42,0,1
decode,4,56,39,0,42,0,1
decode,4,57,40,0,42,0,1
decode,4,58,41,0,42,0,1
decode,4,59,42,0,42,0,1
decode,4,60,43,0,42,0,1
decode,4,61,44,0,42,0,1
decode,4,62,45,0,42,0,1
decode,4,63,47,0,42,0,1
decode,4,64,48,0,42,0,1
decode,4,65,50,0,42,0,1
decode,4,66,51,0,42,0,1
decode,4,67,52,0,42,0,1
decode,4,68,53,0,42,0,1
decode,4,69,54,0,42,0,1
decode,4,70,55,0,42,0,1
decode,4,71,56,0,42,0,1
decode,4,72,57,0,42,0,1
decode,4,73,58,0,42,0,1
decode,4,74,59,0,42,0,1
decode,4,75,60,0,42,0,1
decode,4,76,61,0,42,0,1
decode,4,77,62,0,42,0,1
decode,4,78,63,0,42,0,1
decode,4,79,64,0,42,0,1
decode,4,80,65,0,42,0,1
decode,4,81,66,0,42,0,1
decode,4,82,68,0,42,0,1
decode,4,83,69,0,42,0,1
decode,4,84,70,0,42,0,1
decode,4,85,71,0,42,0,1
decode,4,86,72,0,42,0,1
decode,4,87,73,0,42,0,1
decode,4,88,74,0,42,0,1
decode,4,89,75,0,42,0,1
decode,4,90,76,0,42,0,1
decode,4,91,77,0,42,0,1
decode,4,92,78,0,42,0,1
decode,4,93,79,0,42,0,1
decode,4,94,81,0,42,0,1
decode,4,95,83,0,42,0,1
decode,4,96,84,0,42,0,1
decode,4,97,85,0,42,0,1
decode,4,98,86,0,42,0,1
decode,4,99,87,0,42,0,1
decode,4,100,88,0,42,0,1
decode,4,101,89,0,42,0,1
decode,4,102,90,0,42,0,1
decode,4,103,91,0,42,0,1
decode,4,104,93,0,42,0,1
decode,4,105,94,0,42,0,1
decode,4,106,95,0,42,0,1
decode,4,107,96,0,42,0,1
decode,4,108,98,0,42,0,1
decode,4,109,99,0,42,0,1
decode,4,110,100,0,42,0,1
decode,4,111,101,0,42,0,1
decode,4,112,102,0,42,0,1
decode,4,113,103,0,42,0,1
decode,4,114,104,0,42,0,1
decode,4,115,105,0,42,0,1
decode,4,116,106,0,42,0,1
decode,4,117,107,0,42,0,1
decode,4,118,108,0,42,0,1
decode,4,119,109,0,42,0,1
decode,4,120,110,0,42,0,1
decode,4,121,111,0,42,0,1
decode,4,122,113,0,42,0,1
decode,4,123,114,0,42,0,1
decode,4,124,115,0,42,0,1
decode,4,125,116,0,42,0,1
decode,4,126,117,0,42,0,1
decode,4,127,118,0,42,0,1
decode,4,128,119,0,42,0,1
decode,4,129,120,0,42,0,1
decode,4,130,121,0,42,0,1
decode,4,131,122,0,42,0,1
decode,4,132,123,0,42,0,1
decode,4,133,124,0,42,0,1
decode,4,134,125,0,42,0,1
decode,4,135,126,0,42,0,1
decode,4,136,127,0,42,0,1
decode,4,137,128,0,42,0,1
decode,4,138,129,0,42,0,1
decode,4,139,130,0,42,0,1
decode,4,140,131,0,42,0,1
decode,4,141,132,0,42,0,1
decode,4,142,133,0,42,0,1
decode,4,143,134,0,42,0,1
decode,4,144,135,0,42,0,1
decode,4,145,136,0,42,0,1
decode,4,146,137,0,42,0,1
decode,4,147,138,0,42,0,1
decode,4,148,139,0,42,0,1
decode,4,149,140,0,42,0,1
decode,4,150,141,0,42,0,1
decode,4,151,142,0,42,0,1
decode,4,152,144,0,42,0,1
decode,4,153,145,0,42,0,1
decode,4,154,146,0,42,0,1
decode,4,155,147,0,42,0,1
decode,4,156,148,0,42,0,1
decode,4,157,149,0,42,0,1
decode,4,158,150,0,42,0,1
decode,4,159,151,0,42,0,1
decode,4,160,152,0,42,0,1
decode,4,161,153,0,42,0,1
decode,4,162,155,0,42,0,1
decode,4,163,156,0,42,0,1
decode,4,164,157,0,42,0,1
decode,4,165,158,0,42,0,1
decode,4,166,159,0,42,0,1
decode,4,167,160,0,42,0,1
decode,4,168,161,0,42,0,1
decode,4,169,162,0,42,0,1
decode,4,170,164,0,42,0,1
decode,4,171,165,0,42,0,1
decode,4,172,166,0,42,0,1
decode,4,173,168,0,42,0,1
decode,4,174,169,0,42,0,1
decode,4,175,171,0,42,0,1
decode,4,176,172,0,42,0,1
decode,4,177,173,0,42,0,1
decode,4,178,174,0,42,0,1
decode,4,179,175,0,42,0,1
decode,4,180,176,0,42,0,1
decode,4,181,177,0,42,0,1
decode,4,182,178,0,42,0,1
decode,4,183,179,0,42,0,1
decode,4,184,180,0,42,0,1
decode,4,185,181,0,42,0,1
decode,4,186,182,0,42,0,1
decode,4,187,184,0,42,0,1
decode,4,188,185,0,42,0,1
decode,4,189,186,0,42,0,1
decode,4,190,187,0,42,0,1
decode,4,191,188,0,42,0,1
decode,4,192,189,0,42,0,1
decode,4,193,190,0,42,0,1
decode,4,194,191,0,42,0,1
decode,4,195,192,0,42,0,1
decode,4,196,193,0,42,0,1
decode,4,197,194,0,42,0,1
decode,4,198,195,0,42,0,1
decode,4,199,196,0,42,0,1
decode,4,200,197,0,42,0,1
decode,4,201,198,0,42,0,1
decode,4,202,199,0,42,0,1
decode,4,203,200,0,42,0,1
decode,4,204,201,0,42,0,1
decode,4,205,202,0,42,0,1
decode,4,206,203,0,42,0,1
decode,4,207,204,0,42,0,1
decode,4,208,205,0,42,0,1
decode,4,209,206,0,42,0,1
decode,4,210,207,0,42,0,1
decode,4,211,208,0,42,0,1
decode,4,212,209,0,42,0,1
decode,4,213,210,0,42,0,1
decode,4,214,211,0,42,0,1
decode,4,215,212,0,42,0,1
decode,4,216,213,0,42,0,1
decode,4,217,214,0,42,0,1
decode,4,218,215,0,42,0,1
decode,4,219,216,0,42,0,1
decode,4,220,217,0,42,0,1
decode,4,221,218,0,42,0,1
decode,4,222,219,0,42,0,1
decode,4,223,220,0,42,0,1
decode,4,224,222,0,42,0,1
decode,4,225,223,0,42,0,1
decode,4,226,224,0,42,0,1
decode,4,227,225,0,42,0,1
decode,4,228,226,0,42,0,1
decode,4,229,227,0,42,0,1
decode,4,230,228,0,42,0,1
decode,4,231,229,0,42,0,1
decode,4,232,231,0,42,0,1
decode,4,233,232,0,42,0,1
decode,4,234,233,0,42,0,1
decode,4,235,234,0,42,0,1
decode,4,236,235,0,42,0,1
decode,4,237,236,0,42,0,1
decode,4,238,237,0,42,0,1
decode,4,239,238,0,42,0,1
decode,4,240,239,0,42,0,1
decode,4,241,240,0,42,0,1
decode,4,242,241,0,42,0,1
decode,4,243,242,0,42,0,1
decode,4,244,243,0,42,0,1
decode,4,245,244,0,42,0,1
decode,4,246,245,0,42,0,1
decode,4,247,246,0,42,0,1
decode,4,248,247,0,42,0,1
decode,4,249,248,0,42,0,1
decode,4,250,249,0,42,0,1
decode,4,251,250,0,42,0,1
decode,4,252,251,0,42,0,1
decode,4,253,252,0,42,0,1
decode,4,254,253,0,42,0,1
decode,4,255,254,0,42,0,1
decode,4,256,255,0,42,0,1
decode,5,1,23,7,42,0.166666666666667,0.166666666666667
decode,5,2,210,7,42,0.166666666666667,0.333333333333333
decode,5,3,133,6,42,0.142857142857143,0.476190476190476
decode,5,4,244,6,42,0.142857142857143,0.619047619047619
decode,5,5,15,3,42,0.0714285714285714,0.69047619047619
decode,5,6,172,3,42,0.0714285714285714,0.761904761904762
decode,5,7,175,3,42,0.0714285714285714,0.833333333333333
decode,5,8,4,1,42,0.0238095238095238,0.857142857142857
decode,5,9,21,1,42,0.0238095238095238,0.880952380952381
decode,5,10,73,1,42,0.0238095238095238,0.904761904761905
decode,5,11,92,1,42,0.0238095238095238,0.928571428571429
decode,5,12,128,1,42,0.0238095238095238,0.952380952380952
decode,5,13,165,1,42,0.0238095238095238,0.976190476190476
decode,5,14,169,1,42,0.0238095238095238,1
decode,5,15,0,0,42,0,1
decode,5,16,1,0,42,0,1
decode,5,17,2,0,42,0,1
decode,5,18,3,0,42,0,1
decode,5,19,5,0,42,0,1
decode,5,20,6,0,42,0,1
decode,5,21,7,0,42,0,1
decode,5,22,8,0,42,0,1
decode,5,23,9,0,42,0,1
decode,5,24,10,0,42,0,1
decode,5,25,11,0,42,0,1
decode,5,26,12,0,42,0,1
decode,5,27,13,0,42,0,1
decode,5,28,14,0,42,0,1
decode,5,29,16,0,42,0,1
decode,5,30,17,0,42,0,1
decode,5,31,18,0,42,0,1
decode,5,32,19,0,42,0,1
decode,5,33,20,0,42,0,1
decode,5,34,22,0,42,0,1
decode,5,35,24,0,42,0,1
decode,5,36,25,0,42,0,1
decode,5,37,26,0,42,0,1
decode,5,38,27,0,42,0,1
decode,5,39,28,0,42,0,1
decode,5,40,29,0,42,0,1
decode,5,41,30,0,42,0,1
decode,5,42,31,0,42,0,1
decode,5,43,32,0,42,0,1
decode,5,44,33,0,42,0,1
decode,5,45,34,0,42,0,1
decode,5,46,35,0,42,0,1
decode,5,47,36,0,42,0,1
decode,5,48,37,0,42,0,1
decode,5,49,38,0,42,0,1
decode,5,50,39,0,42,0,1
decode,5,51,40,0,42,0,1
decode,5,52,41,0,42,0,1
decode,5,53,42,0,42,0,1
decode,5,54,43,0,42,0,1
decode,5,55,44,0,42,0,1
decode,5,56,45,0,42,0,1
decode,5,57,46,0,42,0,1
decode,5,58,47,0,42,0,1
decode,5,59,48,0,42,0,1
decode,5,60,49,0,42,0,1
decode,5,61,50,0,42,0,1
decode,5,62,51,0,42,0,1
decode,5,63,52,0,42,0,1
decode,5,64,53,0,42,0,1
decode,5,65,54,0,42,0,1
decode,5,66,55,0,42,0,1
decode,5,67,56,0,42,0,1
decode,5,68,57,0,42,0,1
decode,5,69,58,0,42,0,1
decode,5,70,59,0,42,0,1
decode,5,71,60,0,42,0,1
decode,5,72,61,0,42,0,1
decode,5,73,62,0,42,0,1
decode,5,74,63,0,42,0,1
decode,5,75,64,0,42,0,1
decode,5,76,65,0,42,0,1
decode,5,77,66,0,42,0,1
decode,5,78,67,0,42,0,1
decode,5,79,68,0,42,0,1
decode,5,80,69,0,42,0,1
decode,5,81,70,0,42,0,1
decode,5,82,71,0,42,0,1
decode,5,83,72,0,42,0,1
decode,5,84,74,0,42,0,1
decode,5,85,75,0,42,0,1
decode,5,86,76,0,42,0,1
decode,5,87,77,0,42,0,1
decode,5,88,78,0,42,0,1
decode,5,89,79,0,42,0,1
decode,5,90,80,0,42,0,1
decode,5,91,81,0,42,0,1
decode,5,92,82,0,42,0,1
decode,5,93,83,0,42,0,1
decode,5,94,84,0,42,0,1
decode,5,95,85,0,42,0,1
decode,5,96,86,0,42,0,1
decode,5,97,87,0,42,0,1
decode,5,98,88,0,42,0,1
decode,5,99,89,0,42,0,1
decode,5,100,90,0,42,0,1
decode,5,101,91,0,42,0,1
decode,5,102,93,0,42,0,1
decode,5,103,94,0,42,0,1
decode,5,104,95,0,42,0,1
decode,5,105,96,0,42,0,1
decode,5,106,97,0,42,0,1
decode,5,107,98,0,42,0,1
decode,5,108,99,0,42,0,1
decode,5,109,100,0,42,0,1
decode,5,110,101,0,42,0,1
decode,5,111,102,0,42,0,1
decode,5,112,103,0,42,0,1
decode,5,113,104,0,42,0,1
decode,5,114,105,0,42,0,1
decode,5,115,106,0,42,0,1
decode,5,116,107,0,42,0,1
decode,5,117,108,0,42,0,1
decode,5,118,109,0,42,0,1
decode,5,119,110,0,42,0,1
decode,5,120,111,0,42,0,1
decode,5,121,112,0,42,0,1
decode,5,122,113,0,42,0,1
decode,5,123,114,0,42,0,1
decode,5,124,115,0,42,0,1
decode,5,125,116,0,42,0,1
decode,5,126,117,0,42,0,1
decode,5,127,118,0,42,0,1
decode,5,128,119,0,42,0,1
decode,5,129,120,0,42,0,1
decode,5,130,121,0,42,0,1
decode,5,131,122,0,42,0,1
decode,5,132,123,0,42,0,1
decode,5,133,124,0,42,0,1
decode,5,134,125,0,42,0,1
decode,5,135,126,0,42,0,1
decode,5,136,127,0,42,0,1
decode,5,137,129,0,42,0,1
decode,5,138,130,0,42,0,1
decode,5,139,131,0,42,0,1
decode,5,140,132,0,42,0,1
decode,5,141,134,0,42,0,1
decode,5,142,135,0,42,0,1
decode,5,143,136,0,42,0,1
decode,5,144,137,0,42,0,1
decode,5,145,138,0,42,0,1
decode,5,146,139,0,42,0,1
decode,5,147,140,0,42,0,1
decode,5,148,141,0,42,0,1
decode,5,149,142,0,42,0,1
decode,5,150,143,0,42,0,1
decode,5,151,144,0,42,0,1
decode,5,152,145,0,42,0,1
decode,5,153,146,0,42,0,1
decode,5,154,147,0,42,0,1
decode,5,155,148,0,42,0,1
decode,5,156,149,0,42,0,1
decode,5,157,150,0,42,0,1
decode,5,158,151,0,42,0,1
decode,5,159,152,0,42,0,1
decode,5,160,153,0,42,0,1
decode,5,161,154,0,42,0,1
decode,5,162,155,0,42,0,1
decode,5,163,156,0,42,0,1
decode,5,164,157,0,42,0,1
decode,5,165,158,0,42,0,1
decode,5,166,159,0,42,0,1
decode,5,167,160,0,42,0,1
decode,5,168,161,0,42,0,1
decode,5,169,162,0,42,0,1
decode,5,170,163,0,42,0,1
decode,5,171,164,0,42,0,1
decode,5,172,166,0,42,0,1
decode,5,173,167,0,42,0,1
decode,5,174,168,0,42,0,1
decode,5,175,170,0,42,0,1
decode,5,176,171,0,42,0,1
decode,5,177,173,0,42,0,1
decode,5,178,174,0,42,0,1
decode,5,179,176,0,42,0,1
decode,5,180,177,0,42,0,1
decode,5,181,178,0,42,0,1
decode,5,182,179,0,42,0,1
decode,5,183,180,0,42,0,1
decode,5,184,181,0,42,0,1
decode,5,185,182,0,42,0,1
decode,5,186,183,0,42,0,1
decode,5,187,184,0,42,0,1
decode,5,188,185,0,42,0,1
decode,5,189,186,0,42,0,1
decode,5,190,187,0,42,0,1
decode,5,191,188,0,42,0,1
decode,5,192,189,0,42,0,1
decode,5,193,190,0,42,0,1
decode,5,194,191,0,42,0,1
decode,5,195,192,0,42,0,1
decode,5,196,193,0,42,0,1
decode,5,197,194,0,42,0,1
decode,5,198,195,0,42,0,1
decode,5,199,196,0,42,0,1
decode,5,200,197,0,42,0,1
decode,5,201,198,0,42,0,1
decode,5,202,199,0,42,0,1
decode,5,203,200,0,42,0,1
decode,5,204,201,0,42,0,1
decode,5,205,202,0,42,0,1
decode,5,206,203,0,42,0,1
decode,5,207,204,0,42,0,1
decode,5,208,205,0,42,0,1
decode,5,209,206,0,42,0,1
decode,5,210,207,0,42,0,1
decode,5,211,208,0,42,0,1
decode,5,212,209,0,42,0,1
decode,5,213,211,0,42,0,1
decode,5,214,212,0,42,0,1
decode,5,215,213,0,42,0,1
decode,5,216,214,0,42,0,1
decode,5,217,215,0,42,0,1
decode,5,218,216,0,42,0,1
decode,5,219,217,0,42,0,1
decode,5,220,218,0,42,0,1
decode,5,221,219,0,42,0,1
decode,5,222,220,0,42,0,1
decode,5,223,221,0,42,0,1
decode,5,224,222,0,42,0,1
decode,5,225,223,0,42,0,1
decode,5,226,224,0,42,0,1
decode,5,227,225,0,42,0,1
decode,5,228,226,0,42,0,1
decode,5,229,227,0,42,0,1
decode,5,230,228,0,42,0,1
decode,5,231,229,0,42,0,1
decode,5,232,230,0,42,0,1
decode,5,233,231,0,42,0,1
decode,5,234,232,0,42,0,1
decode,5,235,233,0,42,0,1
decode,5,236,234,0,42,0,1
decode,5,237,235,0,42,0,1
decode,5,238,236,0,42,0,1
decode,5,239,237,0,42,0,1
decode,5,240,238,0,42,0,1
decode,5,241,239,0,42,0,1
decode,5,242,240,0,42,0,1
decode,5,243,241,0,42,0,1
decode,5,244,242,0,42,0,1
decode,5,245,243,0,42,0,1
decode,5,246,245,0,42,0,1
decode,5,247,246,0,42,0,1
decode,5,248,247,0,42,0,1
decode,5,249,248,0,42,0,1
decode,5,250,249,0,42,0,1
decode,5,251,250,0,42,0,1
decode,5,252,251,0,42,0,1
decode,5,253,252,0,42,0,1
decode,5,254,253,0,42,0,1
decode,5,255,254,0,42,0,1
decode,5,256,255,0,42,0,1
decode,6,1,9,5,42,0.119047619047619,0.119047619047619
decode,6,2,255,5,42,0.119047619047619,0.238095238095238
decode,6,3,1,4,42,0.0952380952380952,0.333333333333333
decode,6,4,89,4,42,0.0952380952380952,0.428571428571429
decode,6,5,8,3,42,0.0714285714285714,0.5
decode,6,6,68,2,42,0.0476190476190476,0.547619047619048
decode,6,7,82,2,42,0.0476190476190476,0.595238095238095
decode,6,8,99,2,42,0.0476190476190476,0.642857142857143
decode,6,9,146,2,42,0.0476190476190476,0.690476190476191
decode,6,10,171,2,42,0.0476190476190476,0.738095238095238
decode,6,11,54,1,42,0.0238095238095238,0.761904761904762
decode,6,12,56,1,42,0.0238095238095238,0.785714285714286
decode,6,13,57,1,42,0.0238095238095238,0.80952380952381
decode,6,14,70,1,42,0.0238095238095238,0.833333333333334
decode,6,15,76,1,42,0.0238095238095238,0.857142857142858
decode,6,16,111,1,42,0.0238095238095238,0.880952380952381
decode,6,17,113,1,42,0.0238095238095238,0.904761904761905
decode,6,18,115,1,42,0.0238095238095238,0.928571428571429
decode,6,19,156,1,42,0.0238095238095238,0.952380952380953
decode,6,20,180,1,42,0.0238095238095238,0.976190476190477
decode,6,21,214,1,42,0.0238095238095238,1
decode,6,22,0,0,42,0,1
decode,6,23,2,0,42,0,1
decode,6,24,3,0,42,0,1
decode,6,25,4,0,42,0,1
decode,6,26,5,0,42,0,1
decode,6,27,6,0,42,0,1
decode,6,28,7,0,42,0,1
decode,6,29,10,0,42,0,1
decode,6,30,11,0,42,0,1
decode,6,31,12,0,42,0,1
decode,6,32,13,0,42,0,1
decode,6,33,14,0,42,0,1
decode,6,34,15,0,42,0,1
decode,6,35,16,0,42,0,1
decode,6,36,17,0,42,0,1
decode,6,37,18,0,42,0,1
decode,6,38,19,0,42,0,1
decode,6,39,20,0,42,0,1
decode,6,40,21,0,42,0,1
decode,6,41,22,0,42,0,1
decode,6,42,23,0,42,0,1
decode,6,43,24,0,42,0,1
decode,6,44,25,0,42,0,1
decode,6,45,26,0,42,0,1
decode,6,46,27,0,42,0,1
decode,6,47,28,0,42,0,1
decode,6,48,29,0,42,0,1
decode,6,49,30,0,42,0,1
decode,6,50,31,0,42,0,1
decode,6,51,32,0,42,0,1
decode,6,52,33,0,42,0,1
decode,6,53,34,0,42,0,1
decode,6,54,35,0,42,0,1
decode,6,55,36,0,42,0,1
decode,6,56,37,0,42,0,1
decode,6,57,38,0,42,0,1
decode,6,58,39,0,42,0,1
decode,6,59,40,0,42,0,1
decode,6,60,41,0,42,0,1
decode,6,61,42,0,42,0,1
decode,6,62,43,0,42,0,1
decode,6,63,44,0,42,0,1
decode,6,64,45,0,42,0,1
decode,6,65,46,0,42,0,1
decode,6,66,47,0,42,0,1
decode,6,67,48,0,42,0,1
decode,6,68,49,0,42,0,1
decode,6,69,50,0,42,0,1
decode,6,70,51,0,42,0,1
decode,6,71,52,0,42,0,1
decode,6,72,53,0,42,0,1
decode,6,73,55,0,42,0,1
decode,6,74,58,0,42,0,1
decode,6,75,59,0,42,0,1
decode,6,76,60,0,42,0,1
decode,6,77,61,0,42,0,1
decode,6,78,62,0,42,0,1
decode,6,79,63,0,42,0,1
decode,6,80,64,0,42,0,1
decode,6,81,65,0,42,0,1
decode,6,82,66,0,42,0,1
decode,6,83,67,0,42,0,1
decode,6,84,69,0,42,0,1
decode,6,85,71,0,42,0,1
decode,6,86,72,0,42,0,1
decode,6,87,73,0,42,0,1
decode,6,88,74,0,42,0,1
decode,6,89,75,0,42,0,1
decode,6,90,77,0,42,0,1
decode,6,91,78,0,42,0,1
decode,6,92,79,0,42,0,1
decode,6,93,80,0,42,0,1
decode,6,94,81,0,42,0,1
decode,6,95,83,0,42,0,1
decode,6,96,84,0,42,0,1
decode,6,97,85,0,42,0,1
decode,6,98,86,0,42,0,1
decode,6,99,87,0,42,0,1
decode,6,100,88,0,42,0,1
decode,6,101,90,0,42,0,1
decode,6,102,91,0,42,0,1
decode,6,103,92,0,42,0,1
decode,6,104,93,0,42,0,1
decode,6,105,94,0,42,0,1
decode,6,106,95,0,42,0,1
decode,6,107,96,0,42,0,1
decode,6,108,97,0,42,0,1
decode,6,109,98,0,42,0,1
decode,6,110,100,0,42,0,1
decode,6,111,101,0,42,0,1
decode,6,112,102,0,42,0,1
decode,6,113,103,0,42,0,1
decode,6,114,104,0,42,0,1
decode,6,115,105,0,42,0,1
decode,6,116,106,0,42,0,1
decode,6,117,107,0,42,0,1
decode,6,118,108,0,42,0,1
decode,6,119,109,0,42,0,1
decode,6,120,110,0,42,0,1
decode,6,121,112,0,42,0,1
decode,6,122,114,0,42,0,1
decode,6,123,116,0,42,0,1
decode,6,124,117,0,42,0,1
decode,6,125,118,0,42,0,1
decode,6,126,119,0,42,0,1
decode,6,127,120,0,42,0,1
decode,6,128,121,0,42,0,1
decode,6,129,122,0,42,0,1
decode,6,130,123,0,42,0,1
decode,6,131,124,0,42,0,1
decode,6,132,125,0,42,0,1
decode,6,133,126,0,42,0,1
decode,6,134,127,0,42,0,1
decode,6,135,128,0,42,0,1
decode,6,136,129,0,42,0,1
decode,6,137,130,0,42,0,1
decode,6,138,131,0,42,0,1
decode,6,139,132,0,42,0,1
decode,6,140,133,0,42,0,1
decode,6,141,134,0,42,0,1
decode,6,142,135,0,42,0,1
decode,6,143,136,0,42,0,1
decode,6,144,137,0,42,0,1
decode,6,145,138,0,42,0,1
decode,6,146,139,0,42,0,1
decode,6,147,140,0,42,0,1
decode,6,148,141,0,42,0,1
decode,6,149,142,0,42,0,1
decode,6,150,143,0,42,0,1
decode,6,151,144,0,42,0,1
decode,6,152,145,0,42,0,1
decode,6,153,147,0,42,0,1
decode,6,154,148,0,42,0,1
decode,6,155,149,0,42,0,1
decode,6,156,150,0,42,0,1
decode,6,157,151,0,42,0,1
decode,6,158,152,0,42,0,1
decode,6,159,153,0,42,0,1
decode,6,160,154,0,42,0,1
decode,6,161,155,0,42,0,1
decode,6,162,157,0,42,0,1
decode,6,163,158,0,42,0,1
decode,6,164,159,0,42,0,1
decode,6,165,160,0,42,0,1
decode,6,166,161,0,42,0,1
decode,6,167,162,0,42,0,1
decode,6,168,163,0,42,0,1
decode,6,169,164,0,42,0,1
decode,6,170,165,0,42,0,1
decode,6,171,166,0,42,0,1
decode,6,172,167,0,42,0,1
decode,6,173,168,0,42,0,1
decode,6,174,169,0,42,0,1
decode,6,175,170,0,42,0,1
decode,6,176,172,0,42,0,1
decode,6,177,173,0,42,0,1
decode,6,178,174,0,42,0,1
decode,6,179,175,0,42,0,1
decode,6,180,176,0,42,0,1
decode,6,181,177,0,42,0,1
decode,6,182,178,0,42,0,1
decode,6,183,179,0,42,0,1
decode,6,184,181,0,42,0,1
decode,6,185,182,0,42,0,1
decode,6,186,183,0,42,0,1
decode,6,187,184,0,42,0,1
decode,6,188,185,0,42,0,1
decode,6,189,186,0,42,0,1
decode,6,190,187,0,42,0,1
decode,6,191,188,0,42,0,1
decode,6,192,189,0,42,0,1
decode,6,193,190,0,42,0,1
decode,6,194,191,0,42,0,1
decode,6,195,192,0,42,0,1
decode,6,196,193,0,42,0,1
decode,6,197,194,0,42,0,1
decode,6,198,195,0,42,0,1
decode,6,199,196,0,42,0,1
decode,6,200,197,0,42,0,1
decode,6,201,198,0,42,0,1
decode,6,202,199,0,42,0,1
decode,6,203,200,0,42,0,1
decode,6,204,201,0,42,0,1
decode,6,205,202,0,42,0,1
decode,6,206,203,0,42,0,1
decode,6,207,204,0,42,0,1
decode,6,208,205,0,42,0,1
decode,6,209,206,0,42,0,1
decode,6,210,207,0,42,0,1
decode,6,211,208,0,42,0,1
decode,6,212,209,0,42,0,1
decode,6,213,210,0,42,0,1
decode,6,214,211,0,42,0,1
decode,6,215,212,0,42,0,1
decode,6,216,213,0,42,0,1
decode,6,217,215,0,42,0,1
decode,6,218,216,0,42,0,1
decode,6,219,217,0,42,0,1
decode,6,220,218,0,42,0,1
decode,6,221,219,0,42,0,1
decode,6,222,220,0,42,0,1
decode,6,223,221,0,42,0,1
decode,6,224,222,0,42,0,1
decode,6,225,223,0,42,0,1
decode,6,226,224,0,42,0,1
decode,6,227,225,0,42,0,1
decode,6,228,226,0,42,0,1
decode,6,229,227,0,42,0,1
decode,6,230,228,0,42,0,1
decode,6,231,229,0,42,0,1
decode,6,232,230,0,42,0,1
decode,6,233,231,0,42,0,1
decode,6,234,232,0,42,0,1
decode,6,235,233,0,42,0,1
decode,6,236,234,0,42,0,1
decode,6,237,235,0,42,0,1
decode,6,238,236,0,42,0,1
decode,6,239,237,0,42,0,1
decode,6,240,238,0,42,0,1
decode,6,241,239,0,42,0,1
decode,6,242,240,0,42,0,1
decode,6,243,241,0,42,0,1
decode,6,244,242,0,42,0,1
decode,6,245,243,0,42,0,1
decode,6,246,244,0,42,0,1
decode,6,247,245,0,42,0,1
decode,6,248,246,0,42,0,1
decode,6,249,247,0,42,0,1
decode,6,250,248,0,42,0,1
decode,6,251,249,0,42,0,1
decode,6,252,250,0,42,0,1
decode,6,253,251,0,42,0,1
decode,6,254,252,0,42,0,1
decode,6,255,253,0,42,0,1
decode,6,256,254,0,42,0,1
decode,7,1,232,7,42,0.166666666666667,0.166666666666667
decode,7,2,122,6,42,0.142857142857143,0.30952380952381
decode,7,3,0,5,42,0.119047619047619,0.428571428571429
decode,7,4,35,3,42,0.0714285714285714,0.5
decode,7,5,120,3,42,0.0714285714285714,0.571428571428571
decode,7,6,66,2,42,0.0476190476190476,0.619047619047619
decode,7,7,169,2,42,0.0476190476190476,0.666666666666667
decode,7,8,191,2,42,0.0476190476190476,0.714285714285714
decode,7,9,192,2,42,0.0476190476190476,0.761904761904762
decode,7,10,205,2,42,0.0476190476190476,0.80952380952381
decode,7,11,14,1,42,0.0238095238095238,0.833333333333334
decode,7,12,100,1,42,0.0238095238095238,0.857142857142857
decode,7,13,141,1,42,0.0238095238095238,0.880952380952381
decode,7,14,146,1,42,0.0238095238095238,0.904761904761905
decode,7,15,180,1,42,0.0238095238095238,0.928571428571429
decode,7,16,184,1,42,0.0238095238095238,0.952380952380953
decode,7,17,212,1,42,0.0238095238095238,0.976190476190477
decode,7,18,220,1,42,0.0238095238095238,1
decode,7,19,1,0,42,0,1
decode,7,20,2,0,42,0,1
decode,7,21,3,0,42,0,1
decode,7,22,4,0,42,0,1
decode,7,23,5,0,42,0,1
decode,7,24,6,0,42,0,1
decode,7,25,7,0,42,0,1
decode,7,26,8,0,42,0,1
decode,7,27,9,0,42,0,1
decode,7,28,10,0,42,0,1
decode,7,29,11,0,42,0,1
decode,7,30,12,0,42,0,1
decode,7,31,13,0,42,0,1
decode,7,32,15,0,42,0,1
decode,7,33,16,0,42,0,1
decode,7,34,17,0,42,0,1
decode,7,35,18,0,42,0,1
decode,7,36,19,0,42,0,1
decode,7,37,20,0,42,0,1
decode,7,38,21,0,42,0,1
decode,7,39,22,0,42,0,1
decode,7,40,23,0,42,0,1
decode,7,41,24,0,42,0,1
decode,7,42,25,0,42,0,1
decode,7,43,26,0,42,0,1
decode,7,44,27,0,42,0,1
decode,7,45,28,0,42,0,1
decode,7,46,29,0,42,0,1
decode,7,47,30,0,42,0,1
decode,7,48,31,0,42,0,1
decode,7,49,32,0,42,0,1
decode,7,50,33,0,42,0,1
decode,7,51,34,0,42,0,1
decode,7,52,36,0,42,0,1
decode,7,53,37,0,42,0,1
decode,7,54,38,0,42,0,1
decode,7,55,39,0,42,0,1
decode,7,56,40,0,42,0,1
decode,7,57,41,0,42,0,1
decode,7,58,42,0,42,0,1
decode,7,59,43,0,42,0,1
decode,7,60,44,0,42,0,1
decode,7,61,45,0,42,0,1
decode,7,62,46,0,42,0,1
decode,7,63,47,0,42,0,1
decode,7,64,48,0,42,0,1
decode,7,65,49,0,42,0,1
decode,7,66,50,0,42,0,1
decode,7,67,51,0,42,0,1
decode,7,68,52,0,42,0,1
decode,7,69,53,0,42,0,1
decode,7,70,54,0,42,0,1
decode,7,71,55,0,42,0,1
decode,7,72,56,0,42,0,1
decode,7,73,57,0,42,0,1
decode,7,74,58,0,42,0,1
decode,7,75,59,0,42,0,1
decode,7,76,60,0,42,0,1
decode,7,77,61,0,42,0,1
decode,7,78,62,0,42,0,1
decode,7,79,63,0,42,0,1
decode,7,80,64,0,42,0,1
decode,7,81,65,0,42,0,1
decode,7,82,67,0,42,0,1
decode,7,83,68,0,42,0,1
decode,7,84,69,0,42,0,1
decode,7,85,70,0,42,0,1
decode,7,86,71,0,42,0,1
decode,7,87,72,0,42,0,1
decode,7,88,73,0,42,0,1
decode,7,89,74,0,42,0,1
decode,7,90,75,0,42,0,1
decode,7,91,76,0,42,0,1
decode,7,92,77,0,42,0,1
decode,7,93,78,0,42,0,1
decode,7,94,79,0,42,0,1
decode,7,95,80,0,42,0,1
decode,7,96,81,0,42,0,1
decode,7,97,82,0,42,0,1
decode,7,98,83,0,42,0,1
decode,7,99,84,0,42,0,1
decode,7,100,85,0,42,0,1
decode,7,101,86,0,42,0,1
decode,7,102,87,0,42,0,1
decode,7,103,88,0,42,0,1
decode,7,104,89,0,42,0,1
decode,7,105,90,0,42,0,1
decode,7,106,91,0,42,0,1
decode,7,107,92,0,42,0,1
decode,7,108,93,0,42,0,1
decode,7,109,94,0,42,0,1
decode,7,110,95,0,42,0,1
decode,7,111,96,0,42,0,1
decode,7,112,97,0,42,0,1
decode,7,113,98,0,42,0,1
decode,7,114,99,0,42,0,1
decode,7,115,101,0,42,0,1
decode,7,116,102,0,42,0,1
decode,7,117,103,0,42,0,1
decode,7,118,104,0,42,0,1
decode,7,119,105,0,42,0,1
decode,7,120,106,0,42,0,1
decode,7,121,107,0,42,0,1
decode,7,122,108,0,42,0,1
decode,7,123,109,0,42,0,1
decode,7,124,110,0,42,0,1
decode,7,125,111,0,42,0,1
decode,7,126,112,0,42,0,1
decode,7,127,113,0,42,0,1
decode,7,128,114,0,42,0,1
decode,7,129,115,0,42,0,1
decode,7,130,116,0,42,0,1
decode,7,131,117,0,42,0,1
decode,7,132,118,0,42,0,1
decode,7,133,119,0,42,0,1
decode,7,134,121,0,42,0,1
decode,7,135,123,0,42,0,1
decode,7,136,124,0,42,0,1
decode,7,137,125,0,42,0,1
decode,7,138,126,0,42,0,1
decode,7,139,127,0,42,0,1
decode,7,140,128,0,42,0,1
decode,7,141,129,0,42,0,1
decode,7,142,130,0,42,0,1
decode,7,143,131,0,42,0,1
decode,7,144,132,0,42,0,1
decode,7,145,133,0,42,0,1
decode,7,146,134,0,42,0,1
decode,7,147,135,0,42,0,1
decode,7,148,136,0,42,0,1
decode,7,149,137,0,42,0,1
decode,7,150,138,0,42,0,1
decode,7,151,139,0,42,0,1
decode,7,152,140,0,42,0,1
decode,7,153,142,0,42,0,1
decode,7,154,143,0,42,0,1
decode,7,155,144,0,42,0,1
decode,7,156,145,0,42,0,1
decode,7,157,147,0,42,0,1
decode,7,158,148,0,42,0,1
decode,7,159,149,0,42,0,1
decode,7,160,150,0,42,0,1
decode,7,161,151,0,42,0,1
decode,7,162,152,0,42,0,1
decode,7,163,153,0,42,0,1
decode,7,164,154,0,42,0,1
decode,7,165,155,0,42,0,1
decode,7,166,156,0,42,0,1
decode,7,167,157,0,42,0,1
decode,7,168,158,0,42,0,1
decode,7,169,159,0,42,0,1
decode,7,170,160,0,42,0,1
decode,7,171,161,0,42,0,1
decode,7,172,162,0,42,0,1
decode,7,173,163,0,42,0,1
decode,7,174,164,0,42,0,1
decode,7,175,165,0,42,0,1
decode,7,176,166,0,42,0,1
decode,7,177,167,0,42,0,1
decode,7,178,168,0,42,0,1
decode,7,179,170,0,42,0,1
decode,7,180,171,0,42,0,1
decode,7,181,172,0,42,0,1
decode,7,182,173,0,42,0,1
decode,7,183,174,0,42,0,1
decode,7,184,175,0,42,0,1
decode,7,185,176,0,42,0,1
decode,7,186,177,0,42,0,1
decode,7,187,178,0,42,0,1
decode,7,188,179,0,42,0,1
decode,7,189,181,0,42,0,1
decode,7,190,182,0,42,0,1
decode,7,191,183,0,42,0,1
decode,7,192,185,0,42,0,1
decode,7,193,186,0,42,0,1
decode,7,194,187,0,42,0,1
decode,7,195,188,0,42,0,1
decode,7,196,189,0,42,0,1
decode,7,197,190,0,42,0,1
decode,7,198,193,0,42,0,1
decode,7,199,194,0,42,0,1
decode,7,200,195,0,42,0,1
decode,7,201,196,0,42,0,1
decode,7,202,197,0,42,0,1
decode,7,203,198,0,42,0,1
decode,7,204,199,0,42,0,1
decode,7,205,200,0,42,0,1
decode,7,206,201,0,42,0,1
decode,7,207,202,0,42,0,1
decode,7,208,203,0,42,0,1
decode,7,209,204,0,42,0,1
decode,7,210,206,0,42,0,1
decode,7,211,207,0,42,0,1
decode,7,212,208,0,42,0,1
decode,7,213,209,0,42,0,1
decode,7,214,210,0,42,0,1
decode,7,215,211,0,42,0,1
decode,7,216,213,0,42,0,1
decode,7,217,214,0,42,0,1
decode,7,218,215,0,42,0,1
decode,7,219,216,0,42,0,1
decode,7,220,217,0,42,0,1
decode,7,221,218,0,42,0,1
decode,7,222,219,0,42,0,1
decode,7,223,221,0,42,0,1
decode,7,224,222,0,42,0,1
decode,7,225,223,0,42,0,1
decode,7,226,224,0,42,0,1
decode,7,227,225,0,42,0,1
decode,7,228,226,0,42,0,1
decode,7,229,227,0,42,0,1
decode,7,230,228,0,42,0,1
decode,7,231,229,0,42,0,1
decode,7,232,230,0,42,0,1
decode,7,233,231,0,42,0,1
decode,7,234,233,0,42,0,1
decode,7,235,234,0,42,0,1
decode,7,236,235,0,42,0,1
decode,7,237,236,0,42,0,1
decode,7,238,237,0,42,0,1
decode,7,239,238,0,42,0,1
decode,7,240,239,0,42,0,1
decode,7,241,240,0,42,0,1
decode,7,242,241,0,42,0,1
decode,7,243,242,0,42,0,1
decode,7,244,243,0,42,0,1
decode,7,245,244,0,42,0,1
decode,7,246,245,0,42,0,1
decode,7,247,246,0,42,0,1
decode,7,248,247,0,42,0,1
decode,7,249,248,0,42,0,1
decode,7,250,249,0,42,0,1
decode,7,251,250,0,42,0,1
decode,7,252,251,0,42,0,1
decode,7,253,252,0,42,0,1
decode,7,254,253,0,42,0,1
decode,7,255,254,0,42,0,1
decode,7,256,255,0,42,0,1
decode,8,1,120,6,42,0.142857142857143,0.142857142857143
decode,8,2,208,6,42,0.142857142857143,0.285714285714286
decode,8,3,53,5,42,0.119047619047619,0.404761904761905
decode,8,4,84,5,42,0.119047619047619,0.523809523809524
decode,8,5,112,3,42,0.0714285714285714,0.595238095238095
decode,8,6,142,3,42,0.0714285714285714,0.666666666666667
decode,8,7,213,3,42,0.0714285714285714,0.738095238095238
decode,8,8,212,2,42,0.0476190476190476,0.785714285714286
decode,8,9,254,2,42,0.0476190476190476,0.833333333333333
decode,8,10,26,1,42,0.0238095238095238,0.857142857142857
decode,8,11,31,1,42,0.0238095238095238,0.880952380952381
decode,8,12,77,1,42,0.0238095238095238,0.904761904761905
decode,8,13,88,1,42,0.0238095238095238,0.928571428571429
decode,8,14,131,1,42,0.0238095238095238,0.952380952380952
decode,8,15,197,1,42,0.0238095238095238,0.976190476190476
decode,8,16,200,1,42,0.0238095238095238,1
decode,8,17,0,0,42,0,1
decode,8,18,1,0,42,0,1
decode,8,19,2,0,42,0,1
decode,8,20,3,0,42,0,1
decode,8,21,4,0,42,0,1
decode,8,22,5,0,42,0,1
decode,8,23,6,0,42,0,1
decode,8,24,7,0,42,0,1
decode,8,25,8,0,42,0,1
decode,8,26,9,0,42,0,1
decode,8,27,10,0,42,0,1
decode,8,28,11,0,42,0,1
decode,8,29,12,0,42,0,1
decode,8,30,13,0,42,0,1
decode,8,31,14,0,42,0,1
decode,8,32,15,0,42,0,1
decode,8,33,16,0,42,0,1
decode,8,34,17,0,42,0,1
decode,8,35,18,0,42,0,1
decode,8,36,19,0,42,0,1
decode,8,37,20,0,42,0,1
decode,8,38,21,0,42,0,1
decode,8,39,22,0,42,0,1
decode,8,40,23,0,42,0,1
decode,8,41,24,0,42,0,1
decode,8,42,25,0,42,0,1
decode,8,43,27,0,42,0,1
decode,8,44,28,0,42,0,1
decode,8,45,29,0,42,0,1
decode,8,46,30,0,42,0,1
decode,8,47,32,0,42,0,1
decode,8,48,33,0,42,0,1
decode,8,49,34,0,42,0,1
decode,8,50,35,0,42,0,1
decode,8,51,36,0,42,0,1
decode,8,52,37,0,42,0,1
decode,8,53,38,0,42,0,1
decode,8,54,39,0,42,0,1
decode,8,55,40,0,42,0,1
decode,8,56,41,0,42,0,1
decode,8,57,42,0,42,0,1
decode,8,58,43,0,42,0,1
decode,8,59,44,0,42,0,1
decode,8,60,45,0,42,0,1
decode,8,61,46,0,42,0,1
decode,8,62,47,0,42,0,1
decode,8,63,48,0,42,0,1
decode,8,64,49,0,42,0,1
decode,8,65,50,0,42,0,1
decode,8,66,51,0,42,0,1
decode,8,67,52,0,42,0,1
decode,8,68,54,0,42,0,1
decode,8,69,55,0,42,0,1
decode,8,70,56,0,42,0,1
decode,8,71,57,0,42,0,1
decode,8,72,58,0,42,0,1
decode,8,73,59,0,42,0,1
decode,8,74,60,0,42,0,1
decode,8,75,61,0,42,0,1
decode,8,76,62,0,42,0,1
decode,8,77,63,0,42,0,1
decode,8,78,64,0,42,0,1
decode,8,79,65,0,42,0,1
decode,8,80,66,0,42,0,1
decode,8,81,67,0,42,0,1
decode,8,82,68,0,42,0,1
decode,8,83,69,0,42,0,1
decode,8,84,70,0,42,0,1
decode,8,85,71,0,42,0,1
decode,8,86,72,0,42,0,1
decode,8,87,73,0,42,0,1
decode,8,88,74,0,42,0,1
decode,8,89,75,0,42,0,1
decode,8,90,76,0,42,0,1
decode,8,91,78,0,42,0,1
decode,8,92,79,0,42,0,1
decode,8,93,80,0,42,0,1
decode,8,94,81,0,42,0,1
decode,8,95,82,0,42,0,1
decode,8,96,83,0,42,0,1
decode,8,97,85,0,42,0,1
decode,8,98,86,0,42,0,1
decode,8,99,87,0,42,0,1
decode,8,100,89,0,42,0,1
decode,8,101,90,0,42,0,1
decode,8,102,91,0,42,0,1
decode,8,103,92,0,42,0,1
decode,8,104,93,0,42,0,1
decode,8,105,94,0,42,0,1
decode,8,106,95,0,42,0,1
decode,8,107,96,0,42,0,1
decode,8,108,97,0,42,0,1
decode,8,109,98,0,42,0,1
decode,8,110,99,0,42,0,1
decode,8,111,100,0,42,0,1
decode,8,112,101,0,42,0,1
decode,8,113,102,0,42,0,1
decode,8,114,103,0,42,0,1
decode,8,115,104,0,42,0,1
decode,8,116,105,0,42,0,1
decode,8,117,106,0,42,0,1
decode,8,118,107,0,42,0,1
decode,8,119,108,0,42,0,1
decode,8,120,109,0,42,0,1
decode,8,121,110,0,42,0,1
decode,8,122,111,0,42,0,1
decode,8,123,113,0,42,0,1
decode,8,124,114,0,42,0,1
decode,8,125,115,0,42,0,1
decode,8,126,116,0,42,0,1
decode,8,127,117,0,42,0,1
decode,8,128,118,0,42,0,1
decode,8,129,119,0,42,0,1
decode,8,130,121,0,42,0,1
decode,8,131,122,0,42,0,1
decode,8,132,123,0,42,0,1
decode,8,133,124,0,42,0,1
decode,8,134,125,0,42,0,1
decode,8,135,126,0,42,0,1
decode,8,136,127,0,42,0,1
decode,8,137,128,0,42,0,1
decode,8,138,129,0,42,0,1
decode,8,139,130,0,42,0,1
decode,8,140,132,0,42,0,1
decode,8,141,133,0,42,0,1
decode,8,142,134,0,42,0,1
decode,8,143,135,0,42,0,1
decode,8,144,136,0,42,0,1
decode,8,145,137,0,42,0,1
decode,8,146,138,0,42,0,1
decode,8,147,139,0,42,0,1
decode,8,148,140,0,42,0,1
decode,8,149,141,0,42,0,1
decode,8,150,143,0,42,0,1
decode,8,151,144,0,42,0,1
decode,8,152,145,0,42,0,1
decode,8,153,146,0,42,0,1
decode,8,154,147,0,42,0,1
decode,8,155,148,0,42,0,1
decode,8,156,149,0,42,0,1
decode,8,157,150,0,42,0,1
decode,8,158,151,0,42,0,1
decode,8,159,152,0,42,0,1
decode,8,160,153,0,42,0,1
decode,8,161,154,0,42,0,1
decode,8,162,155,0,42,0,1
decode,8,163,156,0,42,0,1
decode,8,164,157,0,42,0,1
decode,8,165,158,0,42,0,1
decode,8,166,159,0,42,0,1
decode,8,167,160,0,42,0,1
decode,8,168,161,0,42,0,1
decode,8,169,162,0,42,0,1
decode,8,170,163,0,42,0,1
decode,8,171,164,0,42,0,1
decode,8,172,165,0,42,0,1
decode,8,173,166,0,42,0,1
decode,8,174,167,0,42,0,1
decode,8,175,168,0,42,0,1
decode,8,176,169,0,42,0,1
decode,8,177,170,0,42,0,1
decode,8,178,171,0,42,0,1
decode,8,179,172,0,42,0,1
decode,8,180,173,0,42,0,1
decode,8,181,174,0,42,0,1
decode,8,182,175,0,42,0,1
decode,8,183,176,0,42,0,1
decode,8,184,177,0,42,0,1
decode,8,185,178,0,42,0,1
decode,8,186,179,0,42,0,1
decode,8,187,180,0,42,0,1
decode,8,188,181,0,42,0,1
decode,8,189,182,0,42,0,1
decode,8,190,183,0,42,0,1
decode,8,191,184,0,42,0,1
decode,8,192,185,0,42,0,1
decode,8,193,186,0,42,0,1
decode,8,194,187,0,42,0,1
decode,8,195,188,0,42,0,1
decode,8,196,189,0,42,0,1
decode,8,197,190,0,42,0,1
decode,8,198,191,0,42,0,1
decode,8,199,192,0,42,0,1
decode,8,200,193,0,42,0,1
decode,8,201,194,0,42,0,1
decode,8,202,195,0,42,0,1
decode,8,203,196,0,42,0,1
decode,8,204,198,0,42,0,1
decode,8,205,199,0,42,0,1
decode,8,206,201,0,42,0,1
decode,8,207,202,0,42,0,1
decode,8,208,203,0,42,0,1
decode,8,209,204,0,42,0,1
decode,8,210,205,0,42,0,1
decode,8,211,206,0,42,0,1
decode,8,212,207,0,42,0,1
decode,8,213,209,0,42,0,1
decode,8,214,210,0,42,0,1
decode,8,215,211,0,42,0,1
decode,8,216,214,0,42,0,1
decode,8,217,215,0,42,0,1
decode,8,218,216,0,42,0,1
decode,8,219,217,0,42,0,1
decode,8,220,218,0,42,0,1
decode,8,221,219,0,42,0,1
decode,8,222,220,0,42,0,1
decode,8,223,221,0,42,0,1
decode,8,224,222,0,42,0,1
decode,8,225,223,0,42,0,1
decode,8,226,224,0,42,0,1
decode,8,227,225,0,42,0,1
decode,8,228,226,0,42,0,1
decode,8,229,227,0,42,0,1
decode,8,230,228,0,42,0,1
decode,8,231,229,0,42,0,1
decode,8,232,230,0,42,0,1
decode,8,233,231,0,42,0,1
decode,8,234,232,0,42,0,1
decode,8,235,233,0,42,0,1
decode,8,236,234,0,42,0,1
decode,8,237,235,0,42,0,1
decode,8,238,236,0,42,0,1
decode,8,239,237,0,42,0,1
decode,8,240,238,0,42,0,1
decode,8,241,239,0,42,0,1
decode,8,242,240,0,42,0,1
decode,8,243,241,0,42,0,1
decode,8,244,242,0,42,0,1
decode,8,245,243,0,42,0,1
decode,8,246,244,0,42,0,1
decode,8,247,245,0,42,0,1
decode,8,248,246,0,42,0,1
decode,8,249,247,0,42,0,1
decode,8,250,248,0,42,0,1
decode,8,251,249,0,42,0,1
decode,8,252,250,0,42,0,1
decode,8,253,251,0,42,0,1
decode,8,254,252,0,42,0,1
decode,8,255,253,0,42,0,1
decode,8,256,255,0,42,0,1
decode,9,1,114,7,42,0.166666666666667,0.166666666666667
decode,9,2,211,5,42,0.119047619047619,0.285714285714286
decode,9,3,105,3,42,0.0714285714285714,0.357142857142857
decode,9,4,118,3,42,0.0714285714285714,0.428571428571428
decode,9,5,166,3,42,0.0714285714285714,0.5
decode,9,6,169,3,42,0.0714285714285714,0.571428571428571
decode,9,7,238,3,42,0.0714285714285714,0.642857142857143
decode,9,8,242,3,42,0.0714285714285714,0.714285714285714
decode,9,9,17,2,42,0.0476190476190476,0.761904761904762
decode,9,10,27,2,42,0.0476190476190476,0.809523809523809
decode,9,11,57,2,42,0.0476190476190476,0.857142857142857
decode,9,12,196,2,42,0.0476190476190476,0.904761904761905
decode,9,13,9,1,42,0.0238095238095238,0.928571428571428
decode,9,14,15,1,42,0.0238095238095238,0.952380952380952
decode,9,15,31,1,42,0.0238095238095238,0.976190476190476
decode,9,16,236,1,42,0.0238095238095238,1
decode,9,17,0,0,42,0,1
decode,9,18,1,0,42,0,1
decode,9,19,2,0,42,0,1
decode,9,20,3,0,42,0,1
decode,9,21,4,0,42,0,1
decode,9,22,5,0,42,0,1
decode,9,23,6,0,42,0,1
decode,9,24,7,0,42,0,1
decode,9,25,8,0,42,0,1
decode,9,26,10,0,42,0,1
decode,9,27,11,0,42,0,1
decode,9,28,12,0,42,0,1
decode,9,29,13,0,42,0,1
decode,9,30,14,0,42,0,1
decode,9,31,16,0,42,0,1
decode,9,32,18,0,42,0,1
decode,9,33,19,0,42,0,1
decode,9,34,20,0,42,0,1
decode,9,35,21,0,42,0,1
decode,9,36,22,0,42,0,1
decode,9,37,23,0,42,0,1
decode,9,38,24,0,42,0,1
decode,9,39,25,0,42,0,1
decode,9,40,26,0,42,0,1
decode,9,41,28,0,42,0,1
decode,9,42,29,0,42,0,1
decode,9,43,30,0,42,0,1
decode,9,44,32,0,42,0,1
decode,9,45,33,0,42,0,1
decode,9,46,34,0,42,0,1
decode,9,47,35,0,42,0,1
decode,9,48,36,0,42,0,1
decode,9,49,37,0,42,0,1
decode,9,50,38,0,42,0,1
decode,9,51,39,0,42,0,1
decode,9,52,40,0,42,0,1
decode,9,53,41,0,42,0,1
decode,9,54,42,0,42,0,1
decode,9,55,43,0,42,0,1
decode,9,56,44,0,42,0,1
decode,9,57,45,0,42,0,1
decode,9,58,46,0,42,0,1
decode,9,59,47,0,42,0,1
decode,9,60,48,0,42,0,1
decode,9,61,49,0,42,0,1
decode,9,62,50,0,42,0,1
decode,9,63,51,0,42,0,1
decode,9,64,52,0,42,0,1
decode,9,65,53,0,42,0,1
decode,9,66,54,0,42,0,1
decode,9,67,55,0,42,0,1
decode,9,68,56,0,42,0,1
decode,9,69,58,0,42,0,1
decode,9,70,59,0,42,0,1
decode,9,71,60,0,42,0,1
decode,9,72,61,0,42,0,1
decode,9,73,62,0,42,0,1
decode,9,74,63,0,42,0,1
decode,9,75,64,0,42,0,1
decode,9,76,65,0,42,0,1
decode,9,77,66,0,42,0,1
decode,9,78,67,0,42,0,1
decode,9,79,68,0,42,0,1
decode,9,80,69,0,42,0,1
decode,9,81,70,0,42,0,1
decode,9,82,71,0,42,0,1
decode,9,83,72,0,42,0,1
decode,9,84,73,0,42,0,1
decode,9,85,74,0,42,0,1
decode,9,86,75,0,42,0,1
decode,9,87,76,0,42,0,1
decode,9,88,77,0,42,0,1
decode,9,89,78,0,42,0,1
decode,9,90,79,0,42,0,1
decode,9,91,80,0,42,0,1
decode,9,92,81,0,42,0,1
decode,9,93,82,0,42,0,1
decode,9,94,83,0,42,0,1
decode,9,95,84,0,42,0,1
decode,9,96,85,0,42,0,1
decode,9,97,86,0,42,0,1
decode,9,98,87,0,42,0,1
decode,9,99,88,0,42,0,1
decode,9,100,89,0,42,0,1
decode,9,101,90,0,42,0,1
decode,9,102,91,0,42,0,1
decode,9,103,92,0,42,0,1
decode,9,104,93,0,42,0,1
decode,9,105,94,0,42,0,1
decode,9,106,95,0,42,0,1
decode,9,107,96,0,42,0,1
decode,9,108,97,0,42,0,1
decode,9,109,98,0,42,0,1
decode,9,110,99,0,42,0,1
decode,9,111,100,0,42,0,1
decode,9,112,101,0,42,0,1
decode,9,113,102,0,42,0,1
decode,9,114,103,0,42,0,1
decode,9,115,104,0,42,0,1
decode,9,116,106,0,42,0,1
decode,9,117,107,0,42,0,1
decode,9,118,108,0,42,0,1
decode,9,119,109,0,42,0,1
decode,9,120,110,0,42,0,1
decode,9,121,111,0,42,0,1
decode,9,122,112,0,42,0,1
decode,9,123,113,0,42,0,1
decode,9,124,115,0,42,0,1
decode,9,125,116,0,42,0,1
decode,9,126,117,0,42,0,1
decode,9,127,119,0,42,0,1
decode,9,128,120,0,42,0,1
decode,9,129,121,0,42,0,1
decode,9,130,122,0,42,0,1
decode,9,131,123,0,42,0,1
decode,9,132,124,0,42,0,1
decode,9,133,125,0,42,0,1
decode,9,134,126,0,42,0,1
decode,9,135,127,0,42,0,1
decode,9,136,128,0,42,0,1
decode,9,137,129,0,42,0,1
decode,9,138,130,0,42,0,1
decode,9,139,131,0,42,0,1
decode,9,140,132,0,42,0,1
decode,9,141,133,0,42,0,1
decode,9,142,134,0,42,0,1
decode,9,143,135,0,42,0,1
decode,9,144,136,0,42,0,1
decode,9,145,137,0,42,0,1
decode,9,146,138,0,42,0,1
decode,9,147,139,0,42,0,1
decode,9,148,140,0,42,0,1
decode,9,149,141,0,42,0,1
decode,9,150,142,0,42,0,1
decode,9,151,143,0,42,0,1
decode,9,152,144,0,42,0,1
decode,9,153,145,0,42,0,1
decode,9,154,146,0,42,0,1
decode,9,155,147,0,42,0,1
decode,9,156,148,0,42,0,1
decode,9,157,149,0,42,0,1
decode,9,158,150,0,42,0,1
decode,9,159,151,0,42,0,1
decode,9,160,152,0,42,0,1
decode,9,161,153,0,42,0,1
decode,9,162,154,0,42,0,1
decode,9,163,155,0,42,0,1
decode,9,164,156,0,42,0,1
decode,9,165,157,0,42,0,1
decode,9,166,158,0,42,0,1
decode,9,167,159,0,42,0,1
decode,9,168,160,0,42,0,1
decode,9,169,161,0,42,0,1
decode,9,170,162,0,42,0,1
decode,9,171,163,0,42,0,1
decode,9,172,164,0,42,0,1
decode,9,173,165,0,42,0,1
decode,9,174,167,0,42,0,1
decode,9,175,168,0,42,0,1
decode,9,176,170,0,42,0,1
decode,9,177,171,0,42,0,1
decode,9,178,172,0,42,0,1
decode,9,179,173,0,42,0,1
decode,9,180,174,0,42,0,1
decode,9,181,175,0,42,0,1
decode,9,182,176,0,42,0,1
decode,9,183,177,0,42,0,1
decode,9,184,178,0,42,0,1
decode,9,185,179,0,42,0,1
decode,9,186,180,0,42,0,1
decode,9,187,181,0,42,0,1
decode,9,188,182,0,42,0,1
decode,9,189,183,0,42,0,1
decode,9,190,184,0,42,0,1
decode,9,191,185,0,42,0,1
decode,9,192,186,0,42,0,1
decode,9,193,187,0,42,0,1
decode,9,194,188,0,42,0,1
decode,9,195,189,0,42,0,1
decode,9,196,190,0,42,0,1
decode,9,197,191,0,42,0,1
decode,9,198,192,0,42,0,1
decode,9,199,193,0,42,0,1
decode,9,200,194,0,42,0,1
decode,9,201,195,0,42,0,1
decode,9,202,197,0,42,0,1
decode,9,203,198,0,42,0,1
decode,9,204,199,0,42,0,1
decode,9,205,200,0,42,0,1
decode,9,206,201,0,42,0,1
decode,9,207,202,0,42,0,1
decode,9,208,203,0,42,0,1
decode,9,209,204,0,42,0,1
decode,9,210,205,0,42,0,1
decode,9,211,206,0,42,0,1
decode,9,212,207,0,42,0,1
decode,9,213,208,0,42,0,1
decode,9,214,209,0,42,0,1
decode,9,215,210,0,42,0,1
decode,9,216,212,0,42,0,1
decode,9,217,213,0,42,0,1
decode,9,218,214,0,42,0,1
decode,9,219,215,0,42,0,1
decode,9,220,216,0,42,0,1
decode,9,221,217,0,42,0,1
decode,9,222,218,0,42,0,1
decode,9,223,219,0,42,0,1
decode,9,224,220,0,42,0,1
decode,9,225,221,0,42,0,1
decode,9,226,222,0,42,0,1
decode,9,227,223,0,42,0,1
decode,9,228,224,0,42,0,1
decode,9,229,225,0,42,0,1
decode,9,230,226,0,42,0,1
decode,9,231,227,0,42,0,1
decode,9,232,228,0,42,0,1
decode,9,233,229,0,42,0,1
decode,9,234,230,0,42,0,1
decode,9,235,231,0,42,0,1
decode,9,236,232,0,42,0,1
decode,9,237,233,0,42,0,1
decode,9,238,234,0,42,0,1
decode,9,239,235,0,42,0,1
decode,9,240,237,0,42,0,1
decode,9,241,239,0,42,0,1
decode,9,242,240,0,42,0,1
decode,9,243,241,0,42,0,1
decode,9,244,243,0,42,0,1
decode,9,245,244,0,42,0,1
decode,9,246,245,0,42,0,1
decode,9,247,246,0,42,0,1
decode,9,248,247,0,42,0,1
decode,9,249,248,0,42,0,1
decode,9,250,249,0,42,0,1
decode,9,251,250,0,42,0,1
decode,9,252,251,0,42,0,1
decode,9,253,252,0,42,0,1
decode,9,254,253,0,42,0,1
decode,9,255,254,0,42,0,1
decode,9,256,255,0,42,0,1
decode,10,1,14,7,42,0.166666666666667,0.166666666666667
decode,10,2,29,7,42,0.166666666666667,0.333333333333333
decode,10,3,64,6,42,0.142857142857143,0.476190476190476
decode,10,4,122,4,42,0.0952380952380952,0.571428571428571
decode,10,5,8,3,42,0.0714285714285714,0.642857142857143
decode,10,6,73,3,42,0.0714285714285714,0.714285714285714
decode,10,7,222,3,42,0.0714285714285714,0.785714285714286
decode,10,8,242,3,42,0.0714285714285714,0.857142857142857
decode,10,9,16,2,42,0.0476190476190476,0.904761904761905
decode,10,10,123,2,42,0.0476190476190476,0.952380952380952
decode,10,11,40,1,42,0.0238095238095238,0.976190476190476
decode,10,12,129,1,42,0.0238095238095238,1
decode,10,13,0,0,42,0,1
decode,10,14,1,0,42,0,1
decode,10,15,2,0,42,0,1
decode,10,16,3,0,42,0,1
decode,10,17,4,0,42,0,1
decode,10,18,5,0,42,0,1
decode,10,19,6,0,42,0,1
decode,10,20,7,0,42,0,1
decode,10,21,9,0,42,0,1
decode,10,22,10,0,42,0,1
decode,10,23,11,0,42,0,1
decode,10,24,12,0,42,0,1
decode,10,25,13,0,42,0,1
decode,10,26,15,0,42,0,1
decode,10,27,17,0,42,0,1
decode,10,28,18,0,42,0,1
decode,10,29,19,0,42,0,1
decode,10,30,20,0,42,0,1
decode,10,31,21,0,42,0,1
decode,10,32,22,0,42,0,1
decode,10,33,23,0,42,0,1
decode,10,34,24,0,42,0,1
decode,10,35,25,0,42,0,1
decode,10,36,26,0,42,0,1
decode,10,37,27,0,42,0,1
decode,10,38,28,0,42,0,1
decode,10,39,30,0,42,0,1
decode,10,40,31,0,42,0,1
decode,10,41,32,0,42,0,1
decode,10,42,33,0,42,0,1
decode,10,43,34,0,42,0,1
decode,10,44,35,0,42,0,1
decode,10,45,36,0,42,0,1
decode,10,46,37,0,42,0,1
decode,10,47,38,0,42,0,1
decode,10,48,39,0,42,0,1
decode,10,49,41,0,42,0,1
decode,10,50,42,0,42,0,1
decode,10,51,43,0,42,0,1
decode,10,52,44,0,42,0,1
decode,10,53,45,0,42,0,1
decode,10,54,46,0,42,0,1
decode,10,55,47,0,42,0,1
decode,10,56,48,0,42,0,1
decode,10,57,49,0,42,0,1
decode,10,58,50,0,42,0,1
decode,10,59,51,0,42,0,1
decode,10,60,52,0,42,0,1
decode,10,61,53,0,42,0,1
decode,10,62,54,0,42,0,1
decode,10,63,55,0,42,0,1
decode,10,64,56,0,42,0,1
decode,10,65,57,0,42,0,1
decode,10,66,58,0,42,0,1
decode,10,67,59,0,42,0,1
decode,10,68,60,0,42,0,1
decode,10,69,61,0,42,0,1
decode,10,70,62,0,42,0,1
decode,10,71,63,0,42,0,1
decode,10,72,65,0,42,0,1
decode,10,73,66,0,42,0,1
decode,10,74,67,0,42,0,1
decode,10,75,68,0,42,0,1
decode,10,76,69,0,42,0,1
decode,10,77,70,0,42,0,1
decode,10,78,71,0,42,0,1
decode,10,79,72,0,42,0,1
decode,10,80,74,0,42,0,1
decode,10,81,75,0,42,0,1
decode,10,82,76,0,42,0,1
decode,10,83,77,0,42,0,1
decode,10,84,78,0,42,0,1
decode,10,85,79,0,42,0,1
decode,10,86,80,0,42,0,1
decode,10,87,81,0,42,0,1
decode,10,88,82,0,42,0,1
decode,10,89,83,0,42,0,1
decode,10,90,84,0,42,0,1
decode,10,91,85,0,42,0,1
decode,10,92,86,0,42,0,1
decode,10,93,87,0,42,0,1
decode,10,94,88,0,42,0,1
decode,10,95,89,0,42,0,1
decode,10,96,90,0,42,0,1
decode,10,97,91,0,42,0,1
decode,10,98,92,0,42,0,1
decode,10,99,93,0,42,0,1
decode,10,100,94,0,42,0,1
decode,10,101,95,0,42,0,1
decode,10,102,96,0,42,0,1
decode,10,103,97,0,42,0,1
decode,10,104,98,0,42,0,1
decode,10,105,99,0,42,0,1
decode,10,106,100,0,42,0,1
decode,10,107,101,0,42,0,1
decode,10,108,102,0,42,0,1
decode,10,109,103,0,42,0,1
decode,10,110,104,0,42,0,1
decode,10,111,105,0,42,0,1
decode,10,112,106,0,42,0,1
decode,10,113,107,0,42,0,1
decode,10,114,108,0,42,0,1
decode,10,115,109,0,42,0,1
decode,10,116,110,0,42,0,1
decode,10,117,111,0,42,0,1
decode,10,118,112,0,42,0,1
decode,10,119,113,0,42,0,1
decode,10,120,114,0,42,0,1
decode,10,121,115,0,42,0,1
decode,10,122,116,0,42,0,1
decode,10,123,117,0,42,0,1
decode,10,124,118,0,42,0,1
decode,10,125,119,0,42,0,1
decode,10,126,120,0,42,0,1
decode,10,127,121,0,42,0,1
decode,10,128,124,0,42,0,1
decode,10,129,125,0,42,0,1
decode,10,130,126,0,42,0,1
decode,10,131,127,0,42,0,1
decode,10,132,128,0,42,0,1
decode,10,133,130,0,42,0,1
decode,10,134,131,0,42,0,1
decode,10,135,132,0,42,0,1
decode,10,136,133,0,42,0,1
decode,10,137,134,0,42,0,1
decode,10,138,135,0,42,0,1
decode,10,139,136,0,42,0,1
decode,10,140,137,0,42,0,1
decode,10,141,138,0,42,0,1
decode,10,142,139,0,42,0,1
decode,10,143,140,0,42,0,1
decode,10,144,141,0,42,0,1
decode,10,145,142,0,42,0,1
decode,10,146,143,0,42,0,1
decode,10,147,144,0,42,0,1
decode,10,148,145,0,42,0,1
decode,10,149,146,0,42,0,1
decode,10,150,147,0,42,0,1
decode,10,151,148,0,42,0,1
decode,10,152,149,0,42,0,1
decode,10,153,150,0,42,0,1
decode,10,154,151,0,42,0,1
decode,10,155,152,0,42,0,1
decode,10,156,153,0,42,0,1
decode,10,157,154,0,42,0,1
decode,10,158,155,0,42,0,1
decode,10,159,156,0,42,0,1
decode,10,160,157,0,42,0,1
decode,10,161,158,0,42,0,1
decode,10,162,159,0,42,0,1
decode,10,163,160,0,42,0,1
decode,10,164,161,0,42,0,1
decode,10,165,162,0,42,0,1
decode,10,166,163,0,42,0,1
decode,10,167,164,0,42,0,1
decode,10,168,165,0,42,0,1
decode,10,169,166,0,42,0,1
decode,10,170,167,0,42,0,1
decode,10,171,168,0,42,0,1
decode,10,172,169,0,42,0,1
decode,10,173,170,0,42,0,1
decode,10,174,171,0,42,0,1
decode,10,175,172,0,42,0,1
decode,10,176,173,0,42,0,1
decode,10,177,174,0,42,0,1
decode,10,178,175,0,42,0,1
decode,10,179,176,0,42,0,1
decode,10,180,177,0,42,0,1
decode,10,181,178,0,42,0,1
decode,10,182,179,0,42,0,1
decode,10,183,180,0,42,0,1
decode,10,184,181,0,42,0,1
decode,10,185,182,0,42,0,1
decode,10,186,183,0,42,0,1
decode,10,187,184,0,42,0,1
decode,10,188,185,0,42,0,1
decode,10,189,186,0,42,0,1
decode,10,190,187,0,42,0,1
decode,10,191,188,0,42,0,1
decode,10,192,189,0,42,0,1
decode,10,193,190,0,42,0,1
decode,10,194,191,0,42,0,1
decode,10,195,192,0,42,0,1
decode,10,196,193,0,42,0,1
decode,10,197,194,0,42,0,1
decode,10,198,195,0,42,0,1
decode,10,199,196,0,42,0,1
decode,10,200,197,0,42,0,1
decode,10,201,198,0,42,0,1
decode,10,202,199,0,42,0,1
decode,10,203,200,0,42,0,1
decode,10,204,201,0,42,0,1
decode,10,205,202,0,42,0,1
decode,10,206,203,0,42,0,1
decode,10,207,204,0,42,0,1
decode,10,208,205,0,42,0,1
decode,10,209,206,0,42,0,1
decode,10,210,207,0,42,0,1
decode,10,211,208,0,42,0,1
decode,10,212,209,0,42,0,1
decode,10,213,210,0,42,0,1
decode,10,214,211,0,42,0,1
decode,10,215,212,0,42,0,1
decode,10,216,213,0,42,0,1
decode,10,217,214,0,42,0,1
decode,10,218,215,0,42,0,1
decode,10,219,216,0,42,0,1
decode,10,220,217,0,42,0,1
decode,10,221,218,0,42,0,1
decode,10,222,219,0,42,0,1
decode,10,223,220,0,42,0,1
decode,10,224,221,0,42,0,1
decode,10,225,223,0,42,0,1
decode,10,226,224,0,42,0,1
decode,10,227,225,0,42,0,1
decode,10,228,226,0,42,0,1
decode,10,229,227,0,42,0,1
decode,10,230,228,0,42,0,1
decode,10,231,229,0,42,0,1
decode,10,232,230,0,42,0,1
decode,10,233,231,0,42,0,1
decode,10,234,232,0,42,0,1
decode,10,235,233,0,42,0,1
decode,10,236,234,0,42,0,1
decode,10,237,235,0,42,0,1
decode,10,238,236,0,42,0,1
decode,10,239,237,0,42,0,1
decode,10,240,238,0,42,0,1
decode,10,241,239,0,42,0,1
decode,10,242,240,0,42,0,1
decode,10,243,241,0,42,0,1
decode,10,244,243,0,42,0,1
decode,10,245,244,0,42,0,1
decode,10,246,245,0,42,0,1
decode,10,247,246,0,42,0,1
decode,10,248,247,0,42,0,1
decode,10,249,248,0,42,0,1
decode,10,250,249,0,42,0,1
decode,10,251,250,0,42,0,1
decode,10,252,251,0,42,0,1
decode,10,253,252,0,42,0,1
decode,10,254,253,0,42,0,1
decode,10,255,254,0,42,0,1
decode,10,256,255,0,42,0,1
decode,11,1,34,7,42,0.166666666666667,0.166666666666667
decode,11,2,159,7,42,0.166666666666667,0.333333333333333
decode,11,3,240,7,42,0.166666666666667,0.5
decode,11,4,70,6,42,0.142857142857143,0.642857142857143
decode,11,5,109,5,42,0.119047619047619,0.761904761904762
decode,11,6,38,3,42,0.0714285714285714,0.833333333333333
decode,11,7,124,3,42,0.0714285714285714,0.904761904761905
decode,11,8,186,2,42,0.0476190476190476,0.952380952380952
decode,11,9,67,1,42,0.0238095238095238,0.976190476190476
decode,11,10,209,1,42,0.0238095238095238,1
decode,11,11,0,0,42,0,1
decode,11,12,1,0,42,0,1
decode,11,13,2,0,42,0,1
decode,11,14,3,0,42,0,1
decode,11,15,4,0,42,0,1
decode,11,16,5,0,42,0,1
decode,11,17,6,0,42,0,1
decode,11,18,7,0,42,0,1
decode,11,19,8,0,42,0,1
decode,11,20,9,0,42,0,1
decode,11,21,10,0,42,0,1
decode,11,22,11,0,42,0,1
decode,11,23,12,0,42,0,1
decode,11,24,13,0,42,0,1
decode,11,25,14,0,42,0,1
decode,11,26,15,0,42,0,1
decode,11,27,16,0,42,0,1
decode,11,28,17,0,42,0,1
decode,11,29,18,0,42,0,1
decode,11,30,19,0,42,0,1
decode,11,31,20,0,42,0,1
decode,11,32,21,0,42,0,1
decode,11,33,22,0,42,0,1
decode,11,34,23,0,42,0,1
decode,11,35,24,0,42,0,1
decode,11,36,25,0,42,0,1
decode,11,37,26,0,42,0,1
decode,11,38,27,0,42,0,1
decode,11,39,28,0,42,0,1
decode,11,40,29,0,42,0,1
decode,11,41,30,0,42,0,1
decode,11,42,31,0,42,0,1
decode,11,43,32,0,42,0,1
decode,11,44,33,0,42,0,1
decode,11,45,35,0,42,0,1
decode,11,46,36,0,42,0,1
decode,11,47,37,0,42,0,1
decode,11,48,39,0,42,0,1
decode,11,49,40,0,42,0,1
decode,11,50,41,0,42,0,1
decode,11,51,42,0,42,0,1
decode,11,52,43,0,42,0,1
decode,11,53,44,0,42,0,1
decode,11,54,45,0,42,0,1
decode,11,55,46,0,42,0,1
decode,11,56,47,0,42,0,1
decode,11,57,48,0,42,0,1
decode,11,58,49,0,42,0,1
decode,11,59,50,0,42,0,1
decode,11,60,51,0,42,0,1
decode,11,61,52,0,42,0,1
decode,11,62,53,0,42,0,1
decode,11,63,54,0,42,0,1
decode,11,64,55,0,42,0,1
decode,11,65,56,0,42,0,1
decode,11,66,57,0,42,0,1
decode,11,67,58,0,42,0,1
decode,11,68,59,0,42,0,1
decode,11,69,60,0,42,0,1
decode,11,70,61,0,42,0,1
decode,11,71,62,0,42,0,1
decode,11,72,63,0,42,0,1
decode,11,73,64,0,42,0,1
decode,11,74,65,0,42,0,1
decode,11,75,66,0,42,0,1
decode,11,76,68,0,42,0,1
decode,11,77,69,0,42,0,1
decode,11,78,71,0,42,0,1
decode,11,79,72,0,42,0,1
decode,11,80,73,0,42,0,1
decode,11,81,74,0,42,0,1
decode,11,82,75,0,42,0,1
decode,11,83,76,0,42,0,1
decode,11,84,77,0,42,0,1
decode,11,85,78,0,42,0,1
decode,11,86,79,0,42,0,1
decode,11,87,80,0,42,0,1
decode,11,88,81,0,42,0,1
decode,11,89,82,0,42,0,1
decode,11,90,83,0,42,0,1
decode,11,91,84,0,42,0,1
decode,11,92,85,0,42,0,1
decode,11,93,86,0,42,0,1
decode,11,94,87,0,42,0,1
decode,11,95,88,0,42,0,1
decode,11,96,89,0,42,0,1
decode,11,97,90,0,42,0,1
decode,11,98,91,0,42,0,1
decode,11,99,92,0,42,0,1
decode,11,100,93,0,42,0,1
decode,11,101,94,0,42,0,1
decode,11,102,95,0,42,0,1
decode,11,103,96,0,42,0,1
decode,11,104,97,0,42,0,1
decode,11,105,98,0,42,0,1
decode,11,106,99,0,42,0,1
decode,11,107,100,0,42,0,1
decode,11,108,101,0,42,0,1
decode,11,109,102,0,42,0,1
decode,11,110,103,0,42,0,1
decode,11,111,104,0,42,0,1
decode,11,112,105,0,42,0,1
decode,11,113,106,0,42,0,1
decode,11,114,107,0,42,0,1
decode,11,115,108,0,42,0,1
decode,11,116,110,0,42,0,1
decode,11,117,111,0,42,0,1
decode,11,118,112,0,42,0,1
decode,11,119,113,0,42,0,1
decode,11,120,114,0,42,0,1
decode,11,121,115,0,42,0,1
decode,11,122,116,0,42,0,1
decode,11,123,117,0,42,0,1
decode,11,124,118,0,42,0,1
decode,11,125,119,0,42,0,1
decode,11,126,120,0,42,0,1
decode,11,127,121,0,42,0,1
decode,11,128,122,0,42,0,1
decode,11,129,123,0,42,0,1
decode,11,130,125,0,42,0,1
decode,11,131,126,0,42,0,1
decode,11,132,127,0,42,0,1
decode,11,133,128,0,42,0,1
decode,11,134,129,0,42,0,1
decode,11,135,130,0,42,0,1
decode,11,136,131,0,42,0,1
decode,11,137,132,0,42,0,1
decode,11,138,133,0,42,0,1
decode,11,139,134,0,42,0,1
decode,11,140,135,0,42,0,1
decode,11,141,136,0,42,0,1
decode,11,142,137,0,42,0,1
decode,11,143,138,0,42,0,1
decode,11,144,139,0,42,0,1
decode,11,145,140,0,42,0,1
decode,11,146,141,0,42,0,1
decode,11,147,142,0,42,0,1
decode,11,148,143,0,42,0,1
decode,11,149,144,0,42,0,1
decode,11,150,145,0,42,0,1
decode,11,151,146,0,42,0,1
decode,11,152,147,0,42,0,1
decode,11,153,148,0,42,0,1
decode,11,154,149,0,42,0,1
decode,11,155,150,0,42,0,1
decode,11,156,151,0,42,0,1
decode,11,157,152,0,42,0,1
decode,11,158,153,0,42,0,1
decode,11,159,154,0,42,0,1
decode,11,160,155,0,42,0,1
decode,11,161,156,0,42,0,1
decode,11,162,157,0,42,0,1
decode,11,163,158,0,42,0,1
decode,11,164,160,0,42,0,1
decode,11,165,161,0,42,0,1
decode,11,166,162,0,42,0,1
decode,11,167,163,0,42,0,1
decode,11,168,164,0,42,0,1
decode,11,169,165,0,42,0,1
decode,11,170,166,0,42,0,1
decode,11,171,167,0,42,0,1
decode,11,172,168,0,42,0,1
decode,11,173,169,0,42,0,1
decode,11,174,170,0,42,0,1
decode,11,175,171,0,42,0,1
decode,11,176,172,0,42,0,1
decode,11,177,173,0,42,0,1
decode,11,178,174,0,42,0,1
decode,11,179,175,0,42,0,1
decode,11,180,176,0,42,0,1
decode,11,181,177,0,42,0,1
decode,11,182,178,0,42,0,1
decode,11,183,179,0,42,0,1
decode,11,184,180,0,42,0,1
decode,11,185,181,0,42,0,1
decode,11,186,182,0,42,0,1
decode,11,187,183,0,42,0,1
decode,11,188,184,0,42,0,1
decode,11,189,185,0,42,0,1
decode,11,190,187,0,42,0,1
decode,11,191,188,0,42,0,1
decode,11,192,189,0,42,0,1
decode,11,193,190,0,42,0,1
decode,11,194,191,0,42,0,1
decode,11,195,192,0,42,0,1
decode,11,196,193,0,42,0,1
decode,11,197,194,0,42,0,1
decode,11,198,195,0,42,0,1
decode,11,199,196,0,42,0,1
decode,11,200,197,0,42,0,1
decode,11,201,198,0,42,0,1
decode,11,202,199,0,42,0,1
decode,11,203,200,0,42,0,1
decode,11,204,201,0,42,0,1
decode,11,205,202,0,42,0,1
decode,11,206,203,0,42,0,1
decode,11,207,204,0,42,0,1
decode,11,208,205,0,42,0,1
decode,11,209,206,0,42,0,1
decode,11,210,207,0,42,0,1
decode,11,211,208,0,42,0,1
decode,11,212,210,0,42,0,1
decode,11,213,211,0,42,0,1
decode,11,214,212,0,42,0,1
decode,11,215,213,0,42,0,1
decode,11,216,214,0,42,0,1
decode,11,217,215,0,42,0,1
decode,11,218,216,0,42,0,1
decode,11,219,217,0,42,0,1
decode,11,220,218,0,42,0,1
decode,11,221,219,0,42,0,1
decode,11,222,220,0,42,0,1
decode,11,223,221,0,42,0,1
decode,11,224,222,0,42,0,1
decode,11,225,223,0,42,0,1
decode,11,226,224,0,42,0,1
decode,11,227,225,0,42,0,1
decode,11,228,226,0,42,0,1
decode,11,229,227,0,42,0,1
decode,11,230,228,0,42,0,1
decode,11,231,229,0,42,0,1
decode,11,232,230,0,42,0,1
decode,11,233,231,0,42,0,1
decode,11,234,232,0,42,0,1
decode,11,235,233,0,42,0,1
decode,11,236,234,0,42,0,1
decode,11,237,235,0,42,0,1
decode,11,238,236,0,42,0,1
decode,11,239,237,0,42,0,1
decode,11,240,238,0,42,0,1
decode,11,241,239,0,42,0,1
decode,11,242,241,0,42,0,1
decode,11,243,242,0,42,0,1
decode,11,244,243,0,42,0,1
decode,11,245,244,0,42,0,1
decode,11,246,245,0,42,0,1
decode,11,247,246,0,42,0,1
decode,11,248,247,0,42,0,1
decode,11,249,248,0,42,0,1
decode,11,250,249,0,42,0,1
decode,11,251,250,0,42,0,1
decode,11,252,251,0,42,0,1
decode,11,253,252,0,42,0,1
decode,11,254,253,0,42,0,1
decode,11,255,254,0,42,0,1
decode,11,256,255,0,42,0,1
decode,12,1,124,7,42,0.166666666666667,0.166666666666667
decode,12,2,154,7,42,0.166666666666667,0.333333333333333
decode,12,3,228,7,42,0.166666666666667,0.5
decode,12,4,244,6,42,0.142857142857143,0.642857142857143
decode,12,5,43,4,42,0.0952380952380952,0.738095238095238
decode,12,6,133,3,42,0.0714285714285714,0.809523809523809
decode,12,7,164,3,42,0.0714285714285714,0.880952380952381
decode,12,8,189,2,42,0.0476190476190476,0.928571428571428
decode,12,9,33,1,42,0.0238095238095238,0.952380952380952
decode,12,10,105,1,42,0.0238095238095238,0.976190476190476
decode,12,11,187,1,42,0.0238095238095238,1
decode,12,12,0,0,42,0,1
decode,12,13,1,0,42,0,1
decode,12,14,2,0,42,0,1
decode,12,15,3,0,42,0,1
decode,12,16,4,0,42,0,1
decode,12,17,5,0,42,0,1
decode,12,18,6,0,42,0,1
decode,12,19,7,0,42,0,1
decode,12,20,8,0,42,0,1
decode,12,21,9,0,42,0,1
decode,12,22,10,0,42,0,1
decode,12,23,11,0,42,0,1
decode,12,24,12,0,42,0,1
decode,12,25,13,0,42,0,1
decode,12,26,14,0,42,0,1
decode,12,27,15,0,42,0,1
decode,12,28,16,0,42,0,1
decode,12,29,17,0,42,0,1
decode,12,30,18,0,42,0,1
decode,12,31,19,0,42,0,1
decode,12,32,20,0,42,0,1
decode,12,33,21,0,42,0,1
decode,12,34,22,0,42,0,1
decode,12,35,23,0,42,0,1
decode,12,36,24,0,42,0,1
decode,12,37,25,0,42,0,1
decode,12,38,26,0,42,0,1
decode,12,39,27,0,42,0,1
decode,12,40,28,0,42,0,1
decode,12,41,29,0,42,0,1
decode,12,42,30,0,42,0,1
decode,12,43,31,0,42,0,1
decode,12,44,32,0,42,0,1
decode,12,45,34,0,42,0,1
decode,12,46,35,0,42,0,1
decode,12,47,36,0,42,0,1
decode,12,48,37,0,42,0,1
decode,12,49,38,0,42,0,1
decode,12,50,39,0,42,0,1
decode,12,51,40,0,42,0,1
decode,12,52,41,0,42,0,1
decode,12,53,42,0,42,0,1
decode,12,54,44,0,42,0,1
decode,12,55,45,0,42,0,1
decode,12,56,46,0,42,0,1
decode,12,57,47,0,42,0,1
decode,12,58,48,0,42,0,1
decode,12,59,49,0,42,0,1
decode,12,60,50,0,42,0,1
decode,12,61,51,0,42,0,1
decode,12,62,52,0,42,0,1
decode,12,63,53,0,42,0,1
decode,12,64,54,0,42,0,1
decode,12,65,55,0,42,0,1
decode,12,66,56,0,42,0,1
decode,12,67,57,0,42,0,1
decode,12,68,58,0,42,0,1
decode,12,69,59,0,42,0,1
decode,12,70,60,0,42,0,1
decode,12,71,61,0,42,0,1
decode,12,72,62,0,42,0,1
decode,12,73,63,0,42,0,1
decode,12,74,64,0,42,0,1
decode,12,75,65,0,42,0,1
decode,12,76,66,0,42,0,1
decode,12,77,67,0,42,0,1
decode,12,78,68,0,42,0,1
decode,12,79,69,0,42,0,1
decode,12,80,70,0,42,0,1
decode,12,81,71,0,42,0,1
decode,12,82,72,0,42,0,1
decode,12,83,73,0,42,0,1
decode,12,84,74,0,42,0,1
decode,12,85,75,0,42,0,1
decode,12,86,76,0,42,0,1
decode,12,87,77,0,42,0,1
decode,12,88,78,0,42,0,1
decode,12,89,79,0,42,0,1
decode,12,90,80,0,42,0,1
decode,12,91,81,0,42,0,1
decode,12,92,82,0,42,0,1
decode,12,93,83,0,42,0,1
decode,12,94,84,0,42,0,1
decode,12,95,85,0,42,0,1
decode,12,96,86,0,42,0,1
decode,12,97,87,0,42,0,1
decode,12,98,88,0,42,0,1
decode,12,99,89,0,42,0,1
decode,12,100,90,0,42,0,1
decode,12,101,91,0,42,0,1
decode,12,102,92,0,42,0,1
decode,12,103,93,0,42,0,1
decode,12,104,94,0,42,0,1
decode,12,105,95,0,42,0,1
decode,12,106,96,0,42,0,1
decode,12,107,97,0,42,0,1
decode,12,108,98,0,42,0,1
decode,12,109,99,0,42,0,1
decode,12,110,100,0,42,0,1
decode,12,111,101,0,42,0,1
decode,12,112,102,0,42,0,1
decode,12,113,103,0,42,0,1
decode,12,114,104,0,42,0,1
decode,12,115,106,0,42,0,1
decode,12,116,107,0,42,0,1
decode,12,117,108,0,42,0,1
decode,12,118,109,0,42,0,1
decode,12,119,110,0,42,0,1
decode,12,120,111,0,42,0,1
decode,12,121,112,0,42,0,1
decode,12,122,113,0,42,0,1
decode,12,123,114,0,42,0,1
decode,12,124,115,0,42,0,1
decode,12,125,116,0,42,0,1
decode,12,126,117,0,42,0,1
decode,12,127,118,0,42,0,1
decode,12,128,119,0,42,0,1
decode,12,129,120,0,42,0,1
decode,12,130,121,0,42,0,1
decode,12,131,122,0,42,0,1
decode,12,132,123,0,42,0,1
decode,12,133,125,0,42,0,1
decode,12,134,126,0,42,0,1
decode,12,135,127,0,42,0,1
decode,12,136,128,0,42,0,1
decode,12,137,129,0,42,0,1
decode,12,138,130,0,42,0,1
decode,12,139,131,0,42,0,1
decode,12,140,132,0,42,0,1
decode,12,141,134,0,42,0,1
decode,12,142,135,0,42,0,1
decode,12,143,136,0,42,0,1
decode,12,144,137,0,42,0,1
decode,12,145,138,0,42,0,1
decode,12,146,139,0,42,0,1
decode,12,147,140,0,42,0,1
decode,12,148,141,0,42,0,1
decode,12,149,142,0,42,0,1
decode,12,150,143,0,42,0,1
decode,12,151,144,0,42,0,1
decode,12,152,145,0,42,0,1
decode,12,153,146,0,42,0,1
decode,12,154,147,0,42,0,1
decode,12,155,148,0,42,0,1
decode,12,156,149,0,42,0,1
decode,12,157,150,0,42,0,1
decode,12,158,151,0,42,0,1
decode,12,159,152,0,42,0,1
decode,12,160,153,0,42,0,1
decode,12,161,155,0,42,0,1
decode,12,162,156,0,42,0,1
decode,12,163,157,0,42,0,1
decode,12,164,158,0,42,0,1
decode,12,165,159,0,42,0,1
decode,12,166,160,0,42,0,1
decode,12,167,161,0,42,0,1
decode,12,168,162,0,42,0,1
decode,12,169,163,0,42,0,1
decode,12,170,165,0,42,0,1
decode,12,171,166,0,42,0,1
decode,12,172,167,0,42,0,1
decode,12,173,168,0,42,0,1
decode,12,174,169,0,42,0,1
decode,12,175,170,0,42,0,1
decode,12,176,171,0,42,0,1
decode,12,177,172,0,42,0,1
decode,12,178,173,0,42,0,1
decode,12,179,174,0,42,0,1
decode,12,180,175,0,42,0,1
decode,12,181,176,0,42,0,1
decode,12,182,177,0,42,0,1
decode,12,183,178,0,42,0,1
decode,12,184,179,0,42,0,1
decode,12,185,180,0,42,0,1
decode,12,186,181,0,42,0,1
decode,12,187,182,0,42,0,1
decode,12,188,183,0,42,0,1
decode,12,189,184,0,42,0,1
decode,12,190,185,0,42,0,1
decode,12,191,186,0,42,0,1
decode,12,192,188,0,42,0,1
decode,12,193,190,0,42,0,1
decode,12,194,191,0,42,0,1
decode,12,195,192,0,42,0,1
decode,12,196,193,0,42,0,1
decode,12,197,194,0,42,0,1
decode,12,198,195,0,42,0,1
decode,12,199,196,0,42,0,1
decode,12,200,197,0,42,0,1
decode,12,201,198,0,42,0,1
decode,12,202,199,0,42,0,1
decode,12,203,200,0,42,0,1
decode,12,204,201,0,42,0,1
decode,12,205,202,0,42,0,1
decode,12,206,203,0,42,0,1
decode,12,207,204,0,42,0,1
decode,12,208,205,0,42,0,1
decode,12,209,206,0,42,0,1
decode,12,210,207,0,42,0,1
decode,12,211,208,0,42,0,1
decode,12,212,209,0,42,0,1
decode,12,213,210,0,42,0,1
decode,12,214,211,0,42,0,1
decode,12,215,212,0,42,0,1
decode,12,216,213,0,42,0,1
decode,12,217,214,0,42,0,1
decode,12,218,215,0,42,0,1
decode,12,219,216,0,42,0,1
decode,12,220,217,0,42,0,1
decode,12,221,218,0,42,0,1
decode,12,222,219,0,42,0,1
decode,12,223,220,0,42,0,1
decode,12,224,221,0,42,0,1
decode,12,225,222,0,42,0,1
decode,12,226,223,0,42,0,1
decode,12,227,224,0,42,0,1
decode,12,228,225,0,42,0,1
decode,12,229,226,0,42,0,1
decode,12,230,227,0,42,0,1
decode,12,231,229,0,42,0,1
decode,12,232,230,0,42,0,1
decode,12,233,231,0,42,0,1
decode,12,234,232,0,42,0,1
decode,12,235,233,0,42,0,1
decode,12,236,234,0,42,0,1
decode,12,237,235,0,42,0,1
decode,12,238,236,0,42,0,1
decode,12,239,237,0,42,0,1
decode,12,240,238,0,42,0,1
decode,12,241,239,0,42,0,1
decode,12,242,240,0,42,0,1
decode,12,243,241,0,42,0,1
decode,12,244,242,0,42,0,1
decode,12,245,243,0,42,0,1
decode,12,246,245,0,42,0,1
decode,12,247,246,0,42,0,1
decode,12,248,247,0,42,0,1
decode,12,249,248,0,42,0,1
decode,12,250,249,0,42,0,1
decode,12,251,250,0,42,0,1
decode,12,252,251,0,42,0,1
decode,12,253,252,0,42,0,1
decode,12,254,253,0,42,0,1
decode,12,255,254,0,42,0,1
decode,12,256,255,0,42,0,1
decode,13,1,19,7,42,0.166666666666667,0.166666666666667
decode,13,2,59,7,42,0.166666666666667,0.333333333333333
decode,13,3,72,7,42,0.166666666666667,0.5
decode,13,4,107,6,42,0.142857142857143,0.642857142857143
decode,13,5,148,5,42,0.119047619047619,0.761904761904762
decode,13,6,179,4,42,0.0952380952380952,0.857142857142857
decode,13,7,183,3,42,0.0714285714285714,0.928571428571428
decode,13,8,9,2,42,0.0476190476190476,0.976190476190476
decode,13,9,248,1,42,0.0238095238095238,1
decode,13,10,0,0,42,0,1
decode,13,11,1,0,42,0,1
decode,13,12,2,0,42,0,1
decode,13,13,3,0,42,0,1
decode,13,14,4,0,42,0,1
decode,13,15,5,0,42,0,1
decode,13,16,6,0,42,0,1
decode,13,17,7,0,42,0,1
decode,13,18,8,0,42,0,1
decode,13,19,10,0,42,0,1
decode,13,20,11,0,42,0,1
decode,13,21,12,0,42,0,1
decode,13,22,13,0,42,0,1
decode,13,23,14,0,42,0,1
decode,13,24,15,0,42,0,1
decode,13,25,16,0,42,0,1
decode,13,26,17,0,42,0,1
decode,13,27,18,0,42,0,1
decode,13,28,20,0,42,0,1
decode,13,29,21,0,42,0,1
decode,13,30,22,0,42,0,1
decode,13,31,23,0,42,0,1
decode,13,32,24,0,42,0,1
decode,13,33,25,0,42,0,1
decode,13,34,26,0,42,0,1
decode,13,35,27,0,42,0,1
decode,13,36,28,0,42,0,1
decode,13,37,29,0,42,0,1
decode,13,38,30,0,42,0,1
decode,13,39,31,0,42,0,1
decode,13,40,32,0,42,0,1
decode,13,41,33,0,42,0,1
decode,13,42,34,0,42,0,1
decode,13,43,35,0,42,0,1
decode,13,44,36,0,42,0,1
decode,13,45,37,0,42,0,1
decode,13,46,38,0,42,0,1
decode,13,47,39,0,42,0,1
decode,13,48,40,0,42,0,1
decode,13,49,41,0,42,0,1
decode,13,50,42,0,42,0,1
decode,13,51,43,0,42,0,1
decode,13,52,44,0,42,0,1
decode,13,53,45,0,42,0,1
decode,13,54,46,0,42,0,1
decode,13,55,47,0,42,0,1
decode,13,56,48,0,42,0,1
decode,13,57,49,0,42,0,1
decode,13,58,50,0,42,0,1
decode,13,59,51,0,42,0,1
decode,13,60,52,0,42,0,1
decode,13,61,53,0,42,0,1
decode,13,62,54,0,42,0,1
decode,13,63,55,0,42,0,1
decode,13,64,56,0,42,0,1
decode,13,65,57,0,42,0,1
decode,13,66,58,0,42,0,1
decode,13,67,60,0,42,0,1
decode,13,68,61,0,42,0,1
decode,13,69,62,0,42,0,1
decode,13,70,63,0,42,0,1
decode,13,71,64,0,42,0,1
decode,13,72,65,0,42,0,1
decode,13,73,66,0,42,0,1
decode,13,74,67,0,42,0,1
decode,13,75,68,0,42,0,1
decode,13,76,69,0,42,0,1
decode,13,77,70,0,42,0,1
decode,13,78,71,0,42,0,1
decode,13,79,73,0,42,0,1
decode,13,80,74,0,42,0,1
decode,13,81,75,0,42,0,1
decode,13,82,76,0,42,0,1
decode,13,83,77,0,42,0,1
decode,13,84,78,0,42,0,1
decode,13,85,79,0,42,0,1
decode,13,86,80,0,42,0,1
decode,13,87,81,0,42,0,1
decode,13,88,82,0,42,0,1
decode,13,89,83,0,42,0,1
decode,13,90,84,0,42,0,1
decode,13,91,85,0,42,0,1
decode,13,92,86,0,42,0,1
decode,13,93,87,0,42,0,1
decode,13,94,88,0,42,0,1
decode,13,95,89,0,42,0,1
decode,13,96,90,0,42,0,1
decode,13,97,91,0,42,0,1
decode,13,98,92,0,42,0,1
decode,13,99,93,0,42,0,1
decode,13,100,94,0,42,0,1
decode,13,101,95,0,42,0,1
decode,13,102,96,0,42,0,1
decode,13,103,97,0,42,0,1
decode,13,104,98,0,42,0,1
decode,13,105,99,0,42,0,1
decode,13,106,100,0,42,0,1
decode,13,107,101,0,42,0,1
decode,13,108,102,0,42,0,1
decode,13,109,103,0,42,0,1
decode,13,110,104,0,42,0,1
decode,13,111,105,0,42,0,1
decode,13,112,106,0,42,0,1
decode,13,113,108,0,42,0,1
decode,13,114,109,0,42,0,1
decode,13,115,110,0,42,0,1
decode,13,116,111,0,42,0,1
decode,13,117,112,0,42,0,1
decode,13,118,113,0,42,0,1
decode,13,119,114,0,42,0,1
decode,13,120,115,0,42,0,1
decode,13,121,116,0,42,0,1
decode,13,122,117,0,42,0,1
decode,13,123,118,0,42,0,1
decode,13,124,119,0,42,0,1
decode,13,125,120,0,42,0,1
decode,13,126,121,0,42,0,1
decode,13,127,122,0,42,0,1
decode,13,128,123,0,42,0,1
decode,13,129,124,0,42,0,1
decode,13,130,125,0,42,0,1
decode,13,131,126,0,42,0,1
decode,13,132,127,0,42,0,1
decode,13,133,128,0,42,0,1
decode,13,134,129,0,42,0,1
decode,13,135,130,0,42,0,1
decode,13,136,131,0,42,0,1
decode,13,137,132,0,42,0,1
decode,13,138,133,0,42,0,1
decode,13,139,134,0,42,0,1
decode,13,140,135,0,42,0,1
decode,13,141,136,0,42,0,1
decode,13,142,137,0,42,0,1
decode,13,143,138,0,42,0,1
decode,13,144,139,0,42,0,1
decode,13,145,140,0,42,0,1
decode,13,146,141,0,42,0,1
decode,13,147,142,0,42,0,1
decode,13,148,143,0,42,0,1
decode,13,149,144,0,42,0,1
decode,13,150,145,0,42,0,1
decode,13,151,146,0,42,0,1
decode,13,152,147,0,42,0,1
decode,13,153,149,0,42,0,1
decode,13,154,150,0,42,0,1
decode,13,155,151,0,42,0,1
decode,13,156,152,0,42,0,1
decode,13,157,153,0,42,0,1
decode,13,158,154,0,42,0,1
decode,13,159,155,0,42,0,1
decode,13,160,156,0,42,0,1
decode,13,161,157,0,42,0,1
decode,13,162,158,0,42,0,1
decode,13,163,159,0,42,0,1
decode,13,164,160,0,42,0,1
decode,13,165,161,0,42,0,1
decode,13,166,162,0,42,0,1
decode,13,167,163,0,42,0,1
decode,13,168,164,0,42,0,1
decode,13,169,165,0,42,0,1
decode,13,170,166,0,42,0,1
decode,13,171,167,0,42,0,1
decode,13,172,168,0,42,0,1
decode,13,173,169,0,42,0,1
decode,13,174,170,0,42,0,1
decode,13,175,171,0,42,0,1
decode,13,176,172,0,42,0,1
decode,13,177,173,0,42,0,1
decode,13,178,174,0,42,0,1
decode,13,179,175,0,42,0,1
decode,13,180,176,0,42,0,1
decode,13,181,177,0,42,0,1
decode,13,182,178,0,42,0,1
decode,13,183,180,0,42,0,1
decode,13,184,181,0,42,0,1
decode,13,185,182,0,42,0,1
decode,13,186,184,0,42,0,1
decode,13,187,185,0,42,0,1
decode,13,188,186,0,42,0,1
decode,13,189,187,0,42,0,1
decode,13,190,188,0,42,0,1
decode,13,191,189,0,42,0,1
decode,13,192,190,0,42,0,1
decode,13,193,191,0,42,0,1
decode,13,194,192,0,42,0,1
decode,13,195,193,0,42,0,1
decode,13,196,194,0,42,0,1
decode,13,197,195,0,42,0,1
decode,13,198,196,0,42,0,1
decode,13,199,197,0,42,0,1
decode,13,200,198,0,42,0,1
decode,13,201,199,0,42,0,1
decode,13,202,200,0,42,0,1
decode,13,203,201,0,42,0,1
decode,13,204,202,0,42,0,1
decode,13,205,203,0,42,0,1
decode,13,206,204,0,42,0,1
decode,13,207,205,0,42,0,1
decode,13,208,206,0,42,0,1
decode,13,209,207,0,42,0,1
decode,13,210,208,0,42,0,1
decode,13,211,209,0,42,0,1
decode,13,212,210,0,42,0,1
decode,13,213,211,0,42,0,1
decode,13,214,212,0,42,0,1
decode,13,215,213,0,42,0,1
decode,13,216,214,0,42,0,1
decode,13,217,215,0,42,0,1
decode,13,218,216,0,42,0,1
decode,13,219,217,0,42,0,1
decode,13,220,218,0,42,0,1
decode,13,221,219,0,42,0,1
decode,13,222,220,0,42,0,1
decode,13,223,221,0,42,0,1
decode,13,224,222,0,42,0,1
decode,13,225,223,0,42,0,1
decode,13,226,224,0,42,0,1
decode,13,227,225,0,42,0,1
decode,13,228,226,0,42,0,1
decode,13,229,227,0,42,0,1
decode,13,230,228,0,42,0,1
decode,13,231,229,0,42,0,1
decode,13,232,230,0,42,0,1
decode,13,233,231,0,42,0,1
decode,13,234,232,0,42,0,1
decode,13,235,233,0,42,0,1
decode,13,236,234,0,42,0,1
decode,13,237,235,0,42,0,1
decode,13,238,236,0,42,0,1
decode,13,239,237,0,42,0,1
decode,13,240,238,0,42,0,1
decode,13,241,239,0,42,0,1
decode,13,242,240,0,42,0,1
decode,13,243,241,0,42,0,1
decode,13,244,242,0,42,0,1
decode,13,245,243,0,42,0,1
decode,13,246,244,0,42,0,1
decode,13,247,245,0,42,0,1
decode,13,248,246,0,42,0,1
decode,13,249,247,0,42,0,1
decode,13,250,249,0,42,0,1
decode,13,251,250,0,42,0,1
decode,13,252,251,0,42,0,1
decode,13,253,252,0,42,0,1
decode,13,254,253,0,42,0,1
decode,13,255,254,0,42,0,1
decode,13,256,255,0,42,0,1
decode,14,1,83,7,42,0.166666666666667,0.166666666666667
decode,14,2,197,7,42,0.166666666666667,0.333333333333333
decode,14,3,200,7,42,0.166666666666667,0.5
decode,14,4,188,5,42,0.119047619047619,0.619047619047619
decode,14,5,173,4,42,0.0952380952380952,0.714285714285714
decode,14,6,59,3,42,0.0714285714285714,0.785714285714286
decode,14,7,122,2,42,0.0476190476190476,0.833333333333333
decode,14,8,138,2,42,0.0476190476190476,0.880952380952381
decode,14,9,151,2,42,0.0476190476190476,0.928571428571429
decode,14,10,4,1,42,0.0238095238095238,0.952380952380952
decode,14,11,61,1,42,0.0238095238095238,0.976190476190476
decode,14,12,108,1,42,0.0238095238095238,1
decode,14,13,0,0,42,0,1
decode,14,14,1,0,42,0,1
decode,14,15,2,0,42,0,1
decode,14,16,3,0,42,0,1
decode,14,17,5,0,42,0,1
decode,14,18,6,0,42,0,1
decode,14,19,7,0,42,0,1
decode,14,20,8,0,42,0,1
decode,14,21,9,0,42,0,1
decode,14,22,10,0,42,0,1
decode,14,23,11,0,42,0,1
decode,14,24,12,0,42,0,1
decode,14,25,13,0,42,0,1
decode,14,26,14,0,42,0,1
decode,14,27,15,0,42,0,1
decode,14,28,16,0,42,0,1
decode,14,29,17,0,42,0,1
decode,14,30,18,0,42,0,1
decode,14,31,19,0,42,0,1
decode,14,32,20,0,42,0,1
decode,14,33,21,0,42,0,1
decode,14,34,22,0,42,0,1
decode,14,35,23,0,42,0,1
decode,14,36,24,0,42,0,1
decode,14,37,25,0,42,0,1
decode,14,38,26,0,42,0,1
decode,14,39,27,0,42,0,1
decode,14,40,28,0,42,0,1
decode,14,41,29,0,42,0,1
decode,14,42,30,0,42,0,1
decode,14,43,31,0,42,0,1
decode,14,44,32,0,42,0,1
decode,14,45,33,0,42,0,1
decode,14,46,34,0,42,0,1
decode,14,47,35,0,42,0,1
decode,14,48,36,0,42,0,1
decode,14,49,37,0,42,0,1
decode,14,50,38,0,42,0,1
decode,14,51,39,0,42,0,1
decode,14,52,40,0,42,0,1
decode,14,53,41,0,42,0,1
decode,14,54,42,0,42,0,1
decode,14,55,43,0,42,0,1
decode,14,56,44,0,42,0,1
decode,14,57,45,0,42,0,1
decode,14,58,46,0,42,0,1
decode,14,59,47,0,42,0,1
decode,14,60,48,0,42,0,1
decode,14,61,49,0,42,0,1
decode,14,62,50,0,42,0,1
decode,14,63,51,0,42,0,1
decode,14,64,52,0,42,0,1
decode,14,65,53,0,42,0,1
decode,14,66,54,0,42,0,1
decode,14,67,55,0,42,0,1
decode,14,68,56,0,42,0,1
decode,14,69,57,0,42,0,1
decode,14,70,58,0,42,0,1
decode,14,71,60,0,42,0,1
decode,14,72,62,0,42,0,1
decode,14,73,63,0,42,0,1
decode,14,74,64,0,42,0,1
decode,14,75,65,0,42,0,1
decode,14,76,66,0,42,0,1
decode,14,77,67,0,42,0,1
decode,14,78,68,0,42,0,1
decode,14,79,69,0,42,0,1
decode,14,80,70,0,42,0,1
decode,14,81,71,0,42,0,1
decode,14,82,72,0,42,0,1
decode,14,83,73,0,42,0,1
decode,14,84,74,0,42,0,1
decode,14,85,75,0,42,0,1
decode,14,86,76,0,42,0,1
decode,14,87,77,0,42,0,1
decode,14,88,78,0,42,0,1
decode,14,89,79,0,42,0,1
decode,14,90,80,0,42,0,1
decode,14,91,81,0,42,0,1
decode,14,92,82,0,42,0,1
decode,14,93,84,0,42,0,1
decode,14,94,85,0,42,0,1
decode,14,95,86,0,42,0,1
decode,14,96,87,0,42,0,1
decode,14,97,88,0,42,0,1
decode,14,98,89,0,42,0,1
decode,14,99,90,0,42,0,1
decode,14,100,91,0,42,0,1
decode,14,101,92,0,42,0,1
decode,14,102,93,0,42,0,1
decode,14,103,94,0,42,0,1
decode,14,104,95,0,42,0,1
decode,14,105,96,0,42,0,1
decode,14,106,97,0,42,0,1
decode,14,107,98,0,42,0,1
decode,14,108,99,0,42,0,1
decode,14,109,100,0,42,0,1
decode,14,110,101,0,42,0,1
decode,14,111,102,0,42,0,1
decode,14,112,103,0,42,0,1
decode,14,113,104,0,42,0,1
decode,14,114,105,0,42,0,1
decode,14,115,106,0,42,0,1
decode,14,116,107,0,42,0,1
decode,14,117,109,0,42,0,1
decode,14,118,110,0,42,0,1
decode,14,119,111,0,42,0,1
decode,14,120,112,0,42,0,1
decode,14,121,113,0,42,0,1
decode,14,122,114,0,42,0,1
decode,14,123,115,0,42,0,1
decode,14,124,116,0,42,0,1
decode,14,125,117,0,42,0,1
decode,14,126,118,0,42,0,1
decode,14,127,119,0,42,0,1
decode,14,128,120,0,42,0,1
decode,14,129,121,0,42,0,1
decode,14,130,123,0,42,0,1
decode,14,131,124,0,42,0,1
decode,14,132,125,0,42,0,1
decode,14,133,126,0,42,0,1
decode,14,134,127,0,42,0,1
decode,14,135,128,0,42,0,1
decode,14,136,129,0,42,0,1
decode,14,137,130,0,42,0,1
decode,14,138,131,0,42,0,1
decode,14,139,132,0,42,0,1
decode,14,140,133,0,42,0,1
decode,14,141,134,0,42,0,1
decode,14,142,135,0,42,0,1
decode,14,143,136,0,42,0,1
decode,14,144,137,0,42,0,1
decode,14,145,139,0,42,0,1
decode,14,146,140,0,42,0,1
decode,14,147,141,0,42,0,1
decode,14,148,142,0,42,0,1
decode,14,149,143,0,42,0,1
decode,14,150,144,0,42,0,1
decode,14,151,145,0,42,0,1
decode,14,152,146,0,42,0,1
decode,14,153,147,0,42,0,1
decode,14,154,148,0,42,0,1
decode,14,155,149,0,42,0,1
decode,14,156,150,0,42,0,1
decode,14,157,152,0,42,0,1
decode,14,158,153,0,42,0,1
decode,14,159,154,0,42,0,1
decode,14,160,155,0,42,0,1
decode,14,161,156,0,42,0,1
decode,14,162,157,0,42,0,1
decode,14,163,158,0,42,0,1
decode,14,164,159,0,42,0,1
decode,14,165,160,0,42,0,1
decode,14,166,161,0,42,0,1
decode,14,167,162,0,42,0,1
decode,14,168,163,0,42,0,1
decode,14,169,164,0,42,0,1
decode,14,170,165,0,42,0,1
decode,14,171,166,0,42,0,1
decode,14,172,167,0,42,0,1
decode,14,173,168,0,42,0,1
decode,14,174,169,0,42,0,1
decode,14,175,170,0,42,0,1
decode,14,176,171,0,42,0,1
decode,14,177,172,0,42,0,1
decode,14,178,174,0,42,0,1
decode,14,179,175,0,42,0,1
decode,14,180,176,0,42,0,1
decode,14,181,177,0,42,0,1
decode,14,182,178,0,42,0,1
decode,14,183,179,0,42,0,1
decode,14,184,180,0,42,0,1
decode,14,185,181,0,42,0,1
decode,14,186,182,0,42,0,1
decode,14,187,183,0,42,0,1
decode,14,188,184,0,42,0,1
decode,14,189,185,0,42,0,1
decode,14,190,186,0,42,0,1
decode,14,191,187,0,42,0,1
decode,14,192,189,0,42,0,1
decode,14,193,190,0,42,0,1
decode,14,194,191,0,42,0,1
decode,14,195,192,0,42,0,1
decode,14,196,193,0,42,0,1
decode,14,197,194,0,42,0,1
decode,14,198,195,0,42,0,1
decode,14,199,196,0,42,0,1
decode,14,200,198,0,42,0,1
decode,14,201,199,0,42,0,1
decode,14,202,201,0,42,0,1
decode,14,203,202,0,42,0,1
decode,14,204,203,0,42,0,1
decode,14,205,204,0,42,0,1
decode,14,206,205,0,42,0,1
decode,14,207,206,0,42,0,1
decode,14,208,207,0,42,0,1
decode,14,209,208,0,42,0,1
decode,14,210,209,0,42,0,1
decode,14,211,210,0,42,0,1
decode,14,212,211,0,42,0,1
decode,14,213,212,0,42,0,1
decode,14,214,213,0,42,0,1
decode,14,215,214,0,42,0,1
decode,14,216,215,0,42,0,1
decode,14,217,216,0,42,0,1
decode,14,218,217,0,42,0,1
decode,14,219,218,0,42,0,1
decode,14,220,219,0,42,0,1
decode,14,221,220,0,42,0,1
decode,14,222,221,0,42,0,1
decode,14,223,222,0,42,0,1
decode,14,224,223,0,42,0,1
decode,14,225,224,0,42,0,1
decode,14,226,225,0,42,0,1
decode,14,227,226,0,42,0,1
decode,14,228,227,0,42,0,1
decode,14,229,228,0,42,0,1
decode,14,230,229,0,42,0,1
decode,14,231,230,0,42,0,1
decode,14,232,231,0,42,0,1
decode,14,233,232,0,42,0,1
decode,14,234,233,0,42,0,1
decode,14,235,234,0,42,0,1
decode,14,236,235,0,42,0,1
decode,14,237,236,0,42,0,1
decode,14,238,237,0,42,0,1
decode,14,239,238,0,42,0,1
decode,14,240,239,0,42,0,1
decode,14,241,240,0,42,0,1
decode,14,242,241,0,42,0,1
decode,14,243,242,0,42,0,1
decode,14,244,243,0,42,0,1
decode,14,245,244,0,42,0,1
decode,14,246,245,0,42,0,1
decode,14,247,246,0,42,0,1
decode,14,248,247,0,42,0,1
decode,14,249,248,0,42,0,1
decode,14,250,249,0,42,0,1
decode,14,251,250,0,42,0,1
decode,14,252,251,0,42,0,1
decode,14,253,252,0,42,0,1
decode,14,254,253,0,42,0,1
decode,14,255,254,0,42,0,1
decode,14,256,255,0,42,0,1
decode,15,1,157,7,42,0.166666666666667,0.166666666666667
decode,15,2,121,4,42,0.0952380952380952,0.261904761904762
decode,15,3,236,4,42,0.0952380952380952,0.357142857142857
decode,15,4,66,3,42,0.0714285714285714,0.428571428571428
decode,15,5,90,3,42,0.0714285714285714,0.5
decode,15,6,136,3,42,0.0714285714285714,0.571428571428571
decode,15,7,188,3,42,0.0714285714285714,0.642857142857143
decode,15,8,225,3,42,0.0714285714285714,0.714285714285714
decode,15,9,83,2,42,0.0476190476190476,0.761904761904762
decode,15,10,92,2,42,0.0476190476190476,0.809523809523809
decode,15,11,107,2,42,0.0476190476190476,0.857142857142857
decode,15,12,176,2,42,0.0476190476190476,0.904761904761905
decode,15,13,255,2,42,0.0476190476190476,0.952380952380952
decode,15,14,5,1,42,0.0238095238095238,0.976190476190476
decode,15,15,27,1,42,0.0238095238095238,1
decode,15,16,0,0,42,0,1
decode,15,17,1,0,42,0,1
decode,15,18,2,0,42,0,1
decode,15,19,3,0,42,0,1
decode,15,20,4,0,42,0,1
decode,15,21,6,0,42,0,1
decode,15,22,7,0,42,0,1
decode,15,23,8,0,42,0,1
decode,15,24,9,0,42,0,1
decode,15,25,10,0,42,0,1
decode,15,26,11,0,42,0,1
decode,15,27,12,0,42,0,1
decode,15,28,13,0,42,0,1
decode,15,29,14,0,42,0,1
decode,15,30,15,0,42,0,1
decode,15,31,16,0,42,0,1
decode,15,32,17,0,42,0,1
decode,15,33,18,0,42,0,1
decode,15,34,19,0,42,0,1
decode,15,35,20,0,42,0,1
decode,15,36,21,0,42,0,1
decode,15,37,22,0,42,0,1
decode,15,38,23,0,42,0,1
decode,15,39,24,0,42,0,1
decode,15,40,25,0,42,0,1
decode,15,41,26,0,42,0,1
decode,15,42,28,0,42,0,1
decode,15,43,29,0,42,0,1
decode,15,44,30,0,42,0,1
decode,15,45,31,0,42,0,1
decode,15,46,32,0,42,0,1
decode,15,47,33,0,42,0,1
decode,15,48,34,0,42,0,1
decode,15,49,35,0,42,0,1
decode,15,50,36,0,42,0,1
decode,15,51,37,0,42,0,1
decode,15,52,38,0,42,0,1
decode,15,53,39,0,42,0,1
decode,15,54,40,0,42,0,1
decode,15,55,41,0,42,0,1
decode,15,56,42,0,42,0,1
decode,15,57,43,0,42,0,1
decode,15,58,44,0,42,0,1
decode,15,59,45,0,42,0,1
decode,15,60,46,0,42,0,1
decode,15,61,47,0,42,0,1
decode,15,62,48,0,42,0,1
decode,15,63,49,0,42,0,1
decode,15,64,50,0,42,0,1
decode,15,65,51,0,42,0,1
decode,15,66,52,0,42,0,1
decode,15,67,53,0,42,0,1
decode,15,68,54,0,42,0,1
decode,15,69,55,0,42,0,1
decode,15,70,56,0,42,0,1
decode,15,71,57,0,42,0,1
decode,15,72,58,0,42,0,1
decode,15,73,59,0,42,0,1
decode,15,74,60,0,42,0,1
decode,15,75,61,0,42,0,1
decode,15,76,62,0,42,0,1
decode,15,77,63,0,42,0,1
decode,15,78,64,0,42,0,1
decode,15,79,65,0,42,0,1
decode,15,80,67,0,42,0,1
decode,15,81,68,0,42,0,1
decode,15,82,69,0,42,0,1
decode,15,83,70,0,42,0,1
decode,15,84,71,0,42,0,1
decode,15,85,72,0,42,0,1
decode,15,86,73,0,42,0,1
decode,15,87,74,0,42,0,1
decode,15,88,75,0,42,0,1
decode,15,89,76,0,42,0,1
decode,15,90,77,0,42,0,1
decode,15,91,78,0,42,0,1
decode,15,92,79,0,42,0,1
decode,15,93,80,0,42,0,1
decode,15,94,81,0,42,0,1
decode,15,95,82,0,42,0,1
decode,15,96,84,0,42,0,1
decode,15,97,85,0,42,0,1
decode,15,98,86,0,42,0,1
decode,15,99,87,0,42,0,1
decode,15,100,88,0,42,0,1
decode,15,101,89,0,42,0,1
decode,15,102,91,0,42,0,1
decode,15,103,93,0,42,0,1
decode,15,104,94,0,42,0,1
decode,15,105,95,0,42,0,1
decode,15,106,96,0,42,0,1
decode,15,107,97,0,42,0,1
decode,15,108,98,0,42,0,1
decode,15,109,99,0,42,0,1
decode,15,110,100,0,42,0,1
decode,15,111,101,0,42,0,1
decode,15,112,102,0,42,0,1
decode,15,113,103,0,42,0,1
decode,15,114,104,0,42,0,1
decode,15,115,105,0,42,0,1
decode,15,116,106,0,42,0,1
decode,15,117,108,0,42,0,1
decode,15,118,109,0,42,0,1
decode,15,119,110,0,42,0,1
decode,15,120,111,0,42,0,1
decode,15,121,112,0,42,0,1
decode,15,122,113,0,42,0,1
decode,15,123,114,0,42,0,1
decode,15,124,115,0,42,0,1
decode,15,125,116,0,42,0,1
decode,15,126,117,0,42,0,1
decode,15,127,118,0,42,0,1
decode,15,128,119,0,42,0,1
decode,15,129,120,0,42,0,1
decode,15,130,122,0,42,0,1
decode,15,131,123,0,42,0,1
decode,15,132,124,0,42,0,1
decode,15,133,125,0,42,0,1
decode,15,134,126,0,42,0,1
decode,15,135,127,0,42,0,1
decode,15,136,128,0,42,0,1
decode,15,137,129,0,42,0,1
decode,15,138,130,0,42,0,1
decode,15,139,131,0,42,0,1
decode,15,140,132,0,42,0,1
decode,15,141,133,0,42,0,1
decode,15,142,134,0,42,0,1
decode,15,143,135,0,42,0,1
decode,15,144,137,0,42,0,1
decode,15,145,138,0,42,0,1
decode,15,146,139,0,42,0,1
decode,15,147,140,0,42,0,1
decode,15,148,141,0,42,0,1
decode,15,149,142,0,42,0,1
decode,15,150,143,0,42,0,1
decode,15,151,144,0,42,0,1
decode,15,152,145,0,42,0,1
decode,15,153,146,0,42,0,1
decode,15,154,147,0,42,0,1
decode,15,155,148,0,42,0,1
decode,15,156,149,0,42,0,1
decode,15,157,150,0,42,0,1
decode,15,158,151,0,42,0,1
decode,15,159,152,0,42,0,1
decode,15,160,153,0,42,0,1
decode,15,161,154,0,42,0,1
decode,15,162,155,0,42,0,1
decode,15,163,156,0,42,0,1
decode,15,164,158,0,42,0,1
decode,15,165,159,0,42,0,1
decode,15,166,160,0,42,0,1
decode,15,167,161,0,42,0,1
decode,15,168,162,0,42,0,1
decode,15,169,163,0,42,0,1
decode,15,170,164,0,42,0,1
decode,15,171,165,0,42,0,1
decode,15,172,166,0,42,0,1
decode,15,173,167,0,42,0,1
decode,15,174,168,0,42,0,1
decode,15,175,169,0,42,0,1
decode,15,176,170,0,42,0,1
decode,15,177,171,0,42,0,1
decode,15,178,172,0,42,0,1
decode,15,179,173,0,42,0,1
decode,15,180,174,0,42,0,1
decode,15,181,175,0,42,0,1
decode,15,182,177,0,42,0,1
decode,15,183,178,0,42,0,1
decode,15,184,179,0,42,0,1
decode,15,185,180,0,42,0,1
decode,15,186,181,0,42,0,1
decode,15,187,182,0,42,0,1
decode,15,188,183,0,42,0,1
decode,15,189,184,0,42,0,1
decode,15,190,185,0,42,0,1
decode,15,191,186,0,42,0,1
decode,15,192,187,0,42,0,1
decode,15,193,189,0,42,0,1
decode,15,194,190,0,42,0,1
decode,15,195,191,0,42,0,1
decode,15,196,192,0,42,0,1
decode,15,197,193,0,42,0,1
decode,15,198,194,0,42,0,1
decode,15,199,195,0,42,0,1
decode,15,200,196,0,42,0,1
decode,15,201,197,0,42,0,1
decode,15,202,198,0,42,0,1
decode,15,203,199,0,42,0,1
decode,15,204,200,0,42,0,1
decode,15,205,201,0,42,0,1
decode,15,206,202,0,42,0,1
decode,15,207,203,0,42,0,1
decode,15,208,204,0,42,0,1
decode,15,209,205,0,42,0,1
decode,15,210,206,0,42,0,1
decode,15,211,207,0,42,0,1
decode,15,212,208,0,42,0,1
decode,15,213,209,0,42,0,1
decode,15,214,210,0,42,0,1
decode,15,215,211,0,42,0,1
decode,15,216,212,0,42,0,1
decode,15,217,213,0,42,0,1
decode,15,218,214,0,42,0,1
decode,15,219,215,0,42,0,1
decode,15,220,216,0,42,0,1
decode,15,221,217,0,42,0,1
decode,15,222,218,0,42,0,1
decode,15,223,219,0,42,0,1
decode,15,224,220,0,42,0,1
decode,15,225,221,0,42,0,1
decode,15,226,222,0,42,0,1
decode,15,227,223,0,42,0,1
decode,15,228,224,0,42,0,1
decode,15,229,226,0,42,0,1
decode,15,230,227,0,42,0,1
decode,15,231,228,0,42,0,1
decode,15,232,229,0,42,0,1
decode,15,233,230,0,42,0,1
decode,15,234,231,0,42,0,1
decode,15,235,232,0,42,0,1
decode,15,236,233,0,42,0,1
decode,15,237,234,0,42,0,1
decode,15,238,235,0,42,0,1
decode,15,239,237,0,42,0,1
decode,15,240,238,0,42,0,1
decode,15,241,239,0,42,0,1
decode,15,242,240,0,42,0,1
decode,15,243,241,0,42,0,1
decode,15,244,242,0,42,0,1
decode,15,245,243,0,42,0,1
decode,15,246,244,0,42,0,1
decode,15,247,245,0,42,0,1
decode,15,248,246,0,42,0,1
decode,15,249,247,0,42,0,1
decode,15,250,248,0,42,0,1
decode,15,251,249,0,42,0,1
decode,15,252,250,0,42,0,1
decode,15,253,251,0,42,0,1
decode,15,254,252,0,42,0,1
decode,15,255,253,0,42,0,1
decode,15,256,254,0,42,0,1
decode,16,1,12,7,42,0.166666666666667,0.166666666666667
decode,16,2,175,7,42,0.166666666666667,0.333333333333333
decode,16,3,220,5,42,0.119047619047619,0.452380952380952
decode,16,4,3,3,42,0.0714285714285714,0.523809523809524
decode,16,5,25,3,42,0.0714285714285714,0.595238095238095
decode,16,6,81,3,42,0.0714285714285714,0.666666666666667
decode,16,7,86,3,42,0.0714285714285714,0.738095238095238
decode,16,8,221,3,42,0.0714285714285714,0.809523809523809
decode,16,9,9,2,42,0.0476190476190476,0.857142857142857
decode,16,10,76,2,42,0.0476190476190476,0.904761904761905
decode,16,11,250,2,42,0.0476190476190476,0.952380952380952
decode,16,12,156,1,42,0.0238095238095238,0.976190476190476
decode,16,13,184,1,42,0.0238095238095238,1
decode,16,14,0,0,42,0,1
decode,16,15,1,0,42,0,1
decode,16,16,2,0,42,0,1
decode,16,17,4,0,42,0,1
decode,16,18,5,0,42,0,1
decode,16,19,6,0,42,0,1
decode,16,20,7,0,42,0,1
decode,16,21,8,0,42,0,1
decode,16,22,10,0,42,0,1
decode,16,23,11,0,42,0,1
decode,16,24,13,0,42,0,1
decode,16,25,14,0,42,0,1
decode,16,26,15,0,42,0,1
decode,16,27,16,0,42,0,1
decode,16,28,17,0,42,0,1
decode,16,29,18,0,42,0,1
decode,16,30,19,0,42,0,1
decode,16,31,20,0,42,0,1
decode,16,32,21,0,42,0,1
decode,16,33,22,0,42,0,1
decode,16,34,23,0,42,0,1
decode,16,35,24,0,42,0,1
decode,16,36,26,0,42,0,1
decode,16,37,27,0,42,0,1
decode,16,38,28,0,42,0,1
decode,16,39,29,0,42,0,1
decode,16,40,30,0,42,0,1
decode,16,41,31,0,42,0,1
decode,16,42,32,0,42,0,1
decode,16,43,33,0,42,0,1
decode,16,44,34,0,42,0,1
decode,16,45,35,0,42,0,1
decode,16,46,36,0,42,0,1
decode,16,47,37,0,42,0,1
decode,16,48,38,0,42,0,1
decode,16,49,39,0,42,0,1
decode,16,50,40,0,42,0,1
decode,16,51,41,0,42,0,1
decode,16,52,42,0,42,0,1
decode,16,53,43,0,42,0,1
decode,16,54,44,0,42,0,1
decode,16,55,45,0,42,0,1
decode,16,56,46,0,42,0,1
decode,16,57,47,0,42,0,1
decode,16,58,48,0,42,0,1
decode,16,59,49,0,42,0,1
decode,16,60,50,0,42,0,1
decode,16,61,51,0,42,0,1
decode,16,62,52,0,42,0,1
decode,16,63,53,0,42,0,1
decode,16,64,54,0,42,0,1
decode,16,65,55,0,42,0,1
decode,16,66,56,0,42,0,1
decode,16,67,57,0,42,0,1
decode,16,68,58,0,42,0,1
decode,16,69,59,0,42,0,1
decode,16,70,60,0,42,0,1
decode,16,71,61,0,42,0,1
decode,16,72,62,0,42,0,1
decode,16,73,63,0,42,0,1
decode,16,74,64,0,42,0,1
decode,16,75,65,0,42,0,1
decode,16,76,66,0,42,0,1
decode,16,77,67,0,42,0,1
decode,16,78,68,0,42,0,1
decode,16,79,69,0,42,0,1
decode,16,80,70,0,42,0,1
decode,16,81,71,0,42,0,1
decode,16,82,72,0,42,0,1
decode,16,83,73,0,42,0,1
decode,16,84,74,0,42,0,1
decode,16,85,75,0,42,0,1
decode,16,86,77,0,42,0,1
decode,16,87,78,0,42,0,1
decode,16,88,79,0,42,0,1
decode,16,89,80,0,42,0,1
decode,16,90,82,0,42,0,1
decode,16,91,83,0,42,0,1
decode,16,92,84,0,42,0,1
decode,16,93,85,0,42,0,1
decode,16,94,87,0,42,0,1
decode,16,95,88,0,42,0,1
decode,16,96,89,0,42,0,1
decode,16,97,90,0,42,0,1
decode,16,98,91,0,42,0,1
decode,16,99,92,0,42,0,1
decode,16,100,93,0,42,0,1
decode,16,101,94,0,42,0,1
decode,16,102,95,0,42,0,1
decode,16,103,96,0,42,0,1
decode,16,104,97,0,42,0,1
decode,16,105,98,0,42,0,1
decode,16,106,99,0,42,0,1
decode,16,107,100,0,42,0,1
decode,16,108,101,0,42,0,1
decode,16,109,102,0,42,0,1
decode,16,110,103,0,42,0,1
decode,16,111,104,0,42,0,1
decode,16,112,105,0,42,0,1
decode,16,113,106,0,42,0,1
decode,16,114,107,0,42,0,1
decode,16,115,108,0,42,0,1
decode,16,116,109,0,42,0,1
decode,16,117,110,0,42,0,1
decode,16,118,111,0,42,0,1
decode,16,119,112,0,42,0,1
decode,16,120,113,0,42,0,1
decode,16,121,114,0,42,0,1
decode,16,122,115,0,42,0,1
decode,16,123,116,0,42,0,1
decode,16,124,117,0,42,0,1
decode,16,125,118,0,42,0,1
decode,16,126,119,0,42,0,1
decode,16,127,120,0,42,0,1
decode,16,128,121,0,42,0,1
decode,16,129,122,0,42,0,1
decode,16,130,123,0,42,0,1
decode,16,131,124,0,42,0,1
decode,16,132,125,0,42,0,1
decode,16,133,126,0,42,0,1
decode,16,134,127,0,42,0,1
decode,16,135,128,0,42,0,1
decode,16,136,129,0,42,0,1
decode,16,137,130,0,42,0,1
decode,16,138,131,0,42,0,1
decode,16,139,132,0,42,0,1
decode,16,140,133,0,42,0,1
decode,16,141,134,0,42,0,1
decode,16,142,135,0,42,0,1
decode,16,143,136,0,42,0,1
decode,16,144,137,0,42,0,1
decode,16,145,138,0,42,0,1
decode,16,146,139,0,42,0,1
decode,16,147,140,0,42,0,1
decode,16,148,141,0,42,0,1
decode,16,149,142,0,42,0,1
decode,16,150,143,0,42,0,1
decode,16,151,144,0,42,0,1
decode,16,152,145,0,42,0,1
decode,16,153,146,0,42,0,1
decode,16,154,147,0,42,0,1
decode,16,155,148,0,42,0,1
decode,16,156,149,0,42,0,1
decode,16,157,150,0,42,0,1
decode,16,158,151,0,42,0,1
decode,16,159,152,0,42,0,1
decode,16,160,153,0,42,0,1
decode,16,161,154,0,42,0,1
decode,16,162,155,0,42,0,1
decode,16,163,157,0,42,0,1
decode,16,164,158,0,42,0,1
decode,16,165,159,0,42,0,1
decode,16,166,160,0,42,0,1
decode,16,167,161,0,42,0,1
decode,16,168,162,0,42,0,1
decode,16,169,163,0,42,0,1
decode,16,170,164,0,42,0,1
decode,16,171,165,0,42,0,1
decode,16,172,166,0,42,0,1
decode,16,173,167,0,42,0,1
decode,16,174,168,0,42,0,1
decode,16,175,169,0,42,0,1
decode,16,176,170,0,42,0,1
decode,16,177,171,0,42,0,1
decode,16,178,172,0,42,0,1
decode,16,179,173,0,42,0,1
decode,16,180,174,0,42,0,1
decode,16,181,176,0,42,0,1
decode,16,182,177,0,42,0,1
decode,16,183,178,0,42,0,1
decode,16,184,179,0,42,0,1
decode,16,185,180,0,42,0,1
decode,16,186,181,0,42,0,1
decode,16,187,182,0,42,0,1
decode,16,188,183,0,42,0,1
decode,16,189,185,0,42,0,1
decode,16,190,186,0,42,0,1
decode,16,191,187,0,42,0,1
decode,16,192,188,0,42,0,1
decode,16,193,189,0,42,0,1
decode,16,194,190,0,42,0,1
decode,16,195,191,0,42,0,1
decode,16,196,192,0,42,0,1
decode,16,197,193,0,42,0,1
decode,16,198,194,0,42,0,1
decode,16,199,195,0,42,0,1
decode,16,200,196,0,42,0,1
decode,16,201,197,0,42,0,1
decode,16,202,198,0,42,0,1
decode,16,203,199,0,42,0,1
decode,16,204,200,0,42,0,1
decode,16,205,201,0,42,0,1
decode,16,206,202,0,42,0,1
decode,16,207,203,0,42,0,1
decode,16,208,204,0,42,0,1
decode,16,209,205,0,42,0,1
decode,16,210,206,0,42,0,1
decode,16,211,207,0,42,0,1
decode,16,212,208,0,42,0,1
decode,16,213,209,0,42,0,1
decode,16,214,210,0,42,0,1
decode,16,215,211,0,42,0,1
decode,16,216,212,0,42,0,1
decode,16,217,213,0,42,0,1
decode,16,218,214,0,42,0,1
decode,16,219,215,0,42,0,1
decode,16,220,216,0,42,0,1
decode,16,221,217,0,42,0,1
decode,16,222,218,0,42,0,1
decode,16,223,219,0,42,0,1
decode,16,224,222,0,42,0,1
decode,16,225,223,0,42,0,1
decode,16,226,224,0,42,0,1
decode,16,227,225,0,42,0,1
decode,16,228,226,0,42,0,1
decode,16,229,227,0,42,0,1
decode,16,230,228,0,42,0,1
decode,16,231,229,0,42,0,1
decode,16,232,230,0,42,0,1
decode,16,233,231,0,42,0,1
decode,16,234,232,0,42,0,1
decode,16,235,233,0,42,0,1
decode,16,236,234,0,42,0,1
decode,16,237,235,0,42,0,1
decode,16,238,236,0,42,0,1
decode,16,239,237,0,42,0,1
decode,16,240,238,0,42,0,1
decode,16,241,239,0,42,0,1
decode,16,242,240,0,42,0,1
decode,16,243,241,0,42,0,1
decode,16,244,242,0,42,0,1
decode,16,245,243,0,42,0,1
decode,16,246,244,0,42,0,1
decode,16,247,245,0,42,0,1
decode,16,248,246,0,42,0,1
decode,16,249,247,0,42,0,1
decode,16,250,248,0,42,0,1
decode,16,251,249,0,42,0,1
decode,16,252,251,0,42,0,1
decode,16,253,252,0,42,0,1
decode,16,254,253,0,42,0,1
decode,16,255,254,0,42,0,1
decode,16,256,255,0,42,0,1
decode,17,1,53,7,42,0.166666666666667,0.166666666666667
decode,17,2,196,7,42,0.166666666666667,0.333333333333333
decode,17,3,231,6,42,0.142857142857143,0.476190476190476
decode,17,4,108,4,42,0.0952380952380952,0.571428571428571
decode,17,5,146,3,42,0.0714285714285714,0.642857142857143
decode,17,6,251,3,42,0.0714285714285714,0.714285714285714
decode,17,7,33,2,42,0.0476190476190476,0.761904761904762
decode,17,8,104,2,42,0.0476190476190476,0.80952380952381
decode,17,9,145,2,42,0.0476190476190476,0.857142857142857
decode,17,10,247,2,42,0.0476190476190476,0.904761904761905
decode,17,11,22,1,42,0.0238095238095238,0.928571428571429
decode,17,12,31,1,42,0.0238095238095238,0.952380952380953
decode,17,13,83,1,42,0.0238095238095238,0.976190476190476
decode,17,14,197,1,42,0.0238095238095238,1
decode,17,15,0,0,42,0,1
decode,17,16,1,0,42,0,1
decode,17,17,2,0,42,0,1
decode,17,18,3,0,42,0,1
decode,17,19,4,0,42,0,1
decode,17,20,5,0,42,0,1
decode,17,21,6,0,42,0,1
decode,17,22,7,0,42,0,1
decode,17,23,8,0,42,0,1
decode,17,24,9,0,42,0,1
decode,17,25,10,0,42,0,1
decode,17,26,11,0,42,0,1
decode,17,27,12,0,42,0,1
decode,17,28,13,0,42,0,1
decode,17,29,14,0,42,0,1
decode,17,30,15,0,42,0,1
decode,17,31,16,0,42,0,1
decode,17,32,17,0,42,0,1
decode,17,33,18,0,42,0,1
decode,17,34,19,0,42,0,1
decode,17,35,20,0,42,0,1
decode,17,36,21,0,42,0,1
decode,17,37,23,0,42,0,1
decode,17,38,24,0,42,0,1
decode,17,39,25,0,42,0,1
decode,17,40,26,0,42,0,1
decode,17,41,27,0,42,0,1
decode,17,42,28,0,42,0,1
decode,17,43,29,0,42,0,1
decode,17,44,30,0,42,0,1
decode,17,45,32,0,42,0,1
decode,17,46,34,0,42,0,1
decode,17,47,35,0,42,0,1
decode,17,48,36,0,42,0,1
decode,17,49,37,0,42,0,1
decode,17,50,38,0,42,0,1
decode,17,51,39,0,42,0,1
decode,17,52,40,0,42,0,1
decode,17,53,41,0,42,0,1
decode,17,54,42,0,42,0,1
decode,17,55,43,0,42,0,1
decode,17,56,44,0,42,0,1
decode,17,57,45,0,42,0,1
decode,17,58,46,0,42,0,1
decode,17,59,47,0,42,0,1
decode,17,60,48,0,42,0,1
decode,17,61,49,0,42,0,1
decode,17,62,50,0,42,0,1
decode,17,63,51,0,42,0,1
decode,17,64,52,0,42,0,1
decode,17,65,54,0,42,0,1
decode,17,66,55,0,42,0,1
decode,17,67,56,0,42,0,1
decode,17,68,57,0,42,0,1
decode,17,69,58,0,42,0,1
decode,17,70,59,0,42,0,1
decode,17,71,60,0,42,0,1
decode,17,72,61,0,42,0,1
decode,17,73,62,0,42,0,1
decode,17,74,63,0,42,0,1
decode,17,75,64,0,42,0,1
decode,17,76,65,0,42,0,1
decode,17,77,66,0,42,0,1
decode,17,78,67,0,42,0,1
decode,17,79,68,0,42,0,1
decode,17,80,69,0,42,0,1
decode,17,81,70,0,42,0,1
decode,17,82,71,0,42,0,1
decode,17,83,72,0,42,0,1
decode,17,84,73,0,42,0,1
decode,17,85,74,0,42,0,1
decode,17,86,75,0,42,0,1
decode,17,87,76,0,42,0,1
decode,17,88,77,0,42,0,1
decode,17,89,78,0,42,0,1
decode,17,90,79,0,42,0,1
decode,17,91,80,0,42,0,1
decode,17,92,81,0,42,0,1
decode,17,93,82,0,42,0,1
decode,17,94,84,0,42,0,1
decode,17,95,85,0,42,0,1
decode,17,96,86,0,42,0,1
decode,17,97,87,0,42,0,1
decode,17,98,88,0,42,0,1
decode,17,99,89,0,42,0,1
decode,17,100,90,0,42,0,1
decode,17,101,91,0,42,0,1
decode,17,102,92,0,42,0,1
decode,17,103,93,0,42,0,1
decode,17,104,94,0,42,0,1
decode,17,105,95,0,42,0,1
decode,17,106,96,0,42,0,1
decode,17,107,97,0,42,0,1
decode,17,108,98,0,42,0,1
decode,17,109,99,0,42,0,1
decode,17,110,100,0,42,0,1
decode,17,111,101,0,42,0,1
decode,17,112,102,0,42,0,1
decode,17,113,103,0,42,0,1
decode,17,114,105,0,42,0,1
decode,17,115,106,0,42,0,1
decode,17,116,107,0,42,0,1
decode,17,117,109,0,42,0,1
decode,17,118,110,0,42,0,1
decode,17,119,111,0,42,0,1
decode,17,120,112,0,42,0,1
decode,17,121,113,0,42,0,1
decode,17,122,114,0,42,0,1
decode,17,123,115,0,42,0,1
decode,17,124,116,0,42,0,1
decode,17,125,117,0,42,0,1
decode,17,126,118,0,42,0,1
decode,17,127,119,0,42,0,1
decode,17,128,120,0,42,0,1
decode,17,129,121,0,42,0,1
decode,17,130,122,0,42,0,1
decode,17,131,123,0,42,0,1
decode,17,132,124,0,42,0,1
decode,17,133,125,0,42,0,1
decode,17,134,126,0,42,0,1
decode,17,135,127,0,42,0,1
decode,17,136,128,0,42,0,1
decode,17,137,129,0,42,0,1
decode,17,138,130,0,42,0,1
decode,17,139,131,0,42,0,1
decode,17,140,132,0,42,0,1
decode,17,141,133,0,42,0,1
decode,17,142,134,0,42,0,1
decode,17,143,135,0,42,0,1
decode,17,144,136,0,42,0,1
decode,17,145,137,0,42,0,1
decode,17,146,138,0,42,0,1
decode,17,147,139,0,42,0,1
decode,17,148,140,0,42,0,1
decode,17,149,141,0,42,0,1
decode,17,150,142,0,42,0,1
decode,17,151,143,0,42,0,1
decode,17,152,144,0,42,0,1
decode,17,153,147,0,42,0,1
decode,17,154,148,0,42,0,1
decode,17,155,149,0,42,0,1
decode,17,156,150,0,42,0,1
decode,17,157,151,0,42,0,1
decode,17,158,152,0,42,0,1
decode,17,159,153,0,42,0,1
decode,17,160,154,0,42,0,1
decode,17,161,155,0,42,0,1
decode,17,162,156,0,42,0,1
decode,17,163,157,0,42,0,1
decode,17,164,158,0,42,0,1
decode,17,165,159,0,42,0,1
decode,17,166,160,0,42,0,1
decode,17,167,161,0,42,0,1
decode,17,168,162,0,42,0,1
decode,17,169,163,0,42,0,1
decode,17,170,164,0,42,0,1
decode,17,171,165,0,42,0,1
decode,17,172,166,0,42,0,1
decode,17,173,167,0,42,0,1
decode,17,174,168,0,42,0,1
decode,17,175,169,0,42,0,1
decode,17,176,170,0,42,0,1
decode,17,177,171,0,42,0,1
decode,17,178,172,0,42,0,1
decode,17,179,173,0,42,0,1
decode,17,180,174,0,42,0,1
decode,17,181,175,0,42,0,1
decode,17,182,176,0,42,0,1
decode,17,183,177,0,42,0,1
decode,17,184,178,0,42,0,1
decode,17,185,179,0,42,0,1
decode,17,186,180,0,42,0,1
decode,17,187,181,0,42,0,1
decode,17,188,182,0,42,0,1
decode,17,189,183,0,42,0,1
decode,17,190,184,0,42,0,1
decode,17,191,185,0,42,0,1
decode,17,192,186,0,42,0,1
decode,17,193,187,0,42,0,1
decode,17,194,188,0,42,0,1
decode,17,195,189,0,42,0,1
decode,17,196,190,0,42,0,1
decode,17,197,191,0,42,0,1
decode,17,198,192,0,42,0,1
decode,17,199,193,0,42,0,1
decode,17,200,194,0,42,0,1
decode,17,201,195,0,42,0,1
decode,17,202,198,0,42,0,1
decode,17,203,199,0,42,0,1
decode,17,204,200,0,42,0,1
decode,17,205,201,0,42,0,1
decode,17,206,202,0,42,0,1
decode,17,207,203,0,42,0,1
decode,17,208,204,0,42,0,1
decode,17,209,205,0,42,0,1
decode,17,210,206,0,42,0,1
decode,17,211,207,0,42,0,1
decode,17,212,208,0,42,0,1
decode,17,213,209,0,42,0,1
decode,17,214,210,0,42,0,1
decode,17,215,211,0,42,0,1
decode,17,216,212,0,42,0,1
decode,17,217,213,0,42,0,1
decode,17,218,214,0,42,0,1
decode,17,219,215,0,42,0,1
decode,17,220,216,0,42,0,1
decode,17,221,217,0,42,0,1
decode,17,222,218,0,42,0,1
decode,17,223,219,0,42,0,1
decode,17,224,220,0,42,0,1
decode,17,225,221,0,42,0,1
decode,17,226,222,0,42,0,1
decode,17,227,223,0,42,0,1
decode,17,228,224,0,42,0,1
decode,17,229,225,0,42,0,1
decode,17,230,226,0,42,0,1
decode,17,231,227,0,42,0,1
decode,17,232,228,0,42,0,1
decode,17,233,229,0,42,0,1
decode,17,234,230,0,42,0,1
decode,17,235,232,0,42,0,1
decode,17,236,233,0,42,0,1
decode,17,237,234,0,42,0,1
decode,17,238,235,0,42,0,1
decode,17,239,236,0,42,0,1
decode,17,240,237,0,42,0,1
decode,17,241,238,0,42,0,1
decode,17,242,239,0,42,0,1
decode,17,243,240,0,42,0,1
decode,17,244,241,0,42,0,1
decode,17,245,242,0,42,0,1
decode,17,246,243,0,42,0,1
decode,17,247,244,0,42,0,1
decode,17,248,245,0,42,0,1
decode,17,249,246,0,42,0,1
decode,17,250,248,0,42,0,1
decode,17,251,249,0,42,0,1
decode,17,252,250,0,42,0,1
decode,17,253,252,0,42,0,1
decode,17,254,253,0,42,0,1
decode,17,255,254,0,42,0,1
decode,17,256,255,0,42,0,1
decode,18,1,161,6,42,0.142857142857143,0.142857142857143
decode,18,2,183,6,42,0.142857142857143,0.285714285714286
decode,18,3,89,5,42,0.119047619047619,0.404761904761905
decode,18,4,96,5,42,0.119047619047619,0.523809523809524
decode,18,5,159,3,42,0.0714285714285714,0.595238095238095
decode,18,6,198,3,42,0.0714285714285714,0.666666666666667
decode,18,7,208,3,42,0.0714285714285714,0.738095238095238
decode,18,8,64,2,42,0.0476190476190476,0.785714285714286
decode,18,9,116,2,42,0.0476190476190476,0.833333333333333
decode,18,10,153,2,42,0.0476190476190476,0.880952380952381
decode,18,11,35,1,42,0.0238095238095238,0.904761904761905
decode,18,12,36,1,42,0.0238095238095238,0.928571428571429
decode,18,13,75,1,42,0.0238095238095238,0.952380952380952
decode,18,14,103,1,42,0.0238095238095238,0.976190476190476
decode,18,15,139,1,42,0.0238095238095238,1
decode,18,16,0,0,42,0,1
decode,18,17,1,0,42,0,1
decode,18,18,2,0,42,0,1
decode,18,19,3,0,42,0,1
decode,18,20,4,0,42,0,1
decode,18,21,5,0,42,0,1
decode,18,22,6,0,42,0,1
decode,18,23,7,0,42,0,1
decode,18,24,8,0,42,0,1
decode,18,25,9,0,42,0,1
decode,18,26,10,0,42,0,1
decode,18,27,11,0,42,0,1
decode,18,28,12,0,42,0,1
decode,18,29,13,0,42,0,1
decode,18,30,14,0,42,0,1
decode,18,31,15,0,42,0,1
decode,18,32,16,0,42,0,1
decode,18,33,17,0,42,0,1
decode,18,34,18,0,42,0,1
decode,18,35,19,0,42,0,1
decode,18,36,20,0,42,0,1
decode,18,37,21,0,42,0,1
decode,18,38,22,0,42,0,1
decode,18,39,23,0,42,0,1
decode,18,40,24,0,42,0,1
decode,18,41,25,0,42,0,1
decode,18,42,26,0,42,0,1
decode,18,43,27,0,42,0,1
decode,18,44,28,0,42,0,1
decode,18,45,29,0,42,0,1
decode,18,46,30,0,42,0,1
decode,18,47,31,0,42,0,1
decode,18,48,32,0,42,0,1
decode,18,49,33,0,42,0,1
decode,18,50,34,0,42,0,1
decode,18,51,37,0,42,0,1
decode,18,52,38,0,42,0,1
decode,18,53,39,0,42,0,1
decode,18,54,40,0,42,0,1
decode,18,55,41,0,42,0,1
decode,18,56,42,0,42,0,1
decode,18,57,43,0,42,0,1
decode,18,58,44,0,42,0,1
decode,18,59,45,0,42,0,1
decode,18,60,46,0,42,0,1
decode,18,61,47,0,42,0,1
decode,18,62,48,0,42,0,1
decode,18,63,49,0,42,0,1
decode,18,64,50,0,42,0,1
decode,18,65,51,0,42,0,1
decode,18,66,52,0,42,0,1
decode,18,67,53,0,42,0,1
decode,18,68,54,0,42,0,1
decode,18,69,55,0,42,0,1
decode,18,70,56,0,42,0,1
decode,18,71,57,0,42,0,1
decode,18,72,58,0,42,0,1
decode,18,73,59,0,42,0,1
decode,18,74,60,0,42,0,1
decode,18,75,61,0,42,0,1
decode,18,76,62,0,42,0,1
decode,18,77,63,0,42,0,1
decode,18,78,65,0,42,0,1
decode,18,79,66,0,42,0,1
decode,18,80,67,0,42,0,1
decode,18,81,68,0,42,0,1
decode,18,82,69,0,42,0,1
decode,18,83,70,0,42,0,1
decode,18,84,71,0,42,0,1
decode,18,85,72,0,42,0,1
decode,18,86,73,0,42,0,1
decode,18,87,74,0,42,0,1
decode,18,88,76,0,42,0,1
decode,18,89,77,0,42,0,1
decode,18,90,78,0,42,0,1
decode,18,91,79,0,42,0,1
decode,18,92,80,0,42,0,1
decode,18,93,81,0,42,0,1
decode,18,94,82,0,42,0,1
decode,18,95,83,0,42,0,1
decode,18,96,84,0,42,0,1
decode,18,97,85,0,42,0,1
decode,18,98,86,0,42,0,1
decode,18,99,87,0,42,0,1
decode,18,100,88,0,42,0,1
decode,18,101,90,0,42,0,1
decode,18,102,91,0,42,0,1
decode,18,103,92,0,42,0,1
decode,18,104,93,0,42,0,1
decode,18,105,94,0,42,0,1
decode,18,106,95,0,42,0,1
decode,18,107,97,0,42,0,1
decode,18,108,98,0,42,0,1
decode,18,109,99,0,42,0,1
decode,18,110,100,0,42,0,1
decode,18,111,101,0,42,0,1
decode,18,112,102,0,42,0,1
decode,18,113,104,0,42,0,1
decode,18,114,105,0,42,0,1
decode,18,115,106,0,42,0,1
decode,18,116,107,0,42,0,1
decode,18,117,108,0,42,0,1
decode,18,118,109,0,42,0,1
decode,18,119,110,0,42,0,1
decode,18,120,111,0,42,0,1
decode,18,121,112,0,42,0,1
decode,18,122,113,0,42,0,1
decode,18,123,114,0,42,0,1
decode,18,124,115,0,42,0,1
decode,18,125,117,0,42,0,1
decode,18,126,118,0,42,0,1
decode,18,127,119,0,42,0,1
decode,18,128,120,0,42,0,1
decode,18,129,121,0,42,0,1
decode,18,130,122,0,42,0,1
decode,18,131,123,0,42,0,1
decode,18,132,124,0,42,0,1
decode,18,133,125,0,42,0,1
decode,18,134,126,0,42,0,1
decode,18,135,127,0,42,0,1
decode,18,136,128,0,42,0,1
decode,18,137,129,0,42,0,1
decode,18,138,130,0,42,0,1
decode,18,139,131,0,42,0,1
decode,18,140,132,0,42,0,1
decode,18,141,133,0,42,0,1
decode,18,142,134,0,42,0,1
decode,18,143,135,0,42,0,1
decode,18,144,136,0,42,0,1
decode,18,145,137,0,42,0,1
decode,18,146,138,0,42,0,1
decode,18,147,140,0,42,0,1
decode,18,148,141,0,42,0,1
decode,18,149,142,0,42,0,1
decode,18,150,143,0,42,0,1
decode,18,151,144,0,42,0,1
decode,18,152,145,0,42,0,1
decode,18,153,146,0,42,0,1
decode,18,154,147,0,42,0,1
decode,18,155,148,0,42,0,1
decode,18,156,149,0,42,0,1
decode,18,157,150,0,42,0,1
decode,18,158,151,0,42,0,1
decode,18,159,152,0,42,0,1
decode,18,160,154,0,42,0,1
decode,18,161,155,0,42,0,1
decode,18,162,156,0,42,0,1
decode,18,163,157,0,42,0,1
decode,18,164,158,0,42,0,1
decode,18,165,160,0,42,0,1
decode,18,166,162,0,42,0,1
decode,18,167,163,0,42,0,1
decode,18,168,164,0,42,0,1
decode,18,169,165,0,42,0,1
decode,18,170,166,0,42,0,1
decode,18,171,167,0,42,0,1
decode,18,172,168,0,42,0,1
decode,18,173,169,0,42,0,1
decode,18,174,170,0,42,0,1
decode,18,175,171,0,42,0,1
decode,18,176,172,0,42,0,1
decode,18,177,173,0,42,0,1
decode,18,178,174,0,42,0,1
decode,18,179,175,0,42,0,1
decode,18,180,176,0,42,0,1
decode,18,181,177,0,42,0,1
decode,18,182,178,0,42,0,1
decode,18,183,179,0,42,0,1
decode,18,184,180,0,42,0,1
decode,18,185,181,0,42,0,1
decode,18,186,182,0,42,0,1
decode,18,187,184,0,42,0,1
decode,18,188,185,0,42,0,1
decode,18,189,186,0,42,0,1
decode,18,190,187,0,42,0,1
decode,18,191,188,0,42,0,1
decode,18,192,189,0,42,0,1
decode,18,193,190,0,42,0,1
decode,18,194,191,0,42,0,1
decode,18,195,192,0,42,0,1
decode,18,196,193,0,42,0,1
decode,18,197,194,0,42,0,1
decode,18,198,195,0,42,0,1
decode,18,199,196,0,42,0,1
decode,18,200,197,0,42,0,1
decode,18,201,199,0,42,0,1
decode,18,202,200,0,42,0,1
decode,18,203,201,0,42,0,1
decode,18,204,202,0,42,0,1
decode,18,205,203,0,42,0,1
decode,18,206,204,0,42,0,1
decode,18,207,205,0,42,0,1
decode,18,208,206,0,42,0,1
decode,18,209,207,0,42,0,1
decode,18,210,209,0,42,0,1
decode,18,211,210,0,42,0,1
decode,18,212,211,0,42,0,1
decode,18,213,212,0,42,0,1
decode,18,214,213,0,42,0,1
decode,18,215,214,0,42,0,1
decode,18,216,215,0,42,0,1
decode,18,217,216,0,42,0,1
decode,18,218,217,0,42,0,1
decode,18,219,218,0,42,0,1
decode,18,220,219,0,42,0,1
decode,18,221,220,0,42,0,1
decode,18,222,221,0,42,0,1
decode,18,223,222,0,42,0,1
decode,18,224,223,0,42,0,1
decode,18,225,224,0,42,0,1
decode,18,226,225,0,42,0,1
decode,18,227,226,0,42,0,1
decode,18,228,227,0,42,0,1
decode,18,229,228,0,42,0,1
decode,18,230,229,0,42,0,1
decode,18,231,230,0,42,0,1
decode,18,232,231,0,42,0,1
decode,18,233,232,0,42,0,1
decode,18,234,233,0,42,0,1
decode,18,235,234,0,42,0,1
decode,18,236,235,0,42,0,1
decode,18,237,236,0,42,0,1
decode,18,238,237,0,42,0,1
decode,18,239,238,0,42,0,1
decode,18,240,239,0,42,0,1
decode,18,241,240,0,42,0,1
decode,18,242,241,0,42,0,1
decode,18,243,242,0,42,0,1
decode,18,244,243,0,42,0,1
decode,18,245,244,0,42,0,1
decode,18,246,245,0,42,0,1
decode,18,247,246,0,42,0,1
decode,18,248,247,0,42,0,1
decode,18,249,248,0,42,0,1
decode,18,250,249,0,42,0,1
decode,18,251,250,0,42,0,1
decode,18,252,251,0,42,0,1
decode,18,253,252,0,42,0,1
decode,18,254,253,0,42,0,1
decode,18,255,254,0,42,0,1
decode,18,256,255,0,42,0,1
decode,19,1,57,7,42,0.166666666666667,0.166666666666667
decode,19,2,176,5,42,0.119047619047619,0.285714285714286
decode,19,3,180,5,42,0.119047619047619,0.404761904761905
decode,19,4,200,5,42,0.119047619047619,0.523809523809524
decode,19,5,16,3,42,0.0714285714285714,0.595238095238095
decode,19,6,99,3,42,0.0714285714285714,0.666666666666667
decode,19,7,232,3,42,0.0714285714285714,0.738095238095238
decode,19,8,70,2,42,0.0476190476190476,0.785714285714286
decode,19,9,193,2,42,0.0476190476190476,0.833333333333333
decode,19,10,234,2,42,0.0476190476190476,0.880952380952381
decode,19,11,241,2,42,0.0476190476190476,0.928571428571429
decode,19,12,38,1,42,0.0238095238095238,0.952380952380952
decode,19,13,47,1,42,0.0238095238095238,0.976190476190476
decode,19,14,107,1,42,0.0238095238095238,1
decode,19,15,0,0,42,0,1
decode,19,16,1,0,42,0,1
decode,19,17,2,0,42,0,1
decode,19,18,3,0,42,0,1
decode,19,19,4,0,42,0,1
decode,19,20,5,0,42,0,1
decode,19,21,6,0,42,0,1
decode,19,22,7,0,42,0,1
decode,19,23,8,0,42,0,1
decode,19,24,9,0,42,0,1
decode,19,25,10,0,42,0,1
decode,19,26,11,0,42,0,1
decode,19,27,12,0,42,0,1
decode,19,28,13,0,42,0,1
decode,19,29,14,0,42,0,1
decode,19,30,15,0,42,0,1
decode,19,31,17,0,42,0,1
decode,19,32,18,0,42,0,1
decode,19,33,19,0,42,0,1
decode,19,34,20,0,42,0,1
decode,19,35,21,0,42,0,1
decode,19,36,22,0,42,0,1
decode,19,37,23,0,42,0,1
decode,19,38,24,0,42,0,1
decode,19,39,25,0,42,0,1
decode,19,40,26,0,42,0,1
decode,19,41,27,0,42,0,1
decode,19,42,28,0,42,0,1
decode,19,43,29,0,42,0,1
decode,19,44,30,0,42,0,1
decode,19,45,31,0,42,0,1
decode,19,46,32,0,42,0,1
decode,19,47,33,0,42,0,1
decode,19,48,34,0,42,0,1
decode,19,49,35,0,42,0,1
decode,19,50,36,0,42,0,1
decode,19,51,37,0,42,0,1
decode,19,52,39,0,42,0,1
decode,19,53,40,0,42,0,1
decode,19,54,41,0,42,0,1
decode,19,55,42,0,42,0,1
decode,19,56,43,0,42,0,1
decode,19,57,44,0,42,0,1
decode,19,58,45,0,42,0,1
decode,19,59,46,0,42,0,1
decode,19,60,48,0,42,0,1
decode,19,61,49,0,42,0,1
decode,19,62,50,0,42,0,1
decode,19,63,51,0,42,0,1
decode,19,64,52,0,42,0,1
decode,19,65,53,0,42,0,1
decode,19,66,54,0,42,0,1
decode,19,67,55,0,42,0,1
decode,19,68,56,0,42,0,1
decode,19,69,58,0,42,0,1
decode,19,70,59,0,42,0,1
decode,19,71,60,0,42,0,1
decode,19,72,61,0,42,0,1
decode,19,73,62,0,42,0,1
decode,19,74,63,0,42,0,1
decode,19,75,64,0,42,0,1
decode,19,76,65,0,42,0,1
decode,19,77,66,0,42,0,1
decode,19,78,67,0,42,0,1
decode,19,79,68,0,42,0,1
decode,19,80,69,0,42,0,1
decode,19,81,71,0,42,0,1
decode,19,82,72,0,42,0,1
decode,19,83,73,0,42,0,1
decode,19,84,74,0,42,0,1
decode,19,85,75,0,42,0,1
decode,19,86,76,0,42,0,1
decode,19,87,77,0,42,0,1
decode,19,88,78,0,42,0,1
decode,19,89,79,0,42,0,1
decode,19,90,80,0,42,0,1
decode,19,91,81,0,42,0,1
decode,19,92,82,0,42,0,1
decode,19,93,83,0,42,0,1
decode,19,94,84,0,42,0,1
decode,19,95,85,0,42,0,1
decode,19,96,86,0,42,0,1
decode,19,97,87,0,42,0,1
decode,19,98,88,0,42,0,1
decode,19,99,89,0,42,0,1
decode,19,100,90,0,42,0,1
decode,19,101,91,0,42,0,1
decode,19,102,92,0,42,0,1
decode,19,103,93,0,42,0,1
decode,19,104,94,0,42,0,1
decode,19,105,95,0,42,0,1
decode,19,106,96,0,42,0,1
decode,19,107,97,0,42,0,1
decode,19,108,98,0,42,0,1
decode,19,109,100,0,42,0,1
decode,19,110,101,0,42,0,1
decode,19,111,102,0,42,0,1
decode,19,112,103,0,42,0,1
decode,19,113,104,0,42,0,1
decode,19,114,105,0,42,0,1
decode,19,115,106,0,42,0,1
decode,19,116,108,0,42,0,1
decode,19,117,109,0,42,0,1
decode,19,118,110,0,42,0,1
decode,19,119,111,0,42,0,1
decode,19,120,112,0,42,0,1
decode,19,121,113,0,42,0,1
decode,19,122,114,0,42,0,1
decode,19,123,115,0,42,0,1
decode,19,124,116,0,42,0,1
decode,19,125,117,0,42,0,1
decode,19,126,118,0,42,0,1
decode,19,127,119,0,42,0,1
decode,19,128,120,0,42,0,1
decode,19,129,121,0,42,0,1
decode,19,130,122,0,42,0,1
decode,19,131,123,0,42,0,1
decode,19,132,124,0,42,0,1
decode,19,133,125,0,42,0,1
decode,19,134,126,0,42,0,1
decode,19,135,127,0,42,0,1
decode,19,136,128,0,42,0,1
decode,19,137,129,0,42,0,1
decode,19,138,130,0,42,0,1
decode,19,139,131,0,42,0,1
decode,19,140,132,0,42,0,1
decode,19,141,133,0,42,0,1
decode,19,142,134,0,42,0,1
decode,19,143,135,0,42,0,1
decode,19,144,136,0,42,0,1
decode,19,145,137,0,42,0,1
decode,19,146,138,0,42,0,1
decode,19,147,139,0,42,0,1
decode,19,148,140,0,42,0,1
decode,19,149,141,0,42,0,1
decode,19,150,142,0,42,0,1
decode,19,151,143,0,42,0,1
decode,19,152,144,0,42,0,1
decode,19,153,145,0,42,0,1
decode,19,154,146,0,42,0,1
decode,19,155,147,0,42,0,1
decode,19,156,148,0,42,0,1
decode,19,157,149,0,42,0,1
decode,19,158,150,0,42,0,1
decode,19,159,151,0,42,0,1
decode,19,160,152,0,42,0,1
decode,19,161,153,0,42,0,1
decode,19,162,154,0,42,0,1
decode,19,163,155,0,42,0,1
decode,19,164,156,0,42,0,1
decode,19,165,157,0,42,0,1
decode,19,166,158,0,42,0,1
decode,19,167,159,0,42,0,1
decode,19,168,160,0,42,0,1
decode,19,169,161,0,42,0,1
decode,19,170,162,0,42,0,1
decode,19,171,163,0,42,0,1
decode,19,172,164,0,42,0,1
decode,19,173,165,0,42,0,1
decode,19,174,166,0,42,0,1
decode,19,175,167,0,42,0,1
decode,19,176,168,0,42,0,1
decode,19,177,169,0,42,0,1
decode,19,178,170,0,42,0,1
decode,19,179,171,0,42,0,1
decode,19,180,172,0,42,0,1
decode,19,181,173,0,42,0,1
decode,19,182,174,0,42,0,1
decode,19,183,175,0,42,0,1
decode,19,184,177,0,42,0,1
decode,19,185,178,0,42,0,1
decode,19,186,179,0,42,0,1
decode,19,187,181,0,42,0,1
decode,19,188,182,0,42,0,1
decode,19,189,183,0,42,0,1
decode,19,190,184,0,42,0,1
decode,19,191,185,0,42,0,1
decode,19,192,186,0,42,0,1
decode,19,193,187,0,42,0,1
decode,19,194,188,0,42,0,1
decode,19,195,189,0,42,0,1
decode,19,196,190,0,42,0,1
decode,19,197,191,0,42,0,1
decode,19,198,192,0,42,0,1
decode,19,199,194,0,42,0,1
decode,19,200,195,0,42,0,1
decode,19,201,196,0,42,0,1
decode,19,202,197,0,42,0,1
decode,19,203,198,0,42,0,1
decode,19,204,199,0,42,0,1
decode,19,205,201,0,42,0,1
decode,19,206,202,0,42,0,1
decode,19,207,203,0,42,0,1
decode,19,208,204,0,42,0,1
decode,19,209,205,0,42,0,1
decode,19,210,206,0,42,0,1
decode,19,211,207,0,42,0,1
decode,19,212,208,0,42,0,1
decode,19,213,209,0,42,0,1
decode,19,214,210,0,42,0,1
decode,19,215,211,0,42,0,1
decode,19,216,212,0,42,0,1
decode,19,217,213,0,42,0,1
decode,19,218,214,0,42,0,1
decode,19,219,215,0,42,0,1
decode,19,220,216,0,42,0,1
decode,19,221,217,0,42,0,1
decode,19,222,218,0,42,0,1
decode,19,223,219,0,42,0,1
decode,19,224,220,0,42,0,1
decode,19,225,221,0,42,0,1
decode,19,226,222,0,42,0,1
decode,19,227,223,0,42,0,1
decode,19,228,224,0,42,0,1
decode,19,229,225,0,42,0,1
decode,19,230,226,0,42,0,1
decode,19,231,227,0,42,0,1
decode,19,232,228,0,42,0,1
decode,19,233,229,0,42,0,1
decode,19,234,230,0,42,0,1
decode,19,235,231,0,42,0,1
decode,19,236,233,0,42,0,1
decode,19,237,235,0,42,0,1
decode,19,238,236,0,42,0,1
decode,19,239,237,0,42,0,1
decode,19,240,238,0,42,0,1
decode,19,241,239,0,42,0,1
decode,19,242,240,0,42,0,1
decode,19,243,242,0,42,0,1
decode,19,244,243,0,42,0,1
decode,19,245,244,0,42,0,1
decode,19,246,245,0,42,0,1
decode,19,247,246,0,42,0,1
decode,19,248,247,0,42,0,1
decode,19,249,248,0,42,0,1
decode,19,250,249,0,42,0,1
decode,19,251,250,0,42,0,1
decode,19,252,251,0,42,0,1
decode,19,253,252,0,42,0,1
decode,19,254,253,0,42,0,1
decode,19,255,254,0,42,0,1
decode,19,256,255,0,42,0,1
decode,20,1,218,7,42,0.166666666666667,0.166666666666667
decode,20,2,216,6,42,0.142857142857143,0.30952380952381
decode,20,3,54,5,42,0.119047619047619,0.428571428571429
decode,20,4,149,4,42,0.0952380952380952,0.523809523809524
decode,20,5,130,3,42,0.0714285714285714,0.595238095238095
decode,20,6,131,3,42,0.0714285714285714,0.666666666666667
decode,20,7,18,2,42,0.0476190476190476,0.714285714285714
decode,20,8,61,2,42,0.0476190476190476,0.761904761904762
decode,20,9,102,2,42,0.0476190476190476,0.80952380952381
decode,20,10,138,2,42,0.0476190476190476,0.857142857142857
decode,20,11,85,1,42,0.0238095238095238,0.880952380952381
decode,20,12,128,1,42,0.0238095238095238,0.904761904761905
decode,20,13,151,1,42,0.0238095238095238,0.928571428571429
decode,20,14,185,1,42,0.0238095238095238,0.952380952380953
decode,20,15,204,1,42,0.0238095238095238,0.976190476190476
decode,20,16,250,1,42,0.0238095238095238,1
decode,20,17,0,0,42,0,1
decode,20,18,1,0,42,0,1
decode,20,19,2,0,42,0,1
decode,20,20,3,0,42,0,1
decode,20,21,4,0,42,0,1
decode,20,22,5,0,42,0,1
decode,20,23,6,0,42,0,1
decode,20,24,7,0,42,0,1
decode,20,25,8,0,42,0,1
decode,20,26,9,0,42,0,1
decode,20,27,10,0,42,0,1
decode,20,28,11,0,42,0,1
decode,20,29,12,0,42,0,1
decode,20,30,13,0,42,0,1
decode,20,31,14,0,42,0,1
decode,20,32,15,0,42,0,1
decode,20,33,16,0,42,0,1
decode,20,34,17,0,42,0,1
decode,20,35,19,0,42,0,1
decode,20,36,20,0,42,0,1
decode,20,37,21,0,42,0,1
decode,20,38,22,0,42,0,1
decode,20,39,23,0,42,0,1
decode,20,40,24,0,42,0,1
decode,20,41,25,0,42,0,1
decode,20,42,26,0,42,0,1
decode,20,43,27,0,42,0,1
decode,20,44,28,0,42,0,1
decode,20,45,29,0,42,0,1
decode,20,46,30,0,42,0,1
decode,20,47,31,0,42,0,1
decode,20,48,32,0,42,0,1
decode,20,49,33,0,42,0,1
decode,20,50,34,0,42,0,1
decode,20,51,35,0,42,0,1
decode,20,52,36,0,42,0,1
decode,20,53,37,0,42,0,1
decode,20,54,38,0,42,0,1
decode,20,55,39,0,42,0,1
decode,20,56,40,0,42,0,1
decode,20,57,41,0,42,0,1
decode,20,58,42,0,42,0,1
decode,20,59,43,0,42,0,1
decode,20,60,44,0,42,0,1
decode,20,61,45,0,42,0,1
decode,20,62,46,0,42,0,1
decode,20,63,47,0,42,0,1
decode,20,64,48,0,42,0,1
decode,20,65,49,0,42,0,1
decode,20,66,50,0,42,0,1
decode,20,67,51,0,42,0,1
decode,20,68,52,0,42,0,1
decode,20,69,53,0,42,0,1
decode,20,70,55,0,42,0,1
decode,20,71,56,0,42,0,1
decode,20,72,57,0,42,0,1
decode,20,73,58,0,42,0,1
decode,20,74,59,0,42,0,1
decode,20,75,60,0,42,0,1
decode,20,76,62,0,42,0,1
decode,20,77,63,0,42,0,1
decode,20,78,64,0,42,0,1
decode,20,79,65,0,42,0,1
decode,20,80,66,0,42,0,1
decode,20,81,67,0,42,0,1
decode,20,82,68,0,42,0,1
decode,20,83,69,0,42,0,1
decode,20,84,70,0,42,0,1
decode,20,85,71,0,42,0,1
decode,20,86,72,0,42,0,1
decode,20,87,73,0,42,0,1
decode,20,88,74,0,42,0,1
decode,20,89,75,0,42,0,1
decode,20,90,76,0,42,0,1
decode,20,91,77,0,42,0,1
decode,20,92,78,0,42,0,1
decode,20,93,79,0,42,0,1
decode,20,94,80,0,42,0,1
decode,20,95,81,0,42,0,1
decode,20,96,82,0,42,0,1
decode,20,97,83,0,42,0,1
decode,20,98,84,0,42,0,1
decode,20,99,86,0,42,0,1
decode,20,100,87,0,42,0,1
decode,20,101,88,0,42,0,1
decode,20,102,89,0,42,0,1
decode,20,103,90,0,42,0,1
decode,20,104,91,0,42,0,1
decode,20,105,92,0,42,0,1
decode,20,106,93,0,42,0,1
decode,20,107,94,0,42,0,1
decode,20,108,95,0,42,0,1
decode,20,109,96,0,42,0,1
decode,20,110,97,0,42,0,1
decode,20,111,98,0,42,0,1
decode,20,112,99,0,42,0,1
decode,20,113,100,0,42,0,1
decode,20,114,101,0,42,0,1
decode,20,115,103,0,42,0,1
decode,20,116,104,0,42,0,1
decode,20,117,105,0,42,0,1
decode,20,118,106,0,42,0,1
decode,20,119,107,0,42,0,1
decode,20,120,108,0,42,0,1
decode,20,121,109,0,42,0,1
decode,20,122,110,0,42,0,1
decode,20,123,111,0,42,0,1
decode,20,124,112,0,42,0,1
decode,20,125,113,0,42,0,1
decode,20,126,114,0,42,0,1
decode,20,127,115,0,42,0,1
decode,20,128,116,0,42,0,1
decode,20,129,117,0,42,0,1
decode,20,130,118,0,42,0,1
decode,20,131,119,0,42,0,1
decode,20,132,120,0,42,0,1
decode,20,133,121,0,42,0,1
decode,20,134,122,0,42,0,1
decode,20,135,123,0,42,0,1
decode,20,136,124,0,42,0,1
decode,20,137,125,0,42,0,1
decode,20,138,126,0,42,0,1
decode,20,139,127,0,42,0,1
decode,20,140,129,0,42,0,1
decode,20,141,132,0,42,0,1
decode,20,142,133,0,42,0,1
decode,20,143,134,0,42,0,1
decode,20,144,135,0,42,0,1
decode,20,145,136,0,42,0,1
decode,20,146,137,0,42,0,1
decode,20,147,139,0,42,0,1
decode,20,148,140,0,42,0,1
decode,20,149,141,0,42,0,1
decode,20,150,142,0,42,0,1
decode,20,151,143,0,42,0,1
decode,20,152,144,0,42,0,1
decode,20,153,145,0,42,0,1
decode,20,154,146,0,42,0,1
decode,20,155,147,0,42,0,1
decode,20,156,148,0,42,0,1
decode,20,157,150,0,42,0,1
decode,20,158,152,0,42,0,1
decode,20,159,153,0,42,0,1
decode,20,160,154,0,42,0,1
decode,20,161,155,0,42,0,1
decode,20,162,156,0,42,0,1
decode,20,163,157,0,42,0,1
decode,20,164,158,0,42,0,1
decode,20,165,159,0,42,0,1
decode,20,166,160,0,42,0,1
decode,20,167,161,0,42,0,1
decode,20,168,162,0,42,0,1
decode,20,169,163,0,42,0,1
decode,20,170,164,0,42,0,1
decode,20,171,165,0,42,0,1
decode,20,172,166,0,42,0,1
decode,20,173,167,0,42,0,1
decode,20,174,168,0,42,0,1
decode,20,175,169,0,42,0,1
decode,20,176,170,0,42,0,1
decode,20,177,171,0,42,0,1
decode,20,178,172,0,42,0,1
decode,20,179,173,0,42,0,1
decode,20,180,174,0,42,0,1
decode,20,181,175,0,42,0,1
decode,20,182,176,0,42,0,1
decode,20,183,177,0,42,0,1
decode,20,184,178,0,42,0,1
decode,20,185,179,0,42,0,1
decode,20,186,180,0,42,0,1
decode,20,187,181,0,42,0,1
decode,20,188,182,0,42,0,1
decode,20,189,183,0,42,0,1
decode,20,190,184,0,42,0,1
decode,20,191,186,0,42,0,1
decode,20,192,187,0,42,0,1
decode,20,193,188,0,42,0,1
decode,20,194,189,0,42,0,1
decode,20,195,190,0,42,0,1
decode,20,196,191,0,42,0,1
decode,20,197,192,0,42,0,1
decode,20,198,193,0,42,0,1
decode,20,199,194,0,42,0,1
decode,20,200,195,0,42,0,1
decode,20,201,196,0,42,0,1
decode,20,202,197,0,42,0,1
decode,20,203,198,0,42,0,1
decode,20,204,199,0,42,0,1
decode,20,205,200,0,42,0,1
decode,20,206,201,0,42,0,1
decode,20,207,202,0,42,0,1
decode,20,208,203,0,42,0,1
decode,20,209,205,0,42,0,1
decode,20,210,206,0,42,0,1
decode,20,211,207,0,42,0,1
decode,20,212,208,0,42,0,1
decode,20,213,209,0,42,0,1
decode,20,214,210,0,42,0,1
decode,20,215,211,0,42,0,1
decode,20,216,212,0,42,0,1
decode,20,217,213,0,42,0,1
decode,20,218,214,0,42,0,1
decode,20,219,215,0,42,0,1
decode,20,220,217,0,42,0,1
decode,20,221,219,0,42,0,1
decode,20,222,220,0,42,0,1
decode,20,223,221,0,42,0,1
decode,20,224,222,0,42,0,1
decode,20,225,223,0,42,0,1
decode,20,226,224,0,42,0,1
decode,20,227,225,0,42,0,1
decode,20,228,226,0,42,0,1
decode,20,229,227,0,42,0,1
decode,20,230,228,0,42,0,1
decode,20,231,229,0,42,0,1
decode,20,232,230,0,42,0,1
decode,20,233,231,0,42,0,1
decode,20,234,232,0,42,0,1
decode,20,235,233,0,42,0,1
decode,20,236,234,0,42,0,1
decode,20,237,235,0,42,0,1
decode,20,238,236,0,42,0,1
decode,20,239,237,0,42,0,1
decode,20,240,238,0,42,0,1
decode,20,241,239,0,42,0,1
decode,20,242,240,0,42,0,1
decode,20,243,241,0,42,0,1
decode,20,244,242,0,42,0,1
decode,20,245,243,0,42,0,1
decode,20,246,244,0,42,0,1
decode,20,247,245,0,42,0,1
decode,20,248,246,0,42,0,1
decode,20,249,247,0,42,0,1
decode,20,250,248,0,42,0,1
decode,20,251,249,0,42,0,1
decode,20,252,251,0,42,0,1
decode,20,253,252,0,42,0,1
decode,20,254,253,0,42,0,1
decode,20,255,254,0,42,0,1
decode,20,256,255,0,42,0,1
decode,21,1,49,7,42,0.166666666666667,0.166666666666667
decode,21,2,129,7,42,0.166666666666667,0.333333333333333
decode,21,3,62,5,42,0.119047619047619,0.452380952380952
decode,21,4,86,3,42,0.0714285714285714,0.523809523809524
decode,21,5,154,3,42,0.0714285714285714,0.595238095238095
decode,21,6,215,3,42,0.0714285714285714,0.666666666666667
decode,21,7,243,3,42,0.0714285714285714,0.738095238095238
decode,21,8,19,2,42,0.0476190476190476,0.785714285714286
decode,21,9,52,2,42,0.0476190476190476,0.833333333333333
decode,21,10,127,2,42,0.0476190476190476,0.880952380952381
decode,21,11,202,2,42,0.0476190476190476,0.928571428571429
decode,21,12,34,1,42,0.0238095238095238,0.952380952380952
decode,21,13,173,1,42,0.0238095238095238,0.976190476190476
decode,21,14,205,1,42,0.0238095238095238,1
decode,21,15,0,0,42,0,1
decode,21,16,1,0,42,0,1
decode,21,17,2,0,42,0,1
decode,21,18,3,0,42,0,1
decode,21,19,4,0,42,0,1
decode,21,20,5,0,42,0,1
decode,21,21,6,0,42,0,1
decode,21,22,7,0,42,0,1
decode,21,23,8,0,42,0,1
decode,21,24,9,0,42,0,1
decode,21,25,10,0,42,0,1
decode,21,26,11,0,42,0,1
decode,21,27,12,0,42,0,1
decode,21,28,13,0,42,0,1
decode,21,29,14,0,42,0,1
decode,21,30,15,0,42,0,1
decode,21,31,16,0,42,0,1
decode,21,32,17,0,42,0,1
decode,21,33,18,0,42,0,1
decode,21,34,20,0,42,0,1
decode,21,35,21,0,42,0,1
decode,21,36,22,0,42,0,1
decode,21,37,23,0,42,0,1
decode,21,38,24,0,42,0,1
decode,21,39,25,0,42,0,1
decode,21,40,26,0,42,0,1
decode,21,41,27,0,42,0,1
decode,21,42,28,0,42,0,1
decode,21,43,29,0,42,0,1
decode,21,44,30,0,42,0,1
decode,21,45,31,0,42,0,1
decode,21,46,32,0,42,0,1
decode,21,47,33,0,42,0,1
decode,21,48,35,0,42,0,1
decode,21,49,36,0,42,0,1
decode,21,50,37,0,42,0,1
decode,21,51,38,0,42,0,1
decode,21,52,39,0,42,0,1
decode,21,53,40,0,42,0,1
decode,21,54,41,0,42,0,1
decode,21,55,42,0,42,0,1
decode,21,56,43,0,42,0,1
decode,21,57,44,0,42,0,1
decode,21,58,45,0,42,0,1
decode,21,59,46,0,42,0,1
decode,21,60,47,0,42,0,1
decode,21,61,48,0,42,0,1
decode,21,62,50,0,42,0,1
decode,21,63,51,0,42,0,1
decode,21,64,53,0,42,0,1
decode,21,65,54,0,42,0,1
decode,21,66,55,0,42,0,1
decode,21,67,56,0,42,0,1
decode,21,68,57,0,42,0,1
decode,21,69,58,0,42,0,1
decode,21,70,59,0,42,0,1
decode,21,71,60,0,42,0,1
decode,21,72,61,0,42,0,1
decode,21,73,63,0,42,0,1
decode,21,74,64,0,42,0,1
decode,21,75,65,0,42,0,1
decode,21,76,66,0,42,0,1
decode,21,77,67,0,42,0,1
decode,21,78,68,0,42,0,1
decode,21,79,69,0,42,0,1
decode,21,80,70,0,42,0,1
decode,21,81,71,0,42,0,1
decode,21,82,72,0,42,0,1
decode,21,83,73,0,42,0,1
decode,21,84,74,0,42,0,1
decode,21,85,75,0,42,0,1
decode,21,86,76,0,42,0,1
decode,21,87,77,0,42,0,1
decode,21,88,78,0,42,0,1
decode,21,89,79,0,42,0,1
decode,21,90,80,0,42,0,1
decode,21,91,81,0,42,0,1
decode,21,92,82,0,42,0,1
decode,21,93,83,0,42,0,1
decode,21,94,84,0,42,0,1
decode,21,95,85,0,42,0,1
decode,21,96,87,0,42,0,1
decode,21,97,88,0,42,0,1
decode,21,98,89,0,42,0,1
decode,21,99,90,0,42,0,1
decode,21,100,91,0,42,0,1
decode,21,101,92,0,42,0,1
decode,21,102,93,0,42,0,1
decode,21,103,94,0,42,0,1
decode,21,104,95,0,42,0,1
decode,21,105,96,0,42,0,1
decode,21,106,97,0,42,0,1
decode,21,107,98,0,42,0,1
decode,21,108,99,0,42,0,1
decode,21,109,100,0,42,0,1
decode,21,110,101,0,42,0,1
decode,21,111,102,0,42,0,1
decode,21,112,103,0,42,0,1
decode,21,113,104,0,42,0,1
decode,21,114,105,0,42,0,1
decode,21,115,106,0,42,0,1
decode,21,116,107,0,42,0,1
decode,21,117,108,0,42,0,1
decode,21,118,109,0,42,0,1
decode,21,119,110,0,42,0,1
decode,21,120,111,0,42,0,1
decode,21,121,112,0,42,0,1
decode,21,122,113,0,42,0,1
decode,21,123,114,0,42,0,1
decode,21,124,115,0,42,0,1
decode,21,125,116,0,42,0,1
decode,21,126,117,0,42,0,1
decode,21,127,118,0,42,0,1
decode,21,128,119,0,42,0,1
decode,21,129,120,0,42,0,1
decode,21,130,121,0,42,0,1
decode,21,131,122,0,42,0,1
decode,21,132,123,0,42,0,1
decode,21,133,124,0,42,0,1
decode,21,134,125,0,42,0,1
decode,21,135,126,0,42,0,1
decode,21,136,128,0,42,0,1
decode,21,137,130,0,42,0,1
decode,21,138,131,0,42,0,1
decode,21,139,132,0,42,0,1
decode,21,140,133,0,42,0,1
decode,21,141,134,0,42,0,1
decode,21,142,135,0,42,0,1
decode,21,143,136,0,42,0,1
decode,21,144,137,0,42,0,1
decode,21,145,138,0,42,0,1
decode,21,146,139,0,42,0,1
decode,21,147,140,0,42,0,1
decode,21,148,141,0,42,0,1
decode,21,149,142,0,42,0,1
decode,21,150,143,0,42,0,1
decode,21,151,144,0,42,0,1
decode,21,152,145,0,42,0,1
decode,21,153,146,0,42,0,1
decode,21,154,147,0,42,0,1
decode,21,155,148,0,42,0,1
decode,21,156,149,0,42,0,1
decode,21,157,150,0,42,0,1
decode,21,158,151,0,42,0,1
decode,21,159,152,0,42,0,1
decode,21,160,153,0,42,0,1
decode,21,161,155,0,42,0,1
decode,21,162,156,0,42,0,1
decode,21,163,157,0,42,0,1
decode,21,164,158,0,42,0,1
decode,21,165,159,0,42,0,1
decode,21,166,160,0,42,0,1
decode,21,167,161,0,42,0,1
decode,21,168,162,0,42,0,1
decode,21,169,163,0,42,0,1
decode,21,170,164,0,42,0,1
decode,21,171,165,0,42,0,1
decode,21,172,166,0,42,0,1
decode,21,173,167,0,42,0,1
decode,21,174,168,0,42,0,1
decode,21,175,169,0,42,0,1
decode,21,176,170,0,42,0,1
decode,21,177,171,0,42,0,1
decode,21,178,172,0,42,0,1
decode,21,179,174,0,42,0,1
decode,21,180,175,0,42,0,1
decode,21,181,176,0,42,0,1
decode,21,182,177,0,42,0,1
decode,21,183,178,0,42,0,1
decode,21,184,179,0,42,0,1
decode,21,185,180,0,42,0,1
decode,21,186,181,0,42,0,1
decode,21,187,182,0,42,0,1
decode,21,188,183,0,42,0,1
decode,21,189,184,0,42,0,1
decode,21,190,185,0,42,0,1
decode,21,191,186,0,42,0,1
decode,21,192,187,0,42,0,1
decode,21,193,188,0,42,0,1
decode,21,194,189,0,42,0,1
decode,21,195,190,0,42,0,1
decode,21,196,191,0,42,0,1
decode,21,197,192,0,42,0,1
decode,21,198,193,0,42,0,1
decode,21,199,194,0,42,0,1
decode,21,200,195,0,42,0,1
decode,21,201,196,0,42,0,1
decode,21,202,197,0,42,0,1
decode,21,203,198,0,42,0,1
decode,21,204,199,0,42,0,1
decode,21,205,200,0,42,0,1
decode,21,206,201,0,42,0,1
decode,21,207,203,0,42,0,1
decode,21,208,204,0,42,0,1
decode,21,209,206,0,42,0,1
decode,21,210,207,0,42,0,1
decode,21,211,208,0,42,0,1
decode,21,212,209,0,42,0,1
decode,21,213,210,0,42,0,1
decode,21,214,211,0,42,0,1
decode,21,215,212,0,42,0,1
decode,21,216,213,0,42,0,1
decode,21,217,214,0,42,0,1
decode,21,218,216,0,42,0,1
decode,21,219,217,0,42,0,1
decode,21,220,218,0,42,0,1
decode,21,221,219,0,42,0,1
decode,21,222,220,0,42,0,1
decode,21,223,221,0,42,0,1
decode,21,224,222,0,42,0,1
decode,21,225,223,0,42,0,1
decode,21,226,224,0,42,0,1
decode,21,227,225,0,42,0,1
decode,21,228,226,0,42,0,1
decode,21,229,227,0,42,0,1
decode,21,230,228,0,42,0,1
decode,21,231,229,0,42,0,1
decode,21,232,230,0,42,0,1
decode,21,233,231,0,42,0,1
decode,21,234,232,0,42,0,1
decode,21,235,233,0,42,0,1
decode,21,236,234,0,42,0,1
decode,21,237,235,0,42,0,1
decode,21,238,236,0,42,0,1
decode,21,239,237,0,42,0,1
decode,21,240,238,0,42,0,1
decode,21,241,239,0,42,0,1
decode,21,242,240,0,42,0,1
decode,21,243,241,0,42,0,1
decode,21,244,242,0,42,0,1
decode,21,245,244,0,42,0,1
decode,21,246,245,0,42,0,1
decode,21,247,246,0,42,0,1
decode,21,248,247,0,42,0,1
decode,21,249,248,0,42,0,1
decode,21,250,249,0,42,0,1
decode,21,251,250,0,42,0,1
decode,21,252,251,0,42,0,1
decode,21,253,252,0,42,0,1
decode,21,254,253,0,42,0,1
decode,21,255,254,0,42,0,1
decode,21,256,255,0,42,0,1
decode,22,1,173,6,42,0.142857142857143,0.142857142857143
decode,22,2,47,5,42,0.119047619047619,0.261904761904762
decode,22,3,166,5,42,0.119047619047619,0.380952380952381
decode,22,4,238,5,42,0.119047619047619,0.5
decode,22,5,54,4,42,0.0952380952380952,0.595238095238095
decode,22,6,103,3,42,0.0714285714285714,0.666666666666667
decode,22,7,202,3,42,0.0714285714285714,0.738095238095238
decode,22,8,219,3,42,0.0714285714285714,0.809523809523809
decode,22,9,93,2,42,0.0476190476190476,0.857142857142857
decode,22,10,156,2,42,0.0476190476190476,0.904761904761905
decode,22,11,147,1,42,0.0238095238095238,0.928571428571428
decode,22,12,216,1,42,0.0238095238095238,0.952380952380952
decode,22,13,246,1,42,0.0238095238095238,0.976190476190476
decode,22,14,247,1,42,0.0238095238095238,1
decode,22,15,0,0,42,0,1
decode,22,16,1,0,42,0,1
decode,22,17,2,0,42,0,1
decode,22,18,3,0,42,0,1
decode,22,19,4,0,42,0,1
decode,22,20,5,0,42,0,1
decode,22,21,6,0,42,0,1
decode,22,22,7,0,42,0,1
decode,22,23,8,0,42,0,1
decode,22,24,9,0,42,0,1
decode,22,25,10,0,42,0,1
decode,22,26,11,0,42,0,1
decode,22,27,12,0,42,0,1
decode,22,28,13,0,42,0,1
decode,22,29,14,0,42,0,1
decode,22,30,15,0,42,0,1
decode,22,31,16,0,42,0,1
decode,22,32,17,0,42,0,1
decode,22,33,18,0,42,0,1
decode,22,34,19,0,42,0,1
decode,22,35,20,0,42,0,1
decode,22,36,21,0,42,0,1
decode,22,37,22,0,42,0,1
decode,22,38,23,0,42,0,1
decode,22,39,24,0,42,0,1
decode,22,40,25,0,42,0,1
decode,22,41,26,0,42,0,1
decode,22,42,27,0,42,0,1
decode,22,43,28,0,42,0,1
decode,22,44,29,0,42,0,1
decode,22,45,30,0,42,0,1
decode,22,46,31,0,42,0,1
decode,22,47,32,0,42,0,1
decode,22,48,33,0,42,0,1
decode,22,49,34,0,42,0,1
decode,22,50,35,0,42,0,1
decode,22,51,36,0,42,0,1
decode,22,52,37,0,42,0,1
decode,22,53,38,0,42,0,1
decode,22,54,39,0,42,0,1
decode,22,55,40,0,42,0,1
decode,22,56,41,0,42,0,1
decode,22,57,42,0,42,0,1
decode,22,58,43,0,42,0,1
decode,22,59,44,0,42,0,1
decode,22,60,45,0,42,0,1
decode,22,61,46,0,42,0,1
decode,22,62,48,0,42,0,1
decode,22,63,49,0,42,0,1
decode,22,64,50,0,42,0,1
decode,22,65,51,0,42,0,1
decode,22,66,52,0,42,0,1
decode,22,67,53,0,42,0,1
decode,22,68,55,0,42,0,1
decode,22,69,56,0,42,0,1
decode,22,70,57,0,42,0,1
decode,22,71,58,0,42,0,1
decode,22,72,59,0,42,0,1
decode,22,73,60,0,42,0,1
decode,22,74,61,0,42,0,1
decode,22,75,62,0,42,0,1
decode,22,76,63,0,42,0,1
decode,22,77,64,0,42,0,1
decode,22,78,65,0,42,0,1
decode,22,79,66,0,42,0,1
decode,22,80,67,0,42,0,1
decode,22,81,68,0,42,0,1
decode,22,82,69,0,42,0,1
decode,22,83,70,0,42,0,1
decode,22,84,71,0,42,0,1
decode,22,85,72,0,42,0,1
decode,22,86,73,0,42,0,1
decode,22,87,74,0,42,0,1
decode,22,88,75,0,42,0,1
decode,22,89,76,0,42,0,1
decode,22,90,77,0,42,0,1
decode,22,91,78,0,42,0,1
decode,22,92,79,0,42,0,1
decode,22,93,80,0,42,0,1
decode,22,94,81,0,42,0,1
decode,22,95,82,0,42,0,1
decode,22,96,83,0,42,0,1
decode,22,97,84,0,42,0,1
decode,22,98,85,0,42,0,1
decode,22,99,86,0,42,0,1
decode,22,100,87,0,42,0,1
decode,22,101,88,0,42,0,1
decode,22,102,89,0,42,0,1
decode,22,103,90,0,42,0,1
decode,22,104,91,0,42,0,1
decode,22,105,92,0,42,0,1
decode,22,106,94,0,42,0,1
decode,22,107,95,0,42,0,1
decode,22,108,96,0,42,0,1
decode,22,109,97,0,42,0,1
decode,22,110,98,0,42,0,1
decode,22,111,99,0,42,0,1
decode,22,112,100,0,42,0,1
decode,22,113,101,0,42,0,1
decode,22,114,102,0,42,0,1
decode,22,115,104,0,42,0,1
decode,22,116,105,0,42,0,1
decode,22,117,106,0,42,0,1
decode,22,118,107,0,42,0,1
decode,22,119,108,0,42,0,1
decode,22,120,109,0,42,0,1
decode,22,121,110,0,42,0,1
decode,22,122,111,0,42,0,1
decode,22,123,112,0,42,0,1
decode,22,124,113,0,42,0,1
decode,22,125,114,0,42,0,1
decode,22,126,115,0,42,0,1
decode,22,127,116,0,42,0,1
decode,22,128,117,0,42,0,1
decode,22,129,118,0,42,0,1
decode,22,130,119,0,42,0,1
decode,22,131,120,0,42,0,1
decode,22,132,121,0,42,0,1
decode,22,133,122,0,42,0,1
decode,22,134,123,0,42,0,1
decode,22,135,124,0,42,0,1
decode,22,136,125,0,42,0,1
decode,22,137,126,0,42,0,1
decode,22,138,127,0,42,0,1
decode,22,139,128,0,42,0,1
decode,22,140,129,0,42,0,1
decode,22,141,130,0,42,0,1
decode,22,142,131,0,42,0,1
decode,22,143,132,0,42,0,1
decode,22,144,133,0,42,0,1
decode,22,145,134,0,42,0,1
decode,22,146,135,0,42,0,1
decode,22,147,136,0,42,0,1
decode,22,148,137,0,42,0,1
decode,22,149,138,0,42,0,1
decode,22,150,139,0,42,0,1
decode,22,151,140,0,42,0,1
decode,22,152,141,0,42,0,1
decode,22,153,142,0,42,0,1
decode,22,154,143,0,42,0,1
decode,22,155,144,0,42,0,1
decode,22,156,145,0,42,0,1
decode,22,157,146,0,42,0,1
decode,22,158,148,0,42,0,1
decode,22,159,149,0,42,0,1
decode,22,160,150,0,42,0,1
decode,22,161,151,0,42,0,1
decode,22,162,152,0,42,0,1
decode,22,163,153,0,42,0,1
decode,22,164,154,0,42,0,1
decode,22,165,155,0,42,0,1
decode,22,166,157,0,42,0,1
decode,22,167,158,0,42,0,1
decode,22,168,159,0,42,0,1
decode,22,169,160,0,42,0,1
decode,22,170,161,0,42,0,1
decode,22,171,162,0,42,0,1
decode,22,172,163,0,42,0,1
decode,22,173,164,0,42,0,1
decode,22,174,165,0,42,0,1
decode,22,175,167,0,42,0,1
decode,22,176,168,0,42,0,1
decode,22,177,169,0,42,0,1
decode,22,178,170,0,42,0,1
decode,22,179,171,0,42,0,1
decode,22,180,172,0,42,0,1
decode,22,181,174,0,42,0,1
decode,22,182,175,0,42,0,1
decode,22,183,176,0,42,0,1
decode,22,184,177,0,42,0,1
decode,22,185,178,0,42,0,1
decode,22,186,179,0,42,0,1
decode,22,187,180,0,42,0,1
decode,22,188,181,0,42,0,1
decode,22,189,182,0,42,0,1
decode,22,190,183,0,42,0,1
decode,22,191,184,0,42,0,1
decode,22,192,185,0,42,0,1
decode,22,193,186,0,42,0,1
decode,22,194,187,0,42,0,1
decode,22,195,188,0,42,0,1
decode,22,196,189,0,42,0,1
decode,22,197,190,0,42,0,1
decode,22,198,191,0,42,0,1
decode,22,199,192,0,42,0,1
decode,22,200,193,0,42,0,1
decode,22,201,194,0,42,0,1
decode,22,202,195,0,42,0,1
decode,22,203,196,0,42,0,1
decode,22,204,197,0,42,0,1
decode,22,205,198,0,42,0,1
decode,22,206,199,0,42,0,1
decode,22,207,200,0,42,0,1
decode,22,208,201,0,42,0,1
decode,22,209,203,0,42,0,1
decode,22,210,204,0,42,0,1
decode,22,211,205,0,42,0,1
decode,22,212,206,0,42,0,1
decode,22,213,207,0,42,0,1
decode,22,214,208,0,42,0,1
decode,22,215,209,0,42,0,1
decode,22,216,210,0,42,0,1
decode,22,217,211,0,42,0,1
decode,22,218,212,0,42,0,1
decode,22,219,213,0,42,0,1
decode,22,220,214,0,42,0,1
decode,22,221,215,0,42,0,1
decode,22,222,217,0,42,0,1
decode,22,223,218,0,42,0,1
decode,22,224,220,0,42,0,1
decode,22,225,221,0,42,0,1
decode,22,226,222,0,42,0,1
decode,22,227,223,0,42,0,1
decode,22,228,224,0,42,0,1
decode,22,229,225,0,42,0,1
decode,22,230,226,0,42,0,1
decode,22,231,227,0,42,0,1
decode,22,232,228,0,42,0,1
decode,22,233,229,0,42,0,1
decode,22,234,230,0,42,0,1
decode,22,235,231,0,42,0,1
decode,22,236,232,0,42,0,1
decode,22,237,233,0,42,0,1
decode,22,238,234,0,42,0,1
decode,22,239,235,0,42,0,1
decode,22,240,236,0,42,0,1
decode,22,241,237,0,42,0,1
decode,22,242,239,0,42,0,1
decode,22,243,240,0,42,0,1
decode,22,244,241,0,42,0,1
decode,22,245,242,0,42,0,1
decode,22,246,243,0,42,0,1
decode,22,247,244,0,42,0,1
decode,22,248,245,0,42,0,1
decode,22,249,248,0,42,0,1
decode,22,250,249,0,42,0,1
decode,22,251,250,0,42,0,1
decode,22,252,251,0,42,0,1
decode,22,253,252,0,42,0,1
decode,22,254,253,0,42,0,1
decode,22,255,254,0,42,0,1
decode,22,256,255,0,42,0,1
decode,23,1,227,7,42,0.166666666666667,0.166666666666667
decode,23,2,60,5,42,0.119047619047619,0.285714285714286
decode,23,3,118,5,42,0.119047619047619,0.404761904761905
decode,23,4,30,4,42,0.0952380952380952,0.5
decode,23,5,49,3,42,0.0714285714285714,0.571428571428571
decode,23,6,195,3,42,0.0714285714285714,0.642857142857143
decode,23,7,76,2,42,0.0476190476190476,0.69047619047619
decode,23,8,119,2,42,0.0476190476190476,0.738095238095238
decode,23,9,164,2,42,0.0476190476190476,0.785714285714286
decode,23,10,210,2,42,0.0476190476190476,0.833333333333333
decode,23,11,8,1,42,0.0238095238095238,0.857142857142857
decode,23,12,165,1,42,0.0238095238095238,0.880952380952381
decode,23,13,197,1,42,0.0238095238095238,0.904761904761905
decode,23,14,228,1,42,0.0238095238095238,0.928571428571429
decode,23,15,242,1,42,0.0238095238095238,0.952380952380953
decode,23,16,247,1,42,0.0238095238095238,0.976190476190476
decode,23,17,249,1,42,0.0238095238095238,1
decode,23,18,0,0,42,0,1
decode,23,19,1,0,42,0,1
decode,23,20,2,0,42,0,1
decode,23,21,3,0,42,0,1
decode,23,22,4,0,42,0,1
decode,23,23,5,0,42,0,1
decode,23,24,6,0,42,0,1
decode,23,25,7,0,42,0,1
decode,23,26,9,0,42,0,1
decode,23,27,10,0,42,0,1
decode,23,28,11,0,42,0,1
decode,23,29,12,0,42,0,1
decode,23,30,13,0,42,0,1
decode,23,31,14,0,42,0,1
decode,23,32,15,0,42,0,1
decode,23,33,16,0,42,0,1
decode,23,34,17,0,42,0,1
decode,23,35,18,0,42,0,1
decode,23,36,19,0,42,0,1
decode,23,37,20,0,42,0,1
decode,23,38,21,0,42,0,1
decode,23,39,22,0,42,0,1
decode,23,40,23,0,42,0,1
decode,23,41,24,0,42,0,1
decode,23,42,25,0,42,0,1
decode,23,43,26,0,42,0,1
decode,23,44,27,0,42,0,1
decode,23,45,28,0,42,0,1
decode,23,46,29,0,42,0,1
decode,23,47,31,0,42,0,1
decode,23,48,32,0,42,0,1
decode,23,49,33,0,42,0,1
decode,23,50,34,0,42,0,1
decode,23,51,35,0,42,0,1
decode,23,52,36,0,42,0,1
decode,23,53,37,0,42,0,1
decode,23,54,38,0,42,0,1
decode,23,55,39,0,42,0,1
decode,23,56,40,0,42,0,1
decode,23,57,41,0,42,0,1
decode,23,58,42,0,42,0,1
decode,23,59,43,0,42,0,1
decode,23,60,44,0,42,0,1
decode,23,61,45,0,42,0,1
decode,23,62,46,0,42,0,1
decode,23,63,47,0,42,0,1
decode,23,64,48,0,42,0,1
decode,23,65,50,0,42,0,1
decode,23,66,51,0,42,0,1
decode,23,67,52,0,42,0,1
decode,23,68,53,0,42,0,1
decode,23,69,54,0,42,0,1
decode,23,70,55,0,42,0,1
decode,23,71,56,0,42,0,1
decode,23,72,57,0,42,0,1
decode,23,73,58,0,42,0,1
decode,23,74,59,0,42,0,1
decode,23,75,61,0,42,0,1
decode,23,76,62,0,42,0,1
decode,23,77,63,0,42,0,1
decode,23,78,64,0,42,0,1
decode,23,79,65,0,42,0,1
decode,23,80,66,0,42,0,1
decode,23,81,67,0,42,0,1
decode,23,82,68,0,42,0,1
decode,23,83,69,0,42,0,1
decode,23,84,70,0,42,0,1
decode,23,85,71,0,42,0,1
decode,23,86,72,0,42,0,1
decode,23,87,73,0,42,0,1
decode,23,88,74,0,42,0,1
decode,23,89,75,0,42,0,1
decode,23,90,77,0,42,0,1
decode,23,91,78,0,42,0,1
decode,23,92,79,0,42,0,1
decode,23,93,80,0,42,0,1
decode,23,94,81,0,42,0,1
decode,23,95,82,0,42,0,1
decode,23,96,83,0,42,0,1
decode,23,97,84,0,42,0,1
decode,23,98,85,0,42,0,1
decode,23,99,86,0,42,0,1
decode,23,100,87,0,42,0,1
decode,23,101,88,0,42,0,1
decode,23,102,89,0,42,0,1
decode,23,103,90,0,42,0,1
decode,23,104,91,0,42,0,1
decode,23,105,92,0,42,0,1
decode,23,106,93,0,42,0,1
decode,23,107,94,0,42,0,1
decode,23,108,95,0,42,0,1
decode,23,109,96,0,42,0,1
decode,23,110,97,0,42,0,1
decode,23,111,98,0,42,0,1
decode,23,112,99,0,42,0,1
decode,23,113,100,0,42,0,1
decode,23,114,101,0,42,0,1
decode,23,115,102,0,42,0,1
decode,23,116,103,0,42,0,1
decode,23,117,104,0,42,0,1
decode,23,118,105,0,42,0,1
decode,23,119,106,0,42,0,1
decode,23,120,107,0,42,0,1
decode,23,121,108,0,42,0,1
decode,23,122,109,0,42,0,1
decode,23,123,110,0,42,0,1
decode,23,124,111,0,42,0,1
decode,23,125,112,0,42,0,1
decode,23,126,113,0,42,0,1
decode,23,127,114,0,42,0,1
decode,23,128,115,0,42,0,1
decode,23,129,116,0,42,0,1
decode,23,130,117,0,42,0,1
decode,23,131,120,0,42,0,1
decode,23,132,121,0,42,0,1
decode,23,133,122,0,42,0,1
decode,23,134,123,0,42,0,1
decode,23,135,124,0,42,0,1
decode,23,136,125,0,42,0,1
decode,23,137,126,0,42,0,1
decode,23,138,127,0,42,0,1
decode,23,139,128,0,42,0,1
decode,23,140,129,0,42,0,1
decode,23,141,130,0,42,0,1
decode,23,142,131,0,42,0,1
decode,23,143,132,0,42,0,1
decode,23,144,133,0,42,0,1
decode,23,145,134,0,42,0,1
decode,23,146,135,0,42,0,1
decode,23,147,136,0,42,0,1
decode,23,148,137,0,42,0,1
decode,23,149,138,0,42,0,1
decode,23,150,139,0,42,0,1
decode,23,151,140,0,42,0,1
decode,23,152,141,0,42,0,1
decode,23,153,142,0,42,0,1
decode,23,154,143,0,42,0,1
decode,23,155,144,0,42,0,1
decode,23,156,145,0,42,0,1
decode,23,157,146,0,42,0,1
decode,23,158,147,0,42,0,1
decode,23,159,148,0,42,0,1
decode,23,160,149,0,42,0,1
decode,23,161,150,0,42,0,1
decode,23,162,151,0,42,0,1
decode,23,163,152,0,42,0,1
decode,23,164,153,0,42,0,1
decode,23,165,154,0,42,0,1
decode,23,166,155,0,42,0,1
decode,23,167,156,0,42,0,1
decode,23,168,157,0,42,0,1
decode,23,169,158,0,42,0,1
decode,23,170,159,0,42,0,1
decode,23,171,160,0,42,0,1
decode,23,172,161,0,42,0,1
decode,23,173,162,0,42,0,1
decode,23,174,163,0,42,0,1
decode,23,175,166,0,42,0,1
decode,23,176,167,0,42,0,1
decode,23,177,168,0,42,0,1
decode,23,178,169,0,42,0,1
decode,23,179,170,0,42,0,1
decode,23,180,171,0,42,0,1
decode,23,181,172,0,42,0,1
decode,23,182,173,0,42,0,1
decode,23,183,174,0,42,0,1
decode,23,184,175,0,42,0,1
decode,23,185,176,0,42,0,1
decode,23,186,177,0,42,0,1
decode,23,187,178,0,42,0,1
decode,23,188,179,0,42,0,1
decode,23,189,180,0,42,0,1
decode,23,190,181,0,42,0,1
decode,23,191,182,0,42,0,1
decode,23,192,183,0,42,0,1
decode,23,193,184,0,42,0,1
decode,23,194,185,0,42,0,1
decode,23,195,186,0,42,0,1
decode,23,196,187,0,42,0,1
decode,23,197,188,0,42,0,1
decode,23,198,189,0,42,0,1
decode,23,199,190,0,42,0,1
decode,23,200,191,0,42,0,1
decode,23,201,192,0,42,0,1
decode,23,202,193,0,42,0,1
decode,23,203,194,0,42,0,1
decode,23,204,196,0,42,0,1
decode,23,205,198,0,42,0,1
decode,23,206,199,0,42,0,1
decode,23,207,200,0,42,0,1
decode,23,208,201,0,42,0,1
decode,23,209,202,0,42,0,1
decode,23,210,203,0,42,0,1
decode,23,211,204,0,42,0,1
decode,23,212,205,0,42,0,1
decode,23,213,206,0,42,0,1
decode,23,214,207,0,42,0,1
decode,23,215,208,0,42,0,1
decode,23,216,209,0,42,0,1
decode,23,217,211,0,42,0,1
decode,23,218,212,0,42,0,1
decode,23,219,213,0,42,0,1
decode,23,220,214,0,42,0,1
decode,23,221,215,0,42,0,1
decode,23,222,216,0,42,0,1
decode,23,223,217,0,42,0,1
decode,23,224,218,0,42,0,1
decode,23,225,219,0,42,0,1
decode,23,226,220,0,42,0,1
decode,23,227,221,0,42,0,1
decode,23,228,222,0,42,0,1
decode,23,229,223,0,42,0,1
decode,23,230,224,0,42,0,1
decode,23,231,225,0,42,0,1
decode,23,232,226,0,42,0,1
decode,23,233,229,0,42,0,1
decode,23,234,230,0,42,0,1
decode,23,235,231,0,42,0,1
decode,23,236,232,0,42,0,1
decode,23,237,233,0,42,0,1
decode,23,238,234,0,42,0,1
decode,23,239,235,0,42,0,1
decode,23,240,236,0,42,0,1
decode,23,241,237,0,42,0,1
decode,23,242,238,0,42,0,1
decode,23,243,239,0,42,0,1
decode,23,244,240,0,42,0,1
decode,23,245,241,0,42,0,1
decode,23,246,243,0,42,0,1
decode,23,247,244,0,42,0,1
decode,23,248,245,0,42,0,1
decode,23,249,246,0,42,0,1
decode,23,250,248,0,42,0,1
decode,23,251,250,0,42,0,1
decode,23,252,251,0,42,0,1
decode,23,253,252,0,42,0,1
decode,23,254,253,0,42,0,1
decode,23,255,254,0,42,0,1
decode,23,256,255,0,42,0,1
decode,24,1,59,7,42,0.166666666666667,0.166666666666667
decode,24,2,123,7,42,0.166666666666667,0.333333333333333
decode,24,3,186,6,42,0.142857142857143,0.476190476190476
decode,24,4,51,4,42,0.0952380952380952,0.571428571428571
decode,24,5,183,3,42,0.0714285714285714,0.642857142857143
decode,24,6,61,2,42,0.0476190476190476,0.69047619047619
decode,24,7,141,2,42,0.0476190476190476,0.738095238095238
decode,24,8,196,2,42,0.0476190476190476,0.785714285714286
decode,24,9,209,2,42,0.0476190476190476,0.833333333333333
decode,24,10,212,2,42,0.0476190476190476,0.880952380952381
decode,24,11,0,1,42,0.0238095238095238,0.904761904761905
decode,24,12,40,1,42,0.0238095238095238,0.928571428571429
decode,24,13,41,1,42,0.0238095238095238,0.952380952380953
decode,24,14,114,1,42,0.0238095238095238,0.976190476190476
decode,24,15,185,1,42,0.0238095238095238,1
decode,24,16,1,0,42,0,1
decode,24,17,2,0,42,0,1
decode,24,18,3,0,42,0,1
decode,24,19,4,0,42,0,1
decode,24,20,5,0,42,0,1
decode,24,21,6,0,42,0,1
decode,24,22,7,0,42,0,1
decode,24,23,8,0,42,0,1
decode,24,24,9,0,42,0,1
decode,24,25,10,0,42,0,1
decode,24,26,11,0,42,0,1
decode,24,27,12,0,42,0,1
decode,24,28,13,0,42,0,1
decode,24,29,14,0,42,0,1
decode,24,30,15,0,42,0,1
decode,24,31,16,0,42,0,1
decode,24,32,17,0,42,0,1
decode,24,33,18,0,42,0,1
decode,24,34,19,0,42,0,1
decode,24,35,20,0,42,0,1
decode,24,36,21,0,42,0,1
decode,24,37,22,0,42,0,1
decode,24,38,23,0,42,0,1
decode,24,39,24,0,42,0,1
decode,24,40,25,0,42,0,1
decode,24,41,26,0,42,0,1
decode,24,42,27,0,42,0,1
decode,24,43,28,0,42,0,1
decode,24,44,29,0,42,0,1
decode,24,45,30,0,42,0,1
decode,24,46,31,0,42,0,1
decode,24,47,32,0,42,0,1
decode,24,48,33,0,42,0,1
decode,24,49,34,0,42,0,1
decode,24,50,35,0,42,0,1
decode,24,51,36,0,42,0,1
decode,24,52,37,0,42,0,1
decode,24,53,38,0,42,0,1
decode,24,54,39,0,42,0,1
decode,24,55,42,0,42,0,1
decode,24,56,43,0,42,0,1
decode,24,57,44,0,42,0,1
decode,24,58,45,0,42,0,1
decode,24,59,46,0,42,0,1
decode,24,60,47,0,42,0,1
decode,24,61,48,0,42,0,1
decode,24,62,49,0,42,0,1
decode,24,63,50,0,42,0,1
decode,24,64,52,0,42,0,1
decode,24,65,53,0,42,0,1
decode,24,66,54,0,42,0,1
decode,24,67,55,0,42,0,1
decode,24,68,56,0,42,0,1
decode,24,69,57,0,42,0,1
decode,24,70,58,0,42,0,1
decode,24,71,60,0,42,0,1
decode,24,72,62,0,42,0,1
decode,24,73,63,0,42,0,1
decode,24,74,64,0,42,0,1
decode,24,75,65,0,42,0,1
decode,24,76,66,0,42,0,1
decode,24,77,67,0,42,0,1
decode,24,78,68,0,42,0,1
decode,24,79,69,0,42,0,1
decode,24,80,70,0,42,0,1
decode,24,81,71,0,42,0,1
decode,24,82,72,0,42,0,1
decode,24,83,73,0,42,0,1
decode,24,84,74,0,42,0,1
decode,24,85,75,0,42,0,1
decode,24,86,76,0,42,0,1
decode,24,87,77,0,42,0,1
decode,24,88,78,0,42,0,1
decode,24,89,79,0,42,0,1
decode,24,90,80,0,42,0,1
decode,24,91,81,0,42,0,1
decode,24,92,82,0,42,0,1
decode,24,93,83,0,42,0,1
decode,24,94,84,0,42,0,1
decode,24,95,85,0,42,0,1
decode,24,96,86,0,42,0,1
decode,24,97,87,0,42,0,1
decode,24,98,88,0,42,0,1
decode,24,99,89,0,42,0,1
decode,24,100,90,0,42,0,1
decode,24,101,91,0,42,0,1
decode,24,102,92,0,42,0,1
decode,24,103,93,0,42,0,1
decode,24,104,94,0,42,0,1
decode,24,105,95,0,42,0,1
decode,24,106,96,0,42,0,1
decode,24,107,97,0,42,0,1
decode,24,108,98,0,42,0,1
decode,24,109,99,0,42,0,1
decode,24,110,100,0,42,0,1
decode,24,111,101,0,42,0,1
decode,24,112,102,0,42,0,1
decode,24,113,103,0,42,0,1
decode,24,114,104,0,42,0,1
decode,24,115,105,0,42,0,1
decode,24,116,106,0,42,0,1
decode,24,117,107,0,42,0,1
decode,24,118,108,0,42,0,1
decode,24,119,109,0,42,0,1
decode,24,120,110,0,42,0,1
decode,24,121,111,0,42,0,1
decode,24,122,112,0,42,0,1
decode,24,123,113,0,42,0,1
decode,24,124,115,0,42,0,1
decode,24,125,116,0,42,0,1
decode,24,126,117,0,42,0,1
decode,24,127,118,0,42,0,1
decode,24,128,119,0,42,0,1
decode,24,129,120,0,42,0,1
decode,24,130,121,0,42,0,1
decode,24,131,122,0,42,0,1
decode,24,132,124,0,42,0,1
decode,24,133,125,0,42,0,1
decode,24,134,126,0,42,0,1
decode,24,135,127,0,42,0,1
decode,24,136,128,0,42,0,1
decode,24,137,129,0,42,0,1
decode,24,138,130,0,42,0,1
decode,24,139,131,0,42,0,1
decode,24,140,132,0,42,0,1
decode,24,141,133,0,42,0,1
decode,24,142,134,0,42,0,1
decode,24,143,135,0,42,0,1
decode,24,144,136,0,42,0,1
decode,24,145,137,0,42,0,1
decode,24,146,138,0,42,0,1
decode,24,147,139,0,42,0,1
decode,24,148,140,0,42,0,1
decode,24,149,142,0,42,0,1
decode,24,150,143,0,42,0,1
decode,24,151,144,0,42,0,1
decode,24,152,145,0,42,0,1
decode,24,153,146,0,42,0,1
decode,24,154,147,0,42,0,1
decode,24,155,148,0,42,0,1
decode,24,156,149,0,42,0,1
decode,24,157,150,0,42,0,1
decode,24,158,151,0,42,0,1
decode,24,159,152,0,42,0,1
decode,24,160,153,0,42,0,1
decode,24,161,154,0,42,0,1
decode,24,162,155,0,42,0,1
decode,24,163,156,0,42,0,1
decode,24,164,157,0,42,0,1
decode,24,165,158,0,42,0,1
decode,24,166,159,0,42,0,1
decode,24,167,160,0,42,0,1
decode,24,168,161,0,42,0,1
decode,24,169,162,0,42,0,1
decode,24,170,163,0,42,0,1
decode,24,171,164,0,42,0,1
decode,24,172,165,0,42,0,1
decode,24,173,166,0,42,0,1
decode,24,174,167,0,42,0,1
decode,24,175,168,0,42,0,1
decode,24,176,169,0,42,0,1
decode,24,177,170,0,42,0,1
decode,24,178,171,0,42,0,1
decode,24,179,172,0,42,0,1
decode,24,180,173,0,42,0,1
decode,24,181,174,0,42,0,1
decode,24,182,175,0,42,0,1
decode,24,183,176,0,42,0,1
decode,24,184,177,0,42,0,1
decode,24,185,178,0,42,0,1
decode,24,186,179,0,42,0,1
decode,24,187,180,0,42,0,1
decode,24,188,181,0,42,0,1
decode,24,189,182,0,42,0,1
decode,24,190,184,0,42,0,1
decode,24,191,187,0,42,0,1
decode,24,192,188,0,42,0,1
decode,24,193,189,0,42,0,1
decode,24,194,190,0,42,0,1
decode,24,195,191,0,42,0,1
decode,24,196,192,0,42,0,1
decode,24,197,193,0,42,0,1
decode,24,198,194,0,42,0,1
decode,24,199,195,0,42,0,1
decode,24,200,197,0,42,0,1
decode,24,201,198,0,42,0,1
decode,24,202,199,0,42,0,1
decode,24,203,200,0,42,0,1
decode,24,204,201,0,42,0,1
decode,24,205,202,0,42,0,1
decode,24,206,203,0,42,0,1
decode,24,207,204,0,42,0,1
decode,24,208,205,0,42,0,1
decode,24,209,206,0,42,0,1
decode,24,210,207,0,42,0,1
decode,24,211,208,0,42,0,1
decode,24,212,210,0,42,0,1
decode,24,213,211,0,42,0,1
decode,24,214,213,0,42,0,1
decode,24,215,214,0,42,0,1
decode,24,216,215,0,42,0,1
decode,24,217,216,0,42,0,1
decode,24,218,217,0,42,0,1
decode,24,219,218,0,42,0,1
decode,24,220,219,0,42,0,1
decode,24,221,220,0,42,0,1
decode,24,222,221,0,42,0,1
decode,24,223,222,0,42,0,1
decode,24,224,223,0,42,0,1
decode,24,225,224,0,42,0,1
decode,24,226,225,0,42,0,1
decode,24,227,226,0,42,0,1
decode,24,228,227,0,42,0,1
decode,24,229,228,0,42,0,1
decode,24,230,229,0,42,0,1
decode,24,231,230,0,42,0,1
decode,24,232,231,0,42,0,1
decode,24,233,232,0,42,0,1
decode,24,234,233,0,42,0,1
decode,24,235,234,0,42,0,1
decode,24,236,235,0,42,0,1
decode,24,237,236,0,42,0,1
decode,24,238,237,0,42,0,1
decode,24,239,238,0,42,0,1
decode,24,240,239,0,42,0,1
decode,24,241,240,0,42,0,1
decode,24,242,241,0,42,0,1
decode,24,243,242,0,42,0,1
decode,24,244,243,0,42,0,1
decode,24,245,244,0,42,0,1
decode,24,246,245,0,42,0,1
decode,24,247,246,0,42,0,1
decode,24,248,247,0,42,0,1
decode,24,249,248,0,42,0,1
decode,24,250,249,0,42,0,1
decode,24,251,250,0,42,0,1
decode,24,252,251,0,42,0,1
decode,24,253,252,0,42,0,1
decode,24,254,253,0,42,0,1
decode,24,255,254,0,42,0,1
decode,24,256,255,0,42,0,1
decode,25,1,214,7,42,0.166666666666667,0.166666666666667
decode,25,2,189,6,42,0.142857142857143,0.30952380952381
decode,25,3,173,5,42,0.119047619047619,0.428571428571429
decode,25,4,235,4,42,0.0952380952380952,0.523809523809524
decode,25,5,247,3,42,0.0714285714285714,0.595238095238095
decode,25,6,111,2,42,0.0476190476190476,0.642857142857143
decode,25,7,167,2,42,0.0476190476190476,0.69047619047619
decode,25,8,216,2,42,0.0476190476190476,0.738095238095238
decode,25,9,219,2,42,0.0476190476190476,0.785714285714286
decode,25,10,244,2,42,0.0476190476190476,0.833333333333333
decode,25,11,9,1,42,0.0238095238095238,0.857142857142857
decode,25,12,37,1,42,0.0238095238095238,0.880952380952381
decode,25,13,67,1,42,0.0238095238095238,0.904761904761905
decode,25,14,85,1,42,0.0238095238095238,0.928571428571429
decode,25,15,90,1,42,0.0238095238095238,0.952380952380953
decode,25,16,141,1,42,0.0238095238095238,0.976190476190476
decode,25,17,162,1,42,0.0238095238095238,1
decode,25,18,0,0,42,0,1
decode,25,19,1,0,42,0,1
decode,25,20,2,0,42,0,1
decode,25,21,3,0,42,0,1
decode,25,22,4,0,42,0,1
decode,25,23,5,0,42,0,1
decode,25,24,6,0,42,0,1
decode,25,25,7,0,42,0,1
decode,25,26,8,0,42,0,1
decode,25,27,10,0,42,0,1
decode,25,28,11,0,42,0,1
decode,25,29,12,0,42,0,1
decode,25,30,13,0,42,0,1
decode,25,31,14,0,42,0,1
decode,25,32,15,0,42,0,1
decode,25,33,16,0,42,0,1
decode,25,34,17,0,42,0,1
decode,25,35,18,0,42,0,1
decode,25,36,19,0,42,0,1
decode,25,37,20,0,42,0,1
decode,25,38,21,0,42,0,1
decode,25,39,22,0,42,0,1
decode,25,40,23,0,42,0,1
decode,25,41,24,0,42,0,1
decode,25,42,25,0,42,0,1
decode,25,43,26,0,42,0,1
decode,25,44,27,0,42,0,1
decode,25,45,28,0,42,0,1
decode,25,46,29,0,42,0,1
decode,25,47,30,0,42,0,1
decode,25,48,31,0,42,0,1
decode,25,49,32,0,42,0,1
decode,25,50,33,0,42,0,1
decode,25,51,34,0,42,0,1
decode,25,52,35,0,42,0,1
decode,25,53,36,0,42,0,1
decode,25,54,38,0,42,0,1
decode,25,55,39,0,42,0,1
decode,25,56,40,0,42,0,1
decode,25,57,41,0,42,0,1
decode,25,58,42,0,42,0,1
decode,25,59,43,0,42,0,1
decode,25,60,44,0,42,0,1
decode,25,61,45,0,42,0,1
decode,25,62,46,0,42,0,1
decode,25,63,47,0,42,0,1
decode,25,64,48,0,42,0,1
decode,25,65,49,0,42,0,1
decode,25,66,50,0,42,0,1
decode,25,67,51,0,42,0,1
decode,25,68,52,0,42,0,1
decode,25,69,53,0,42,0,1
decode,25,70,54,0,42,0,1
decode,25,71,55,0,42,0,1
decode,25,72,56,0,42,0,1
decode,25,73,57,0,42,0,1
decode,25,74,58,0,42,0,1
decode,25,75,59,0,42,0,1
decode,25,76,60,0,42,0,1
decode,25,77,61,0,42,0,1
decode,25,78,62,0,42,0,1
decode,25,79,63,0,42,0,1
decode,25,80,64,0,42,0,1
decode,25,81,65,0,42,0,1
decode,25,82,66,0,42,0,1
decode,25,83,68,0,42,0,1
decode,25,84,69,0,42,0,1
decode,25,85,70,0,42,0,1
decode,25,86,71,0,42,0,1
decode,25,87,72,0,42,0,1
decode,25,88,73,0,42,0,1
decode,25,89,74,0,42,0,1
decode,25,90,75,0,42,0,1
decode,25,91,76,0,42,0,1
decode,25,92,77,0,42,0,1
decode,25,93,78,0,42,0,1
decode,25,94,79,0,42,0,1
decode,25,95,80,0,42,0,1
decode,25,96,81,0,42,0,1
decode,25,97,82,0,42,0,1
decode,25,98,83,0,42,0,1
decode,25,99,84,0,42,0,1
decode,25,100,86,0,42,0,1
decode,25,101,87,0,42,0,1
decode,25,102,88,0,42,0,1
decode,25,103,89,0,42,0,1
decode,25,104,91,0,42,0,1
decode,25,105,92,0,42,0,1
decode,25,106,93,0,42,0,1
decode,25,107,94,0,42,0,1
decode,25,108,95,0,42,0,1
decode,25,109,96,0,42,0,1
decode,25,110,97,0,42,0,1
decode,25,111,98,0,42,0,1
decode,25,112,99,0,42,0,1
decode,25,113,100,0,42,0,1
decode,25,114,101,0,42,0,1
decode,25,115,102,0,42,0,1
decode,25,116,103,0,42,0,1
decode,25,117,104,0,42,0,1
decode,25,118,105,0,42,0,1
decode,25,119,106,0,42,0,1
decode,25,120,107,0,42,0,1
decode,25,121,108,0,42,0,1
decode,25,122,109,0,42,0,1
decode,25,123,110,0,42,0,1
decode,25,124,112,0,42,0,1
decode,25,125,113,0,42,0,1
decode,25,126,114,0,42,0,1
decode,25,127,115,0,42,0,1
decode,25,128,116,0,42,0,1
decode,25,129,117,0,42,0,1
decode,25,130,118,0,42,0,1
decode,25,131,119,0,42,0,1
decode,25,132,120,0,42,0,1
decode,25,133,121,0,42,0,1
decode,25,134,122,0,42,0,1
decode,25,135,123,0,42,0,1
decode,25,136,124,0,42,0,1
decode,25,137,125,0,42,0,1
decode,25,138,126,0,42,0,1
decode,25,139,127,0,42,0,1
decode,25,140,128,0,42,0,1
decode,25,141,129,0,42,0,1
decode,25,142,130,0,42,0,1
decode,25,143,131,0,42,0,1
decode,25,144,132,0,42,0,1
decode,25,145,133,0,42,0,1
decode,25,146,134,0,42,0,1
decode,25,147,135,0,42,0,1
decode,25,148,136,0,42,0,1
decode,25,149,137,0,42,0,1
decode,25,150,138,0,42,0,1
decode,25,151,139,0,42,0,1
decode,25,152,140,0,42,0,1
decode,25,153,142,0,42,0,1
decode,25,154,143,0,42,0,1
decode,25,155,144,0,42,0,1
decode,25,156,145,0,42,0,1
decode,25,157,146,0,42,0,1
decode,25,158,147,0,42,0,1
decode,25,159,148,0,42,0,1
decode,25,160,149,0,42,0,1
decode,25,161,150,0,42,0,1
decode,25,162,151,0,42,0,1
decode,25,163,152,0,42,0,1
decode,25,164,153,0,42,0,1
decode,25,165,154,0,42,0,1
decode,25,166,155,0,42,0,1
decode,25,167,156,0,42,0,1
decode,25,168,157,0,42,0,1
decode,25,169,158,0,42,0,1
decode,25,170,159,0,42,0,1
decode,25,171,160,0,42,0,1
decode,25,172,161,0,42,0,1
decode,25,173,163,0,42,0,1
decode,25,174,164,0,42,0,1
decode,25,175,165,0,42,0,1
decode,25,176,166,0,42,0,1
decode,25,177,168,0,42,0,1
decode,25,178,169,0,42,0,1
decode,25,179,170,0,42,0,1
decode,25,180,171,0,42,0,1
decode,25,181,172,0,42,0,1
decode,25,182,174,0,42,0,1
decode,25,183,175,0,42,0,1
decode,25,184,176,0,42,0,1
decode,25,185,177,0,42,0,1
decode,25,186,178,0,42,0,1
decode,25,187,179,0,42,0,1
decode,25,188,180,0,42,0,1
decode,25,189,181,0,42,0,1
decode,25,190,182,0,42,0,1
decode,25,191,183,0,42,0,1
decode,25,192,184,0,42,0,1
decode,25,193,185,0,42,0,1
decode,25,194,186,0,42,0,1
decode,25,195,187,0,42,0,1
decode,25,196,188,0,42,0,1
decode,25,197,190,0,42,0,1
decode,25,198,191,0,42,0,1
decode,25,199,192,0,42,0,1
decode,25,200,193,0,42,0,1
decode,25,201,194,0,42,0,1
decode,25,202,195,0,42,0,1
decode,25,203,196,0,42,0,1
decode,25,204,197,0,42,0,1
decode,25,205,198,0,42,0,1
decode,25,206,199,0,42,0,1
decode,25,207,200,0,42,0,1
decode,25,208,201,0,42,0,1
decode,25,209,202,0,42,0,1
decode,25,210,203,0,42,0,1
decode,25,211,204,0,42,0,1
decode,25,212,205,0,42,0,1
decode,25,213,206,0,42,0,1
decode,25,214,207,0,42,0,1
decode,25,215,208,0,42,0,1
decode,25,216,209,0,42,0,1
decode,25,217,210,0,42,0,1
decode,25,218,211,0,42,0,1
decode,25,219,212,0,42,0,1
decode,25,220,213,0,42,0,1
decode,25,221,215,0,42,0,1
decode,25,222,217,0,42,0,1
decode,25,223,218,0,42,0,1
decode,25,224,220,0,42,0,1
decode,25,225,221,0,42,0,1
decode,25,226,222,0,42,0,1
decode,25,227,223,0,42,0,1
decode,25,228,224,0,42,0,1
decode,25,229,225,0,42,0,1
decode,25,230,226,0,42,0,1
decode,25,231,227,0,42,0,1
decode,25,232,228,0,42,0,1
decode,25,233,229,0,42,0,1
decode,25,234,230,0,42,0,1
decode,25,235,231,0,42,0,1
decode,25,236,232,0,42,0,1
decode,25,237,233,0,42,0,1
decode,25,238,234,0,42,0,1
decode,25,239,236,0,42,0,1
decode,25,240,237,0,42,0,1
decode,25,241,238,0,42,0,1
decode,25,242,239,0,42,0,1
decode,25,243,240,0,42,0,1
decode,25,244,241,0,42,0,1
decode,25,245,242,0,42,0,1
decode,25,246,243,0,42,0,1
decode,25,247,245,0,42,0,1
decode,25,248,246,0,42,0,1
decode,25,249,248,0,42,0,1
decode,25,250,249,0,42,0,1
decode,25,251,250,0,42,0,1
decode,25,252,251,0,42,0,1
decode,25,253,252,0,42,0,1
decode,25,254,253,0,42,0,1
decode,25,255,254,0,42,0,1
decode,25,256,255,0,42,0,1
decode,26,1,26,7,42,0.166666666666667,0.166666666666667
decode,26,2,209,6,42,0.142857142857143,0.30952380952381
decode,26,3,19,5,42,0.119047619047619,0.428571428571429
decode,26,4,253,4,42,0.0952380952380952,0.523809523809524
decode,26,5,18,3,42,0.0714285714285714,0.595238095238095
decode,26,6,68,3,42,0.0714285714285714,0.666666666666667
decode,26,7,229,3,42,0.0714285714285714,0.738095238095238
decode,26,8,215,2,42,0.0476190476190476,0.785714285714286
decode,26,9,243,2,42,0.0476190476190476,0.833333333333333
decode,26,10,8,1,42,0.0238095238095238,0.857142857142857
decode,26,11,32,1,42,0.0238095238095238,0.880952380952381
decode,26,12,79,1,42,0.0238095238095238,0.904761904761905
decode,26,13,89,1,42,0.0238095238095238,0.928571428571429
decode,26,14,166,1,42,0.0238095238095238,0.952380952380952
decode,26,15,167,1,42,0.0238095238095238,0.976190476190476
decode,26,16,216,1,42,0.0238095238095238,1
decode,26,17,0,0,42,0,1
decode,26,18,1,0,42,0,1
decode,26,19,2,0,42,0,1
decode,26,20,3,0,42,0,1
decode,26,21,4,0,42,0,1
decode,26,22,5,0,42,0,1
decode,26,23,6,0,42,0,1
decode,26,24,7,0,42,0,1
decode,26,25,9,0,42,0,1
decode,26,26,10,0,42,0,1
decode,26,27,11,0,42,0,1
decode,26,28,12,0,42,0,1
decode,26,29,13,0,42,0,1
decode,26,30,14,0,42,0,1
decode,26,31,15,0,42,0,1
decode,26,32,16,0,42,0,1
decode,26,33,17,0,42,0,1
decode,26,34,20,0,42,0,1
decode,26,35,21,0,42,0,1
decode,26,36,22,0,42,0,1
decode,26,37,23,0,42,0,1
decode,26,38,24,0,42,0,1
decode,26,39,25,0,42,0,1
decode,26,40,27,0,42,0,1
decode,26,41,28,0,42,0,1
decode,26,42,29,0,42,0,1
decode,26,43,30,0,42,0,1
decode,26,44,31,0,42,0,1
decode,26,45,33,0,42,0,1
decode,26,46,34,0,42,0,1
decode,26,47,35,0,42,0,1
decode,26,48,36,0,42,0,1
decode,26,49,37,0,42,0,1
decode,26,50,38,0,42,0,1
decode,26,51,39,0,42,0,1
decode,26,52,40,0,42,0,1
decode,26,53,41,0,42,0,1
decode,26,54,42,0,42,0,1
decode,26,55,43,0,42,0,1
decode,26,56,44,0,42,0,1
decode,26,57,45,0,42,0,1
decode,26,58,46,0,42,0,1
decode,26,59,47,0,42,0,1
decode,26,60,48,0,42,0,1
decode,26,61,49,0,42,0,1
decode,26,62,50,0,42,0,1
decode,26,63,51,0,42,0,1
decode,26,64,52,0,42,0,1
decode,26,65,53,0,42,0,1
decode,26,66,54,0,42,0,1
decode,26,67,55,0,42,0,1
decode,26,68,56,0,42,0,1
decode,26,69,57,0,42,0,1
decode,26,70,58,0,42,0,1
decode,26,71,59,0,42,0,1
decode,26,72,60,0,42,0,1
decode,26,73,61,0,42,0,1
decode,26,74,62,0,42,0,1
decode,26,75,63,0,42,0,1
decode,26,76,64,0,42,0,1
decode,26,77,65,0,42,0,1
decode,26,78,66,0,42,0,1
decode,26,79,67,0,42,0,1
decode,26,80,69,0,42,0,1
decode,26,81,70,0,42,0,1
decode,26,82,71,0,42,0,1
decode,26,83,72,0,42,0,1
decode,26,84,73,0,42,0,1
decode,26,85,74,0,42,0,1
decode,26,86,75,0,42,0,1
decode,26,87,76,0,42,0,1
decode,26,88,77,0,42,0,1
decode,26,89,78,0,42,0,1
decode,26,90,80,0,42,0,1
decode,26,91,81,0,42,0,1
decode,26,92,82,0,42,0,1
decode,26,93,83,0,42,0,1
decode,26,94,84,0,42,0,1
decode,26,95,85,0,42,0,1
decode,26,96,86,0,42,0,1
decode,26,97,87,0,42,0,1
decode,26,98,88,0,42,0,1
decode,26,99,90,0,42,0,1
decode,26,100,91,0,42,0,1
decode,26,101,92,0,42,0,1
decode,26,102,93,0,42,0,1
decode,26,103,94,0,42,0,1
decode,26,104,95,0,42,0,1
decode,26,105,96,0,42,0,1
decode,26,106,97,0,42,0,1
decode,26,107,98,0,42,0,1
decode,26,108,99,0,42,0,1
decode,26,109,100,0,42,0,1
decode,26,110,101,0,42,0,1
decode,26,111,102,0,42,0,1
decode,26,112,103,0,42,0,1
decode,26,113,104,0,42,0,1
decode,26,114,105,0,42,0,1
decode,26,115,106,0,42,0,1
decode,26,116,107,0,42,0,1
decode,26,117,108,0,42,0,1
decode,26,118,109,0,42,0,1
decode,26,119,110,0,42,0,1
decode,26,120,111,0,42,0,1
decode,26,121,112,0,42,0,1
decode,26,122,113,0,42,0,1
decode,26,123,114,0,42,0,1
decode,26,124,115,0,42,0,1
decode,26,125,116,0,42,0,1
decode,26,126,117,0,42,0,1
decode,26,127,118,0,42,0,1
decode,26,128,119,0,42,0,1
decode,26,129,120,0,42,0,1
decode,26,130,121,0,42,0,1
decode,26,131,122,0,42,0,1
decode,26,132,123,0,42,0,1
decode,26,133,124,0,42,0,1
decode,26,134,125,0,42,0,1
decode,26,135,126,0,42,0,1
decode,26,136,127,0,42,0,1
decode,26,137,128,0,42,0,1
decode,26,138,129,0,42,0,1
decode,26,139,130,0,42,0,1
decode,26,140,131,0,42,0,1
decode,26,141,132,0,42,0,1
decode,26,142,133,0,42,0,1
decode,26,143,134,0,42,0,1
decode,26,144,135,0,42,0,1
decode,26,145,136,0,42,0,1
decode,26,146,137,0,42,0,1
decode,26,147,138,0,42,0,1
decode,26,148,139,0,42,0,1
decode,26,149,140,0,42,0,1
decode,26,150,141,0,42,0,1
decode,26,151,142,0,42,0,1
decode,26,152,143,0,42,0,1
decode,26,153,144,0,42,0,1
decode,26,154,145,0,42,0,1
decode,26,155,146,0,42,0,1
decode,26,156,147,0,42,0,1
decode,26,157,148,0,42,0,1
decode,26,158,149,0,42,0,1
decode,26,159,150,0,42,0,1
decode,26,160,151,0,42,0,1
decode,26,161,152,0,42,0,1
decode,26,162,153,0,42,0,1
decode,26,163,154,0,42,0,1
decode,26,164,155,0,42,0,1
decode,26,165,156,0,42,0,1
decode,26,166,157,0,42,0,1
decode,26,167,158,0,42,0,1
decode,26,168,159,0,42,0,1
decode,26,169,160,0,42,0,1
decode,26,170,161,0,42,0,1
decode,26,171,162,0,42,0,1
decode,26,172,163,0,42,0,1
decode,26,173,164,0,42,0,1
decode,26,174,165,0,42,0,1
decode,26,175,168,0,42,0,1
decode,26,176,169,0,42,0,1
decode,26,177,170,0,42,0,1
decode,26,178,171,0,42,0,1
decode,26,179,172,0,42,0,1
decode,26,180,173,0,42,0,1
decode,26,181,174,0,42,0,1
decode,26,182,175,0,42,0,1
decode,26,183,176,0,42,0,1
decode,26,184,177,0,42,0,1
decode,26,185,178,0,42,0,1
decode,26,186,179,0,42,0,1
decode,26,187,180,0,42,0,1
decode,26,188,181,0,42,0,1
decode,26,189,182,0,42,0,1
decode,26,190,183,0,42,0,1
decode,26,191,184,0,42,0,1
decode,26,192,185,0,42,0,1
decode,26,193,186,0,42,0,1
decode,26,194,187,0,42,0,1
decode,26,195,188,0,42,0,1
decode,26,196,189,0,42,0,1
decode,26,197,190,0,42,0,1
decode,26,198,191,0,42,0,1
decode,26,199,192,0,42,0,1
decode,26,200,193,0,42,0,1
decode,26,201,194,0,42,0,1
decode,26,202,195,0,42,0,1
decode,26,203,196,0,42,0,1
decode,26,204,197,0,42,0,1
decode,26,205,198,0,42,0,1
decode,26,206,199,0,42,0,1
decode,26,207,200,0,42,0,1
decode,26,208,201,0,42,0,1
decode,26,209,202,0,42,0,1
decode,26,210,203,0,42,0,1
decode,26,211,204,0,42,0,1
decode,26,212,205,0,42,0,1
decode,26,213,206,0,42,0,1
decode,26,214,207,0,42,0,1
decode,26,215,208,0,42,0,1
decode,26,216,210,0,42,0,1
decode,26,217,211,0,42,0,1
decode,26,218,212,0,42,0,1
decode,26,219,213,0,42,0,1
decode,26,220,214,0,42,0,1
decode,26,221,217,0,42,0,1
decode,26,222,218,0,42,0,1
decode,26,223,219,0,42,0,1
decode,26,224,220,0,42,0,1
decode,26,225,221,0,42,0,1
decode,26,226,222,0,42,0,1
decode,26,227,223,0,42,0,1
decode,26,228,224,0,42,0,1
decode,26,229,225,0,42,0,1
decode,26,230,226,0,42,0,1
decode,26,231,227,0,42,0,1
decode,26,232,228,0,42,0,1
decode,26,233,230,0,42,0,1
decode,26,234,231,0,42,0,1
decode,26,235,232,0,42,0,1
decode,26,236,233,0,42,0,1
decode,26,237,234,0,42,0,1
decode,26,238,235,0,42,0,1
decode,26,239,236,0,42,0,1
decode,26,240,237,0,42,0,1
decode,26,241,238,0,42,0,1
decode,26,242,239,0,42,0,1
decode,26,243,240,0,42,0,1
decode,26,244,241,0,42,0,1
decode,26,245,242,0,42,0,1
decode,26,246,244,0,42,0,1
decode,26,247,245,0,42,0,1
decode,26,248,246,0,42,0,1
decode,26,249,247,0,42,0,1
decode,26,250,248,0,42,0,1
decode,26,251,249,0,42,0,1
decode,26,252,250,0,42,0,1
decode,26,253,251,0,42,0,1
decode,26,254,252,0,42,0,1
decode,26,255,254,0,42,0,1
decode,26,256,255,0,42,0,1
decode,27,1,39,7,42,0.166666666666667,0.166666666666667
decode,27,2,20,5,42,0.119047619047619,0.285714285714286
decode,27,3,203,5,42,0.119047619047619,0.404761904761905
decode,27,4,2,3,42,0.0714285714285714,0.476190476190476
decode,27,5,3,3,42,0.0714285714285714,0.547619047619048
decode,27,6,140,3,42,0.0714285714285714,0.619047619047619
decode,27,7,149,3,42,0.0714285714285714,0.69047619047619
decode,27,8,15,2,42,0.0476190476190476,0.738095238095238
decode,27,9,218,2,42,0.0476190476190476,0.785714285714286
decode,27,10,224,2,42,0.0476190476190476,0.833333333333333
decode,27,11,233,2,42,0.0476190476190476,0.880952380952381
decode,27,12,234,2,42,0.0476190476190476,0.928571428571429
decode,27,13,159,1,42,0.0238095238095238,0.952380952380952
decode,27,14,184,1,42,0.0238095238095238,0.976190476190476
decode,27,15,243,1,42,0.0238095238095238,1
decode,27,16,0,0,42,0,1
decode,27,17,1,0,42,0,1
decode,27,18,4,0,42,0,1
decode,27,19,5,0,42,0,1
decode,27,20,6,0,42,0,1
decode,27,21,7,0,42,0,1
decode,27,22,8,0,42,0,1
decode,27,23,9,0,42,0,1
decode,27,24,10,0,42,0,1
decode,27,25,11,0,42,0,1
decode,27,26,12,0,42,0,1
decode,27,27,13,0,42,0,1
decode,27,28,14,0,42,0,1
decode,27,29,16,0,42,0,1
decode,27,30,17,0,42,0,1
decode,27,31,18,0,42,0,1
decode,27,32,19,0,42,0,1
decode,27,33,21,0,42,0,1
decode,27,34,22,0,42,0,1
decode,27,35,23,0,42,0,1
decode,27,36,24,0,42,0,1
decode,27,37,25,0,42,0,1
decode,27,38,26,0,42,0,1
decode,27,39,27,0,42,0,1
decode,27,40,28,0,42,0,1
decode,27,41,29,0,42,0,1
decode,27,42,30,0,42,0,1
decode,27,43,31,0,42,0,1
decode,27,44,32,0,42,0,1
decode,27,45,33,0,42,0,1
decode,27,46,34,0,42,0,1
decode,27,47,35,0,42,0,1
decode,27,48,36,0,42,0,1
decode,27,49,37,0,42,0,1
decode,27,50,38,0,42,0,1
decode,27,51,40,0,42,0,1
decode,27,52,41,0,42,0,1
decode,27,53,42,0,42,0,1
decode,27,54,43,0,42,0,1
decode,27,55,44,0,42,0,1
decode,27,56,45,0,42,0,1
decode,27,57,46,0,42,0,1
decode,27,58,47,0,42,0,1
decode,27,59,48,0,42,0,1
decode,27,60,49,0,42,0,1
decode,27,61,50,0,42,0,1
decode,27,62,51,0,42,0,1
decode,27,63,52,0,42,0,1
decode,27,64,53,0,42,0,1
decode,27,65,54,0,42,0,1
decode,27,66,55,0,42,0,1
decode,27,67,56,0,42,0,1
decode,27,68,57,0,42,0,1
decode,27,69,58,0,42,0,1
decode,27,70,59,0,42,0,1
decode,27,71,60,0,42,0,1
decode,27,72,61,0,42,0,1
decode,27,73,62,0,42,0,1
decode,27,74,63,0,42,0,1
decode,27,75,64,0,42,0,1
decode,27,76,65,0,42,0,1
decode,27,77,66,0,42,0,1
decode,27,78,67,0,42,0,1
decode,27,79,68,0,42,0,1
decode,27,80,69,0,42,0,1
decode,27,81,70,0,42,0,1
decode,27,82,71,0,42,0,1
decode,27,83,72,0,42,0,1
decode,27,84,73,0,42,0,1
decode,27,85,74,0,42,0,1
decode,27,86,75,0,42,0,1
decode,27,87,76,0,42,0,1
decode,27,88,77,0,42,0,1
decode,27,89,78,0,42,0,1
decode,27,90,79,0,42,0,1
decode,27,91,80,0,42,0,1
decode,27,92,81,0,42,0,1
decode,27,93,82,0,42,0,1
decode,27,94,83,0,42,0,1
decode,27,95,84,0,42,0,1
decode,27,96,85,0,42,0,1
decode,27,97,86,0,42,0,1
decode,27,98,87,0,42,0,1
decode,27,99,88,0,42,0,1
decode,27,100,89,0,42,0,1
decode,27,101,90,0,42,0,1
decode,27,102,91,0,42,0,1
decode,27,103,92,0,42,0,1
decode,27,104,93,0,42,0,1
decode,27,105,94,0,42,0,1
decode,27,106,95,0,42,0,1
decode,27,107,96,0,42,0,1
decode,27,108,97,0,42,0,1
decode,27,109,98,0,42,0,1
decode,27,110,99,0,42,0,1
decode,27,111,100,0,42,0,1
decode,27,112,101,0,42,0,1
decode,27,113,102,0,42,0,1
decode,27,114,103,0,42,0,1
decode,27,115,104,0,42,0,1
decode,27,116,105,0,42,0,1
decode,27,117,106,0,42,0,1
decode,27,118,107,0,42,0,1
decode,27,119,108,0,42,0,1
decode,27,120,109,0,42,0,1
decode,27,121,110,0,42,0,1
decode,27,122,111,0,42,0,1
decode,27,123,112,0,42,0,1
decode,27,124,113,0,42,0,1
decode,27,125,114,0,42,0,1
decode,27,126,115,0,42,0,1
decode,27,127,116,0,42,0,1
decode,27,128,117,0,42,0,1
decode,27,129,118,0,42,0,1
decode,27,130,119,0,42,0,1
decode,27,131,120,0,42,0,1
decode,27,132,121,0,42,0,1
decode,27,133,122,0,42,0,1
decode,27,134,123,0,42,0,1
decode,27,135,124,0,42,0,1
decode,27,136,125,0,42,0,1
decode,27,137,126,0,42,0,1
decode,27,138,127,0,42,0,1
decode,27,139,128,0,42,0,1
decode,27,140,129,0,42,0,1
decode,27,141,130,0,42,0,1
decode,27,142,131,0,42,0,1
decode,27,143,132,0,42,0,1
decode,27,144,133,0,42,0,1
decode,27,145,134,0,42,0,1
decode,27,146,135,0,42,0,1
decode,27,147,136,0,42,0,1
decode,27,148,137,0,42,0,1
decode,27,149,138,0,42,0,1
decode,27,150,139,0,42,0,1
decode,27,151,141,0,42,0,1
decode,27,152,142,0,42,0,1
decode,27,153,143,0,42,0,1
decode,27,154,144,0,42,0,1
decode,27,155,145,0,42,0,1
decode,27,156,146,0,42,0,1
decode,27,157,147,0,42,0,1
decode,27,158,148,0,42,0,1
decode,27,159,150,0,42,0,1
decode,27,160,151,0,42,0,1
decode,27,161,152,0,42,0,1
decode,27,162,153,0,42,0,1
decode,27,163,154,0,42,0,1
decode,27,164,155,0,42,0,1
decode,27,165,156,0,42,0,1
decode,27,166,157,0,42,0,1
decode,27,167,158,0,42,0,1
decode,27,168,160,0,42,0,1
decode,27,169,161,0,42,0,1
decode,27,170,162,0,42,0,1
decode,27,171,163,0,42,0,1
decode,27,172,164,0,42,0,1
decode,27,173,165,0,42,0,1
decode,27,174,166,0,42,0,1
decode,27,175,167,0,42,0,1
decode,27,176,168,0,42,0,1
decode,27,177,169,0,42,0,1
decode,27,178,170,0,42,0,1
decode,27,179,171,0,42,0,1
decode,27,180,172,0,42,0,1
decode,27,181,173,0,42,0,1
decode,27,182,174,0,42,0,1
decode,27,183,175,0,42,0,1
decode,27,184,176,0,42,0,1
decode,27,185,177,0,42,0,1
decode,27,186,178,0,42,0,1
decode,27,187,179,0,42,0,1
decode,27,188,180,0,42,0,1
decode,27,189,181,0,42,0,1
decode,27,190,182,0,42,0,1
decode,27,191,183,0,42,0,1
decode,27,192,185,0,42,0,1
decode,27,193,186,0,42,0,1
decode,27,194,187,0,42,0,1
decode,27,195,188,0,42,0,1
decode,27,196,189,0,42,0,1
decode,27,197,190,0,42,0,1
decode,27,198,191,0,42,0,1
decode,27,199,192,0,42,0,1
decode,27,200,193,0,42,0,1
decode,27,201,194,0,42,0,1
decode,27,202,195,0,42,0,1
decode,27,203,196,0,42,0,1
decode,27,204,197,0,42,0,1
decode,27,205,198,0,42,0,1
decode,27,206,199,0,42,0,1
decode,27,207,200,0,42,0,1
decode,27,208,201,0,42,0,1
decode,27,209,202,0,42,0,1
decode,27,210,204,0,42,0,1
decode,27,211,205,0,42,0,1
decode,27,212,206,0,42,0,1
decode,27,213,207,0,42,0,1
decode,27,214,208,0,42,0,1
decode,27,215,209,0,42,0,1
decode,27,216,210,0,42,0,1
decode,27,217,211,0,42,0,1
decode,27,218,212,0,42,0,1
decode,27,219,213,0,42,0,1
decode,27,220,214,0,42,0,1
decode,27,221,215,0,42,0,1
decode,27,222,216,0,42,0,1
decode,27,223,217,0,42,0,1
decode,27,224,219,0,42,0,1
decode,27,225,220,0,42,0,1
decode,27,226,221,0,42,0,1
decode,27,227,222,0,42,0,1
decode,27,228,223,0,42,0,1
decode,27,229,225,0,42,0,1
decode,27,230,226,0,42,0,1
decode,27,231,227,0,42,0,1
decode,27,232,228,0,42,0,1
decode,27,233,229,0,42,0,1
decode,27,234,230,0,42,0,1
decode,27,235,231,0,42,0,1
decode,27,236,232,0,42,0,1
decode,27,237,235,0,42,0,1
decode,27,238,236,0,42,0,1
decode,27,239,237,0,42,0,1
decode,27,240,238,0,42,0,1
decode,27,241,239,0,42,0,1
decode,27,242,240,0,42,0,1
decode,27,243,241,0,42,0,1
decode,27,244,242,0,42,0,1
decode,27,245,244,0,42,0,1
decode,27,246,245,0,42,0,1
decode,27,247,246,0,42,0,1
decode,27,248,247,0,42,0,1
decode,27,249,248,0,42,0,1
decode,27,250,249,0,42,0,1
decode,27,251,250,0,42,0,1
decode,27,252,251,0,42,0,1
decode,27,253,252,0,42,0,1
decode,27,254,253,0,42,0,1
decode,27,255,254,0,42,0,1
decode,27,256,255,0,42,0,1
decode,28,1,19,7,42,0.166666666666667,0.166666666666667
decode,28,2,45,7,42,0.166666666666667,0.333333333333333
decode,28,3,56,7,42,0.166666666666667,0.5
decode,28,4,253,5,42,0.119047619047619,0.619047619047619
decode,28,5,36,3,42,0.0714285714285714,0.69047619047619
decode,28,6,46,2,42,0.0476190476190476,0.738095238095238
decode,28,7,109,2,42,0.0476190476190476,0.785714285714286
decode,28,8,7,1,42,0.0238095238095238,0.80952380952381
decode,28,9,28,1,42,0.0238095238095238,0.833333333333333
decode,28,10,32,1,42,0.0238095238095238,0.857142857142857
decode,28,11,85,1,42,0.0238095238095238,0.880952380952381
decode,28,12,101,1,42,0.0238095238095238,0.904761904761905
decode,28,13,130,1,42,0.0238095238095238,0.928571428571429
decode,28,14,157,1,42,0.0238095238095238,0.952380952380953
decode,28,15,161,1,42,0.0238095238095238,0.976190476190476
decode,28,16,244,1,42,0.0238095238095238,1
decode,28,17,0,0,42,0,1
decode,28,18,1,0,42,0,1
decode,28,19,2,0,42,0,1
decode,28,20,3,0,42,0,1
decode,28,21,4,0,42,0,1
decode,28,22,5,0,42,0,1
decode,28,23,6,0,42,0,1
decode,28,24,8,0,42,0,1
decode,28,25,9,0,42,0,1
decode,28,26,10,0,42,0,1
decode,28,27,11,0,42,0,1
decode,28,28,12,0,42,0,1
decode,28,29,13,0,42,0,1
decode,28,30,14,0,42,0,1
decode,28,31,15,0,42,0,1
decode,28,32,16,0,42,0,1
decode,28,33,17,0,42,0,1
decode,28,34,18,0,42,0,1
decode,28,35,20,0,42,0,1
decode,28,36,21,0,42,0,1
decode,28,37,22,0,42,0,1
decode,28,38,23,0,42,0,1
decode,28,39,24,0,42,0,1
decode,28,40,25,0,42,0,1
decode,28,41,26,0,42,0,1
decode,28,42,27,0,42,0,1
decode,28,43,29,0,42,0,1
decode,28,44,30,0,42,0,1
decode,28,45,31,0,42,0,1
decode,28,46,33,0,42,0,1
decode,28,47,34,0,42,0,1
decode,28,48,35,0,42,0,1
decode,28,49,37,0,42,0,1
decode,28,50,38,0,42,0,1
decode,28,51,39,0,42,0,1
decode,28,52,40,0,42,0,1
decode,28,53,41,0,42,0,1
decode,28,54,42,0,42,0,1
decode,28,55,43,0,42,0,1
decode,28,56,44,0,42,0,1
decode,28,57,47,0,42,0,1
decode,28,58,48,0,42,0,1
decode,28,59,49,0,42,0,1
decode,28,60,50,0,42,0,1
decode,28,61,51,0,42,0,1
decode,28,62,52,0,42,0,1
decode,28,63,53,0,42,0,1
decode,28,64,54,0,42,0,1
decode,28,65,55,0,42,0,1
decode,28,66,57,0,42,0,1
decode,28,67,58,0,42,0,1
decode,28,68,59,0,42,0,1
decode,28,69,60,0,42,0,1
decode,28,70,61,0,42,0,1
decode,28,71,62,0,42,0,1
decode,28,72,63,0,42,0,1
decode,28,73,64,0,42,0,1
decode,28,74,65,0,42,0,1
decode,28,75,66,0,42,0,1
decode,28,76,67,0,42,0,1
decode,28,77,68,0,42,0,1
decode,28,78,69,0,42,0,1
decode,28,79,70,0,42,0,1
decode,28,80,71,0,42,0,1
decode,28,81,72,0,42,0,1
decode,28,82,73,0,42,0,1
decode,28,83,74,0,42,0,1
decode,28,84,75,0,42,0,1
decode,28,85,76,0,42,0,1
decode,28,86,77,0,42,0,1
decode,28,87,78,0,42,0,1
decode,28,88,79,0,42,0,1
decode,28,89,80,0,42,0,1
decode,28,90,81,0,42,0,1
decode,28,91,82,0,42,0,1
decode,28,92,83,0,42,0,1
decode,28,93,84,0,42,0,1
decode,28,94,86,0,42,0,1
decode,28,95,87,0,42,0,1
decode,28,96,88,0,42,0,1
decode,28,97,89,0,42,0,1
decode,28,98,90,0,42,0,1
decode,28,99,91,0,42,0,1
decode,28,100,92,0,42,0,1
decode,28,101,93,0,42,0,1
decode,28,102,94,0,42,0,1
decode,28,103,95,0,42,0,1
decode,28,104,96,0,42,0,1
decode,28,105,97,0,42,0,1
decode,28,106,98,0,42,0,1
decode,28,107,99,0,42,0,1
decode,28,108,100,0,42,0,1
decode,28,109,102,0,42,0,1
decode,28,110,103,0,42,0,1
decode,28,111,104,0,42,0,1
decode,28,112,105,0,42,0,1
decode,28,113,106,0,42,0,1
decode,28,114,107,0,42,0,1
decode,28,115,108,0,42,0,1
decode,28,116,110,0,42,0,1
decode,28,117,111,0,42,0,1
decode,28,118,112,0,42,0,1
decode,28,119,113,0,42,0,1
decode,28,120,114,0,42,0,1
decode,28,121,115,0,42,0,1
decode,28,122,116,0,42,0,1
decode,28,123,117,0,42,0,1
decode,28,124,118,0,42,0,1
decode,28,125,119,0,42,0,1
decode,28,126,120,0,42,0,1
decode,28,127,121,0,42,0,1
decode,28,128,122,0,42,0,1
decode,28,129,123,0,42,0,1
decode,28,130,124,0,42,0,1
decode,28,131,125,0,42,0,1
decode,28,132,126,0,42,0,1
decode,28,133,127,0,42,0,1
decode,28,134,128,0,42,0,1
decode,28,135,129,0,42,0,1
decode,28,136,131,0,42,0,1
decode,28,137,132,0,42,0,1
decode,28,138,133,0,42,0,1
decode,28,139,134,0,42,0,1
decode,28,140,135,0,42,0,1
decode,28,141,136,0,42,0,1
decode,28,142,137,0,42,0,1
decode,28,143,138,0,42,0,1
decode,28,144,139,0,42,0,1
decode,28,145,140,0,42,0,1
decode,28,146,141,0,42,0,1
decode,28,147,142,0,42,0,1
decode,28,148,143,0,42,0,1
decode,28,149,144,0,42,0,1
decode,28,150,145,0,42,0,1
decode,28,151,146,0,42,0,1
decode,28,152,147,0,42,0,1
decode,28,153,148,0,42,0,1
decode,28,154,149,0,42,0,1
decode,28,155,150,0,42,0,1
decode,28,156,151,0,42,0,1
decode,28,157,152,0,42,0,1
decode,28,158,153,0,42,0,1
decode,28,159,154,0,42,0,1
decode,28,160,155,0,42,0,1
decode,28,161,156,0,42,0,1
decode,28,162,158,0,42,0,1
decode,28,163,159,0,42,0,1
decode,28,164,160,0,42,0,1
decode,28,165,162,0,42,0,1
decode,28,166,163,0,42,0,1
decode,28,167,164,0,42,0,1
decode,28,168,165,0,42,0,1
decode,28,169,166,0,42,0,1
decode,28,170,167,0,42,0,1
decode,28,171,168,0,42,0,1
decode,28,172,169,0,42,0,1
decode,28,173,170,0,42,0,1
decode,28,174,171,0,42,0,1
decode,28,175,172,0,42,0,1
decode,28,176,173,0,42,0,1
decode,28,177,174,0,42,0,1
decode,28,178,175,0,42,0,1
decode,28,179,176,0,42,0,1
decode,28,180,177,0,42,0,1
decode,28,181,178,0,42,0,1
decode,28,182,179,0,42,0,1
decode,28,183,180,0,42,0,1
decode,28,184,181,0,42,0,1
decode,28,185,182,0,42,0,1
decode,28,186,183,0,42,0,1
decode,28,187,184,0,42,0,1
decode,28,188,185,0,42,0,1
decode,28,189,186,0,42,0,1
decode,28,190,187,0,42,0,1
decode,28,191,188,0,42,0,1
decode,28,192,189,0,42,0,1
decode,28,193,190,0,42,0,1
decode,28,194,191,0,42,0,1
decode,28,195,192,0,42,0,1
decode,28,196,193,0,42,0,1
decode,28,197,194,0,42,0,1
decode,28,198,195,0,42,0,1
decode,28,199,196,0,42,0,1
decode,28,200,197,0,42,0,1
decode,28,201,198,0,42,0,1
decode,28,202,199,0,42,0,1
decode,28,203,200,0,42,0,1
decode,28,204,201,0,42,0,1
decode,28,205,202,0,42,0,1
decode,28,206,203,0,42,0,1
decode,28,207,204,0,42,0,1
decode,28,208,205,0,42,0,1
decode,28,209,206,0,42,0,1
decode,28,210,207,0,42,0,1
decode,28,211,208,0,42,0,1
decode,28,212,209,0,42,0,1
decode,28,213,210,0,42,0,1
decode,28,214,211,0,42,0,1
decode,28,215,212,0,42,0,1
decode,28,216,213,0,42,0,1
decode,28,217,214,0,42,0,1
decode,28,218,215,0,42,0,1
decode,28,219,216,0,42,0,1
decode,28,220,217,0,42,0,1
decode,28,221,218,0,42,0,1
decode,28,222,219,0,42,0,1
decode,28,223,220,0,42,0,1
decode,28,224,221,0,42,0,1
decode,28,225,222,0,42,0,1
decode,28,226,223,0,42,0,1
decode,28,227,224,0,42,0,1
decode,28,228,225,0,42,0,1
decode,28,229,226,0,42,0,1
decode,28,230,227,0,42,0,1
decode,28,231,228,0,42,0,1
decode,28,232,229,0,42,0,1
decode,28,233,230,0,42,0,1
decode,28,234,231,0,42,0,1
decode,28,235,232,0,42,0,1
decode,28,236,233,0,42,0,1
decode,28,237,234,0,42,0,1
decode,28,238,235,0,42,0,1
decode,28,239,236,0,42,0,1
decode,28,240,237,0,42,0,1
decode,28,241,238,0,42,0,1
decode,28,242,239,0,42,0,1
decode,28,243,240,0,42,0,1
decode,28,244,241,0,42,0,1
decode,28,245,242,0,42,0,1
decode,28,246,243,0,42,0,1
decode,28,247,245,0,42,0,1
decode,28,248,246,0,42,0,1
decode,28,249,247,0,42,0,1
decode,28,250,248,0,42,0,1
decode,28,251,249,0,42,0,1
decode,28,252,250,0,42,0,1
decode,28,253,251,0,42,0,1
decode,28,254,252,0,42,0,1
decode,28,255,254,0,42,0,1
decode,28,256,255,0,42,0,1
decode,29,1,9,6,42,0.142857142857143,0.142857142857143
decode,29,2,2,5,42,0.119047619047619,0.261904761904762
decode,29,3,192,5,42,0.119047619047619,0.380952380952381
decode,29,4,244,5,42,0.119047619047619,0.5
decode,29,5,37,4,42,0.0952380952380952,0.595238095238095
decode,29,6,178,4,42,0.0952380952380952,0.69047619047619
decode,29,7,132,3,42,0.0714285714285714,0.761904761904762
decode,29,8,5,2,42,0.0476190476190476,0.80952380952381
decode,29,9,13,2,42,0.0476190476190476,0.857142857142857
decode,29,10,93,2,42,0.0476190476190476,0.904761904761905
decode,29,11,19,1,42,0.0238095238095238,0.928571428571429
decode,29,12,141,1,42,0.0238095238095238,0.952380952380953
decode,29,13,146,1,42,0.0238095238095238,0.976190476190476
decode,29,14,205,1,42,0.0238095238095238,1
decode,29,15,0,0,42,0,1
decode,29,16,1,0,42,0,1
decode,29,17,3,0,42,0,1
decode,29,18,4,0,42,0,1
decode,29,19,6,0,42,0,1
decode,29,20,7,0,42,0,1
decode,29,21,8,0,42,0,1
decode,29,22,10,0,42,0,1
decode,29,23,11,0,42,0,1
decode,29,24,12,0,42,0,1
decode,29,25,14,0,42,0,1
decode,29,26,15,0,42,0,1
decode,29,27,16,0,42,0,1
decode,29,28,17,0,42,0,1
decode,29,29,18,0,42,0,1
decode,29,30,20,0,42,0,1
decode,29,31,21,0,42,0,1
decode,29,32,22,0,42,0,1
decode,29,33,23,0,42,0,1
decode,29,34,24,0,42,0,1
decode,29,35,25,0,42,0,1
decode,29,36,26,0,42,0,1
decode,29,37,27,0,42,0,1
decode,29,38,28,0,42,0,1
decode,29,39,29,0,42,0,1
decode,29,40,30,0,42,0,1
decode,29,41,31,0,42,0,1
decode,29,42,32,0,42,0,1
decode,29,43,33,0,42,0,1
decode,29,44,34,0,42,0,1
decode,29,45,35,0,42,0,1
decode,29,46,36,0,42,0,1
decode,29,47,38,0,42,0,1
decode,29,48,39,0,42,0,1
decode,29,49,40,0,42,0,1
decode,29,50,41,0,42,0,1
decode,29,51,42,0,42,0,1
decode,29,52,43,0,42,0,1
decode,29,53,44,0,42,0,1
decode,29,54,45,0,42,0,1
decode,29,55,46,0,42,0,1
decode,29,56,47,0,42,0,1
decode,29,57,48,0,42,0,1
decode,29,58,49,0,42,0,1
decode,29,59,50,0,42,0,1
decode,29,60,51,0,42,0,1
decode,29,61,52,0,42,0,1
decode,29,62,53,0,42,0,1
decode,29,63,54,0,42,0,1
decode,29,64,55,0,42,0,1
decode,29,65,56,0,42,0,1
decode,29,66,57,0,42,0,1
decode,29,67,58,0,42,0,1
decode,29,68,59,0,42,0,1
decode,29,69,60,0,42,0,1
decode,29,70,61,0,42,0,1
decode,29,71,62,0,42,0,1
decode,29,72,63,0,42,0,1
decode,29,73,64,0,42,0,1
decode,29,74,65,0,42,0,1
decode,29,75,66,0,42,0,1
decode,29,76,67,0,42,0,1
decode,29,77,68,0,42,0,1
decode,29,78,69,0,42,0,1
decode,29,79,70,0,42,0,1
decode,29,80,71,0,42,0,1
decode,29,81,72,0,42,0,1
decode,29,82,73,0,42,0,1
decode,29,83,74,0,42,0,1
decode,29,84,75,0,42,0,1
decode,29,85,76,0,42,0,1
decode,29,86,77,0,42,0,1
decode,29,87,78,0,42,0,1
decode,29,88,79,0,42,0,1
decode,29,89,80,0,42,0,1
decode,29,90,81,0,42,0,1
decode,29,91,82,0,42,0,1
decode,29,92,83,0,42,0,1
decode,29,93,84,0,42,0,1
decode,29,94,85,0,42,0,1
decode,29,95,86,0,42,0,1
decode,29,96,87,0,42,0,1
decode,29,97,88,0,42,0,1
decode,29,98,89,0,42,0,1
decode,29,99,90,0,42,0,1
decode,29,100,91,0,42,0,1
decode,29,101,92,0,42,0,1
decode,29,102,94,0,42,0,1
decode,29,103,95,0,42,0,1
decode,29,104,96,0,42,0,1
decode,29,105,97,0,42,0,1
decode,29,106,98,0,42,0,1
decode,29,107,99,0,42,0,1
decode,29,108,100,0,42,0,1
decode,29,109,101,0,42,0,1
decode,29,110,102,0,42,0,1
decode,29,111,103,0,42,0,1
decode,29,112,104,0,42,0,1
decode,29,113,105,0,42,0,1
decode,29,114,106,0,42,0,1
decode,29,115,107,0,42,0,1
decode,29,116,108,0,42,0,1
decode,29,117,109,0,42,0,1
decode,29,118,110,0,42,0,1
decode,29,119,111,0,42,0,1
decode,29,120,112,0,42,0,1
decode,29,121,113,0,42,0,1
decode,29,122,114,0,42,0,1
decode,29,123,115,0,42,0,1
decode,29,124,116,0,42,0,1
decode,29,125,117,0,42,0,1
decode,29,126,118,0,42,0,1
decode,29,127,119,0,42,0,1
decode,29,128,120,0,42,0,1
decode,29,129,121,0,42,0,1
decode,29,130,122,0,42,0,1
decode,29,131,123,0,42,0,1
decode,29,132,124,0,42,0,1
decode,29,133,125,0,42,0,1
decode,29,134,126,0,42,0,1
decode,29,135,127,0,42,0,1
decode,29,136,128,0,42,0,1
decode,29,137,129,0,42,0,1
decode,29,138,130,0,42,0,1
decode,29,139,131,0,42,0,1
decode,29,140,133,0,42,0,1
decode,29,141,134,0,42,0,1
decode,29,142,135,0,42,0,1
decode,29,143,136,0,42,0,1
decode,29,144,137,0,42,0,1
decode,29,145,138,0,42,0,1
decode,29,146,139,0,42,0,1
decode,29,147,140,0,42,0,1
decode,29,148,142,0,42,0,1
decode,29,149,143,0,42,0,1
decode,29,150,144,0,42,0,1
decode,29,151,145,0,42,0,1
decode,29,152,147,0,42,0,1
decode,29,153,148,0,42,0,1
decode,29,154,149,0,42,0,1
decode,29,155,150,0,42,0,1
decode,29,156,151,0,42,0,1
decode,29,157,152,0,42,0,1
decode,29,158,153,0,42,0,1
decode,29,159,154,0,42,0,1
decode,29,160,155,0,42,0,1
decode,29,161,156,0,42,0,1
decode,29,162,157,0,42,0,1
decode,29,163,158,0,42,0,1
decode,29,164,159,0,42,0,1
decode,29,165,160,0,42,0,1
decode,29,166,161,0,42,0,1
decode,29,167,162,0,42,0,1
decode,29,168,163,0,42,0,1
decode,29,169,164,0,42,0,1
decode,29,170,165,0,42,0,1
decode,29,171,166,0,42,0,1
decode,29,172,167,0,42,0,1
decode,29,173,168,0,42,0,1
decode,29,174,169,0,42,0,1
decode,29,175,170,0,42,0,1
decode,29,176,171,0,42,0,1
decode,29,177,172,0,42,0,1
decode,29,178,173,0,42,0,1
decode,29,179,174,0,42,0,1
decode,29,180,175,0,42,0,1
decode,29,181,176,0,42,0,1
decode,29,182,177,0,42,0,1
decode,29,183,179,0,42,0,1
decode,29,184,180,0,42,0,1
decode,29,185,181,0,42,0,1
decode,29,186,182,0,42,0,1
decode,29,187,183,0,42,0,1
decode,29,188,184,0,42,0,1
decode,29,189,185,0,42,0,1
decode,29,190,186,0,42,0,1
decode,29,191,187,0,42,0,1
decode,29,192,188,0,42,0,1
decode,29,193,189,0,42,0,1
decode,29,194,190,0,42,0,1
decode,29,195,191,0,42,0,1
decode,29,196,193,0,42,0,1
decode,29,197,194,0,42,0,1
decode,29,198,195,0,42,0,1
decode,29,199,196,0,42,0,1
decode,29,200,197,0,42,0,1
decode,29,201,198,0,42,0,1
decode,29,202,199,0,42,0,1
decode,29,203,200,0,42,0,1
decode,29,204,201,0,42,0,1
decode,29,205,202,0,42,0,1
decode,29,206,203,0,42,0,1
decode,29,207,204,0,42,0,1
decode,29,208,206,0,42,0,1
decode,29,209,207,0,42,0,1
decode,29,210,208,0,42,0,1
decode,29,211,209,0,42,0,1
decode,29,212,210,0,42,0,1
decode,29,213,211,0,42,0,1
decode,29,214,212,0,42,0,1
decode,29,215,213,0,42,0,1
decode,29,216,214,0,42,0,1
decode,29,217,215,0,42,0,1
decode,29,218,216,0,42,0,1
decode,29,219,217,0,42,0,1
decode,29,220,218,0,42,0,1
decode,29,221,219,0,42,0,1
decode,29,222,220,0,42,0,1
decode,29,223,221,0,42,0,1
decode,29,224,222,0,42,0,1
decode,29,225,223,0,42,0,1
decode,29,226,224,0,42,0,1
decode,29,227,225,0,42,0,1
decode,29,228,226,0,42,0,1
decode,29,229,227,0,42,0,1
decode,29,230,228,0,42,0,1
decode,29,231,229,0,42,0,1
decode,29,232,230,0,42,0,1
decode,29,233,231,0,42,0,1
decode,29,234,232,0,42,0,1
decode,29,235,233,0,42,0,1
decode,29,236,234,0,42,0,1
decode,29,237,235,0,42,0,1
decode,29,238,236,0,42,0,1
decode,29,239,237,0,42,0,1
decode,29,240,238,0,42,0,1
decode,29,241,239,0,42,0,1
decode,29,242,240,0,42,0,1
decode,29,243,241,0,42,0,1
decode,29,244,242,0,42,0,1
decode,29,245,243,0,42,0,1
decode,29,246,245,0,42,0,1
decode,29,247,246,0,42,0,1
decode,29,248,247,0,42,0,1
decode,29,249,248,0,42,0,1
decode,29,250,249,0,42,0,1
decode,29,251,250,0,42,0,1
decode,29,252,251,0,42,0,1
decode,29,253,252,0,42,0,1
decode,29,254,253,0,42,0,1
decode,29,255,254,0,42,0,1
decode,29,256,255,0,42,0,1
decode,30,1,51,7,42,0.166666666666667,0.166666666666667
decode,30,2,83,5,42,0.119047619047619,0.285714285714286
decode,30,3,109,5,42,0.119047619047619,0.404761904761905
decode,30,4,236,5,42,0.119047619047619,0.523809523809524
decode,30,5,132,3,42,0.0714285714285714,0.595238095238095
decode,30,6,117,2,42,0.0476190476190476,0.642857142857143
decode,30,7,127,2,42,0.0476190476190476,0.69047619047619
decode,30,8,161,2,42,0.0476190476190476,0.738095238095238
decode,30,9,252,2,42,0.0476190476190476,0.785714285714286
decode,30,10,16,1,42,0.0238095238095238,0.80952380952381
decode,30,11,94,1,42,0.0238095238095238,0.833333333333333
decode,30,12,121,1,42,0.0238095238095238,0.857142857142857
decode,30,13,124,1,42,0.0238095238095238,0.880952380952381
decode,30,14,169,1,42,0.0238095238095238,0.904761904761905
decode,30,15,178,1,42,0.0238095238095238,0.928571428571429
decode,30,16,193,1,42,0.0238095238095238,0.952380952380953
decode,30,17,227,1,42,0.0238095238095238,0.976190476190476
decode,30,18,253,1,42,0.0238095238095238,1
decode,30,19,0,0,42,0,1
decode,30,20,1,0,42,0,1
decode,30,21,2,0,42,0,1
decode,30,22,3,0,42,0,1
decode,30,23,4,0,42,0,1
decode,30,24,5,0,42,0,1
decode,30,25,6,0,42,0,1
decode,30,26,7,0,42,0,1
decode,30,27,8,0,42,0,1
decode,30,28,9,0,42,0,1
decode,30,29,10,0,42,0,1
decode,30,30,11,0,42,0,1
decode,30,31,12,0,42,0,1
decode,30,32,13,0,42,0,1
decode,30,33,14,0,42,0,1
decode,30,34,15,0,42,0,1
decode,30,35,17,0,42,0,1
decode,30,36,18,0,42,0,1
decode,30,37,19,0,42,0,1
decode,30,38,20,0,42,0,1
decode,30,39,21,0,42,0,1
decode,30,40,22,0,42,0,1
decode,30,41,23,0,42,0,1
decode,30,42,24,0,42,0,1
decode,30,43,25,0,42,0,1
decode,30,44,26,0,42,0,1
decode,30,45,27,0,42,0,1
decode,30,46,28,0,42,0,1
decode,30,47,29,0,42,0,1
decode,30,48,30,0,42,0,1
decode,30,49,31,0,42,0,1
decode,30,50,32,0,42,0,1
decode,30,51,33,0,42,0,1
decode,30,52,34,0,42,0,1
decode,30,53,35,0,42,0,1
decode,30,54,36,0,42,0,1
decode,30,55,37,0,42,0,1
decode,30,56,38,0,42,0,1
decode,30,57,39,0,42,0,1
decode,30,58,40,0,42,0,1
decode,30,59,41,0,42,0,1
decode,30,60,42,0,42,0,1
decode,30,61,43,0,42,0,1
decode,30,62,44,0,42,0,1
decode,30,63,45,0,42,0,1
decode,30,64,46,0,42,0,1
decode,30,65,47,0,42,0,1
decode,30,66,48,0,42,0,1
decode,30,67,49,0,42,0,1
decode,30,68,50,0,42,0,1
decode,30,69,52,0,42,0,1
decode,30,70,53,0,42,0,1
decode,30,71,54,0,42,0,1
decode,30,72,55,0,42,0,1
decode,30,73,56,0,42,0,1
decode,30,74,57,0,42,0,1
decode,30,75,58,0,42,0,1
decode,30,76,59,0,42,0,1
decode,30,77,60,0,42,0,1
decode,30,78,61,0,42,0,1
decode,30,79,62,0,42,0,1
decode,30,80,63,0,42,0,1
decode,30,81,64,0,42,0,1
decode,30,82,65,0,42,0,1
decode,30,83,66,0,42,0,1
decode,30,84,67,0,42,0,1
decode,30,85,68,0,42,0,1
decode,30,86,69,0,42,0,1
decode,30,87,70,0,42,0,1
decode,30,88,71,0,42,0,1
decode,30,89,72,0,42,0,1
decode,30,90,73,0,42,0,1
decode,30,91,74,0,42,0,1
decode,30,92,75,0,42,0,1
decode,30,93,76,0,42,0,1
decode,30,94,77,0,42,0,1
decode,30,95,78,0,42,0,1
decode,30,96,79,0,42,0,1
decode,30,97,80,0,42,0,1
decode,30,98,81,0,42,0,1
decode,30,99,82,0,42,0,1
decode,30,100,84,0,42,0,1
decode,30,101,85,0,42,0,1
decode,30,102,86,0,42,0,1
decode,30,103,87,0,42,0,1
decode,30,104,88,0,42,0,1
decode,30,105,89,0,42,0,1
decode,30,106,90,0,42,0,1
decode,30,107,91,0,42,0,1
decode,30,108,92,0,42,0,1
decode,30,109,93,0,42,0,1
decode,30,110,95,0,42,0,1
decode,30,111,96,0,42,0,1
decode,30,112,97,0,42,0,1
decode,30,113,98,0,42,0,1
decode,30,114,99,0,42,0,1
decode,30,115,100,0,42,0,1
decode,30,116,101,0,42,0,1
decode,30,117,102,0,42,0,1
decode,30,118,103,0,42,0,1
decode,30,119,104,0,42,0,1
decode,30,120,105,0,42,0,1
decode,30,121,106,0,42,0,1
decode,30,122,107,0,42,0,1
decode,30,123,108,0,42,0,1
decode,30,124,110,0,42,0,1
decode,30,125,111,0,42,0,1
decode,30,126,112,0,42,0,1
decode,30,127,113,0,42,0,1
decode,30,128,114,0,42,0,1
decode,30,129,115,0,42,0,1
decode,30,130,116,0,42,0,1
decode,30,131,118,0,42,0,1
decode,30,132,119,0,42,0,1
decode,30,133,120,0,42,0,1
decode,30,134,122,0,42,0,1
decode,30,135,123,0,42,0,1
decode,30,136,125,0,42,0,1
decode,30,137,126,0,42,0,1
decode,30,138,128,0,42,0,1
decode,30,139,129,0,42,0,1
decode,30,140,130,0,42,0,1
decode,30,141,131,0,42,0,1
decode,30,142,133,0,42,0,1
decode,30,143,134,0,42,0,1
decode,30,144,135,0,42,0,1
decode,30,145,136,0,42,0,1
decode,30,146,137,0,42,0,1
decode,30,147,138,0,42,0,1
decode,30,148,139,0,42,0,1
decode,30,149,140,0,42,0,1
decode,30,150,141,0,42,0,1
decode,30,151,142,0,42,0,1
decode,30,152,143,0,42,0,1
decode,30,153,144,0,42,0,1
decode,30,154,145,0,42,0,1
decode,30,155,146,0,42,0,1
decode,30,156,147,0,42,0,1
decode,30,157,148,0,42,0,1
decode,30,158,149,0,42,0,1
decode,30,159,150,0,42,0,1
decode,30,160,151,0,42,0,1
decode,30,161,152,0,42,0,1
decode,30,162,153,0,42,0,1
decode,30,163,154,0,42,0,1
decode,30,164,155,0,42,0,1
decode,30,165,156,0,42,0,1
decode,30,166,157,0,42,0,1
decode,30,167,158,0,42,0,1
decode,30,168,159,0,42,0,1
decode,30,169,160,0,42,0,1
decode,30,170,162,0,42,0,1
decode,30,171,163,0,42,0,1
decode,30,172,164,0,42,0,1
decode,30,173,165,0,42,0,1
decode,30,174,166,0,42,0,1
decode,30,175,167,0,42,0,1
decode,30,176,168,0,42,0,1
decode,30,177,170,0,42,0,1
decode,30,178,171,0,42,0,1
decode,30,179,172,0,42,0,1
decode,30,180,173,0,42,0,1
decode,30,181,174,0,42,0,1
decode,30,182,175,0,42,0,1
decode,30,183,176,0,42,0,1
decode,30,184,177,0,42,0,1
decode,30,185,179,0,42,0,1
decode,30,186,180,0,42,0,1
decode,30,187,181,0,42,0,1
decode,30,188,182,0,42,0,1
decode,30,189,183,0,42,0,1
decode,30,190,184,0,42,0,1
decode,30,191,185,0,42,0,1
decode,30,192,186,0,42,0,1
decode,30,193,187,0,42,0,1
decode,30,194,188,0,42,0,1
decode,30,195,189,0,42,0,1
decode,30,196,190,0,42,0,1
decode,30,197,191,0,42,0,1
decode,30,198,192,0,42,0,1
decode,30,199,194,0,42,0,1
decode,30,200,195,0,42,0,1
decode,30,201,196,0,42,0,1
decode,30,202,197,0,42,0,1
decode,30,203,198,0,42,0,1
decode,30,204,199,0,42,0,1
decode,30,205,200,0,42,0,1
decode,30,206,201,0,42,0,1
decode,30,207,202,0,42,0,1
decode,30,208,203,0,42,0,1
decode,30,209,204,0,42,0,1
decode,30,210,205,0,42,0,1
decode,30,211,206,0,42,0,1
decode,30,212,207,0,42,0,1
decode,30,213,208,0,42,0,1
decode,30,214,209,0,42,0,1
decode,30,215,210,0,42,0,1
decode,30,216,211,0,42,0,1
decode,30,217,212,0,42,0,1
decode,30,218,213,0,42,0,1
decode,30,219,214,0,42,0,1
decode,30,220,215,0,42,0,1
decode,30,221,216,0,42,0,1
decode,30,222,217,0,42,0,1
decode,30,223,218,0,42,0,1
decode,30,224,219,0,42,0,1
decode,30,225,220,0,42,0,1
decode,30,226,221,0,42,0,1
decode,30,227,222,0,42,0,1
decode,30,228,223,0,42,0,1
decode,30,229,224,0,42,0,1
decode,30,230,225,0,42,0,1
decode,30,231,226,0,42,0,1
decode,30,232,228,0,42,0,1
decode,30,233,229,0,42,0,1
decode,30,234,230,0,42,0,1
decode,30,235,231,0,42,0,1
decode,30,236,232,0,42,0,1
decode,30,237,233,0,42,0,1
decode,30,238,234,0,42,0,1
decode,30,239,235,0,42,0,1
decode,30,240,237,0,42,0,1
decode,30,241,238,0,42,0,1
decode,30,242,239,0,42,0,1
decode,30,243,240,0,42,0,1
decode,30,244,241,0,42,0,1
decode,30,245,242,0,42,0,1
decode,30,246,243,0,42,0,1
decode,30,247,244,0,42,0,1
decode,30,248,245,0,42,0,1
decode,30,249,246,0,42,0,1
decode,30,250,247,0,42,0,1
decode,30,251,248,0,42,0,1
decode,30,252,249,0,42,0,1
decode,30,253,250,0,42,0,1
decode,30,254,251,0,42,0,1
decode,30,255,254,0,42,0,1
decode,30,256,255,0,42,0,1
decode,31,1,113,7,42,0.166666666666667,0.166666666666667
decode,31,2,65,6,42,0.142857142857143,0.30952380952381
decode,31,3,45,5,42,0.119047619047619,0.428571428571429
decode,31,4,212,5,42,0.119047619047619,0.547619047619048
decode,31,5,94,4,42,0.0952380952380952,0.642857142857143
decode,31,6,170,4,42,0.0952380952380952,0.738095238095238
decode,31,7,117,3,42,0.0714285714285714,0.80952380952381
decode,31,8,143,3,42,0.0714285714285714,0.880952380952381
decode,31,9,204,2,42,0.0476190476190476,0.928571428571429
decode,31,10,123,1,42,0.0238095238095238,0.952380952380952
decode,31,11,203,1,42,0.0238095238095238,0.976190476190476
decode,31,12,242,1,42,0.0238095238095238,1
decode,31,13,0,0,42,0,1
decode,31,14,1,0,42,0,1
decode,31,15,2,0,42,0,1
decode,31,16,3,0,42,0,1
decode,31,17,4,0,42,0,1
decode,31,18,5,0,42,0,1
decode,31,19,6,0,42,0,1
decode,31,20,7,0,42,0,1
decode,31,21,8,0,42,0,1
decode,31,22,9,0,42,0,1
decode,31,23,10,0,42,0,1
decode,31,24,11,0,42,0,1
decode,31,25,12,0,42,0,1
decode,31,26,13,0,42,0,1
decode,31,27,14,0,42,0,1
decode,31,28,15,0,42,0,1
decode,31,29,16,0,42,0,1
decode,31,30,17,0,42,0,1
decode,31,31,18,0,42,0,1
decode,31,32,19,0,42,0,1
decode,31,33,20,0,42,0,1
decode,31,34,21,0,42,0,1
decode,31,35,22,0,42,0,1
decode,31,36,23,0,42,0,1
decode,31,37,24,0,42,0,1
decode,31,38,25,0,42,0,1
decode,31,39,26,0,42,0,1
decode,31,40,27,0,42,0,1
decode,31,41,28,0,42,0,1
decode,31,42,29,0,42,0,1
decode,31,43,30,0,42,0,1
decode,31,44,31,0,42,0,1
decode,31,45,32,0,42,0,1
decode,31,46,33,0,42,0,1
decode,31,47,34,0,42,0,1
decode,31,48,35,0,42,0,1
decode,31,49,36,0,42,0,1
decode,31,50,37,0,42,0,1
decode,31,51,38,0,42,0,1
decode,31,52,39,0,42,0,1
decode,31,53,40,0,42,0,1
decode,31,54,41,0,42,0,1
decode,31,55,42,0,42,0,1
decode,31,56,43,0,42,0,1
decode,31,57,44,0,42,0,1
decode,31,58,46,0,42,0,1
decode,31,59,47,0,42,0,1
decode,31,60,48,0,42,0,1
decode,31,61,49,0,42,0,1
decode,31,62,50,0,42,0,1
decode,31,63,51,0,42,0,1
decode,31,64,52,0,42,0,1
decode,31,65,53,0,42,0,1
decode,31,66,54,0,42,0,1
decode,31,67,55,0,42,0,1
decode,31,68,56,0,42,0,1
decode,31,69,57,0,42,0,1
decode,31,70,58,0,42,0,1
decode,31,71,59,0,42,0,1
decode,31,72,60,0,42,0,1
decode,31,73,61,0,42,0,1
decode,31,74,62,0,42,0,1
decode,31,75,63,0,42,0,1
decode,31,76,64,0,42,0,1
decode,31,77,66,0,42,0,1
decode,31,78,67,0,42,0,1
decode,31,79,68,0,42,0,1
decode,31,80,69,0,42,0,1
decode,31,81,70,0,42,0,1
decode,31,82,71,0,42,0,1
decode,31,83,72,0,42,0,1
decode,31,84,73,0,42,0,1
decode,31,85,74,0,42,0,1
decode,31,86,75,0,42,0,1
decode,31,87,76,0,42,0,1
decode,31,88,77,0,42,0,1
decode,31,89,78,0,42,0,1
decode,31,90,79,0,42,0,1
decode,31,91,80,0,42,0,1
decode,31,92,81,0,42,0,1
decode,31,93,82,0,42,0,1
decode,31,94,83,0,42,0,1
decode,31,95,84,0,42,0,1
decode,31,96,85,0,42,0,1
decode,31,97,86,0,42,0,1
decode,31,98,87,0,42,0,1
decode,31,99,88,0,42,0,1
decode,31,100,89,0,42,0,1
decode,31,101,90,0,42,0,1
decode,31,102,91,0,42,0,1
decode,31,103,92,0,42,0,1
decode,31,104,93,0,42,0,1
decode,31,105,95,0,42,0,1
decode,31,106,96,0,42,0,1
decode,31,107,97,0,42,0,1
decode,31,108,98,0,42,0,1
decode,31,109,99,0,42,0,1
decode,31,110,100,0,42,0,1
decode,31,111,101,0,42,0,1
decode,31,112,102,0,42,0,1
decode,31,113,103,0,42,0,1
decode,31,114,104,0,42,0,1
decode,31,115,105,0,42,0,1
decode,31,116,106,0,42,0,1
decode,31,117,107,0,42,0,1
decode,31,118,108,0,42,0,1
decode,31,119,109,0,42,0,1
decode,31,120,110,0,42,0,1
decode,31,121,111,0,42,0,1
decode,31,122,112,0,42,0,1
decode,31,123,114,0,42,0,1
decode,31,124,115,0,42,0,1
decode,31,125,116,0,42,0,1
decode,31,126,118,0,42,0,1
decode,31,127,119,0,42,0,1
decode,31,128,120,0,42,0,1
decode,31,129,121,0,42,0,1
decode,31,130,122,0,42,0,1
decode,31,131,124,0,42,0,1
decode,31,132,125,0,42,0,1
decode,31,133,126,0,42,0,1
decode,31,134,127,0,42,0,1
decode,31,135,128,0,42,0,1
decode,31,136,129,0,42,0,1
decode,31,137,130,0,42,0,1
decode,31,138,131,0,42,0,1
decode,31,139,132,0,42,0,1
decode,31,140,133,0,42,0,1
decode,31,141,134,0,42,0,1
decode,31,142,135,0,42,0,1
decode,31,143,136,0,42,0,1
decode,31,144,137,0,42,0,1
decode,31,145,138,0,42,0,1
decode,31,146,139,0,42,0,1
decode,31,147,140,0,42,0,1
decode,31,148,141,0,42,0,1
decode,31,149,142,0,42,0,1
decode,31,150,144,0,42,0,1
decode,31,151,145,0,42,0,1
decode,31,152,146,0,42,0,1
decode,31,153,147,0,42,0,1
decode,31,154,148,0,42,0,1
decode,31,155,149,0,42,0,1
decode,31,156,150,0,42,0,1
decode,31,157,151,0,42,0,1
decode,31,158,152,0,42,0,1
decode,31,159,153,0,42,0,1
decode,31,160,154,0,42,0,1
decode,31,161,155,0,42,0,1
decode,31,162,156,0,42,0,1
decode,31,163,157,0,42,0,1
decode,31,164,158,0,42,0,1
decode,31,165,159,0,42,0,1
decode,31,166,160,0,42,0,1
decode,31,167,161,0,42,0,1
decode,31,168,162,0,42,0,1
decode,31,169,163,0,42,0,1
decode,31,170,164,0,42,0,1
decode,31,171,165,0,42,0,1
decode,31,172,166,0,42,0,1
decode,31,173,167,0,42,0,1
decode,31,174,168,0,42,0,1
decode,31,175,169,0,42,0,1
decode,31,176,171,0,42,0,1
decode,31,177,172,0,42,0,1
decode,31,178,173,0,42,0,1
decode,31,179,174,0,42,0,1
decode,31,180,175,0,42,0,1
decode,31,181,176,0,42,0,1
decode,31,182,177,0,42,0,1
decode,31,183,178,0,42,0,1
decode,31,184,179,0,42,0,1
decode,31,185,180,0,42,0,1
decode,31,186,181,0,42,0,1
decode,31,187,182,0,42,0,1
decode,31,188,183,0,42,0,1
decode,31,189,184,0,42,0,1
decode,31,190,185,0,42,0,1
decode,31,191,186,0,42,0,1
decode,31,192,187,0,42,0,1
decode,31,193,188,0,42,0,1
decode,31,194,189,0,42,0,1
decode,31,195,190,0,42,0,1
decode,31,196,191,0,42,0,1
decode,31,197,192,0,42,0,1
decode,31,198,193,0,42,0,1
decode,31,199,194,0,42,0,1
decode,31,200,195,0,42,0,1
decode,31,201,196,0,42,0,1
decode,31,202,197,0,42,0,1
decode,31,203,198,0,42,0,1
decode,31,204,199,0,42,0,1
decode,31,205,200,0,42,0,1
decode,31,206,201,0,42,0,1
decode,31,207,202,0,42,0,1
decode,31,208,205,0,42,0,1
decode,31,209,206,0,42,0,1
decode,31,210,207,0,42,0,1
decode,31,211,208,0,42,0,1
decode,31,212,209,0,42,0,1
decode,31,213,210,0,42,0,1
decode,31,214,211,0,42,0,1
decode,31,215,213,0,42,0,1
decode,31,216,214,0,42,0,1
decode,31,217,215,0,42,0,1
decode,31,218,216,0,42,0,1
decode,31,219,217,0,42,0,1
decode,31,220,218,0,42,0,1
decode,31,221,219,0,42,0,1
decode,31,222,220,0,42,0,1
decode,31,223,221,0,42,0,1
decode,31,224,222,0,42,0,1
decode,31,225,223,0,42,0,1
decode,31,226,224,0,42,0,1
decode,31,227,225,0,42,0,1
decode,31,228,226,0,42,0,1
decode,31,229,227,0,42,0,1
decode,31,230,228,0,42,0,1
decode,31,231,229,0,42,0,1
decode,31,232,230,0,42,0,1
decode,31,233,231,0,42,0,1
decode,31,234,232,0,42,0,1
decode,31,235,233,0,42,0,1
decode,31,236,234,0,42,0,1
decode,31,237,235,0,42,0,1
decode,31,238,236,0,42,0,1
decode,31,239,237,0,42,0,1
decode,31,240,238,0,42,0,1
decode,31,241,239,0,42,0,1
decode,31,242,240,0,42,0,1
decode,31,243,241,0,42,0,1
decode,31,244,243,0,42,0,1
decode,31,245,244,0,42,0,1
decode,31,246,245,0,42,0,1
decode,31,247,246,0,42,0,1
decode,31,248,247,0,42,0,1
decode,31,249,248,0,42,0,1
decode,31,250,249,0,42,0,1
decode,31,251,250,0,42,0,1
decode,31,252,251,0,42,0,1
decode,31,253,252,0,42,0,1
decode,31,254,253,0,42,0,1
decode,31,255,254,0,42,0,1
decode,31,256,255,0,42,0,1
decode,32,1,193,7,42,0.166666666666667,0.166666666666667
decode,32,2,203,7,42,0.166666666666667,0.333333333333333
decode,32,3,107,6,42,0.142857142857143,0.476190476190476
decode,32,4,17,3,42,0.0714285714285714,0.547619047619048
decode,32,5,82,3,42,0.0714285714285714,0.619047619047619
decode,32,6,133,3,42,0.0714285714285714,0.69047619047619
decode,32,7,136,3,42,0.0714285714285714,0.761904761904762
decode,32,8,175,3,42,0.0714285714285714,0.833333333333333
decode,32,9,117,2,42,0.0476190476190476,0.880952380952381
decode,32,10,131,2,42,0.0476190476190476,0.928571428571428
decode,32,11,214,2,42,0.0476190476190476,0.976190476190476
decode,32,12,143,1,42,0.0238095238095238,1
decode,32,13,0,0,42,0,1
decode,32,14,1,0,42,0,1
decode,32,15,2,0,42,0,1
decode,32,16,3,0,42,0,1
decode,32,17,4,0,42,0,1
decode,32,18,5,0,42,0,1
decode,32,19,6,0,42,0,1
decode,32,20,7,0,42,0,1
decode,32,21,8,0,42,0,1
decode,32,22,9,0,42,0,1
decode,32,23,10,0,42,0,1
decode,32,24,11,0,42,0,1
decode,32,25,12,0,42,0,1
decode,32,26,13,0,42,0,1
decode,32,27,14,0,42,0,1
decode,32,28,15,0,42,0,1
decode,32,29,16,0,42,0,1
decode,32,30,18,0,42,0,1
decode,32,31,19,0,42,0,1
decode,32,32,20,0,42,0,1
decode,32,33,21,0,42,0,1
decode,32,34,22,0,42,0,1
decode,32,35,23,0,42,0,1
decode,32,36,24,0,42,0,1
decode,32,37,25,0,42,0,1
decode,32,38,26,0,42,0,1
decode,32,39,27,0,42,0,1
decode,32,40,28,0,42,0,1
decode,32,41,29,0,42,0,1
decode,32,42,30,0,42,0,1
decode,32,43,31,0,42,0,1
decode,32,44,32,0,42,0,1
decode,32,45,33,0,42,0,1
decode,32,46,34,0,42,0,1
decode,32,47,35,0,42,0,1
decode,32,48,36,0,42,0,1
decode,32,49,37,0,42,0,1
decode,32,50,38,0,42,0,1
decode,32,51,39,0,42,0,1
decode,32,52,40,0,42,0,1
decode,32,53,41,0,42,0,1
decode,32,54,42,0,42,0,1
decode,32,55,43,0,42,0,1
decode,32,56,44,0,42,0,1
decode,32,57,45,0,42,0,1
decode,32,58,46,0,42,0,1
decode,32,59,47,0,42,0,1
decode,32,60,48,0,42,0,1
decode,32,61,49,0,42,0,1
decode,32,62,50,0,42,0,1
decode,32,63,51,0,42,0,1
decode,32,64,52,0,42,0,1
decode,32,65,53,0,42,0,1
decode,32,66,54,0,42,0,1
decode,32,67,55,0,42,0,1
decode,32,68,56,0,42,0,1
decode,32,69,57,0,42,0,1
decode,32,70,58,0,42,0,1
decode,32,71,59,0,42,0,1
decode,32,72,60,0,42,0,1
decode,32,73,61,0,42,0,1
decode,32,74,62,0,42,0,1
decode,32,75,63,0,42,0,1
decode,32,76,64,0,42,0,1
decode,32,77,65,0,42,0,1
decode,32,78,66,0,42,0,1
decode,32,79,67,0,42,0,1
decode,32,80,68,0,42,0,1
decode,32,81,69,0,42,0,1
decode,32,82,70,0,42,0,1
decode,32,83,71,0,42,0,1
decode,32,84,72,0,42,0,1
decode,32,85,73,0,42,0,1
decode,32,86,74,0,42,0,1
decode,32,87,75,0,42,0,1
decode,32,88,76,0,42,0,1
decode,32,89,77,0,42,0,1
decode,32,90,78,0,42,0,1
decode,32,91,79,0,42,0,1
decode,32,92,80,0,42,0,1
decode,32,93,81,0,42,0,1
decode,32,94,83,0,42,0,1
decode,32,95,84,0,42,0,1
decode,32,96,85,0,42,0,1
decode,32,97,86,0,42,0,1
decode,32,98,87,0,42,0,1
decode,32,99,88,0,42,0,1
decode,32,100,89,0,42,0,1
decode,32,101,90,0,42,0,1
decode,32,102,91,0,42,0,1
decode,32,103,92,0,42,0,1
decode,32,104,93,0,42,0,1
decode,32,105,94,0,42,0,1
decode,32,106,95,0,42,0,1
decode,32,107,96,0,42,0,1
decode,32,108,97,0,42,0,1
decode,32,109,98,0,42,0,1
decode,32,110,99,0,42,0,1
decode,32,111,100,0,42,0,1
decode,32,112,101,0,42,0,1
decode,32,113,102,0,42,0,1
decode,32,114,103,0,42,0,1
decode,32,115,104,0,42,0,1
decode,32,116,105,0,42,0,1
decode,32,117,106,0,42,0,1
decode,32,118,108,0,42,0,1
decode,32,119,109,0,42,0,1
decode,32,120,110,0,42,0,1
decode,32,121,111,0,42,0,1
decode,32,122,112,0,42,0,1
decode,32,123,113,0,42,0,1
decode,32,124,114,0,42,0,1
decode,32,125,115,0,42,0,1
decode,32,126,116,0,42,0,1
decode,32,127,118,0,42,0,1
decode,32,128,119,0,42,0,1
decode,32,129,120,0,42,0,1
decode,32,130,121,0,42,0,1
decode,32,131,122,0,42,0,1
decode,32,132,123,0,42,0,1
decode,32,133,124,0,42,0,1
decode,32,134,125,0,42,0,1
decode,32,135,126,0,42,0,1
decode,32,136,127,0,42,0,1
decode,32,137,128,0,42,0,1
decode,32,138,129,0,42,0,1
decode,32,139,130,0,42,0,1
decode,32,140,132,0,42,0,1
decode,32,141,134,0,42,0,1
decode,32,142,135,0,42,0,1
decode,32,143,137,0,42,0,1
decode,32,144,138,0,42,0,1
decode,32,145,139,0,42,0,1
decode,32,146,140,0,42,0,1
decode,32,147,141,0,42,0,1
decode,32,148,142,0,42,0,1
decode,32,149,144,0,42,0,1
decode,32,150,145,0,42,0,1
decode,32,151,146,0,42,0,1
decode,32,152,147,0,42,0,1
decode,32,153,148,0,42,0,1
decode,32,154,149,0,42,0,1
decode,32,155,150,0,42,0,1
decode,32,156,151,0,42,0,1
decode,32,157,152,0,42,0,1
decode,32,158,153,0,42,0,1
decode,32,159,154,0,42,0,1
decode,32,160,155,0,42,0,1
decode,32,161,156,0,42,0,1
decode,32,162,157,0,42,0,1
decode,32,163,158,0,42,0,1
decode,32,164,159,0,42,0,1
decode,32,165,160,0,42,0,1
decode,32,166,161,0,42,0,1
decode,32,167,162,0,42,0,1
decode,32,168,163,0,42,0,1
decode,32,169,164,0,42,0,1
decode,32,170,165,0,42,0,1
decode,32,171,166,0,42,0,1
decode,32,172,167,0,42,0,1
decode,32,173,168,0,42,0,1
decode,32,174,169,0,42,0,1
decode,32,175,170,0,42,0,1
decode,32,176,171,0,42,0,1
decode,32,177,172,0,42,0,1
decode,32,178,173,0,42,0,1
decode,32,179,174,0,42,0,1
decode,32,180,176,0,42,0,1
decode,32,181,177,0,42,0,1
decode,32,182,178,0,42,0,1
decode,32,183,179,0,42,0,1
decode,32,184,180,0,42,0,1
decode,32,185,181,0,42,0,1
decode,32,186,182,0,42,0,1
decode,32,187,183,0,42,0,1
decode,32,188,184,0,42,0,1
decode,32,189,185,0,42,0,1
decode,32,190,186,0,42,0,1
decode,32,191,187,0,42,0,1
decode,32,192,188,0,42,0,1
decode,32,193,189,0,42,0,1
decode,32,194,190,0,42,0,1
decode,32,195,191,0,42,0,1
decode,32,196,192,0,42,0,1
decode,32,197,194,0,42,0,1
decode,32,198,195,0,42,0,1
decode,32,199,196,0,42,0,1
decode,32,200,197,0,42,0,1
decode,32,201,198,0,42,0,1
decode,32,202,199,0,42,0,1
decode,32,203,200,0,42,0,1
decode,32,204,201,0,42,0,1
decode,32,205,202,0,42,0,1
decode,32,206,204,0,42,0,1
decode,32,207,205,0,42,0,1
decode,32,208,206,0,42,0,1
decode,32,209,207,0,42,0,1
decode,32,210,208,0,42,0,1
decode,32,211,209,0,42,0,1
decode,32,212,210,0,42,0,1
decode,32,213,211,0,42,0,1
decode,32,214,212,0,42,0,1
decode,32,215,213,0,42,0,1
decode,32,216,215,0,42,0,1
decode,32,217,216,0,42,0,1
decode,32,218,217,0,42,0,1
decode,32,219,218,0,42,0,1
decode,32,220,219,0,42,0,1
decode,32,221,220,0,42,0,1
decode,32,222,221,0,42,0,1
decode,32,223,222,0,42,0,1
decode,32,224,223,0,42,0,1
decode,32,225,224,0,42,0,1
decode,32,226,225,0,42,0,1
decode,32,227,226,0,42,0,1
decode,32,228,227,0,42,0,1
decode,32,229,228,0,42,0,1
decode,32,230,229,0,42,0,1
decode,32,231,230,0,42,0,1
decode,32,232,231,0,42,0,1
decode,32,233,232,0,42,0,1
decode,32,234,233,0,42,0,1
decode,32,235,234,0,42,0,1
decode,32,236,235,0,42,0,1
decode,32,237,236,0,42,0,1
decode,32,238,237,0,42,0,1
decode,32,239,238,0,42,0,1
decode,32,240,239,0,42,0,1
decode,32,241,240,0,42,0,1
decode,32,242,241,0,42,0,1
decode,32,243,242,0,42,0,1
decode,32,244,243,0,42,0,1
decode,32,245,244,0,42,0,1
decode,32,246,245,0,42,0,1
decode,32,247,246,0,42,0,1
decode,32,248,247,0,42,0,1
decode,32,249,248,0,42,0,1
decode,32,250,249,0,42,0,1
decode,32,251,250,0,42,0,1
decode,32,252,251,0,42,0,1
decode,32,253,252,0,42,0,1
decode,32,254,253,0,42,0,1
decode,32,255,254,0,42,0,1
decode,32,256,255,0,42,0,1
decode,33,1,4,7,42,0.166666666666667,0.166666666666667
decode,33,2,35,7,42,0.166666666666667,0.333333333333333
decode,33,3,200,6,42,0.142857142857143,0.476190476190476
decode,33,4,58,5,42,0.119047619047619,0.595238095238095
decode,33,5,15,4,42,0.0952380952380952,0.69047619047619
decode,33,6,136,3,42,0.0714285714285714,0.761904761904762
decode,33,7,174,2,42,0.0476190476190476,0.80952380952381
decode,33,8,212,2,42,0.0476190476190476,0.857142857142857
decode,33,9,1,1,42,0.0238095238095238,0.880952380952381
decode,33,10,40,1,42,0.0238095238095238,0.904761904761905
decode,33,11,64,1,42,0.0238095238095238,0.928571428571429
decode,33,12,147,1,42,0.0238095238095238,0.952380952380953
decode,33,13,158,1,42,0.0238095238095238,0.976190476190476
decode,33,14,181,1,42,0.0238095238095238,1
decode,33,15,0,0,42,0,1
decode,33,16,2,0,42,0,1
decode,33,17,3,0,42,0,1
decode,33,18,5,0,42,0,1
decode,33,19,6,0,42,0,1
decode,33,20,7,0,42,0,1
decode,33,21,8,0,42,0,1
decode,33,22,9,0,42,0,1
decode,33,23,10,0,42,0,1
decode,33,24,11,0,42,0,1
decode,33,25,12,0,42,0,1
decode,33,26,13,0,42,0,1
decode,33,27,14,0,42,0,1
decode,33,28,16,0,42,0,1
decode,33,29,17,0,42,0,1
decode,33,30,18,0,42,0,1
decode,33,31,19,0,42,0,1
decode,33,32,20,0,42,0,1
decode,33,33,21,0,42,0,1
decode,33,34,22,0,42,0,1
decode,33,35,23,0,42,0,1
decode,33,36,24,0,42,0,1
decode,33,37,25,0,42,0,1
decode,33,38,26,0,42,0,1
decode,33,39,27,0,42,0,1
decode,33,40,28,0,42,0,1
decode,33,41,29,0,42,0,1
decode,33,42,30,0,42,0,1
decode,33,43,31,0,42,0,1
decode,33,44,32,0,42,0,1
decode,33,45,33,0,42,0,1
decode,33,46,34,0,42,0,1
decode,33,47,36,0,42,0,1
decode,33,48,37,0,42,0,1
decode,33,49,38,0,42,0,1
decode,33,50,39,0,42,0,1
decode,33,51,41,0,42,0,1
decode,33,52,42,0,42,0,1
decode,33,53,43,0,42,0,1
decode,33,54,44,0,42,0,1
decode,33,55,45,0,42,0,1
decode,33,56,46,0,42,0,1
decode,33,57,47,0,42,0,1
decode,33,58,48,0,42,0,1
decode,33,59,49,0,42,0,1
decode,33,60,50,0,42,0,1
decode,33,61,51,0,42,0,1
decode,33,62,52,0,42,0,1
decode,33,63,53,0,42,0,1
decode,33,64,54,0,42,0,1
decode,33,65,55,0,42,0,1
decode,33,66,56,0,42,0,1
decode,33,67,57,0,42,0,1
decode,33,68,59,0,42,0,1
decode,33,69,60,0,42,0,1
decode,33,70,61,0,42,0,1
decode,33,71,62,0,42,0,1
decode,33,72,63,0,42,0,1
decode,33,73,65,0,42,0,1
decode,33,74,66,0,42,0,1
decode,33,75,67,0,42,0,1
decode,33,76,68,0,42,0,1
decode,33,77,69,0,42,0,1
decode,33,78,70,0,42,0,1
decode,33,79,71,0,42,0,1
decode,33,80,72,0,42,0,1
decode,33,81,73,0,42,0,1
decode,33,82,74,0,42,0,1
decode,33,83,75,0,42,0,1
decode,33,84,76,0,42,0,1
decode,33,85,77,0,42,0,1
decode,33,86,78,0,42,0,1
decode,33,87,79,0,42,0,1
decode,33,88,80,0,42,0,1
decode,33,89,81,0,42,0,1
decode,33,90,82,0,42,0,1
decode,33,91,83,0,42,0,1
decode,33,92,84,0,42,0,1
decode,33,93,85,0,42,0,1
decode,33,94,86,0,42,0,1
decode,33,95,87,0,42,0,1
decode,33,96,88,0,42,0,1
decode,33,97,89,0,42,0,1
decode,33,98,90,0,42,0,1
decode,33,99,91,0,42,0,1
decode,33,100,92,0,42,0,1
decode,33,101,93,0,42,0,1
decode,33,102,94,0,42,0,1
decode,33,103,95,0,42,0,1
decode,33,104,96,0,42,0,1
decode,33,105,97,0,42,0,1
decode,33,106,98,0,42,0,1
decode,33,107,99,0,42,0,1
decode,33,108,100,0,42,0,1
decode,33,109,101,0,42,0,1
decode,33,110,102,0,42,0,1
decode,33,111,103,0,42,0,1
decode,33,112,104,0,42,0,1
decode,33,113,105,0,42,0,1
decode,33,114,106,0,42,0,1
decode,33,115,107,0,42,0,1
decode,33,116,108,0,42,0,1
decode,33,117,109,0,42,0,1
decode,33,118,110,0,42,0,1
decode,33,119,111,0,42,0,1
decode,33,120,112,0,42,0,1
decode,33,121,113,0,42,0,1
decode,33,122,114,0,42,0,1
decode,33,123,115,0,42,0,1
decode,33,124,116,0,42,0,1
decode,33,125,117,0,42,0,1
decode,33,126,118,0,42,0,1
decode,33,127,119,0,42,0,1
decode,33,128,120,0,42,0,1
decode,33,129,121,0,42,0,1
decode,33,130,122,0,42,0,1
decode,33,131,123,0,42,0,1
decode,33,132,124,0,42,0,1
decode,33,133,125,0,42,0,1
decode,33,134,126,0,42,0,1
decode,33,135,127,0,42,0,1
decode,33,136,128,0,42,0,1
decode,33,137,129,0,42,0,1
decode,33,138,130,0,42,0,1
decode,33,139,131,0,42,0,1
decode,33,140,132,0,42,0,1
decode,33,141,133,0,42,0,1
decode,33,142,134,0,42,0,1
decode,33,143,135,0,42,0,1
decode,33,144,137,0,42,0,1
decode,33,145,138,0,42,0,1
decode,33,146,139,0,42,0,1
decode,33,147,140,0,42,0,1
decode,33,148,141,0,42,0,1
decode,33,149,142,0,42,0,1
decode,33,150,143,0,42,0,1
decode,33,151,144,0,42,0,1
decode,33,152,145,0,42,0,1
decode,33,153,146,0,42,0,1
decode,33,154,148,0,42,0,1
decode,33,155,149,0,42,0,1
decode,33,156,150,0,42,0,1
decode,33,157,151,0,42,0,1
decode,33,158,152,0,42,0,1
decode,33,159,153,0,42,0,1
decode,33,160,154,0,42,0,1
decode,33,161,155,0,42,0,1
decode,33,162,156,0,42,0,1
decode,33,163,157,0,42,0,1
decode,33,164,159,0,42,0,1
decode,33,165,160,0,42,0,1
decode,33,166,161,0,42,0,1
decode,33,167,162,0,42,0,1
decode,33,168,163,0,42,0,1
decode,33,169,164,0,42,0,1
decode,33,170,165,0,42,0,1
decode,33,171,166,0,42,0,1
decode,33,172,167,0,42,0,1
decode,33,173,168,0,42,0,1
decode,33,174,169,0,42,0,1
decode,33,175,170,0,42,0,1
decode,33,176,171,0,42,0,1
decode,33,177,172,0,42,0,1
decode,33,178,173,0,42,0,1
decode,33,179,175,0,42,0,1
decode,33,180,176,0,42,0,1
decode,33,181,177,0,42,0,1
decode,33,182,178,0,42,0,1
decode,33,183,179,0,42,0,1
decode,33,184,180,0,42,0,1
decode,33,185,182,0,42,0,1
decode,33,186,183,0,42,0,1
decode,33,187,184,0,42,0,1
decode,33,188,185,0,42,0,1
decode,33,189,186,0,42,0,1
decode,33,190,187,0,42,0,1
decode,33,191,188,0,42,0,1
decode,33,192,189,0,42,0,1
decode,33,193,190,0,42,0,1
decode,33,194,191,0,42,0,1
decode,33,195,192,0,42,0,1
decode,33,196,193,0,42,0,1
decode,33,197,194,0,42,0,1
decode,33,198,195,0,42,0,1
decode,33,199,196,0,42,0,1
decode,33,200,197,0,42,0,1
decode,33,201,198,0,42,0,1
decode,33,202,199,0,42,0,1
decode,33,203,201,0,42,0,1
decode,33,204,202,0,42,0,1
decode,33,205,203,0,42,0,1
decode,33,206,204,0,42,0,1
decode,33,207,205,0,42,0,1
decode,33,208,206,0,42,0,1
decode,33,209,207,0,42,0,1
decode,33,210,208,0,42,0,1
decode,33,211,209,0,42,0,1
decode,33,212,210,0,42,0,1
decode,33,213,211,0,42,0,1
decode,33,214,213,0,42,0,1
decode,33,215,214,0,42,0,1
decode,33,216,215,0,42,0,1
decode,33,217,216,0,42,0,1
decode,33,218,217,0,42,0,1
decode,33,219,218,0,42,0,1
decode,33,220,219,0,42,0,1
decode,33,221,220,0,42,0,1
decode,33,222,221,0,42,0,1
decode,33,223,222,0,42,0,1
decode,33,224,223,0,42,0,1
decode,33,225,224,0,42,0,1
decode,33,226,225,0,42,0,1
decode,33,227,226,0,42,0,1
decode,33,228,227,0,42,0,1
decode,33,229,228,0,42,0,1
decode,33,230,229,0,42,0,1
decode,33,231,230,0,42,0,1
decode,33,232,231,0,42,0,1
decode,33,233,232,0,42,0,1
decode,33,234,233,0,42,0,1
decode,33,235,234,0,42,0,1
decode,33,236,235,0,42,0,1
decode,33,237,236,0,42,0,1
decode,33,238,237,0,42,0,1
decode,33,239,238,0,42,0,1
decode,33,240,239,0,42,0,1
decode,33,241,240,0,42,0,1
decode,33,242,241,0,42,0,1
decode,33,243,242,0,42,0,1
decode,33,244,243,0,42,0,1
decode,33,245,244,0,42,0,1
decode,33,246,245,0,42,0,1
decode,33,247,246,0,42,0,1
decode,33,248,247,0,42,0,1
decode,33,249,248,0,42,0,1
decode,33,250,249,0,42,0,1
decode,33,251,250,0,42,0,1
decode,33,252,251,0,42,0,1
decode,33,253,252,0,42,0,1
decode,33,254,253,0,42,0,1
decode,33,255,254,0,42,0,1
decode,33,256,255,0,42,0,1
decode,34,1,90,7,42,0.166666666666667,0.166666666666667
decode,34,2,207,7,42,0.166666666666667,0.333333333333333
decode,34,3,85,6,42,0.142857142857143,0.476190476190476
decode,34,4,10,4,42,0.0952380952380952,0.571428571428571
decode,34,5,79,3,42,0.0714285714285714,0.642857142857143
decode,34,6,244,3,42,0.0714285714285714,0.714285714285714
decode,34,7,80,2,42,0.0476190476190476,0.761904761904762
decode,34,8,115,2,42,0.0476190476190476,0.80952380952381
decode,34,9,136,2,42,0.0476190476190476,0.857142857142857
decode,34,10,177,2,42,0.0476190476190476,0.904761904761905
decode,34,11,30,1,42,0.0238095238095238,0.928571428571429
decode,34,12,191,1,42,0.0238095238095238,0.952380952380953
decode,34,13,201,1,42,0.0238095238095238,0.976190476190476
decode,34,14,247,1,42,0.0238095238095238,1
decode,34,15,0,0,42,0,1
decode,34,16,1,0,42,0,1
decode,34,17,2,0,42,0,1
decode,34,18,3,0,42,0,1
decode,34,19,4,0,42,0,1
decode,34,20,5,0,42,0,1
decode,34,21,6,0,42,0,1
decode,34,22,7,0,42,0,1
decode,34,23,8,0,42,0,1
decode,34,24,9,0,42,0,1
decode,34,25,11,0,42,0,1
decode,34,26,12,0,42,0,1
decode,34,27,13,0,42,0,1
decode,34,28,14,0,42,0,1
decode,34,29,15,0,42,0,1
decode,34,30,16,0,42,0,1
decode,34,31,17,0,42,0,1
decode,34,32,18,0,42,0,1
decode,34,33,19,0,42,0,1
decode,34,34,20,0,42,0,1
decode,34,35,21,0,42,0,1
decode,34,36,22,0,42,0,1
decode,34,37,23,0,42,0,1
decode,34,38,24,0,42,0,1
decode,34,39,25,0,42,0,1
decode,34,40,26,0,42,0,1
decode,34,41,27,0,42,0,1
decode,34,42,28,0,42,0,1
decode,34,43,29,0,42,0,1
decode,34,44,31,0,42,0,1
decode,34,45,32,0,42,0,1
decode,34,46,33,0,42,0,1
decode,34,47,34,0,42,0,1
decode,34,48,35,0,42,0,1
decode,34,49,36,0,42,0,1
decode,34,50,37,0,42,0,1
decode,34,51,38,0,42,0,1
decode,34,52,39,0,42,0,1
decode,34,53,40,0,42,0,1
decode,34,54,41,0,42,0,1
decode,34,55,42,0,42,0,1
decode,34,56,43,0,42,0,1
decode,34,57,44,0,42,0,1
decode,34,58,45,0,42,0,1
decode,34,59,46,0,42,0,1
decode,34,60,47,0,42,0,1
decode,34,61,48,0,42,0,1
decode,34,62,49,0,42,0,1
decode,34,63,50,0,42,0,1
decode,34,64,51,0,42,0,1
decode,34,65,52,0,42,0,1
decode,34,66,53,0,42,0,1
decode,34,67,54,0,42,0,1
decode,34,68,55,0,42,0,1
decode,34,69,56,0,42,0,1
decode,34,70,57,0,42,0,1
decode,34,71,58,0,42,0,1
decode,34,72,59,0,42,0,1
decode,34,73,60,0,42,0,1
decode,34,74,61,0,42,0,1
decode,34,75,62,0,42,0,1
decode,34,76,63,0,42,0,1
decode,34,77,64,0,42,0,1
decode,34,78,65,0,42,0,1
decode,34,79,66,0,42,0,1
decode,34,80,67,0,42,0,1
decode,34,81,68,0,42,0,1
decode,34,82,69,0,42,0,1
decode,34,83,70,0,42,0,1
decode,34,84,71,0,42,0,1
decode,34,85,72,0,42,0,1
decode,34,86,73,0,42,0,1
decode,34,87,74,0,42,0,1
decode,34,88,75,0,42,0,1
decode,34,89,76,0,42,0,1
decode,34,90,77,0,42,0,1
decode,34,91,78,0,42,0,1
decode,34,92,81,0,42,0,1
decode,34,93,82,0,42,0,1
decode,34,94,83,0,42,0,1
decode,34,95,84,0,42,0,1
decode,34,96,86,0,42,0,1
decode,34,97,87,0,42,0,1
decode,34,98,88,0,42,0,1
decode,34,99,89,0,42,0,1
decode,34,100,91,0,42,0,1
decode,34,101,92,0,42,0,1
decode,34,102,93,0,42,0,1
decode,34,103,94,0,42,0,1
decode,34,104,95,0,42,0,1
decode,34,105,96,0,42,0,1
decode,34,106,97,0,42,0,1
decode,34,107,98,0,42,0,1
decode,34,108,99,0,42,0,1
decode,34,109,100,0,42,0,1
decode,34,110,101,0,42,0,1
decode,34,111,102,0,42,0,1
decode,34,112,103,0,42,0,1
decode,34,113,104,0,42,0,1
decode,34,114,105,0,42,0,1
decode,34,115,106,0,42,0,1
decode,34,116,107,0,42,0,1
decode,34,117,108,0,42,0,1
decode,34,118,109,0,42,0,1
decode,34,119,110,0,42,0,1
decode,34,120,111,0,42,0,1
decode,34,121,112,0,42,0,1
decode,34,122,113,0,42,0,1
decode,34,123,114,0,42,0,1
decode,34,124,116,0,42,0,1
decode,34,125,117,0,42,0,1
decode,34,126,118,0,42,0,1
decode,34,127,119,0,42,0,1
decode,34,128,120,0,42,0,1
decode,34,129,121,0,42,0,1
decode,34,130,122,0,42,0,1
decode,34,131,123,0,42,0,1
decode,34,132,124,0,42,0,1
decode,34,133,125,0,42,0,1
decode,34,134,126,0,42,0,1
decode,34,135,127,0,42,0,1
decode,34,136,128,0,42,0,1
decode,34,137,129,0,42,0,1
decode,34,138,130,0,42,0,1
decode,34,139,131,0,42,0,1
decode,34,140,132,0,42,0,1
decode,34,141,133,0,42,0,1
decode,34,142,134,0,42,0,1
decode,34,143,135,0,42,0,1
decode,34,144,137,0,42,0,1
decode,34,145,138,0,42,0,1
decode,34,146,139,0,42,0,1
decode,34,147,140,0,42,0,1
decode,34,148,141,0,42,0,1
decode,34,149,142,0,42,0,1
decode,34,150,143,0,42,0,1
decode,34,151,144,0,42,0,1
decode,34,152,145,0,42,0,1
decode,34,153,146,0,42,0,1
decode,34,154,147,0,42,0,1
decode,34,155,148,0,42,0,1
decode,34,156,149,0,42,0,1
decode,34,157,150,0,42,0,1
decode,34,158,151,0,42,0,1
decode,34,159,152,0,42,0,1
decode,34,160,153,0,42,0,1
decode,34,161,154,0,42,0,1
decode,34,162,155,0,42,0,1
decode,34,163,156,0,42,0,1
decode,34,164,157,0,42,0,1
decode,34,165,158,0,42,0,1
decode,34,166,159,0,42,0,1
decode,34,167,160,0,42,0,1
decode,34,168,161,0,42,0,1
decode,34,169,162,0,42,0,1
decode,34,170,163,0,42,0,1
decode,34,171,164,0,42,0,1
decode,34,172,165,0,42,0,1
decode,34,173,166,0,42,0,1
decode,34,174,167,0,42,0,1
decode,34,175,168,0,42,0,1
decode,34,176,169,0,42,0,1
decode,34,177,170,0,42,0,1
decode,34,178,171,0,42,0,1
decode,34,179,172,0,42,0,1
decode,34,180,173,0,42,0,1
decode,34,181,174,0,42,0,1
decode,34,182,175,0,42,0,1
decode,34,183,176,0,42,0,1
decode,34,184,178,0,42,0,1
decode,34,185,179,0,42,0,1
decode,34,186,180,0,42,0,1
decode,34,187,181,0,42,0,1
decode,34,188,182,0,42,0,1
decode,34,189,183,0,42,0,1
decode,34,190,184,0,42,0,1
decode,34,191,185,0,42,0,1
decode,34,192,186,0,42,0,1
decode,34,193,187,0,42,0,1
decode,34,194,188,0,42,0,1
decode,34,195,189,0,42,0,1
decode,34,196,190,0,42,0,1
decode,34,197,192,0,42,0,1
decode,34,198,193,0,42,0,1
decode,34,199,194,0,42,0,1
decode,34,200,195,0,42,0,1
decode,34,201,196,0,42,0,1
decode,34,202,197,0,42,0,1
decode,34,203,198,0,42,0,1
decode,34,204,199,0,42,0,1
decode,34,205,200,0,42,0,1
decode,34,206,202,0,42,0,1
decode,34,207,203,0,42,0,1
decode,34,208,204,0,42,0,1
decode,34,209,205,0,42,0,1
decode,34,210,206,0,42,0,1
decode,34,211,208,0,42,0,1
decode,34,212,209,0,42,0,1
decode,34,213,210,0,42,0,1
decode,34,214,211,0,42,0,1
decode,34,215,212,0,42,0,1
decode,34,216,213,0,42,0,1
decode,34,217,214,0,42,0,1
decode,34,218,215,0,42,0,1
decode,34,219,216,0,42,0,1
decode,34,220,217,0,42,0,1
decode,34,221,218,0,42,0,1
decode,34,222,219,0,42,0,1
decode,34,223,220,0,42,0,1
decode,34,224,221,0,42,0,1
decode,34,225,222,0,42,0,1
decode,34,226,223,0,42,0,1
decode,34,227,224,0,42,0,1
decode,34,228,225,0,42,0,1
decode,34,229,226,0,42,0,1
decode,34,230,227,0,42,0,1
decode,34,231,228,0,42,0,1
decode,34,232,229,0,42,0,1
decode,34,233,230,0,42,0,1
decode,34,234,231,0,42,0,1
decode,34,235,232,0,42,0,1
decode,34,236,233,0,42,0,1
decode,34,237,234,0,42,0,1
decode,34,238,235,0,42,0,1
decode,34,239,236,0,42,0,1
decode,34,240,237,0,42,0,1
decode,34,241,238,0,42,0,1
decode,34,242,239,0,42,0,1
decode,34,243,240,0,42,0,1
decode,34,244,241,0,42,0,1
decode,34,245,242,0,42,0,1
decode,34,246,243,0,42,0,1
decode,34,247,245,0,42,0,1
decode,34,248,246,0,42,0,1
decode,34,249,248,0,42,0,1
decode,34,250,249,0,42,0,1
decode,34,251,250,0,42,0,1
decode,34,252,251,0,42,0,1
decode,34,253,252,0,42,0,1
decode,34,254,253,0,42,0,1
decode,34,255,254,0,42,0,1
decode,34,256,255,0,42,0,1
decode,35,1,164,7,42,0.166666666666667,0.166666666666667
decode,35,2,174,7,42,0.166666666666667,0.333333333333333
decode,35,3,73,6,42,0.142857142857143,0.476190476190476
decode,35,4,199,5,42,0.119047619047619,0.595238095238095
decode,35,5,216,5,42,0.119047619047619,0.714285714285714
decode,35,6,71,4,42,0.0952380952380952,0.80952380952381
decode,35,7,99,2,42,0.0476190476190476,0.857142857142857
decode,35,8,161,2,42,0.0476190476190476,0.904761904761905
decode,35,9,227,2,42,0.0476190476190476,0.952380952380953
decode,35,10,37,1,42,0.0238095238095238,0.976190476190476
decode,35,11,178,1,42,0.0238095238095238,1
decode,35,12,0,0,42,0,1
decode,35,13,1,0,42,0,1
decode,35,14,2,0,42,0,1
decode,35,15,3,0,42,0,1
decode,35,16,4,0,42,0,1
decode,35,17,5,0,42,0,1
decode,35,18,6,0,42,0,1
decode,35,19,7,0,42,0,1
decode,35,20,8,0,42,0,1
decode,35,21,9,0,42,0,1
decode,35,22,10,0,42,0,1
decode,35,23,11,0,42,0,1
decode,35,24,12,0,42,0,1
decode,35,25,13,0,42,0,1
decode,35,26,14,0,42,0,1
decode,35,27,15,0,42,0,1
decode,35,28,16,0,42,0,1
decode,35,29,17,0,42,0,1
decode,35,30,18,0,42,0,1
decode,35,31,19,0,42,0,1
decode,35,32,20,0,42,0,1
decode,35,33,21,0,42,0,1
decode,35,34,22,0,42,0,1
decode,35,35,23,0,42,0,1
decode,35,36,24,0,42,0,1
decode,35,37,25,0,42,0,1
decode,35,38,26,0,42,0,1
decode,35,39,27,0,42,0,1
decode,35,40,28,0,42,0,1
decode,35,41,29,0,42,0,1
decode,35,42,30,0,42,0,1
decode,35,43,31,0,42,0,1
decode,35,44,32,0,42,0,1
decode,35,45,33,0,42,0,1
decode,35,46,34,0,42,0,1
decode,35,47,35,0,42,0,1
decode,35,48,36,0,42,0,1
decode,35,49,38,0,42,0,1
decode,35,50,39,0,42,0,1
decode,35,51,40,0,42,0,1
decode,35,52,41,0,42,0,1
decode,35,53,42,0,42,0,1
decode,35,54,43,0,42,0,1
decode,35,55,44,0,42,0,1
decode,35,56,45,0,42,0,1
decode,35,57,46,0,42,0,1
decode,35,58,47,0,42,0,1
decode,35,59,48,0,42,0,1
decode,35,60,49,0,42,0,1
decode,35,61,50,0,42,0,1
decode,35,62,51,0,42,0,1
decode,35,63,52,0,42,0,1
decode,35,64,53,0,42,0,1
decode,35,65,54,0,42,0,1
decode,35,66,55,0,42,0,1
decode,35,67,56,0,42,0,1
decode,35,68,57,0,42,0,1
decode,35,69,58,0,42,0,1
decode,35,70,59,0,42,0,1
decode,35,71,60,0,42,0,1
decode,35,72,61,0,42,0,1
decode,35,73,62,0,42,0,1
decode,35,74,63,0,42,0,1
decode,35,75,64,0,42,0,1
decode,35,76,65,0,42,0,1
decode,35,77,66,0,42,0,1
decode,35,78,67,0,42,0,1
decode,35,79,68,0,42,0,1
decode,35,80,69,0,42,0,1
decode,35,81,70,0,42,0,1
decode,35,82,72,0,42,0,1
decode,35,83,74,0,42,0,1
decode,35,84,75,0,42,0,1
decode,35,85,76,0,42,0,1
decode,35,86,77,0,42,0,1
decode,35,87,78,0,42,0,1
decode,35,88,79,0,42,0,1
decode,35,89,80,0,42,0,1
decode,35,90,81,0,42,0,1
decode,35,91,82,0,42,0,1
decode,35,92,83,0,42,0,1
decode,35,93,84,0,42,0,1
decode,35,94,85,0,42,0,1
decode,35,95,86,0,42,0,1
decode,35,96,87,0,42,0,1
decode,35,97,88,0,42,0,1
decode,35,98,89,0,42,0,1
decode,35,99,90,0,42,0,1
decode,35,100,91,0,42,0,1
decode,35,101,92,0,42,0,1
decode,35,102,93,0,42,0,1
decode,35,103,94,0,42,0,1
decode,35,104,95,0,42,0,1
decode,35,105,96,0,42,0,1
decode,35,106,97,0,42,0,1
decode,35,107,98,0,42,0,1
decode,35,108,100,0,42,0,1
decode,35,109,101,0,42,0,1
decode,35,110,102,0,42,0,1
decode,35,111,103,0,42,0,1
decode,35,112,104,0,42,0,1
decode,35,113,105,0,42,0,1
decode,35,114,106,0,42,0,1
decode,35,115,107,0,42,0,1
decode,35,116,108,0,42,0,1
decode,35,117,109,0,42,0,1
decode,35,118,110,0,42,0,1
decode,35,119,111,0,42,0,1
decode,35,120,112,0,42,0,1
decode,35,121,113,0,42,0,1
decode,35,122,114,0,42,0,1
decode,35,123,115,0,42,0,1
decode,35,124,116,0,42,0,1
decode,35,125,117,0,42,0,1
decode,35,126,118,0,42,0,1
decode,35,127,119,0,42,0,1
decode,35,128,120,0,42,0,1
decode,35,129,121,0,42,0,1
decode,35,130,122,0,42,0,1
decode,35,131,123,0,42,0,1
decode,35,132,124,0,42,0,1
decode,35,133,125,0,42,0,1
decode,35,134,126,0,42,0,1
decode,35,135,127,0,42,0,1
decode,35,136,128,0,42,0,1
decode,35,137,129,0,42,0,1
decode,35,138,130,0,42,0,1
decode,35,139,131,0,42,0,1
decode,35,140,132,0,42,0,1
decode,35,141,133,0,42,0,1
decode,35,142,134,0,42,0,1
decode,35,143,135,0,42,0,1
decode,35,144,136,0,42,0,1
decode,35,145,137,0,42,0,1
decode,35,146,138,0,42,0,1
decode,35,147,139,0,42,0,1
decode,35,148,140,0,42,0,1
decode,35,149,141,0,42,0,1
decode,35,150,142,0,42,0,1
decode,35,151,143,0,42,0,1
decode,35,152,144,0,42,0,1
decode,35,153,145,0,42,0,1
decode,35,154,146,0,42,0,1
decode,35,155,147,0,42,0,1
decode,35,156,148,0,42,0,1
decode,35,157,149,0,42,0,1
decode,35,158,150,0,42,0,1
decode,35,159,151,0,42,0,1
decode,35,160,152,0,42,0,1
decode,35,161,153,0,42,0,1
decode,35,162,154,0,42,0,1
decode,35,163,155,0,42,0,1
decode,35,164,156,0,42,0,1
decode,35,165,157,0,42,0,1
decode,35,166,158,0,42,0,1
decode,35,167,159,0,42,0,1
decode,35,168,160,0,42,0,1
decode,35,169,162,0,42,0,1
decode,35,170,163,0,42,0,1
decode,35,171,165,0,42,0,1
decode,35,172,166,0,42,0,1
decode,35,173,167,0,42,0,1
decode,35,174,168,0,42,0,1
decode,35,175,169,0,42,0,1
decode,35,176,170,0,42,0,1
decode,35,177,171,0,42,0,1
decode,35,178,172,0,42,0,1
decode,35,179,173,0,42,0,1
decode,35,180,175,0,42,0,1
decode,35,181,176,0,42,0,1
decode,35,182,177,0,42,0,1
decode,35,183,179,0,42,0,1
decode,35,184,180,0,42,0,1
decode,35,185,181,0,42,0,1
decode,35,186,182,0,42,0,1
decode,35,187,183,0,42,0,1
decode,35,188,184,0,42,0,1
decode,35,189,185,0,42,0,1
decode,35,190,186,0,42,0,1
decode,35,191,187,0,42,0,1
decode,35,192,188,0,42,0,1
decode,35,193,189,0,42,0,1
decode,35,194,190,0,42,0,1
decode,35,195,191,0,42,0,1
decode,35,196,192,0,42,0,1
decode,35,197,193,0,42,0,1
decode,35,198,194,0,42,0,1
decode,35,199,195,0,42,0,1
decode,35,200,196,0,42,0,1
decode,35,201,197,0,42,0,1
decode,35,202,198,0,42,0,1
decode,35,203,200,0,42,0,1
decode,35,204,201,0,42,0,1
decode,35,205,202,0,42,0,1
decode,35,206,203,0,42,0,1
decode,35,207,204,0,42,0,1
decode,35,208,205,0,42,0,1
decode,35,209,206,0,42,0,1
decode,35,210,207,0,42,0,1
decode,35,211,208,0,42,0,1
decode,35,212,209,0,42,0,1
decode,35,213,210,0,42,0,1
decode,35,214,211,0,42,0,1
decode,35,215,212,0,42,0,1
decode,35,216,213,0,42,0,1
decode,35,217,214,0,42,0,1
decode,35,218,215,0,42,0,1
decode,35,219,217,0,42,0,1
decode,35,220,218,0,42,0,1
decode,35,221,219,0,42,0,1
decode,35,222,220,0,42,0,1
decode,35,223,221,0,42,0,1
decode,35,224,222,0,42,0,1
decode,35,225,223,0,42,0,1
decode,35,226,224,0,42,0,1
decode,35,227,225,0,42,0,1
decode,35,228,226,0,42,0,1
decode,35,229,228,0,42,0,1
decode,35,230,229,0,42,0,1
decode,35,231,230,0,42,0,1
decode,35,232,231,0,42,0,1
decode,35,233,232,0,42,0,1
decode,35,234,233,0,42,0,1
decode,35,235,234,0,42,0,1
decode,35,236,235,0,42,0,1
decode,35,237,236,0,42,0,1
decode,35,238,237,0,42,0,1
decode,35,239,238,0,42,0,1
decode,35,240,239,0,42,0,1
decode,35,241,240,0,42,0,1
decode,35,242,241,0,42,0,1
decode,35,243,242,0,42,0,1
decode,35,244,243,0,42,0,1
decode,35,245,244,0,42,0,1
decode,35,246,245,0,42,0,1
decode,35,247,246,0,42,0,1
decode,35,248,247,0,42,0,1
decode,35,249,248,0,42,0,1
decode,35,250,249,0,42,0,1
decode,35,251,250,0,42,0,1
decode,35,252,251,0,42,0,1
decode,35,253,252,0,42,0,1
decode,35,254,253,0,42,0,1
decode,35,255,254,0,42,0,1
decode,35,256,255,0,42,0,1
decode,36,1,144,7,42,0.166666666666667,0.166666666666667
decode,36,2,172,7,42,0.166666666666667,0.333333333333333
decode,36,3,233,7,42,0.166666666666667,0.5
decode,36,4,223,6,42,0.142857142857143,0.642857142857143
decode,36,5,18,4,42,0.0952380952380952,0.738095238095238
decode,36,6,28,3,42,0.0714285714285714,0.809523809523809
decode,36,7,128,2,42,0.0476190476190476,0.857142857142857
decode,36,8,53,1,42,0.0238095238095238,0.880952380952381
decode,36,9,55,1,42,0.0238095238095238,0.904761904761905
decode,36,10,71,1,42,0.0238095238095238,0.928571428571428
decode,36,11,103,1,42,0.0238095238095238,0.952380952380952
decode,36,12,116,1,42,0.0238095238095238,0.976190476190476
decode,36,13,225,1,42,0.0238095238095238,1
decode,36,14,0,0,42,0,1
decode,36,15,1,0,42,0,1
decode,36,16,2,0,42,0,1
decode,36,17,3,0,42,0,1
decode,36,18,4,0,42,0,1
decode,36,19,5,0,42,0,1
decode,36,20,6,0,42,0,1
decode,36,21,7,0,42,0,1
decode,36,22,8,0,42,0,1
decode,36,23,9,0,42,0,1
decode,36,24,10,0,42,0,1
decode,36,25,11,0,42,0,1
decode,36,26,12,0,42,0,1
decode,36,27,13,0,42,0,1
decode,36,28,14,0,42,0,1
decode,36,29,15,0,42,0,1
decode,36,30,16,0,42,0,1
decode,36,31,17,0,42,0,1
decode,36,32,19,0,42,0,1
decode,36,33,20,0,42,0,1
decode,36,34,21,0,42,0,1
decode,36,35,22,0,42,0,1
decode,36,36,23,0,42,0,1
decode,36,37,24,0,42,0,1
decode,36,38,25,0,42,0,1
decode,36,39,26,0,42,0,1
decode,36,40,27,0,42,0,1
decode,36,41,29,0,42,0,1
decode,36,42,30,0,42,0,1
decode,36,43,31,0,42,0,1
decode,36,44,32,0,42,0,1
decode,36,45,33,0,42,0,1
decode,36,46,34,0,42,0,1
decode,36,47,35,0,42,0,1
decode,36,48,36,0,42,0,1
decode,36,49,37,0,42,0,1
decode,36,50,38,0,42,0,1
decode,36,51,39,0,42,0,1
decode,36,52,40,0,42,0,1
decode,36,53,41,0,42,0,1
decode,36,54,42,0,42,0,1
decode,36,55,43,0,42,0,1
decode,36,56,44,0,42,0,1
decode,36,57,45,0,42,0,1
decode,36,58,46,0,42,0,1
decode,36,59,47,0,42,0,1
decode,36,60,48,0,42,0,1
decode,36,61,49,0,42,0,1
decode,36,62,50,0,42,0,1
decode,36,63,51,0,42,0,1
decode,36,64,52,0,42,0,1
decode,36,65,54,0,42,0,1
decode,36,66,56,0,42,0,1
decode,36,67,57,0,42,0,1
decode,36,68,58,0,42,0,1
decode,36,69,59,0,42,0,1
decode,36,70,60,0,42,0,1
decode,36,71,61,0,42,0,1
decode,36,72,62,0,42,0,1
decode,36,73,63,0,42,0,1
decode,36,74,64,0,42,0,1
decode,36,75,65,0,42,0,1
decode,36,76,66,0,42,0,1
decode,36,77,67,0,42,0,1
decode,36,78,68,0,42,0,1
decode,36,79,69,0,42,0,1
decode,36,80,70,0,42,0,1
decode,36,81,72,0,42,0,1
decode,36,82,73,0,42,0,1
decode,36,83,74,0,42,0,1
decode,36,84,75,0,42,0,1
decode,36,85,76,0,42,0,1
decode,36,86,77,0,42,0,1
decode,36,87,78,0,42,0,1
decode,36,88,79,0,42,0,1
decode,36,89,80,0,42,0,1
decode,36,90,81,0,42,0,1
decode,36,91,82,0,42,0,1
decode,36,92,83,0,42,0,1
decode,36,93,84,0,42,0,1
decode,36,94,85,0,42,0,1
decode,36,95,86,0,42,0,1
decode,36,96,87,0,42,0,1
decode,36,97,88,0,42,0,1
decode,36,98,89,0,42,0,1
decode,36,99,90,0,42,0,1
decode,36,100,91,0,42,0,1
decode,36,101,92,0,42,0,1
decode,36,102,93,0,42,0,1
decode,36,103,94,0,42,0,1
decode,36,104,95,0,42,0,1
decode,36,105,96,0,42,0,1
decode,36,106,97,0,42,0,1
decode,36,107,98,0,42,0,1
decode,36,108,99,0,42,0,1
decode,36,109,100,0,42,0,1
decode,36,110,101,0,42,0,1
decode,36,111,102,0,42,0,1
decode,36,112,104,0,42,0,1
decode,36,113,105,0,42,0,1
decode,36,114,106,0,42,0,1
decode,36,115,107,0,42,0,1
decode,36,116,108,0,42,0,1
decode,36,117,109,0,42,0,1
decode,36,118,110,0,42,0,1
decode,36,119,111,0,42,0,1
decode,36,120,112,0,42,0,1
decode,36,121,113,0,42,0,1
decode,36,122,114,0,42,0,1
decode,36,123,115,0,42,0,1
decode,36,124,117,0,42,0,1
decode,36,125,118,0,42,0,1
decode,36,126,119,0,42,0,1
decode,36,127,120,0,42,0,1
decode,36,128,121,0,42,0,1
decode,36,129,122,0,42,0,1
decode,36,130,123,0,42,0,1
decode,36,131,124,0,42,0,1
decode,36,132,125,0,42,0,1
decode,36,133,126,0,42,0,1
decode,36,134,127,0,42,0,1
decode,36,135,129,0,42,0,1
decode,36,136,130,0,42,0,1
decode,36,137,131,0,42,0,1
decode,36,138,132,0,42,0,1
decode,36,139,133,0,42,0,1
decode,36,140,134,0,42,0,1
decode,36,141,135,0,42,0,1
decode,36,142,136,0,42,0,1
decode,36,143,137,0,42,0,1
decode,36,144,138,0,42,0,1
decode,36,145,139,0,42,0,1
decode,36,146,140,0,42,0,1
decode,36,147,141,0,42,0,1
decode,36,148,142,0,42,0,1
decode,36,149,143,0,42,0,1
decode,36,150,145,0,42,0,1
decode,36,151,146,0,42,0,1
decode,36,152,147,0,42,0,1
decode,36,153,148,0,42,0,1
decode,36,154,149,0,42,0,1
decode,36,155,150,0,42,0,1
decode,36,156,151,0,42,0,1
decode,36,157,152,0,42,0,1
decode,36,158,153,0,42,0,1
decode,36,159,154,0,42,0,1
decode,36,160,155,0,42,0,1
decode,36,161,156,0,42,0,1
decode,36,162,157,0,42,0,1
decode,36,163,158,0,42,0,1
decode,36,164,159,0,42,0,1
decode,36,165,160,0,42,0,1
decode,36,166,161,0,42,0,1
decode,36,167,162,0,42,0,1
decode,36,168,163,0,42,0,1
decode,36,169,164,0,42,0,1
decode,36,170,165,0,42,0,1
decode,36,171,166,0,42,0,1
decode,36,172,167,0,42,0,1
decode,36,173,168,0,42,0,1
decode,36,174,169,0,42,0,1
decode,36,175,170,0,42,0,1
decode,36,176,171,0,42,0,1
decode,36,177,173,0,42,0,1
decode,36,178,174,0,42,0,1
decode,36,179,175,0,42,0,1
decode,36,180,176,0,42,0,1
decode,36,181,177,0,42,0,1
decode,36,182,178,0,42,0,1
decode,36,183,179,0,42,0,1
decode,36,184,180,0,42,0,1
decode,36,185,181,0,42,0,1
decode,36,186,182,0,42,0,1
decode,36,187,183,0,42,0,1
decode,36,188,184,0,42,0,1
decode,36,189,185,0,42,0,1
decode,36,190,186,0,42,0,1
decode,36,191,187,0,42,0,1
decode,36,192,188,0,42,0,1
decode,36,193,189,0,42,0,1
decode,36,194,190,0,42,0,1
decode,36,195,191,0,42,0,1
decode,36,196,192,0,42,0,1
decode,36,197,193,0,42,0,1
decode,36,198,194,0,42,0,1
decode,36,199,195,0,42,0,1
decode,36,200,196,0,42,0,1
decode,36,201,197,0,42,0,1
decode,36,202,198,0,42,0,1
decode,36,203,199,0,42,0,1
decode,36,204,200,0,42,0,1
decode,36,205,201,0,42,0,1
decode,36,206,202,0,42,0,1
decode,36,207,203,0,42,0,1
decode,36,208,204,0,42,0,1
decode,36,209,205,0,42,0,1
decode,36,210,206,0,42,0,1
decode,36,211,207,0,42,0,1
decode,36,212,208,0,42,0,1
decode,36,213,209,0,42,0,1
decode,36,214,210,0,42,0,1
decode,36,215,211,0,42,0,1
decode,36,216,212,0,42,0,1
decode,36,217,213,0,42,0,1
decode,36,218,214,0,42,0,1
decode,36,219,215,0,42,0,1
decode,36,220,216,0,42,0,1
decode,36,221,217,0,42,0,1
decode,36,222,218,0,42,0,1
decode,36,223,219,0,42,0,1
decode,36,224,220,0,42,0,1
decode,36,225,221,0,42,0,1
decode,36,226,222,0,42,0,1
decode,36,227,224,0,42,0,1
decode,36,228,226,0,42,0,1
decode,36,229,227,0,42,0,1
decode,36,230,228,0,42,0,1
decode,36,231,229,0,42,0,1
decode,36,232,230,0,42,0,1
decode,36,233,231,0,42,0,1
decode,36,234,232,0,42,0,1
decode,36,235,234,0,42,0,1
decode,36,236,235,0,42,0,1
decode,36,237,236,0,42,0,1
decode,36,238,237,0,42,0,1
decode,36,239,238,0,42,0,1
decode,36,240,239,0,42,0,1
decode,36,241,240,0,42,0,1
decode,36,242,241,0,42,0,1
decode,36,243,242,0,42,0,1
decode,36,244,243,0,42,0,1
decode,36,245,244,0,42,0,1
decode,36,246,245,0,42,0,1
decode,36,247,246,0,42,0,1
decode,36,248,247,0,42,0,1
decode,36,249,248,0,42,0,1
decode,36,250,249,0,42,0,1
decode,36,251,250,0,42,0,1
decode,36,252,251,0,42,0,1
decode,36,253,252,0,42,0,1
decode,36,254,253,0,42,0,1
decode,36,255,254,0,42,0,1
decode,36,256,255,0,42,0,1
decode,37,1,38,7,42,0.166666666666667,0.166666666666667
decode,37,2,56,7,42,0.166666666666667,0.333333333333333
decode,37,3,29,4,42,0.0952380952380952,0.428571428571429
decode,37,4,233,4,42,0.0952380952380952,0.523809523809524
decode,37,5,31,3,42,0.0714285714285714,0.595238095238095
decode,37,6,74,3,42,0.0714285714285714,0.666666666666667
decode,37,7,148,3,42,0.0714285714285714,0.738095238095238
decode,37,8,234,3,42,0.0714285714285714,0.809523809523809
decode,37,9,76,2,42,0.0476190476190476,0.857142857142857
decode,37,10,106,2,42,0.0476190476190476,0.904761904761905
decode,37,11,131,2,42,0.0476190476190476,0.952380952380952
decode,37,12,33,1,42,0.0238095238095238,0.976190476190476
decode,37,13,193,1,42,0.0238095238095238,1
decode,37,14,0,0,42,0,1
decode,37,15,1,0,42,0,1
decode,37,16,2,0,42,0,1
decode,37,17,3,0,42,0,1
decode,37,18,4,0,42,0,1
decode,37,19,5,0,42,0,1
decode,37,20,6,0,42,0,1
decode,37,21,7,0,42,0,1
decode,37,22,8,0,42,0,1
decode,37,23,9,0,42,0,1
decode,37,24,10,0,42,0,1
decode,37,25,11,0,42,0,1
decode,37,26,12,0,42,0,1
decode,37,27,13,0,42,0,1
decode,37,28,14,0,42,0,1
decode,37,29,15,0,42,0,1
decode,37,30,16,0,42,0,1
decode,37,31,17,0,42,0,1
decode,37,32,18,0,42,0,1
decode,37,33,19,0,42,0,1
decode,37,34,20,0,42,0,1
decode,37,35,21,0,42,0,1
decode,37,36,22,0,42,0,1
decode,37,37,23,0,42,0,1
decode,37,38,24,0,42,0,1
decode,37,39,25,0,42,0,1
decode,37,40,26,0,42,0,1
decode,37,41,27,0,42,0,1
decode,37,42,28,0,42,0,1
decode,37,43,30,0,42,0,1
decode,37,44,32,0,42,0,1
decode,37,45,34,0,42,0,1
decode,37,46,35,0,42,0,1
decode,37,47,36,0,42,0,1
decode,37,48,37,0,42,0,1
decode,37,49,39,0,42,0,1
decode,37,50,40,0,42,0,1
decode,37,51,41,0,42,0,1
decode,37,52,42,0,42,0,1
decode,37,53,43,0,42,0,1
decode,37,54,44,0,42,0,1
decode,37,55,45,0,42,0,1
decode,37,56,46,0,42,0,1
decode,37,57,47,0,42,0,1
decode,37,58,48,0,42,0,1
decode,37,59,49,0,42,0,1
decode,37,60,50,0,42,0,1
decode,37,61,51,0,42,0,1
decode,37,62,52,0,42,0,1
decode,37,63,53,0,42,0,1
decode,37,64,54,0,42,0,1
decode,37,65,55,0,42,0,1
decode,37,66,57,0,42,0,1
decode,37,67,58,0,42,0,1
decode,37,68,59,0,42,0,1
decode,37,69,60,0,42,0,1
decode,37,70,61,0,42,0,1
decode,37,71,62,0,42,0,1
decode,37,72,63,0,42,0,1
decode,37,73,64,0,42,0,1
decode,37,74,65,0,42,0,1
decode,37,75,66,0,42,0,1
decode,37,76,67,0,42,0,1
decode,37,77,68,0,42,0,1
decode,37,78,69,0,42,0,1
decode,37,79,70,0,42,0,1
decode,37,80,71,0,42,0,1
decode,37,81,72,0,42,0,1
decode,37,82,73,0,42,0,1
decode,37,83,75,0,42,0,1
decode,37,84,77,0,42,0,1
decode,37,85,78,0,42,0,1
decode,37,86,79,0,42,0,1
decode,37,87,80,0,42,0,1
decode,37,88,81,0,42,0,1
decode,37,89,82,0,42,0,1
decode,37,90,83,0,42,0,1
decode,37,91,84,0,42,0,1
decode,37,92,85,0,42,0,1
decode,37,93,86,0,42,0,1
decode,37,94,87,0,42,0,1
decode,37,95,88,0,42,0,1
decode,37,96,89,0,42,0,1
decode,37,97,90,0,42,0,1
decode,37,98,91,0,42,0,1
decode,37,99,92,0,42,0,1
decode,37,100,93,0,42,0,1
decode,37,101,94,0,42,0,1
decode,37,102,95,0,42,0,1
decode,37,103,96,0,42,0,1
decode,37,104,97,0,42,0,1
decode,37,105,98,0,42,0,1
decode,37,106,99,0,42,0,1
decode,37,107,100,0,42,0,1
decode,37,108,101,0,42,0,1
decode,37,109,102,0,42,0,1
decode,37,110,103,0,42,0,1
decode,37,111,104,0,42,0,1
decode,37,112,105,0,42,0,1
decode,37,113,107,0,42,0,1
decode,37,114,108,0,42,0,1
decode,37,115,109,0,42,0,1
decode,37,116,110,0,42,0,1
decode,37,117,111,0,42,0,1
decode,37,118,112,0,42,0,1
decode,37,119,113,0,42,0,1
decode,37,120,114,0,42,0,1
decode,37,121,115,0,42,0,1
decode,37,122,116,0,42,0,1
decode,37,123,117,0,42,0,1
decode,37,124,118,0,42,0,1
decode,37,125,119,0,42,0,1
decode,37,126,120,0,42,0,1
decode,37,127,121,0,42,0,1
decode,37,128,122,0,42,0,1
decode,37,129,123,0,42,0,1
decode,37,130,124,0,42,0,1
decode,37,131,125,0,42,0,1
decode,37,132,126,0,42,0,1
decode,37,133,127,0,42,0,1
decode,37,134,128,0,42,0,1
decode,37,135,129,0,42,0,1
decode,37,136,130,0,42,0,1
decode,37,137,132,0,42,0,1
decode,37,138,133,0,42,0,1
decode,37,139,134,0,42,0,1
decode,37,140,135,0,42,0,1
decode,37,141,136,0,42,0,1
decode,37,142,137,0,42,0,1
decode,37,143,138,0,42,0,1
decode,37,144,139,0,42,0,1
decode,37,145,140,0,42,0,1
decode,37,146,141,0,42,0,1
decode,37,147,142,0,42,0,1
decode,37,148,143,0,42,0,1
decode,37,149,144,0,42,0,1
decode,37,150,145,0,42,0,1
decode,37,151,146,0,42,0,1
decode,37,152,147,0,42,0,1
decode,37,153,149,0,42,0,1
decode,37,154,150,0,42,0,1
decode,37,155,151,0,42,0,1
decode,37,156,152,0,42,0,1
decode,37,157,153,0,42,0,1
decode,37,158,154,0,42,0,1
decode,37,159,155,0,42,0,1
decode,37,160,156,0,42,0,1
decode,37,161,157,0,42,0,1
decode,37,162,158,0,42,0,1
decode,37,163,159,0,42,0,1
decode,37,164,160,0,42,0,1
decode,37,165,161,0,42,0,1
decode,37,166,162,0,42,0,1
decode,37,167,163,0,42,0,1
decode,37,168,164,0,42,0,1
decode,37,169,165,0,42,0,1
decode,37,170,166,0,42,0,1
decode,37,171,167,0,42,0,1
decode,37,172,168,0,42,0,1
decode,37,173,169,0,42,0,1
decode,37,174,170,0,42,0,1
decode,37,175,171,0,42,0,1
decode,37,176,172,0,42,0,1
decode,37,177,173,0,42,0,1
decode,37,178,174,0,42,0,1
decode,37,179,175,0,42,0,1
decode,37,180,176,0,42,0,1
decode,37,181,177,0,42,0,1
decode,37,182,178,0,42,0,1
decode,37,183,179,0,42,0,1
decode,37,184,180,0,42,0,1
decode,37,185,181,0,42,0,1
decode,37,186,182,0,42,0,1
decode,37,187,183,0,42,0,1
decode,37,188,184,0,42,0,1
decode,37,189,185,0,42,0,1
decode,37,190,186,0,42,0,1
decode,37,191,187,0,42,0,1
decode,37,192,188,0,42,0,1
decode,37,193,189,0,42,0,1
decode,37,194,190,0,42,0,1
decode,37,195,191,0,42,0,1
decode,37,196,192,0,42,0,1
decode,37,197,194,0,42,0,1
decode,37,198,195,0,42,0,1
decode,37,199,196,0,42,0,1
decode,37,200,197,0,42,0,1
decode,37,201,198,0,42,0,1
decode,37,202,199,0,42,0,1
decode,37,203,200,0,42,0,1
decode,37,204,201,0,42,0,1
decode,37,205,202,0,42,0,1
decode,37,206,203,0,42,0,1
decode,37,207,204,0,42,0,1
decode,37,208,205,0,42,0,1
decode,37,209,206,0,42,0,1
decode,37,210,207,0,42,0,1
decode,37,211,208,0,42,0,1
decode,37,212,209,0,42,0,1
decode,37,213,210,0,42,0,1
decode,37,214,211,0,42,0,1
decode,37,215,212,0,42,0,1
decode,37,216,213,0,42,0,1
decode,37,217,214,0,42,0,1
decode,37,218,215,0,42,0,1
decode,37,219,216,0,42,0,1
decode,37,220,217,0,42,0,1
decode,37,221,218,0,42,0,1
decode,37,222,219,0,42,0,1
decode,37,223,220,0,42,0,1
decode,37,224,221,0,42,0,1
decode,37,225,222,0,42,0,1
decode,37,226,223,0,42,0,1
decode,37,227,224,0,42,0,1
decode,37,228,225,0,42,0,1
decode,37,229,226,0,42,0,1
decode,37,230,227,0,42,0,1
decode,37,231,228,0,42,0,1
decode,37,232,229,0,42,0,1
decode,37,233,230,0,42,0,1
decode,37,234,231,0,42,0,1
decode,37,235,232,0,42,0,1
decode,37,236,235,0,42,0,1
decode,37,237,236,0,42,0,1
decode,37,238,237,0,42,0,1
decode,37,239,238,0,42,0,1
decode,37,240,239,0,42,0,1
decode,37,241,240,0,42,0,1
decode,37,242,241,0,42,0,1
decode,37,243,242,0,42,0,1
decode,37,244,243,0,42,0,1
decode,37,245,244,0,42,0,1
decode,37,246,245,0,42,0,1
decode,37,247,246,0,42,0,1
decode,37,248,247,0,42,0,1
decode,37,249,248,0,42,0,1
decode,37,250,249,0,42,0,1
decode,37,251,250,0,42,0,1
decode,37,252,251,0,42,0,1
decode,37,253,252,0,42,0,1
decode,37,254,253,0,42,0,1
decode,37,255,254,0,42,0,1
decode,37,256,255,0,42,0,1
decode,38,1,10,7,42,0.166666666666667,0.166666666666667
decode,38,2,76,5,42,0.119047619047619,0.285714285714286
decode,38,3,127,5,42,0.119047619047619,0.404761904761905
decode,38,4,209,5,42,0.119047619047619,0.523809523809524
decode,38,5,74,4,42,0.0952380952380952,0.619047619047619
decode,38,6,23,3,42,0.0714285714285714,0.69047619047619
decode,38,7,44,3,42,0.0714285714285714,0.761904761904762
decode,38,8,15,2,42,0.0476190476190476,0.80952380952381
decode,38,9,70,2,42,0.0476190476190476,0.857142857142857
decode,38,10,110,2,42,0.0476190476190476,0.904761904761905
decode,38,11,169,2,42,0.0476190476190476,0.952380952380953
decode,38,12,43,1,42,0.0238095238095238,0.976190476190476
decode,38,13,201,1,42,0.0238095238095238,1
decode,38,14,0,0,42,0,1
decode,38,15,1,0,42,0,1
decode,38,16,2,0,42,0,1
decode,38,17,3,0,42,0,1
decode,38,18,4,0,42,0,1
decode,38,19,5,0,42,0,1
decode,38,20,6,0,42,0,1
decode,38,21,7,0,42,0,1
decode,38,22,8,0,42,0,1
decode,38,23,9,0,42,0,1
decode,38,24,11,0,42,0,1
decode,38,25,12,0,42,0,1
decode,38,26,13,0,42,0,1
decode,38,27,14,0,42,0,1
decode,38,28,16,0,42,0,1
decode,38,29,17,0,42,0,1
decode,38,30,18,0,42,0,1
decode,38,31,19,0,42,0,1
decode,38,32,20,0,42,0,1
decode,38,33,21,0,42,0,1
decode,38,34,22,0,42,0,1
decode,38,35,24,0,42,0,1
decode,38,36,25,0,42,0,1
decode,38,37,26,0,42,0,1
decode,38,38,27,0,42,0,1
decode,38,39,28,0,42,0,1
decode,38,40,29,0,42,0,1
decode,38,41,30,0,42,0,1
decode,38,42,31,0,42,0,1
decode,38,43,32,0,42,0,1
decode,38,44,33,0,42,0,1
decode,38,45,34,0,42,0,1
decode,38,46,35,0,42,0,1
decode,38,47,36,0,42,0,1
decode,38,48,37,0,42,0,1
decode,38,49,38,0,42,0,1
decode,38,50,39,0,42,0,1
decode,38,51,40,0,42,0,1
decode,38,52,41,0,42,0,1
decode,38,53,42,0,42,0,1
decode,38,54,45,0,42,0,1
decode,38,55,46,0,42,0,1
decode,38,56,47,0,42,0,1
decode,38,57,48,0,42,0,1
decode,38,58,49,0,42,0,1
decode,38,59,50,0,42,0,1
decode,38,60,51,0,42,0,1
decode,38,61,52,0,42,0,1
decode,38,62,53,0,42,0,1
decode,38,63,54,0,42,0,1
decode,38,64,55,0,42,0,1
decode,38,65,56,0,42,0,1
decode,38,66,57,0,42,0,1
decode,38,67,58,0,42,0,1
decode,38,68,59,0,42,0,1
decode,38,69,60,0,42,0,1
decode,38,70,61,0,42,0,1
decode,38,71,62,0,42,0,1
decode,38,72,63,0,42,0,1
decode,38,73,64,0,42,0,1
decode,38,74,65,0,42,0,1
decode,38,75,66,0,42,0,1
decode,38,76,67,0,42,0,1
decode,38,77,68,0,42,0,1
decode,38,78,69,0,42,0,1
decode,38,79,71,0,42,0,1
decode,38,80,72,0,42,0,1
decode,38,81,73,0,42,0,1
decode,38,82,75,0,42,0,1
decode,38,83,77,0,42,0,1
decode,38,84,78,0,42,0,1
decode,38,85,79,0,42,0,1
decode,38,86,80,0,42,0,1
decode,38,87,81,0,42,0,1
decode,38,88,82,0,42,0,1
decode,38,89,83,0,42,0,1
decode,38,90,84,0,42,0,1
decode,38,91,85,0,42,0,1
decode,38,92,86,0,42,0,1
decode,38,93,87,0,42,0,1
decode,38,94,88,0,42,0,1
decode,38,95,89,0,42,0,1
decode,38,96,90,0,42,0,1
decode,38,97,91,0,42,0,1
decode,38,98,92,0,42,0,1
decode,38,99,93,0,42,0,1
decode,38,100,94,0,42,0,1
decode,38,101,95,0,42,0,1
decode,38,102,96,0,42,0,1
decode,38,103,97,0,42,0,1
decode,38,104,98,0,42,0,1
decode,38,105,99,0,42,0,1
decode,38,106,100,0,42,0,1
decode,38,107,101,0,42,0,1
decode,38,108,102,0,42,0,1
decode,38,109,103,0,42,0,1
decode,38,110,104,0,42,0,1
decode,38,111,105,0,42,0,1
decode,38,112,106,0,42,0,1
decode,38,113,107,0,42,0,1
decode,38,114,108,0,42,0,1
decode,38,115,109,0,42,0,1
decode,38,116,111,0,42,0,1
decode,38,117,112,0,42,0,1
decode,38,118,113,0,42,0,1
decode,38,119,114,0,42,0,1
decode,38,120,115,0,42,0,1
decode,38,121,116,0,42,0,1
decode,38,122,117,0,42,0,1
decode,38,123,118,0,42,0,1
decode,38,124,119,0,42,0,1
decode,38,125,120,0,42,0,1
decode,38,126,121,0,42,0,1
decode,38,127,122,0,42,0,1
decode,38,128,123,0,42,0,1
decode,38,129,124,0,42,0,1
decode,38,130,125,0,42,0,1
decode,38,131,126,0,42,0,1
decode,38,132,128,0,42,0,1
decode,38,133,129,0,42,0,1
decode,38,134,130,0,42,0,1
decode,38,135,131,0,42,0,1
decode,38,136,132,0,42,0,1
decode,38,137,133,0,42,0,1
decode,38,138,134,0,42,0,1
decode,38,139,135,0,42,0,1
decode,38,140,136,0,42,0,1
decode,38,141,137,0,42,0,1
decode,38,142,138,0,42,0,1
decode,38,143,139,0,42,0,1
decode,38,144,140,0,42,0,1
decode,38,145,141,0,42,0,1
decode,38,146,142,0,42,0,1
decode,38,147,143,0,42,0,1
decode,38,148,144,0,42,0,1
decode,38,149,145,0,42,0,1
decode,38,150,146,0,42,0,1
decode,38,151,147,0,42,0,1
decode,38,152,148,0,42,0,1
decode,38,153,149,0,42,0,1
decode,38,154,150,0,42,0,1
decode,38,155,151,0,42,0,1
decode,38,156,152,0,42,0,1
decode,38,157,153,0,42,0,1
decode,38,158,154,0,42,0,1
decode,38,159,155,0,42,0,1
decode,38,160,156,0,42,0,1
decode,38,161,157,0,42,0,1
decode,38,162,158,0,42,0,1
decode,38,163,159,0,42,0,1
decode,38,164,160,0,42,0,1
decode,38,165,161,0,42,0,1
decode,38,166,162,0,42,0,1
decode,38,167,163,0,42,0,1
decode,38,168,164,0,42,0,1
decode,38,169,165,0,42,0,1
decode,38,170,166,0,42,0,1
decode,38,171,167,0,42,0,1
decode,38,172,168,0,42,0,1
decode,38,173,170,0,42,0,1
decode,38,174,171,0,42,0,1
decode,38,175,172,0,42,0,1
decode,38,176,173,0,42,0,1
decode,38,177,174,0,42,0,1
decode,38,178,175,0,42,0,1
decode,38,179,176,0,42,0,1
decode,38,180,177,0,42,0,1
decode,38,181,178,0,42,0,1
decode,38,182,179,0,42,0,1
decode,38,183,180,0,42,0,1
decode,38,184,181,0,42,0,1
decode,38,185,182,0,42,0,1
decode,38,186,183,0,42,0,1
decode,38,187,184,0,42,0,1
decode,38,188,185,0,42,0,1
decode,38,189,186,0,42,0,1
decode,38,190,187,0,42,0,1
decode,38,191,188,0,42,0,1
decode,38,192,189,0,42,0,1
decode,38,193,190,0,42,0,1
decode,38,194,191,0,42,0,1
decode,38,195,192,0,42,0,1
decode,38,196,193,0,42,0,1
decode,38,197,194,0,42,0,1
decode,38,198,195,0,42,0,1
decode,38,199,196,0,42,0,1
decode,38,200,197,0,42,0,1
decode,38,201,198,0,42,0,1
decode,38,202,199,0,42,0,1
decode,38,203,200,0,42,0,1
decode,38,204,202,0,42,0,1
decode,38,205,203,0,42,0,1
decode,38,206,204,0,42,0,1
decode,38,207,205,0,42,0,1
decode,38,208,206,0,42,0,1
decode,38,209,207,0,42,0,1
decode,38,210,208,0,42,0,1
decode,38,211,210,0,42,0,1
decode,38,212,211,0,42,0,1
decode,38,213,212,0,42,0,1
decode,38,214,213,0,42,0,1
decode,38,215,214,0,42,0,1
decode,38,216,215,0,42,0,1
decode,38,217,216,0,42,0,1
decode,38,218,217,0,42,0,1
decode,38,219,218,0,42,0,1
decode,38,220,219,0,42,0,1
decode,38,221,220,0,42,0,1
decode,38,222,221,0,42,0,1
decode,38,223,222,0,42,0,1
decode,38,224,223,0,42,0,1
decode,38,225,224,0,42,0,1
decode,38,226,225,0,42,0,1
decode,38,227,226,0,42,0,1
decode,38,228,227,0,42,0,1
decode,38,229,228,0,42,0,1
decode,38,230,229,0,42,0,1
decode,38,231,230,0,42,0,1
decode,38,232,231,0,42,0,1
decode,38,233,232,0,42,0,1
decode,38,234,233,0,42,0,1
decode,38,235,234,0,42,0,1
decode,38,236,235,0,42,0,1
decode,38,237,236,0,42,0,1
decode,38,238,237,0,42,0,1
decode,38,239,238,0,42,0,1
decode,38,240,239,0,42,0,1
decode,38,241,240,0,42,0,1
decode,38,242,241,0,42,0,1
decode,38,243,242,0,42,0,1
decode,38,244,243,0,42,0,1
decode,38,245,244,0,42,0,1
decode,38,246,245,0,42,0,1
decode,38,247,246,0,42,0,1
decode,38,248,247,0,42,0,1
decode,38,249,248,0,42,0,1
decode,38,250,249,0,42,0,1
decode,38,251,250,0,42,0,1
decode,38,252,251,0,42,0,1
decode,38,253,252,0,42,0,1
decode,38,254,253,0,42,0,1
decode,38,255,254,0,42,0,1
decode,38,256,255,0,42,0,1
decode,39,1,120,7,42,0.166666666666667,0.166666666666667
decode,39,2,183,7,42,0.166666666666667,0.333333333333333
decode,39,3,197,6,42,0.142857142857143,0.476190476190476
decode,39,4,85,5,42,0.119047619047619,0.595238095238095
decode,39,5,220,4,42,0.0952380952380952,0.69047619047619
decode,39,6,38,3,42,0.0714285714285714,0.761904761904762
decode,39,7,221,3,42,0.0714285714285714,0.833333333333333
decode,39,8,106,2,42,0.0476190476190476,0.880952380952381
decode,39,9,170,2,42,0.0476190476190476,0.928571428571429
decode,39,10,182,2,42,0.0476190476190476,0.976190476190476
decode,39,11,190,1,42,0.0238095238095238,1
decode,39,12,0,0,42,0,1
decode,39,13,1,0,42,0,1
decode,39,14,2,0,42,0,1
decode,39,15,3,0,42,0,1
decode,39,16,4,0,42,0,1
decode,39,17,5,0,42,0,1
decode,39,18,6,0,42,0,1
decode,39,19,7,0,42,0,1
decode,39,20,8,0,42,0,1
decode,39,21,9,0,42,0,1
decode,39,22,10,0,42,0,1
decode,39,23,11,0,42,0,1
decode,39,24,12,0,42,0,1
decode,39,25,13,0,42,0,1
decode,39,26,14,0,42,0,1
decode,39,27,15,0,42,0,1
decode,39,28,16,0,42,0,1
decode,39,29,17,0,42,0,1
decode,39,30,18,0,42,0,1
decode,39,31,19,0,42,0,1
decode,39,32,20,0,42,0,1
decode,39,33,21,0,42,0,1
decode,39,34,22,0,42,0,1
decode,39,35,23,0,42,0,1
decode,39,36,24,0,42,0,1
decode,39,37,25,0,42,0,1
decode,39,38,26,0,42,0,1
decode,39,39,27,0,42,0,1
decode,39,40,28,0,42,0,1
decode,39,41,29,0,42,0,1
decode,39,42,30,0,42,0,1
decode,39,43,31,0,42,0,1
decode,39,44,32,0,42,0,1
decode,39,45,33,0,42,0,1
decode,39,46,34,0,42,0,1
decode,39,47,35,0,42,0,1
decode,39,48,36,0,42,0,1
decode,39,49,37,0,42,0,1
decode,39,50,39,0,42,0,1
decode,39,51,40,0,42,0,1
decode,39,52,41,0,42,0,1
decode,39,53,42,0,42,0,1
decode,39,54,43,0,42,0,1
decode,39,55,44,0,42,0,1
decode,39,56,45,0,42,0,1
decode,39,57,46,0,42,0,1
decode,39,58,47,0,42,0,1
decode,39,59,48,0,42,0,1
decode,39,60,49,0,42,0,1
decode,39,61,50,0,42,0,1
decode,39,62,51,0,42,0,1
decode,39,63,52,0,42,0,1
decode,39,64,53,0,42,0,1
decode,39,65,54,0,42,0,1
decode,39,66,55,0,42,0,1
decode,39,67,56,0,42,0,1
decode,39,68,57,0,42,0,1
decode,39,69,58,0,42,0,1
decode,39,70,59,0,42,0,1
decode,39,71,60,0,42,0,1
decode,39,72,61,0,42,0,1
decode,39,73,62,0,42,0,1
decode,39,74,63,0,42,0,1
decode,39,75,64,0,42,0,1
decode,39,76,65,0,42,0,1
decode,39,77,66,0,42,0,1
decode,39,78,67,0,42,0,1
decode,39,79,68,0,42,0,1
decode,39,80,69,0,42,0,1
decode,39,81,70,0,42,0,1
decode,39,82,71,0,42,0,1
decode,39,83,72,0,42,0,1
decode,39,84,73,0,42,0,1
decode,39,85,74,0,42,0,1
decode,39,86,75,0,42,0,1
decode,39,87,76,0,42,0,1
decode,39,88,77,0,42,0,1
decode,39,89,78,0,42,0,1
decode,39,90,79,0,42,0,1
decode,39,91,80,0,42,0,1
decode,39,92,81,0,42,0,1
decode,39,93,82,0,42,0,1
decode,39,94,83,0,42,0,1
decode,39,95,84,0,42,0,1
decode,39,96,86,0,42,0,1
decode,39,97,87,0,42,0,1
decode,39,98,88,0,42,0,1
decode,39,99,89,0,42,0,1
decode,39,100,90,0,42,0,1
decode,39,101,91,0,42,0,1
decode,39,102,92,0,42,0,1
decode,39,103,93,0,42,0,1
decode,39,104,94,0,42,0,1
decode,39,105,95,0,42,0,1
decode,39,106,96,0,42,0,1
decode,39,107,97,0,42,0,1
decode,39,108,98,0,42,0,1
decode,39,109,99,0,42,0,1
decode,39,110,100,0,42,0,1
decode,39,111,101,0,42,0,1
decode,39,112,102,0,42,0,1
decode,39,113,103,0,42,0,1
decode,39,114,104,0,42,0,1
decode,39,115,105,0,42,0,1
decode,39,116,107,0,42,0,1
decode,39,117,108,0,42,0,1
decode,39,118,109,0,42,0,1
decode,39,119,110,0,42,0,1
decode,39,120,111,0,42,0,1
decode,39,121,112,0,42,0,1
decode,39,122,113,0,42,0,1
decode,39,123,114,0,42,0,1
decode,39,124,115,0,42,0,1
decode,39,125,116,0,42,0,1
decode,39,126,117,0,42,0,1
decode,39,127,118,0,42,0,1
decode,39,128,119,0,42,0,1
decode,39,129,121,0,42,0,1
decode,39,130,122,0,42,0,1
decode,39,131,123,0,42,0,1
decode,39,132,124,0,42,0,1
decode,39,133,125,0,42,0,1
decode,39,134,126,0,42,0,1
decode,39,135,127,0,42,0,1
decode,39,136,128,0,42,0,1
decode,39,137,129,0,42,0,1
decode,39,138,130,0,42,0,1
decode,39,139,131,0,42,0,1
decode,39,140,132,0,42,0,1
decode,39,141,133,0,42,0,1
decode,39,142,134,0,42,0,1
decode,39,143,135,0,42,0,1
decode,39,144,136,0,42,0,1
decode,39,145,137,0,42,0,1
decode,39,146,138,0,42,0,1
decode,39,147,139,0,42,0,1
decode,39,148,140,0,42,0,1
decode,39,149,141,0,42,0,1
decode,39,150,142,0,42,0,1
decode,39,151,143,0,42,0,1
decode,39,152,144,0,42,0,1
decode,39,153,145,0,42,0,1
decode,39,154,146,0,42,0,1
decode,39,155,147,0,42,0,1
decode,39,156,148,0,42,0,1
decode,39,157,149,0,42,0,1
decode,39,158,150,0,42,0,1
decode,39,159,151,0,42,0,1
decode,39,160,152,0,42,0,1
decode,39,161,153,0,42,0,1
decode,39,162,154,0,42,0,1
decode,39,163,155,0,42,0,1
decode,39,164,156,0,42,0,1
decode,39,165,157,0,42,0,1
decode,39,166,158,0,42,0,1
decode,39,167,159,0,42,0,1
decode,39,168,160,0,42,0,1
decode,39,169,161,0,42,0,1
decode,39,170,162,0,42,0,1
decode,39,171,163,0,42,0,1
decode,39,172,164,0,42,0,1
decode,39,173,165,0,42,0,1
decode,39,174,166,0,42,0,1
decode,39,175,167,0,42,0,1
decode,39,176,168,0,42,0,1
decode,39,177,169,0,42,0,1
decode,39,178,171,0,42,0,1
decode,39,179,172,0,42,0,1
decode,39,180,173,0,42,0,1
decode,39,181,174,0,42,0,1
decode,39,182,175,0,42,0,1
decode,39,183,176,0,42,0,1
decode,39,184,177,0,42,0,1
decode,39,185,178,0,42,0,1
decode,39,186,179,0,42,0,1
decode,39,187,180,0,42,0,1
decode,39,188,181,0,42,0,1
decode,39,189,184,0,42,0,1
decode,39,190,185,0,42,0,1
decode,39,191,186,0,42,0,1
decode,39,192,187,0,42,0,1
decode,39,193,188,0,42,0,1
decode,39,194,189,0,42,0,1
decode,39,195,191,0,42,0,1
decode,39,196,192,0,42,0,1
decode,39,197,193,0,42,0,1
decode,39,198,194,0,42,0,1
decode,39,199,195,0,42,0,1
decode,39,200,196,0,42,0,1
decode,39,201,198,0,42,0,1
decode,39,202,199,0,42,0,1
decode,39,203,200,0,42,0,1
decode,39,204,201,0,42,0,1
decode,39,205,202,0,42,0,1
decode,39,206,203,0,42,0,1
decode,39,207,204,0,42,0,1
decode,39,208,205,0,42,0,1
decode,39,209,206,0,42,0,1
decode,39,210,207,0,42,0,1
decode,39,211,208,0,42,0,1
decode,39,212,209,0,42,0,1
decode,39,213,210,0,42,0,1
decode,39,214,211,0,42,0,1
decode,39,215,212,0,42,0,1
decode,39,216,213,0,42,0,1
decode,39,217,214,0,42,0,1
decode,39,218,215,0,42,0,1
decode,39,219,216,0,42,0,1
decode,39,220,217,0,42,0,1
decode,39,221,218,0,42,0,1
decode,39,222,219,0,42,0,1
decode,39,223,222,0,42,0,1
decode,39,224,223,0,42,0,1
decode,39,225,224,0,42,0,1
decode,39,226,225,0,42,0,1
decode,39,227,226,0,42,0,1
decode,39,228,227,0,42,0,1
decode,39,229,228,0,42,0,1
decode,39,230,229,0,42,0,1
decode,39,231,230,0,42,0,1
decode,39,232,231,0,42,0,1
decode,39,233,232,0,42,0,1
decode,39,234,233,0,42,0,1
decode,39,235,234,0,42,0,1
decode,39,236,235,0,42,0,1
decode,39,237,236,0,42,0,1
decode,39,238,237,0,42,0,1
decode,39,239,238,0,42,0,1
decode,39,240,239,0,42,0,1
decode,39,241,240,0,42,0,1
decode,39,242,241,0,42,0,1
decode,39,243,242,0,42,0,1
decode,39,244,243,0,42,0,1
decode,39,245,244,0,42,0,1
decode,39,246,245,0,42,0,1
decode,39,247,246,0,42,0,1
decode,39,248,247,0,42,0,1
decode,39,249,248,0,42,0,1
decode,39,250,249,0,42,0,1
decode,39,251,250,0,42,0,1
decode,39,252,251,0,42,0,1
decode,39,253,252,0,42,0,1
decode,39,254,253,0,42,0,1
decode,39,255,254,0,42,0,1
decode,39,256,255,0,42,0,1
decode,40,1,110,7,42,0.166666666666667,0.166666666666667
decode,40,2,145,7,42,0.166666666666667,0.333333333333333
decode,40,3,233,7,42,0.166666666666667,0.5
decode,40,4,26,6,42,0.142857142857143,0.642857142857143
decode,40,5,25,4,42,0.0952380952380952,0.738095238095238
decode,40,6,143,2,42,0.0476190476190476,0.785714285714286
decode,40,7,195,2,42,0.0476190476190476,0.833333333333333
decode,40,8,208,2,42,0.0476190476190476,0.880952380952381
decode,40,9,24,1,42,0.0238095238095238,0.904761904761905
decode,40,10,40,1,42,0.0238095238095238,0.928571428571429
decode,40,11,122,1,42,0.0238095238095238,0.952380952380952
decode,40,12,184,1,42,0.0238095238095238,0.976190476190476
decode,40,13,222,1,42,0.0238095238095238,1
decode,40,14,0,0,42,0,1
decode,40,15,1,0,42,0,1
decode,40,16,2,0,42,0,1
decode,40,17,3,0,42,0,1
decode,40,18,4,0,42,0,1
decode,40,19,5,0,42,0,1
decode,40,20,6,0,42,0,1
decode,40,21,7,0,42,0,1
decode,40,22,8,0,42,0,1
decode,40,23,9,0,42,0,1
decode,40,24,10,0,42,0,1
decode,40,25,11,0,42,0,1
decode,40,26,12,0,42,0,1
decode,40,27,13,0,42,0,1
decode,40,28,14,0,42,0,1
decode,40,29,15,0,42,0,1
decode,40,30,16,0,42,0,1
decode,40,31,17,0,42,0,1
decode,40,32,18,0,42,0,1
decode,40,33,19,0,42,0,1
decode,40,34,20,0,42,0,1
decode,40,35,21,0,42,0,1
decode,40,36,22,0,42,0,1
decode,40,37,23,0,42,0,1
decode,40,38,27,0,42,0,1
decode,40,39,28,0,42,0,1
decode,40,40,29,0,42,0,1
decode,40,41,30,0,42,0,1
decode,40,42,31,0,42,0,1
decode,40,43,32,0,42,0,1
decode,40,44,33,0,42,0,1
decode,40,45,34,0,42,0,1
decode,40,46,35,0,42,0,1
decode,40,47,36,0,42,0,1
decode,40,48,37,0,42,0,1
decode,40,49,38,0,42,0,1
decode,40,50,39,0,42,0,1
decode,40,51,41,0,42,0,1
decode,40,52,42,0,42,0,1
decode,40,53,43,0,42,0,1
decode,40,54,44,0,42,0,1
decode,40,55,45,0,42,0,1
decode,40,56,46,0,42,0,1
decode,40,57,47,0,42,0,1
decode,40,58,48,0,42,0,1
decode,40,59,49,0,42,0,1
decode,40,60,50,0,42,0,1
decode,40,61,51,0,42,0,1
decode,40,62,52,0,42,0,1
decode,40,63,53,0,42,0,1
decode,40,64,54,0,42,0,1
decode,40,65,55,0,42,0,1
decode,40,66,56,0,42,0,1
decode,40,67,57,0,42,0,1
decode,40,68,58,0,42,0,1
decode,40,69,59,0,42,0,1
decode,40,70,60,0,42,0,1
decode,40,71,61,0,42,0,1
decode,40,72,62,0,42,0,1
decode,40,73,63,0,42,0,1
decode,40,74,64,0,42,0,1
decode,40,75,65,0,42,0,1
decode,40,76,66,0,42,0,1
decode,40,77,67,0,42,0,1
decode,40,78,68,0,42,0,1
decode,40,79,69,0,42,0,1
decode,40,80,70,0,42,0,1
decode,40,81,71,0,42,0,1
decode,40,82,72,0,42,0,1
decode,40,83,73,0,42,0,1
decode,40,84,74,0,42,0,1
decode,40,85,75,0,42,0,1
decode,40,86,76,0,42,0,1
decode,40,87,77,0,42,0,1
decode,40,88,78,0,42,0,1
decode,40,89,79,0,42,0,1
decode,40,90,80,0,42,0,1
decode,40,91,81,0,42,0,1
decode,40,92,82,0,42,0,1
decode,40,93,83,0,42,0,1
decode,40,94,84,0,42,0,1
decode,40,95,85,0,42,0,1
decode,40,96,86,0,42,0,1
decode,40,97,87,0,42,0,1
decode,40,98,88,0,42,0,1
decode,40,99,89,0,42,0,1
decode,40,100,90,0,42,0,1
decode,40,101,91,0,42,0,1
decode,40,102,92,0,42,0,1
decode,40,103,93,0,42,0,1
decode,40,104,94,0,42,0,1
decode,40,105,95,0,42,0,1
decode,40,106,96,0,42,0,1
decode,40,107,97,0,42,0,1
decode,40,108,98,0,42,0,1
decode,40,109,99,0,42,0,1
decode,40,110,100,0,42,0,1
decode,40,111,101,0,42,0,1
decode,40,112,102,0,42,0,1
decode,40,113,103,0,42,0,1
decode,40,114,104,0,42,0,1
decode,40,115,105,0,42,0,1
decode,40,116,106,0,42,0,1
decode,40,117,107,0,42,0,1
decode,40,118,108,0,42,0,1
decode,40,119,109,0,42,0,1
decode,40,120,111,0,42,0,1
decode,40,121,112,0,42,0,1
decode,40,122,113,0,42,0,1
decode,40,123,114,0,42,0,1
decode,40,124,115,0,42,0,1
decode,40,125,116,0,42,0,1
decode,40,126,117,0,42,0,1
decode,40,127,118,0,42,0,1
decode,40,128,119,0,42,0,1
decode,40,129,120,0,42,0,1
decode,40,130,121,0,42,0,1
decode,40,131,123,0,42,0,1
decode,40,132,124,0,42,0,1
decode,40,133,125,0,42,0,1
decode,40,134,126,0,42,0,1
decode,40,135,127,0,42,0,1
decode,40,136,128,0,42,0,1
decode,40,137,129,0,42,0,1
decode,40,138,130,0,42,0,1
decode,40,139,131,0,42,0,1
decode,40,140,132,0,42,0,1
decode,40,141,133,0,42,0,1
decode,40,142,134,0,42,0,1
decode,40,143,135,0,42,0,1
decode,40,144,136,0,42,0,1
decode,40,145,137,0,42,0,1
decode,40,146,138,0,42,0,1
decode,40,147,139,0,42,0,1
decode,40,148,140,0,42,0,1
decode,40,149,141,0,42,0,1
decode,40,150,142,0,42,0,1
decode,40,151,144,0,42,0,1
decode,40,152,146,0,42,0,1
decode,40,153,147,0,42,0,1
decode,40,154,148,0,42,0,1
decode,40,155,149,0,42,0,1
decode,40,156,150,0,42,0,1
decode,40,157,151,0,42,0,1
decode,40,158,152,0,42,0,1
decode,40,159,153,0,42,0,1
decode,40,160,154,0,42,0,1
decode,40,161,155,0,42,0,1
decode,40,162,156,0,42,0,1
decode,40,163,157,0,42,0,1
decode,40,164,158,0,42,0,1
decode,40,165,159,0,42,0,1
decode,40,166,160,0,42,0,1
decode,40,167,161,0,42,0,1
decode,40,168,162,0,42,0,1
decode,40,169,163,0,42,0,1
decode,40,170,164,0,42,0,1
decode,40,171,165,0,42,0,1
decode,40,172,166,0,42,0,1
decode,40,173,167,0,42,0,1
decode,40,174,168,0,42,0,1
decode,40,175,169,0,42,0,1
decode,40,176,170,0,42,0,1
decode,40,177,171,0,42,0,1
decode,40,178,172,0,42,0,1
decode,40,179,173,0,42,0,1
decode,40,180,174,0,42,0,1
decode,40,181,175,0,42,0,1
decode,40,182,176,0,42,0,1
decode,40,183,177,0,42,0,1
decode,40,184,178,0,42,0,1
decode,40,185,179,0,42,0,1
decode,40,186,180,0,42,0,1
decode,40,187,181,0,42,0,1
decode,40,188,182,0,42,0,1
decode,40,189,183,0,42,0,1
decode,40,190,185,0,42,0,1
decode,40,191,186,0,42,0,1
decode,40,192,187,0,42,0,1
decode,40,193,188,0,42,0,1
decode,40,194,189,0,42,0,1
decode,40,195,190,0,42,0,1
decode,40,196,191,0,42,0,1
decode,40,197,192,0,42,0,1
decode,40,198,193,0,42,0,1
decode,40,199,194,0,42,0,1
decode,40,200,196,0,42,0,1
decode,40,201,197,0,42,0,1
decode,40,202,198,0,42,0,1
decode,40,203,199,0,42,0,1
decode,40,204,200,0,42,0,1
decode,40,205,201,0,42,0,1
decode,40,206,202,0,42,0,1
decode,40,207,203,0,42,0,1
decode,40,208,204,0,42,0,1
decode,40,209,205,0,42,0,1
decode,40,210,206,0,42,0,1
decode,40,211,207,0,42,0,1
decode,40,212,209,0,42,0,1
decode,40,213,210,0,42,0,1
decode,40,214,211,0,42,0,1
decode,40,215,212,0,42,0,1
decode,40,216,213,0,42,0,1
decode,40,217,214,0,42,0,1
decode,40,218,215,0,42,0,1
decode,40,219,216,0,42,0,1
decode,40,220,217,0,42,0,1
decode,40,221,218,0,42,0,1
decode,40,222,219,0,42,0,1
decode,40,223,220,0,42,0,1
decode,40,224,221,0,42,0,1
decode,40,225,223,0,42,0,1
decode,40,226,224,0,42,0,1
decode,40,227,225,0,42,0,1
decode,40,228,226,0,42,0,1
decode,40,229,227,0,42,0,1
decode,40,230,228,0,42,0,1
decode,40,231,229,0,42,0,1
decode,40,232,230,0,42,0,1
decode,40,233,231,0,42,0,1
decode,40,234,232,0,42,0,1
decode,40,235,234,0,42,0,1
decode,40,236,235,0,42,0,1
decode,40,237,236,0,42,0,1
decode,40,238,237,0,42,0,1
decode,40,239,238,0,42,0,1
decode,40,240,239,0,42,0,1
decode,40,241,240,0,42,0,1
decode,40,242,241,0,42,0,1
decode,40,243,242,0,42,0,1
decode,40,244,243,0,42,0,1
decode,40,245,244,0,42,0,1
decode,40,246,245,0,42,0,1
decode,40,247,246,0,42,0,1
decode,40,248,247,0,42,0,1
decode,40,249,248,0,42,0,1
decode,40,250,249,0,42,0,1
decode,40,251,250,0,42,0,1
decode,40,252,251,0,42,0,1
decode,40,253,252,0,42,0,1
decode,40,254,253,0,42,0,1
decode,40,255,254,0,42,0,1
decode,40,256,255,0,42,0,1
decode,41,1,35,7,42,0.166666666666667,0.166666666666667
decode,41,2,41,7,42,0.166666666666667,0.333333333333333
decode,41,3,132,7,42,0.166666666666667,0.5
decode,41,4,191,5,42,0.119047619047619,0.619047619047619
decode,41,5,59,4,42,0.0952380952380952,0.714285714285714
decode,41,6,130,4,42,0.0952380952380952,0.80952380952381
decode,41,7,153,3,42,0.0714285714285714,0.880952380952381
decode,41,8,8,2,42,0.0476190476190476,0.928571428571429
decode,41,9,78,2,42,0.0476190476190476,0.976190476190476
decode,41,10,243,1,42,0.0238095238095238,1
decode,41,11,0,0,42,0,1
decode,41,12,1,0,42,0,1
decode,41,13,2,0,42,0,1
decode,41,14,3,0,42,0,1
decode,41,15,4,0,42,0,1
decode,41,16,5,0,42,0,1
decode,41,17,6,0,42,0,1
decode,41,18,7,0,42,0,1
decode,41,19,9,0,42,0,1
decode,41,20,10,0,42,0,1
decode,41,21,11,0,42,0,1
decode,41,22,12,0,42,0,1
decode,41,23,13,0,42,0,1
decode,41,24,14,0,42,0,1
decode,41,25,15,0,42,0,1
decode,41,26,16,0,42,0,1
decode,41,27,17,0,42,0,1
decode,41,28,18,0,42,0,1
decode,41,29,19,0,42,0,1
decode,41,30,20,0,42,0,1
decode,41,31,21,0,42,0,1
decode,41,32,22,0,42,0,1
decode,41,33,23,0,42,0,1
decode,41,34,24,0,42,0,1
decode,41,35,25,0,42,0,1
decode,41,36,26,0,42,0,1
decode,41,37,27,0,42,0,1
decode,41,38,28,0,42,0,1
decode,41,39,29,0,42,0,1
decode,41,40,30,0,42,0,1
decode,41,41,31,0,42,0,1
decode,41,42,32,0,42,0,1
decode,41,43,33,0,42,0,1
decode,41,44,34,0,42,0,1
decode,41,45,36,0,42,0,1
decode,41,46,37,0,42,0,1
decode,41,47,38,0,42,0,1
decode,41,48,39,0,42,0,1
decode,41,49,40,0,42,0,1
decode,41,50,42,0,42,0,1
decode,41,51,43,0,42,0,1
decode,41,52,44,0,42,0,1
decode,41,53,45,0,42,0,1
decode,41,54,46,0,42,0,1
decode,41,55,47,0,42,0,1
decode,41,56,48,0,42,0,1
decode,41,57,49,0,42,0,1
decode,41,58,50,0,42,0,1
decode,41,59,51,0,42,0,1
decode,41,60,52,0,42,0,1
decode,41,61,53,0,42,0,1
decode,41,62,54,0,42,0,1
decode,41,63,55,0,42,0,1
decode,41,64,56,0,42,0,1
decode,41,65,57,0,42,0,1
decode,41,66,58,0,42,0,1
decode,41,67,60,0,42,0,1
decode,41,68,61,0,42,0,1
decode,41,69,62,0,42,0,1
decode,41,70,63,0,42,0,1
decode,41,71,64,0,42,0,1
decode,41,72,65,0,42,0,1
decode,41,73,66,0,42,0,1
decode,41,74,67,0,42,0,1
decode,41,75,68,0,42,0,1
decode,41,76,69,0,42,0,1
decode,41,77,70,0,42,0,1
decode,41,78,71,0,42,0,1
decode,41,79,72,0,42,0,1
decode,41,80,73,0,42,0,1
decode,41,81,74,0,42,0,1
decode,41,82,75,0,42,0,1
decode,41,83,76,0,42,0,1
decode,41,84,77,0,42,0,1
decode,41,85,79,0,42,0,1
decode,41,86,80,0,42,0,1
decode,41,87,81,0,42,0,1
decode,41,88,82,0,42,0,1
decode,41,89,83,0,42,0,1
decode,41,90,84,0,42,0,1
decode,41,91,85,0,42,0,1
decode,41,92,86,0,42,0,1
decode,41,93,87,0,42,0,1
decode,41,94,88,0,42,0,1
decode,41,95,89,0,42,0,1
decode,41,96,90,0,42,0,1
decode,41,97,91,0,42,0,1
decode,41,98,92,0,42,0,1
decode,41,99,93,0,42,0,1
decode,41,100,94,0,42,0,1
decode,41,101,95,0,42,0,1
decode,41,102,96,0,42,0,1
decode,41,103,97,0,42,0,1
decode,41,104,98,0,42,0,1
decode,41,105,99,0,42,0,1
decode,41,106,100,0,42,0,1
decode,41,107,101,0,42,0,1
decode,41,108,102,0,42,0,1
decode,41,109,103,0,42,0,1
decode,41,110,104,0,42,0,1
decode,41,111,105,0,42,0,1
decode,41,112,106,0,42,0,1
decode,41,113,107,0,42,0,1
decode,41,114,108,0,42,0,1
decode,41,115,109,0,42,0,1
decode,41,116,110,0,42,0,1
decode,41,117,111,0,42,0,1
decode,41,118,112,0,42,0,1
decode,41,119,113,0,42,0,1
decode,41,120,114,0,42,0,1
decode,41,121,115,0,42,0,1
decode,41,122,116,0,42,0,1
decode,41,123,117,0,42,0,1
decode,41,124,118,0,42,0,1
decode,41,125,119,0,42,0,1
decode,41,126,120,0,42,0,1
decode,41,127,121,0,42,0,1
decode,41,128,122,0,42,0,1
decode,41,129,123,0,42,0,1
decode,41,130,124,0,42,0,1
decode,41,131,125,0,42,0,1
decode,41,132,126,0,42,0,1
decode,41,133,127,0,42,0,1
decode,41,134,128,0,42,0,1
decode,41,135,129,0,42,0,1
decode,41,136,131,0,42,0,1
decode,41,137,133,0,42,0,1
decode,41,138,134,0,42,0,1
decode,41,139,135,0,42,0,1
decode,41,140,136,0,42,0,1
decode,41,141,137,0,42,0,1
decode,41,142,138,0,42,0,1
decode,41,143,139,0,42,0,1
decode,41,144,140,0,42,0,1
decode,41,145,141,0,42,0,1
decode,41,146,142,0,42,0,1
decode,41,147,143,0,42,0,1
decode,41,148,144,0,42,0,1
decode,41,149,145,0,42,0,1
decode,41,150,146,0,42,0,1
decode,41,151,147,0,42,0,1
decode,41,152,148,0,42,0,1
decode,41,153,149,0,42,0,1
decode,41,154,150,0,42,0,1
decode,41,155,151,0,42,0,1
decode,41,156,152,0,42,0,1
decode,41,157,154,0,42,0,1
decode,41,158,155,0,42,0,1
decode,41,159,156,0,42,0,1
decode,41,160,157,0,42,0,1
decode,41,161,158,0,42,0,1
decode,41,162,159,0,42,0,1
decode,41,163,160,0,42,0,1
decode,41,164,161,0,42,0,1
decode,41,165,162,0,42,0,1
decode,41,166,163,0,42,0,1
decode,41,167,164,0,42,0,1
decode,41,168,165,0,42,0,1
decode,41,169,166,0,42,0,1
decode,41,170,167,0,42,0,1
decode,41,171,168,0,42,0,1
decode,41,172,169,0,42,0,1
decode,41,173,170,0,42,0,1
decode,41,174,171,0,42,0,1
decode,41,175,172,0,42,0,1
decode,41,176,173,0,42,0,1
decode,41,177,174,0,42,0,1
decode,41,178,175,0,42,0,1
decode,41,179,176,0,42,0,1
decode,41,180,177,0,42,0,1
decode,41,181,178,0,42,0,1
decode,41,182,179,0,42,0,1
decode,41,183,180,0,42,0,1
decode,41,184,181,0,42,0,1
decode,41,185,182,0,42,0,1
decode,41,186,183,0,42,0,1
decode,41,187,184,0,42,0,1
decode,41,188,185,0,42,0,1
decode,41,189,186,0,42,0,1
decode,41,190,187,0,42,0,1
decode,41,191,188,0,42,0,1
decode,41,192,189,0,42,0,1
decode,41,193,190,0,42,0,1
decode,41,194,192,0,42,0,1
decode,41,195,193,0,42,0,1
decode,41,196,194,0,42,0,1
decode,41,197,195,0,42,0,1
decode,41,198,196,0,42,0,1
decode,41,199,197,0,42,0,1
decode,41,200,198,0,42,0,1
decode,41,201,199,0,42,0,1
decode,41,202,200,0,42,0,1
decode,41,203,201,0,42,0,1
decode,41,204,202,0,42,0,1
decode,41,205,203,0,42,0,1
decode,41,206,204,0,42,0,1
decode,41,207,205,0,42,0,1
decode,41,208,206,0,42,0,1
decode,41,209,207,0,42,0,1
decode,41,210,208,0,42,0,1
decode,41,211,209,0,42,0,1
decode,41,212,210,0,42,0,1
decode,41,213,211,0,42,0,1
decode,41,214,212,0,42,0,1
decode,41,215,213,0,42,0,1
decode,41,216,214,0,42,0,1
decode,41,217,215,0,42,0,1
decode,41,218,216,0,42,0,1
decode,41,219,217,0,42,0,1
decode,41,220,218,0,42,0,1
decode,41,221,219,0,42,0,1
decode,41,222,220,0,42,0,1
decode,41,223,221,0,42,0,1
decode,41,224,222,0,42,0,1
decode,41,225,223,0,42,0,1
decode,41,226,224,0,42,0,1
decode,41,227,225,0,42,0,1
decode,41,228,226,0,42,0,1
decode,41,229,227,0,42,0,1
decode,41,230,228,0,42,0,1
decode,41,231,229,0,42,0,1
decode,41,232,230,0,42,0,1
decode,41,233,231,0,42,0,1
decode,41,234,232,0,42,0,1
decode,41,235,233,0,42,0,1
decode,41,236,234,0,42,0,1
decode,41,237,235,0,42,0,1
decode,41,238,236,0,42,0,1
decode,41,239,237,0,42,0,1
decode,41,240,238,0,42,0,1
decode,41,241,239,0,42,0,1
decode,41,242,240,0,42,0,1
decode,41,243,241,0,42,0,1
decode,41,244,242,0,42,0,1
decode,41,245,244,0,42,0,1
decode,41,246,245,0,42,0,1
decode,41,247,246,0,42,0,1
decode,41,248,247,0,42,0,1
decode,41,249,248,0,42,0,1
decode,41,250,249,0,42,0,1
decode,41,251,250,0,42,0,1
decode,41,252,251,0,42,0,1
decode,41,253,252,0,42,0,1
decode,41,254,253,0,42,0,1
decode,41,255,254,0,42,0,1
decode,41,256,255,0,42,0,1
decode,42,1,63,7,42,0.166666666666667,0.166666666666667
decode,42,2,195,7,42,0.166666666666667,0.333333333333333
decode,42,3,97,5,42,0.119047619047619,0.452380952380952
decode,42,4,225,5,42,0.119047619047619,0.571428571428571
decode,42,5,39,4,42,0.0952380952380952,0.666666666666667
decode,42,6,77,4,42,0.0952380952380952,0.761904761904762
decode,42,7,150,4,42,0.0952380952380952,0.857142857142857
decode,42,8,15,2,42,0.0476190476190476,0.904761904761905
decode,42,9,73,2,42,0.0476190476190476,0.952380952380952
decode,42,10,47,1,42,0.0238095238095238,0.976190476190476
decode,42,11,224,1,42,0.0238095238095238,1
decode,42,12,0,0,42,0,1
decode,42,13,1,0,42,0,1
decode,42,14,2,0,42,0,1
decode,42,15,3,0,42,0,1
decode,42,16,4,0,42,0,1
decode,42,17,5,0,42,0,1
decode,42,18,6,0,42,0,1
decode,42,19,7,0,42,0,1
decode,42,20,8,0,42,0,1
decode,42,21,9,0,42,0,1
decode,42,22,10,0,42,0,1
decode,42,23,11,0,42,0,1
decode,42,24,12,0,42,0,1
decode,42,25,13,0,42,0,1
decode,42,26,14,0,42,0,1
decode,42,27,16,0,42,0,1
decode,42,28,17,0,42,0,1
decode,42,29,18,0,42,0,1
decode,42,30,19,0,42,0,1
decode,42,31,20,0,42,0,1
decode,42,32,21,0,42,0,1
decode,42,33,22,0,42,0,1
decode,42,34,23,0,42,0,1
decode,42,35,24,0,42,0,1
decode,42,36,25,0,42,0,1
decode,42,37,26,0,42,0,1
decode,42,38,27,0,42,0,1
decode,42,39,28,0,42,0,1
decode,42,40,29,0,42,0,1
decode,42,41,30,0,42,0,1
decode,42,42,31,0,42,0,1
decode,42,43,32,0,42,0,1
decode,42,44,33,0,42,0,1
decode,42,45,34,0,42,0,1
decode,42,46,35,0,42,0,1
decode,42,47,36,0,42,0,1
decode,42,48,37,0,42,0,1
decode,42,49,38,0,42,0,1
decode,42,50,40,0,42,0,1
decode,42,51,41,0,42,0,1
decode,42,52,42,0,42,0,1
decode,42,53,43,0,42,0,1
decode,42,54,44,0,42,0,1
decode,42,55,45,0,42,0,1
decode,42,56,46,0,42,0,1
decode,42,57,48,0,42,0,1
decode,42,58,49,0,42,0,1
decode,42,59,50,0,42,0,1
decode,42,60,51,0,42,0,1
decode,42,61,52,0,42,0,1
decode,42,62,53,0,42,0,1
decode,42,63,54,0,42,0,1
decode,42,64,55,0,42,0,1
decode,42,65,56,0,42,0,1
decode,42,66,57,0,42,0,1
decode,42,67,58,0,42,0,1
decode,42,68,59,0,42,0,1
decode,42,69,60,0,42,0,1
decode,42,70,61,0,42,0,1
decode,42,71,62,0,42,0,1
decode,42,72,64,0,42,0,1
decode,42,73,65,0,42,0,1
decode,42,74,66,0,42,0,1
decode,42,75,67,0,42,0,1
decode,42,76,68,0,42,0,1
decode,42,77,69,0,42,0,1
decode,42,78,70,0,42,0,1
decode,42,79,71,0,42,0,1
decode,42,80,72,0,42,0,1
decode,42,81,74,0,42,0,1
decode,42,82,75,0,42,0,1
decode,42,83,76,0,42,0,1
decode,42,84,78,0,42,0,1
decode,42,85,79,0,42,0,1
decode,42,86,80,0,42,0,1
decode,42,87,81,0,42,0,1
decode,42,88,82,0,42,0,1
decode,42,89,83,0,42,0,1
decode,42,90,84,0,42,0,1
decode,42,91,85,0,42,0,1
decode,42,92,86,0,42,0,1
decode,42,93,87,0,42,0,1
decode,42,94,88,0,42,0,1
decode,42,95,89,0,42,0,1
decode,42,96,90,0,42,0,1
decode,42,97,91,0,42,0,1
decode,42,98,92,0,42,0,1
decode,42,99,93,0,42,0,1
decode,42,100,94,0,42,0,1
decode,42,101,95,0,42,0,1
decode,42,102,96,0,42,0,1
decode,42,103,98,0,42,0,1
decode,42,104,99,0,42,0,1
decode,42,105,100,0,42,0,1
decode,42,106,101,0,42,0,1
decode,42,107,102,0,42,0,1
decode,42,108,103,0,42,0,1
decode,42,109,104,0,42,0,1
decode,42,110,105,0,42,0,1
decode,42,111,106,0,42,0,1
decode,42,112,107,0,42,0,1
decode,42,113,108,0,42,0,1
decode,42,114,109,0,42,0,1
decode,42,115,110,0,42,0,1
decode,42,116,111,0,42,0,1
decode,42,117,112,0,42,0,1
decode,42,118,113,0,42,0,1
decode,42,119,114,0,42,0,1
decode,42,120,115,0,42,0,1
decode,42,121,116,0,42,0,1
decode,42,122,117,0,42,0,1
decode,42,123,118,0,42,0,1
decode,42,124,119,0,42,0,1
decode,42,125,120,0,42,0,1
decode,42,126,121,0,42,0,1
decode,42,127,122,0,42,0,1
decode,42,128,123,0,42,0,1
decode,42,129,124,0,42,0,1
decode,42,130,125,0,42,0,1
decode,42,131,126,0,42,0,1
decode,42,132,127,0,42,0,1
decode,42,133,128,0,42,0,1
decode,42,134,129,0,42,0,1
decode,42,135,130,0,42,0,1
decode,42,136,131,0,42,0,1
decode,42,137,132,0,42,0,1
decode,42,138,133,0,42,0,1
decode,42,139,134,0,42,0,1
decode,42,140,135,0,42,0,1
decode,42,141,136,0,42,0,1
decode,42,142,137,0,42,0,1
decode,42,143,138,0,42,0,1
decode,42,144,139,0,42,0,1
decode,42,145,140,0,42,0,1
decode,42,146,141,0,42,0,1
decode,42,147,142,0,42,0,1
decode,42,148,143,0,42,0,1
decode,42,149,144,0,42,0,1
decode,42,150,145,0,42,0,1
decode,42,151,146,0,42,0,1
decode,42,152,147,0,42,0,1
decode,42,153,148,0,42,0,1
decode,42,154,149,0,42,0,1
decode,42,155,151,0,42,0,1
decode,42,156,152,0,42,0,1
decode,42,157,153,0,42,0,1
decode,42,158,154,0,42,0,1
decode,42,159,155,0,42,0,1
decode,42,160,156,0,42,0,1
decode,42,161,157,0,42,0,1
decode,42,162,158,0,42,0,1
decode,42,163,159,0,42,0,1
decode,42,164,160,0,42,0,1
decode,42,165,161,0,42,0,1
decode,42,166,162,0,42,0,1
decode,42,167,163,0,42,0,1
decode,42,168,164,0,42,0,1
decode,42,169,165,0,42,0,1
decode,42,170,166,0,42,0,1
decode,42,171,167,0,42,0,1
decode,42,172,168,0,42,0,1
decode,42,173,169,0,42,0,1
decode,42,174,170,0,42,0,1
decode,42,175,171,0,42,0,1
decode,42,176,172,0,42,0,1
decode,42,177,173,0,42,0,1
decode,42,178,174,0,42,0,1
decode,42,179,175,0,42,0,1
decode,42,180,176,0,42,0,1
decode,42,181,177,0,42,0,1
decode,42,182,178,0,42,0,1
decode,42,183,179,0,42,0,1
decode,42,184,180,0,42,0,1
decode,42,185,181,0,42,0,1
decode,42,186,182,0,42,0,1
decode,42,187,183,0,42,0,1
decode,42,188,184,0,42,0,1
decode,42,189,185,0,42,0,1
decode,42,190,186,0,42,0,1
decode,42,191,187,0,42,0,1
decode,42,192,188,0,42,0,1
decode,42,193,189,0,42,0,1
decode,42,194,190,0,42,0,1
decode,42,195,191,0,42,0,1
decode,42,196,192,0,42,0,1
decode,42,197,193,0,42,0,1
decode,42,198,194,0,42,0,1
decode,42,199,196,0,42,0,1
decode,42,200,197,0,42,0,1
decode,42,201,198,0,42,0,1
decode,42,202,199,0,42,0,1
decode,42,203,200,0,42,0,1
decode,42,204,201,0,42,0,1
decode,42,205,202,0,42,0,1
decode,42,206,203,0,42,0,1
decode,42,207,204,0,42,0,1
decode,42,208,205,0,42,0,1
decode,42,209,206,0,42,0,1
decode,42,210,207,0,42,0,1
decode,42,211,208,0,42,0,1
decode,42,212,209,0,42,0,1
decode,42,213,210,0,42,0,1
decode,42,214,211,0,42,0,1
decode,42,215,212,0,42,0,1
decode,42,216,213,0,42,0,1
decode,42,217,214,0,42,0,1
decode,42,218,215,0,42,0,1
decode,42,219,216,0,42,0,1
decode,42,220,217,0,42,0,1
decode,42,221,218,0,42,0,1
decode,42,222,219,0,42,0,1
decode,42,223,220,0,42,0,1
decode,42,224,221,0,42,0,1
decode,42,225,222,0,42,0,1
decode,42,226,223,0,42,0,1
decode,42,227,226,0,42,0,1
decode,42,228,227,0,42,0,1
decode,42,229,228,0,42,0,1
decode,42,230,229,0,42,0,1
decode,42,231,230,0,42,0,1
decode,42,232,231,0,42,0,1
decode,42,233,232,0,42,0,1
decode,42,234,233,0,42,0,1
decode,42,235,234,0,42,0,1
decode,42,236,235,0,42,0,1
decode,42,237,236,0,42,0,1
decode,42,238,237,0,42,0,1
decode,42,239,238,0,42,0,1
decode,42,240,239,0,42,0,1
decode,42,241,240,0,42,0,1
decode,42,242,241,0,42,0,1
decode,42,243,242,0,42,0,1
decode,42,244,243,0,42,0,1
decode,42,245,244,0,42,0,1
decode,42,246,245,0,42,0,1
decode,42,247,246,0,42,0,1
decode,42,248,247,0,42,0,1
decode,42,249,248,0,42,0,1
decode,42,250,249,0,42,0,1
decode,42,251,250,0,42,0,1
decode,42,252,251,0,42,0,1
decode,42,253,252,0,42,0,1
decode,42,254,253,0,42,0,1
decode,42,255,254,0,42,0,1
decode,42,256,255,0,42,0,1
